{
 "k": 4,
 "explained_variance": [
  0.9999971389770508,
  2.7701059934770456e-06,
  9.602251083151714e-08,
  2.5650773949337236e-08
 ],
 "G1_isotonic_r2": 0.9999378323554993,
 "G2_alignment": 0.9999934434890747,
 "G2_sign_consistency": 1.0,
 "G3_euclidean_alignment": 0.43283966183662415
}