{
 "k": 1,
 "explained_variance": [
  1.0
 ],
 "G1_isotonic_r2": 0.9999553561210632,
 "G2_alignment": 0.9999967813491821,
 "G2_sign_consistency": 1.0,
 "G3_euclidean_alignment": 0.4323309659957886
}