{
 "k": 2,
 "explained_variance": [
  0.9999927282333374,
  7.253678631968796e-06
 ],
 "G1_isotonic_r2": 0.9999530911445618,
 "G2_alignment": 0.9999963045120239,
 "G2_sign_consistency": 1.0,
 "G3_euclidean_alignment": 0.4323517084121704
}