{
 "k": 1,
 "alignment": 0.9999842047691345,
 "sign_consistency": 1.0,
 "min_bin_isotonic_r2": 0.9751810431480408,
 "ratio_profile_correlation": 0.999506387558091,
 "depth_estimated": 0.5501081347465515,
 "depth_true": 0.5384615384615384,
 "bin_centers": [
  -2.75,
  -2.25,
  -1.75,
  -1.25,
  -0.75,
  -0.25,
  0.25,
  0.75,
  1.25,
  1.75,
  2.25,
  2.75
 ],
 "ratio_estimate": [
  0.9901309013366699,
  0.954300045967102,
  0.8763196468353271,
  0.7631548643112183,
  0.630839467048645,
  0.5501081347465515,
  0.5489405989646912,
  0.6248559355735779,
  0.7544746398925781,
  0.8730844855308533,
  0.9429804682731628,
  0.9724261164665222
 ]
}