{
 "mix": "neutral",
 "E1_geometry": {
  "all": 4.72883539259783e-06,
  "neutral": 4.72883539259783e-06
 },
 "E1_force": {
  "all": 6.210200808709487e-06,
  "neutral": 6.210200808709487e-06
 },
 "E2_swap": {
  "all": 6.003550879540853e-06,
  "neutral": 6.003550879540853e-06
 },
 "E3_spread": 1.8567495346069336,
 "E3_evr": [
  0.4317857623100281,
  0.23714269697666168,
  0.203714519739151,
  0.12735706567764282
 ],
 "E3_corr_pc1_qm": NaN,
 "E4_zero_shot": {
  "all": 4.7688699851278216e-06,
  "neutral": 4.7688699851278216e-06
 }
}