{
 "mix": "charged",
 "E1_geometry": {
  "all": 0.04630432277917862,
  "charged": 0.08531646430492401,
  "neutral": 0.0009658783092163503
 },
 "E1_force": {
  "all": 4.572629040922038e-05,
  "charged": 4.313311001169495e-05,
  "neutral": 4.873998841503635e-05
 },
 "E2_swap": {
  "all": 0.07846082746982574,
  "charged": 0.09532080590724945,
  "neutral": 0.058866795152425766
 },
 "E3_spread": 1.9188917875289917,
 "E3_evr": [
  0.41123107075691223,
  0.2618594467639923,
  0.19322997331619263,
  0.13367947936058044
 ],
 "E3_loo_decode_r": 0.9999473727392603,
 "E4_zero_shot": {
  "all": 0.02464333176612854,
  "charged": 0.06410504877567291,
  "neutral": 0.0009662981610745192
 }
}