{
 "k": 1,
 "isotonic_r2": 0.9997110366821289,
 "alignment": 0.9999501705169678,
 "sign_consistency": 1.0,
 "euclidean_alignment": 0.4175918400287628
}