{
 "S1_layer1_r": 0.9804284541140452,
 "S1_layer2_r": 0.9820679149858704,
 "S2_sae_l0": 93.37725,
 "S2_rec_r2": 0.9994127154350281,
 "S2_best_qm": {
  "feature": 131,
  "abs_r": 0.7159894448922478
 },
 "S2_best_qmE": {
  "feature": 339,
  "abs_r": 0.7752579117405419
 },
 "S3_by_layer": {
  "1": {
   "qms": [
    -1.2,
    -1.04,
    -0.87,
    -0.6699999999999999,
    -0.45999999999999996,
    -0.22999999999999998,
    0.0,
    0.24,
    0.49,
    0.73,
    0.9700000000000002,
    1.2000000000000002,
    1.4100000000000001
   ],
   "corr": 0.9986563267311167,
   "range": 2.6100000000000003,
   "residual": 0.003257194440366538
  },
  "2": {
   "qms": [
    -0.18999999999999995,
    -0.15999999999999992,
    -0.11999999999999988,
    -0.09000000000000008,
    -0.06000000000000005,
    -0.030000000000000027,
    0.0,
    0.030000000000000027,
    0.06000000000000005,
    0.10000000000000009,
    0.13000000000000012,
    0.16000000000000014,
    0.18999999999999995
   ],
   "corr": 0.9997052343511773,
   "range": 0.3799999999999999,
   "residual": 0.020246866644300417
  }
 },
 "S4_random": {
  "mean_abs_corr": 0.9968770967778113,
  "mean_span": 1.48875,
  "median_residual": 0.010422715235519521
 },
 "alphas": [
  -6.0,
  -5.0,
  -4.0,
  -3.0,
  -2.0,
  -1.0,
  0.0,
  1.0,
  2.0,
  3.0,
  4.0,
  5.0,
  6.0
 ]
}