{
 "neutral": {
  "0": {
   "test_mse": 1.8680349967326038e-05,
   "data_bits_per_target": 4.15886872374793,
   "param_bits_per_body": 0.0,
   "total_bits_per_body": 6238.303085621895,
   "quant_delta": null
  },
  "1": {
   "test_mse": 7.5104985626239795e-06,
   "data_bits_per_target": 3.5017826836205694,
   "param_bits_per_body": 0.4426107710812529,
   "total_bits_per_body": 5253.116636201936,
   "quant_delta": 10.0
  },
  "2": {
   "test_mse": 5.986195446894271e-06,
   "data_bits_per_target": 3.338177067961139,
   "param_bits_per_body": 9.017926857032002,
   "total_bits_per_body": 5016.28352879874,
   "quant_delta": 0.15848931924611134
  },
  "4": {
   "test_mse": 4.294244718039408e-05,
   "data_bits_per_target": 4.75931384997175,
   "param_bits_per_body": 24.05575733557251,
   "total_bits_per_body": 7163.026532293198,
   "quant_delta": 0.0630957344480193
  }
 },
 "charged": {
  "0": {
   "test_mse": 0.0463070310652256,
   "data_bits_per_target": 9.797355725743174,
   "param_bits_per_body": 0.0,
   "total_bits_per_body": 14696.03358861476,
   "quant_delta": null
  },
  "1": {
   "test_mse": 7.923730663605966e-06,
   "data_bits_per_target": 3.540258275088955,
   "param_bits_per_body": 9.86021795976102,
   "total_bits_per_body": 5320.247630593193,
   "quant_delta": 0.003981071705534969
  },
  "d1_code": {
   "spearman_all": 0.20470468499700822,
   "spearman_charged_only": 0.29656862745098045,
   "emb": [
    1.3525885343551636,
    -0.20920556783676147,
    -1.5493897199630737,
    1.4550706148147583,
    -0.5415489077568054,
    -0.9924358129501343,
    0.9797645211219788,
    0.979395866394043,
    -0.9920160174369812,
    0.9800404906272888,
    0.6556375622749329,
    1.314735770225525,
    0.9797065258026123,
    0.9792003035545349,
    0.9799907803535461,
    -0.9920617938041687,
    0.9791207313537598,
    -0.7036623954772949,
    1.5549962520599365,
    -0.9920715093612671,
    -0.7005906105041504,
    0.9792051911354065,
    0.10434536635875702,
    0.005085805896669626,
    -1.7575507164001465,
    -0.9912309050559998,
    -1.681593418121338,
    1.4407715797424316,
    -1.4651120901107788,
    -0.9920559525489807,
    0.5332644581794739,
    0.9797391891479492
   ],
   "qm": [
    0.5831862878750698,
    -0.8509688152420783,
    0.4590103154733658,
    0.7362310012802297,
    -0.5365378578549933,
    0.0,
    0.0,
    0.0,
    0.0,
    0.0,
    -0.4675586100950665,
    0.5253085737531594,
    0.0,
    0.0,
    0.0,
    0.0,
    0.0,
    -0.3364149107450867,
    0.8828509033573784,
    0.0,
    -0.340997624363636,
    0.0,
    -0.9135389615674926,
    -0.9231920464033546,
    0.5741333003697129,
    0.0,
    0.5352819423819623,
    0.7160100211397877,
    0.4051956268263873,
    0.0,
    -0.6152375566545009,
    0.0
   ]
  },
  "2": {
   "test_mse": 2.2553089365828782e-05,
   "data_bits_per_target": 4.29489476309139,
   "param_bits_per_body": 18.85449516127622,
   "total_bits_per_body": 6461.196639798362,
   "quant_delta": 0.00630957344480193
  },
  "4": {
   "test_mse": 1.4849711988063063e-05,
   "data_bits_per_target": 3.993406046110363,
   "param_bits_per_body": 37.42801293656527,
   "total_bits_per_body": 6027.53708210211,
   "quant_delta": 0.00630957344480193
  }
 }
}