{
 "accuracy_vs_d": {
  "0": 0.9202499985694885,
  "1": 0.9696999788284302,
  "2": 0.9970999956130981,
  "3": 0.996749997138977,
  "4": 0.9962000250816345,
  "6": 0.9896500110626221
 },
 "N2_median_r2": 0.9999744892120361,
 "N3_median_cos": 0.9999667466340381
}