{
 "k_ctx": 8,
 "accuracy_vs_d": {
  "1": 0.9035999774932861,
  "2": 0.9045500159263611,
  "3": 0.9042500257492065,
  "4": 0.9056500196456909,
  "6": 0.9016000032424927
 }
}