{
 "oracle": 0.9919999837875366,
 "k32_d3": 0.915149986743927,
 "k128_d3": 0.9284999966621399
}