{
 "k_ctx": 32,
 "accuracy_vs_d": {
  "1": 0.9149500131607056,
  "2": 0.930649995803833,
  "3": 0.9269499778747559,
  "4": 0.9500499963760376,
  "6": 0.949400007724762
 }
}