{
 "k_ctx": 32,
 "accuracy_vs_d": {
  "2": 0.9225000143051147,
  "3": 0.9392499923706055,
  "4": 0.9444000124931335,
  "6": 0.9470499753952026
 }
}