{
 "neutral": {
  "0": {
   "total_mean": 5300.645542215348,
   "total_std": 1225.9223630911895,
   "data_bits_mean": 3.5337636948102316,
   "param_bits_mean": 0.0
  },
  "1": {
   "total_mean": 5774.4782581083855,
   "total_std": 768.7143807955333,
   "data_bits_mean": 3.849320062490863,
   "param_bits_mean": 0.49816437209120057
  },
  "2": {
   "total_mean": 5901.658257455452,
   "total_std": 580.027691073072,
   "data_bits_mean": 3.932557628543773,
   "param_bits_mean": 2.8218146397922736
  },
  "4": {
   "total_mean": 6074.116213259414,
   "total_std": 488.8975603628215,
   "data_bits_mean": 4.028809483847843,
   "param_bits_mean": 30.90198748764949
  }
 },
 "charged": {
  "0": {
   "total_mean": 14712.087901691053,
   "total_std": 14.971103004492075,
   "data_bits_mean": 9.80805860112737,
   "param_bits_mean": 0.0
  },
  "1": {
   "total_mean": 5842.559970945738,
   "total_std": 832.9533267722161,
   "data_bits_mean": 3.889245124445439,
   "param_bits_mean": 8.69228427757975
  },
  "2": {
   "total_mean": 7323.4662204991155,
   "total_std": 1133.2284619518582,
   "data_bits_mean": 4.871137666001171,
   "param_bits_mean": 16.759721497359482
  },
  "4": {
   "total_mean": 6959.026753786282,
   "total_std": 1381.8136251294222,
   "data_bits_mean": 4.616231664023329,
   "param_bits_mean": 34.679257751289946
  }
 }
}