{
 "D1_test_mse": 4.639991311705671e-05,
 "D2_migration_r": 0.9998208419919477,
 "D3_drift": 0.14035531878471375,
 "D3_spread": 1.06234872341156,
 "D4_zero_shot_mse": 6.808570469729602e-05,
 "w0": [
  2.0256717205047607,
  0.6815354228019714,
  1.9054884910583496,
  -1.1928865909576416,
  -0.1219012513756752,
  -0.5411442518234253,
  -0.541225016117096,
  -0.5394582748413086,
  -0.5408589243888855,
  1.4888064861297607,
  -0.18016473948955536,
  -0.9763036370277405,
  -0.5407584309577942,
  -0.5403383374214172,
  -0.5405191779136658,
  1.4891281127929688,
  1.4899406433105469,
  -0.28415313363075256,
  -1.3682794570922852,
  -0.5411399602890015,
  -0.28048068284988403,
  1.4888441562652588,
  0.39251863956451416,
  0.45676618814468384,
  -1.0245832204818726,
  -0.5420102477073669,
  1.9798173904418945,
  -1.1690263748168945,
  1.8528308868408203,
  1.4888756275177002,
  -0.05213365703821182,
  -0.5402173399925232
 ],
 "qm_eff": [
  0.5899999999999999,
  -0.86,
  0.47,
  0.73,
  -0.5499999999999999,
  -0.010000000000000009,
  -0.010000000000000009,
  -0.010000000000000009,
  -0.010000000000000009,
  0.010000000000000009,
  -0.48,
  0.52,
  -0.010000000000000009,
  -0.010000000000000009,
  -0.010000000000000009,
  0.010000000000000009,
  0.010000000000000009,
  -0.34999999999999987,
  0.8700000000000001,
  -0.010000000000000009,
  -0.34999999999999987,
  0.010000000000000009,
  -0.92,
  -0.9299999999999999,
  0.5699999999999998,
  -0.010000000000000009,
  0.5499999999999998,
  0.71,
  0.41999999999999993,
  0.010000000000000009,
  -0.62,
  -0.010000000000000009
 ],
 "qm_true": [
  0.5831862878750698,
  -0.8509688152420783,
  0.4590103154733658,
  0.7362310012802297,
  -0.5365378578549933,
  0.0,
  0.0,
  0.0,
  0.0,
  0.0,
  -0.4675586100950665,
  0.5253085737531594,
  0.0,
  0.0,
  0.0,
  0.0,
  0.0,
  -0.3364149107450867,
  0.8828509033573784,
  0.0,
  -0.340997624363636,
  0.0,
  -0.9135389615674926,
  -0.9231920464033546,
  0.5741333003697129,
  0.0,
  0.5352819423819623,
  0.7160100211397877,
  0.4051956268263873,
  0.0,
  -0.6152375566545009,
  0.0
 ]
}