{
 "E1_test_mse": 3.1515879527432844e-05,
 "E2_corr": -0.2599405406163418,
 "E2_drift_median": 0.2952420115470886,
 "E2_spread": 0.8884659002108638,
 "E3_cyclicity": 0.9366294145584106,
 "E4_zero_shot": 0.00010174742055824026
}