{
 "E1_test_mse": 79.17984008789062,
 "E2_corr": -0.5498670057632825,
 "E2_drift_median": 0.14432606101036072,
 "E2_spread": 1.3533355861500784,
 "E3_cyclicity": 0.0,
 "E4_zero_shot": 1.3413796424865723
}