{
 "E1_test_mse": 5.034776222601067e-06,
 "constant": false,
 "E2_median_cos": 0.9999920025008672,
 "E2_phi_corr": 0.9996966843226265,
 "E4_D_corr": 0.9988561615296556,
 "global_scale": 0.6449022919735999
}