{
 "G0_sphere_err": 5.228955493041809e-07,
 "K1_corr": 0.9903166104198808,
 "K2_mag": 0.15746396046294786
}