{
 "M1_kaluza": {
  "all": 0.00010669945913832635,
  "charged": 0.00013319536810740829,
  "neutral": 7.512214506277815e-05
 },
 "M1_control": {
  "all": 0.0017953753704205155,
  "charged": 0.0030904996674507856,
  "neutral": 0.00025187135906890035
 },
 "M2_r": 0.9974339453515376,
 "w0": [
  -0.5612874031066895,
  1.0581796169281006,
  -0.41332489252090454,
  -0.7653847336769104,
  0.5868197679519653,
  0.04540858045220375,
  0.04742281511425972,
  0.054085951298475266,
  0.04312533140182495,
  0.04606300964951515,
  0.48084574937820435,
  -0.4831640124320984,
  0.04465273395180702,
  0.041266314685344696,
  0.04600781202316284,
  0.0500120148062706,
  0.057135287672281265,
  0.3487001657485962,
  -0.9942471385002136,
  0.04651898145675659,
  0.3535557985305786,
  0.05467918515205383,
  1.1124569177627563,
  1.1521762609481812,
  -0.5558552145957947,
  0.05073222517967224,
  -0.49571722745895386,
  -0.7470852136611938,
  -0.3529427647590637,
  0.04412441700696945,
  0.6830757856369019,
  0.04623064026236534
 ],
 "qm_eff": [
  0.6000000000000001,
  -0.78,
  0.5,
  0.7000000000000002,
  -0.5499999999999999,
  0.020000000000000018,
  0.020000000000000018,
  0.010000000000000009,
  0.020000000000000018,
  0.020000000000000018,
  -0.47,
  0.5499999999999998,
  0.020000000000000018,
  0.030000000000000027,
  0.020000000000000018,
  0.020000000000000018,
  0.010000000000000009,
  -0.34999999999999987,
  0.7800000000000002,
  0.020000000000000018,
  -0.34999999999999987,
  0.010000000000000009,
  -0.79,
  -0.8099999999999999,
  0.6000000000000001,
  0.010000000000000009,
  0.56,
  0.7000000000000002,
  0.44999999999999996,
  0.020000000000000018,
  -0.61,
  0.020000000000000018
 ],
 "qm_true": [
  0.5831862878750698,
  -0.8509688152420783,
  0.4590103154733658,
  0.7362310012802297,
  -0.5365378578549933,
  0.0,
  0.0,
  0.0,
  0.0,
  0.0,
  -0.4675586100950665,
  0.5253085737531594,
  0.0,
  0.0,
  0.0,
  0.0,
  0.0,
  -0.3364149107450867,
  0.8828509033573784,
  0.0,
  -0.340997624363636,
  0.0,
  -0.9135389615674926,
  -0.9231920464033546,
  0.5741333003697129,
  0.0,
  0.5352819423819623,
  0.7160100211397877,
  0.4051956268263873,
  0.0,
  -0.6152375566545009,
  0.0
 ]
}