{
 "F1_mse": 0.058332284749485555,
 "F2_cos": 0.9372181213483728,
 "F3_mse": 0.15452960776165128,
 "F3_cos": 0.9647858733151766,
 "F4_blind": 0.37166296420618894
}