{
 "F1_mse": 0.04105272111482918,
 "F2_cos": 0.4170050709515979,
 "F3_mse": 0.1121045877225697,
 "F3_cos": 0.6852039276211888,
 "F4_blind": 0.1409127911552787
}