{
 "oracle_floor": {
  "oracle_F1_floor": 0.00011991871662075937,
  "seconds": 0.0
 },
 "overfit_one_batch": {
  "overfit_final_loss": 0.0466446653008461,
  "seconds": 3104.8
 },
 "lr_3e-4": {
  "final_train_loss": 0.0814177617430687,
  "F1_mse": 0.08929674066603184,
  "F2_cos": 0.9221085864574323,
  "seconds": 3429.6
 },
 "lr_1e-3": {
  "final_train_loss": 0.06644107401371002,
  "F1_mse": 0.06993825412355363,
  "F2_cos": 0.9353536840463722,
  "seconds": 3328.2
 },
 "lr_3e-3": {
  "final_train_loss": 0.0588776059448719,
  "F1_mse": 0.06226790680084378,
  "F2_cos": 0.944182281473787,
  "seconds": 3652.1
 },
 "capacity_2x": {
  "final_train_loss": 0.06760120391845703,
  "F1_mse": 0.07131194074172527,
  "F2_cos": 0.9325200703313232,
  "seconds": 6698.7
 },
 "data_2x": {
  "final_train_loss": 0.07577257603406906,
  "F1_mse": 0.07091286019422113,
  "F2_cos": 0.9375436821974505,
  "seconds": 3073.8
 }
}