{
 "1": {
  "median": 0.08833084255456924,
  "worst": 0.15936820209026337
 },
 "2": {
  "median": 0.002089397283270955,
  "worst": 0.051778100430965424
 },
 "4": {
  "median": 0.00010088990529766306,
  "worst": 0.00039513898082077503
 },
 "8": {
  "median": 8.521075505996123e-05,
  "worst": 0.0004838382010348141
 }
}