{
 "flat1p1": {
  "pair_acc": 0.9922916666666667
 },
 "flat3p1": {
  "pair_acc": 0.9502083333333333
 },
 "well1p1": {
  "pair_acc": 0.9258333333333333
 },
 "aniso2p1": {
  "pair_acc": 0.905625
 },
 "chargedE": {
  "traj_mse": 0.01475396970907847
 },
 "magneticB": {
  "traj_mse": 0.004194386849800746
 },
 "twocharge": {
  "traj_mse": 0.04208337624867757
 },
 "matter": {
  "traj_mse": 0.0590126895904541
 }
}