{
 "flat1p1": {
  "pair_acc": 0.9927083333333333
 },
 "flat3p1": {
  "pair_acc": 0.9641666666666666
 },
 "well1p1": {
  "pair_acc": 0.94375
 },
 "aniso2p1": {
  "pair_acc": 0.9314583333333334
 },
 "chargedE": {
  "traj_mse": 0.014453840653101603
 },
 "magneticB": {
  "traj_mse": 0.003393168995777766
 },
 "twocharge": {
  "traj_mse": 0.04473777532577514
 },
 "matter": {
  "traj_mse": 0.03560226519902547
 }
}