{
 "flat1p1": {
  "pair_acc": 0.9908333333333333
 },
 "flat3p1": {
  "pair_acc": 0.951875
 },
 "well1p1": {
  "pair_acc": 0.9235416666666667
 },
 "aniso2p1": {
  "pair_acc": 0.9185416666666667
 },
 "chargedE": {
  "traj_mse": 0.01764199773470561
 },
 "magneticB": {
  "traj_mse": 0.003520783434311549
 },
 "twocharge": {
  "traj_mse": 0.04927172342936198
 },
 "matter": {
  "traj_mse": 0.05431730429331461
 }
}