{
 "flat1p1": {
  "pair_acc": 0.995625
 },
 "flat3p1": {
  "pair_acc": 0.9777083333333333
 },
 "well1p1": {
  "pair_acc": 0.9652083333333333
 },
 "aniso2p1": {
  "pair_acc": 0.9460416666666667
 },
 "chargedE": {
  "traj_mse": 0.012872496048609416
 },
 "magneticB": {
  "traj_mse": 0.003520730882883072
 },
 "twocharge": {
  "traj_mse": 0.036853220065434775
 },
 "matter": {
  "traj_mse": 0.03295723120371501
 }
}