{
 "G3a_cluster_ARI": 0.687240414756691,
 "G3b_decode_r": {
  "well1p1": 0.9279999691343132,
  "aniso2p1": 0.4527600743759038,
  "chargedE": 0.5940401232678918,
  "magneticB": -0.0042606999234491095,
  "twocharge": 0.44308285796259855,
  "matter": 0.9926213009491942
 },
 "G3b_median_r": 0.5234000988218979,
 "G3c_kinship": {
  "d_E_B": 19.634906768798828,
  "d_to_gravity": 35.43145561218262,
  "closer_than_gravity": true,
  "z_vs_null": 34.88090896606445
 },
 "G3d_participation_ratio": 3.646820545196533,
 "G2": {
  "in_pair": 0.9757291666666666,
  "wide_pair": 0.89325,
  "in_traj": 0.005316809328893821,
  "wide_traj": 0.006565075546503067,
  "traj_ratio": 1.234777314812783
 }
}