{
 "G3a_cluster_ARI": 0.6788100069013623,
 "G3b_decode_r": {
  "well1p1": 0.9509215309584669,
  "aniso2p1": 0.44139366491546583,
  "chargedE": 0.5715059520280161,
  "magneticB": 0.12762834072248486,
  "twocharge": 0.4788368222557268,
  "matter": 0.9919857861938259
 },
 "G3b_median_r": 0.5251713871418715,
 "G3c_kinship": {
  "d_E_B": 8.881083488464355,
  "d_to_gravity": 25.9285249710083,
  "closer_than_gravity": true,
  "z_vs_null": 19.86416244506836
 },
 "G3d_participation_ratio": 4.095057487487793,
 "G2": {
  "in_pair": 0.9797395833333334,
  "wide_pair": 0.884375,
  "in_traj": 0.0165409662698706,
  "wide_traj": 0.017159064769744874,
  "traj_ratio": 1.0373677383648465
 }
}