{
 "G3a_cluster_ARI": 0.8241670625334803,
 "G3b_decode_r": {
  "well1p1": 0.9156020379389379,
  "aniso2p1": 0.4099663124781966,
  "chargedE": 0.5431807321263913,
  "magneticB": 0.042135593196923476,
  "twocharge": 0.44744667635216845,
  "matter": 0.9806077523449431
 },
 "G3b_median_r": 0.4953137042392799,
 "G3c_kinship": {
  "d_E_B": 15.062152862548828,
  "d_to_gravity": 29.107152938842773,
  "closer_than_gravity": true,
  "z_vs_null": 26.689563751220703
 },
 "G3d_participation_ratio": 6.572185516357422,
 "G2": {
  "in_pair": 0.9711458333333334,
  "wide_pair": 0.90275,
  "in_traj": 0.021550920940935612,
  "wide_traj": 0.021445134818553924,
  "traj_ratio": 0.9950913409839136
 }
}