{
 "flat1p1": {
  "pair_acc": 0.9927083333333333
 },
 "flat3p1": {
  "pair_acc": 0.9854166666666667
 },
 "well1p1": {
  "pair_acc": 0.9702083333333333
 },
 "aniso2p1": {
  "pair_acc": 0.9545833333333333
 },
 "chargedE": {
  "traj_mse": 0.0008930351088444391
 },
 "magneticB": {
  "traj_mse": 0.003572974850734075
 },
 "twocharge": {
  "traj_mse": 0.0032272900144259134
 },
 "matter": {
  "traj_mse": 0.013573938608169555
 }
}