{
 "flat1p1": {
  "pair_acc": 0.9970833333333333
 },
 "flat3p1": {
  "pair_acc": 0.988125
 },
 "well1p1": {
  "pair_acc": 0.9754166666666667
 },
 "aniso2p1": {
  "pair_acc": 0.9583333333333334
 },
 "chargedE": {
  "traj_mse": 0.01350628674030304
 },
 "magneticB": {
  "traj_mse": 0.0030508465071519214
 },
 "twocharge": {
  "traj_mse": 0.036108355124791464
 },
 "matter": {
  "traj_mse": 0.013498370051383973
 }
}