{
 "chargedE": {
  "equivariant_r": [
   0.7007466499001738
  ],
  "invariant_ctrl_r": [
   0.33131343697326054
  ],
  "n": 3200
 },
 "magneticB": {
  "equivariant_r": [
   -0.009567940170588145
  ],
  "invariant_ctrl_r": [
   0.06331651430646759
  ],
  "n": 3200
 },
 "twocharge": {
  "equivariant_r": [
   0.4977539023975245,
   0.5185039080985007
  ],
  "invariant_ctrl_r": [
   0.2505648678573115,
   0.318656563070321
  ],
  "n": 3200
 },
 "A3a_pass": false
}