{
 "chargedE": {
  "equivariant_r": [
   0.913753189582879
  ],
  "invariant_ctrl_r": [
   0.35946607248620843
  ],
  "n": 3200
 },
 "magneticB": {
  "equivariant_r": [
   -0.024882076412813058
  ],
  "invariant_ctrl_r": [
   0.0003851077879418933
  ],
  "n": 3200
 },
 "twocharge": {
  "equivariant_r": [
   0.7639786676586507,
   0.6420420859223521
  ],
  "invariant_ctrl_r": [
   0.33013038972484876,
   0.2940419561417467
  ],
  "n": 3200
 },
 "A3a_pass": false
}