{
 "A": {
  "linear_r": 0.9616630691203693,
  "linear_r_std": 0.0,
  "nonlinear_r": 0.9868195712505605,
  "fit_mse": 0.0002530844940338284,
  "n_distinct_q": 8
 },
 "B": {
  "linear_r": 0.9660365331329226,
  "linear_r_std": 0.0,
  "nonlinear_r": 0.9803805507104365,
  "fit_mse": 8.128912304528058e-05,
  "n_distinct_q": 80
 },
 "C": {
  "linear_r": 0.9712306423297543,
  "linear_r_std": 0.0,
  "nonlinear_r": 0.9865691906449862,
  "fit_mse": 3.5759472666541114e-05,
  "n_distinct_q": 80
 },
 "D": {
  "linear_r": 0.5050686959306843,
  "linear_r_std": 0.0,
  "nonlinear_r": 0.8552682501645762,
  "fit_mse": 0.00046328711323440075,
  "n_distinct_q": 80
 }
}