{
 "A": {
  "linear_r": 0.9617913918314587,
  "linear_r_std": 0.0035622910466761243,
  "nonlinear_r": 0.983847886841994,
  "fit_mse": 0.00015574726421618834,
  "n_distinct_q": 8
 },
 "B": {
  "linear_r": 0.9594204250086847,
  "linear_r_std": 0.009488688998672536,
  "nonlinear_r": 0.9815589104055674,
  "fit_mse": 0.00013581128344715884,
  "n_distinct_q": 80
 },
 "C": {
  "linear_r": 0.9634748257483529,
  "linear_r_std": 0.005719881942228221,
  "nonlinear_r": 0.9835717732921797,
  "fit_mse": 0.00014329289115266874,
  "n_distinct_q": 80
 },
 "D": {
  "linear_r": 0.3031787746083244,
  "linear_r_std": 0.2593622562109931,
  "nonlinear_r": 0.7844358068999181,
  "fit_mse": 0.0003115911774026851,
  "n_distinct_q": 80
 }
}