{
 "color": {
  "0": {
   "test_mse": 0.11283144354820251
  },
  "1": {
   "test_mse": 0.01300709880888462,
   "ang_travel_med": 0.0,
   "radius_drift_med": 0.09004087001085281
  },
  "2": {
   "test_mse": 0.0006703102844767272,
   "ang_travel_med": 0.20396363735198975,
   "radius_drift_med": 0.13794557750225067
  },
  "3": {
   "test_mse": 0.00037095032166689634,
   "ang_travel_med": 0.44842588901519775,
   "radius_drift_med": 0.2923943102359772
  },
  "4": {
   "test_mse": 0.0002595364931039512,
   "ang_travel_med": 0.5569233298301697,
   "radius_drift_med": 0.3197724521160126
  }
 },
 "electric": {
  "0": {
   "test_mse": 0.11511646211147308
  },
  "1": {
   "test_mse": 0.013585441745817661,
   "ang_travel_med": 0.0,
   "radius_drift_med": 0.11603512614965439
  },
  "2": {
   "test_mse": 0.0003449875221122056,
   "ang_travel_med": 0.17391544580459595,
   "radius_drift_med": 0.09261949360370636
  },
  "3": {
   "test_mse": 0.0004629475297406316,
   "ang_travel_med": 0.4129006266593933,
   "radius_drift_med": 0.28447213768959045
  },
  "4": {
   "test_mse": 8.153951057465747e-05,
   "ang_travel_med": 0.5400432348251343,
   "radius_drift_med": 0.27821677923202515
  }
 }
}