{
 "color_L3_mse": 0.00037095032166689634,
 "W3_decodeQ_r": [
  0.5446674776073379,
  0.34773180594113845,
  0.6086419789756025
 ],
 "W3_min_r": 0.34773180594113845,
 "w0_Q0_linear_r": [
  0.10533467725243771,
  -0.32175741934676666,
  -0.06847792021694708
 ],
 "w0_Q0_nonlinear_r": [
  0.19859941412294185,
  -0.01980890293290747,
  0.059503035802828834
 ],
 "true_rotation_deg_med": 11.563523810640582,
 "W4_decoded_norm_drift": 0.18211130797863007,
 "true_norm_drift": 7.23747547677186e-14
}