{
 "W1_mse": 0.02060859464108944,
 "W3_decodeQt_r": [
  0.3711314361759749,
  0.2888965279998392,
  0.45909938334014705
 ],
 "W3_min_r": 0.2888965279998392,
 "W3_decodeQt_nonlinear_r": [
  0.6638292526406946,
  0.6695057108278911,
  0.755866412703978
 ],
 "W3_min_nl_r": 0.6638292526406946,
 "true_rotation_deg": 89.99982438546661,
 "W4_decoded_norm_drift": 0.46633604168891907,
 "W3b_w0_Q0_linear_r": [
  0.8610146238925508,
  0.9205924213073237,
  0.7879197315722452
 ]
}