{
 "mix": "charged",
 "steps": 8000,
 "seed": 0,
 "geodesic_check": 0.1821802723827673,
 "qm_body": [
  0.5831862878750698,
  -0.8509688152420783,
  0.4590103154733658,
  0.7362310012802297,
  -0.5365378578549933,
  0.0,
  0.0,
  0.0,
  0.0,
  0.0,
  -0.4675586100950665,
  0.5253085737531594,
  0.0,
  0.0,
  0.0,
  0.0,
  0.0,
  -0.3364149107450867,
  0.8828509033573784,
  0.0,
  -0.340997624363636,
  0.0,
  -0.9135389615674926,
  -0.9231920464033546,
  0.5741333003697129,
  0.0,
  0.5352819423819623,
  0.7160100211397877,
  0.4051956268263873,
  0.0,
  -0.6152375566545009,
  0.0,
  0.0,
  0.0,
  0.35881074050766937,
  0.0,
  0.0,
  0.8574269892011059,
  0.4614495462956232,
  0.0
 ],
 "held_bodies": [
  32,
  33,
  34,
  35,
  36,
  37,
  38,
  39
 ],
 "test_mse": {
  "geometry": 0.04630432277917862,
  "force": 4.572629404719919e-05
 },
 "held_mse_geometry_zero_shot": 0.02464332990348339
}