2459945.500000000, A.D. 2023-Jan-01 00:00:00.0000,  1.578674303272360E+00,  1.682838600984425E+00,  5.862920687178154E-01, -1.459598209941887E-03,  3.631628792794343E-03, -7.203589779948788E-04,
2459946.500000000, A.D. 2023-Jan-02 00:00:00.0000,  1.577197416249063E+00,  1.686451771530666E+00,  5.855652851699458E-01, -1.494160279135712E-03,  3.594709937103083E-03, -7.332016946543446E-04,
2459947.500000000, A.D. 2023-Jan-03 00:00:00.0000,  1.575686013577339E+00,  1.690028015931120E+00,  5.848256780787725E-01, -1.528629758073221E-03,  3.557776298872896E-03, -7.460061602823057E-04,
2459948.500000000, A.D. 2023-Jan-04 00:00:00.0000,  1.574140187096117E+00,  1.693567318796146E+00,  5.840732854094522E-01, -1.563008146918018E-03,  3.520826663816826E-03, -7.587729454675794E-04,
2459949.500000000, A.D. 2023-Jan-05 00:00:00.0000,  1.572560027151562E+00,  1.697069663521458E+00,  5.833081445600052E-01, -1.597296931108614E-03,  3.483859816824137E-03, -7.715026139254063E-04,
2459950.500000000, A.D. 2023-Jan-06 00:00:00.0000,  1.570945622611597E+00,  1.700535032286985E+00,  5.825302923680987E-01, -1.631497581740031E-03,  3.446874541333800E-03, -7.841957226737252E-04,
2459951.500000000, A.D. 2023-Jan-07 00:00:00.0000,  1.569297060880112E+00,  1.703963406055118E+00,  5.817397651176562E-01, -1.665611555817383E-03,  3.409869618733934E-03, -7.968528222151685E-04,
2459952.500000000, A.D. 2023-Jan-08 00:00:00.0000,  1.567614427910972E+00,  1.707354764568382E+00,  5.809365985452788E-01, -1.699640296402167E-03,  3.372843827820823E-03, -8.094744567202502E-04,
2459953.500000000, A.D. 2023-Jan-09 00:00:00.0000,  1.565897808221922E+00,  1.710709086346611E+00,  5.801208278464888E-01, -1.733585232680617E-03,  3.335795944349212E-03, -8.220611642066028E-04,
2459954.500000000, A.D. 2023-Jan-10 00:00:00.0000,  1.564147284908447E+00,  1.714026348683722E+00,  5.792924876817950E-01, -1.767447779989235E-03,  3.298724740679161E-03, -8.346134767107258E-04,
2459955.500000000, A.D. 2023-Jan-11 00:00:00.0000,  1.562362939657610E+00,  1.717306527644183E+00,  5.784516121825929E-01, -1.801229339837724E-03,  3.261628985521354E-03, -8.471319204485355E-04,
2459956.500000000, A.D. 2023-Jan-12 00:00:00.0000,  1.560544852761863E+00,  1.720549598059275E+00,  5.775982349569103E-01, -1.834931299951880E-03,  3.224507443762562E-03, -8.596170159642339E-04,
2459957.500000000, A.D. 2023-Jan-13 00:00:00.0000,  1.558693103132792E+00,  1.723755533523202E+00,  5.767323890950086E-01, -1.868555034355913E-03,  3.187358876352765E-03, -8.720692782673251E-04,
2459958.500000000, A.D. 2023-Jan-14 00:00:00.0000,  1.556807768314753E+00,  1.726924306389121E+00,  5.758541071748542E-01, -1.902101903509040E-03,  3.150182040230293E-03, -8.844892169584360E-04,
2459959.500000000, A.D. 2023-Jan-15 00:00:00.0000,  1.554888924498352E+00,  1.730055887765094E+00,  5.749634212674684E-01, -1.935573254488575E-03,  3.112975688263075E-03, -8.968773363465123E-04,
2459960.500000000, A.D. 2023-Jan-16 00:00:00.0000,  1.552936646533715E+00,  1.733150247509993E+00,  5.740603629421633E-01, -1.968970421221513E-03,  3.075738569192749E-03, -9.092341355583728E-04,
2459961.500000000, A.D. 2023-Jan-17 00:00:00.0000,  1.550951007943504E+00,  1.736207354229341E+00,  5.731449632716721E-01, -2.002294724751631E-03,  3.038469427564425E-03, -9.215601086432743E-04,
2459962.500000000, A.D. 2023-Jan-18 00:00:00.0000,  1.548932080935657E+00,  1.739227175271071E+00,  5.722172528371743E-01, -2.035547473536513E-03,  3.001167003638984E-03, -9.338557446733236E-04,
2459963.500000000, A.D. 2023-Jan-19 00:00:00.0000,  1.546879936415819E+00,  1.742209676721192E+00,  5.712772617332259E-01, -2.068729963760532E-03,  2.963830033281781E-03, -9.461215278415802E-04,
2459964.500000000, A.D. 2023-Jan-20 00:00:00.0000,  1.544794643999448E+00,  1.745154823399321E+00,  5.703250195725895E-01, -2.101843479659736E-03,  2.926457247827966E-03, -9.583579375582570E-04,
2459965.500000000, A.D. 2023-Jan-21 00:00:00.0000,  1.542676272023610E+00,  1.748062578854085E+00,  5.693605554909680E-01, -2.134889293850290E-03,  2.889047373925030E-03, -9.705654485458068E-04,
2459966.500000000, A.D. 2023-Jan-22 00:00:00.0000,  1.540524887558421E+00,  1.750932905358338E+00,  5.683838981516478E-01, -2.167868667654499E-03,  2.851599133355722E-03, -9.827445309332260E-04,
2459967.500000000, A.D. 2023-Jan-23 00:00:00.0000,  1.538340556418194E+00,  1.753765763904207E+00,  5.673950757500430E-01, -2.200782851422978E-03,  2.814111242842848E-03, -9.948956503496580E-04,
2459968.500000000, A.D. 2023-Jan-24 00:00:00.0000,  1.536123343172241E+00,  1.756561114197921E+00,  5.663941160181498E-01, -2.233633084849636E-03,  2.776582413839107E-03, -1.007019268017383E-03,
2459969.500000000, A.D. 2023-Jan-25 00:00:00.0000,  1.533873311155383E+00,  1.759318914654439E+00,  5.653810462289084E-01, -2.266420597277672E-03,  2.739011352305219E-03, -1.019115840844162E-03,
2459970.500000000, A.D. 2023-Jan-26 00:00:00.0000,  1.531590522478147E+00,  1.762039122391833E+00,  5.643558932004678E-01, -2.299146607997247E-03,  2.701396758477705E-03, -1.031185821514808E-03,
2459971.500000000, A.D. 2023-Jan-27 00:00:00.0000,  1.529275038036677E+00,  1.764721693225456E+00,  5.633186833003677E-01, -2.331812326533716E-03,  2.663737326628830E-03, -1.043229658581934E-03,
2459972.500000000, A.D. 2023-Jan-28 00:00:00.0000,  1.526926917522358E+00,  1.767366581661843E+00,  5.622694424496242E-01, -2.364418952927373E-03,  2.626031744820092E-03, -1.055247796555734E-03,
2459973.500000000, A.D. 2023-Jan-29 00:00:00.0000,  1.524546219431161E+00,  1.769973740892383E+00,  5.612081961267256E-01, -2.396967678005033E-03,  2.588278694648285E-03, -1.067240675992878E-03,
2459974.500000000, A.D. 2023-Jan-30 00:00:00.0000,  1.522133001072731E+00,  1.772543122786722E+00,  5.601349693715448E-01, -2.429459683642605E-03,  2.550476850991776E-03, -1.079208733584053E-03,
2459975.500000000, A.D. 2023-Jan-31 00:00:00.0000,  1.519687318579202E+00,  1.775074677885918E+00,  5.590497867891612E-01, -2.461896143021688E-03,  2.512624881748259E-03, -1.091152402240598E-03,
2459976.500000000, A.D. 2023-Feb-01 00:00:00.0000,  1.517209226913770E+00,  1.777568355395324E+00,  5.579526725535962E-01, -2.494278220879367E-03,  2.474721447570400E-03, -1.103072111179843E-03,
2459977.500000000, A.D. 2023-Feb-02 00:00:00.0000,  1.514698779879016E+00,  1.780024103177214E+00,  5.568436504114654E-01, -2.526607073751522E-03,  2.436765201599669E-03, -1.114968286009149E-03,
2459978.500000000, A.D. 2023-Feb-03 00:00:00.0000,  1.512156030124986E+00,  1.782441867743134E+00,  5.557227436855493E-01, -2.558883850209660E-03,  2.398754789194755E-03, -1.126841348808972E-03,
2459979.500000000, A.D. 2023-Feb-04 00:00:00.0000,  1.509581029157038E+00,  1.784821594245987E+00,  5.545899752782751E-01, -2.591109691094940E-03,  2.360688847661339E-03, -1.138691718214128E-03,
2459980.500000000, A.D. 2023-Feb-05 00:00:00.0000,  1.506973827343461E+00,  1.787163226471834E+00,  5.534453676751259E-01, -2.623285729745340E-03,  2.322566005973077E-03, -1.150519809494448E-03,
2459981.500000000, A.D. 2023-Feb-06 00:00:00.0000,  1.504334473922861E+00,  1.789466706831434E+00,  5.522889429479642E-01, -2.655413092219130E-03,  2.284384884493561E-03, -1.162326034633830E-03,
2459982.500000000, A.D. 2023-Feb-07 00:00:00.0000,  1.501663017011339E+00,  1.791731976351484E+00,  5.511207227582785E-01, -2.687492897515118E-03,  2.246144094694844E-03, -1.174110802408023E-03,
2459983.500000000, A.D. 2023-Feb-08 00:00:00.0000,  1.498959503609432E+00,  1.793958974665588E+00,  5.499407283603545E-01, -2.719526257788174E-03,  2.207842238871264E-03, -1.185874518461404E-03,
2459984.500000000, A.D. 2023-Feb-09 00:00:00.0000,  1.496223979608858E+00,  1.796147640004935E+00,  5.487489806043667E-01, -2.751514278561763E-03,  2.169477909850529E-03, -1.197617585382487E-03,
2459985.500000000, A.D. 2023-Feb-10 00:00:00.0000,  1.493456489799039E+00,  1.798297909188691E+00,  5.475454999393989E-01, -2.783458058937194E-03,  2.131049690701394E-03, -1.209340402778267E-03,
2459986.500000000, A.D. 2023-Feb-11 00:00:00.0000,  1.490657077873420E+00,  1.800409717614082E+00,  5.463303064163874E-01, -2.815358691800326E-03,  2.092556154437468E-03, -1.221043367347430E-03,
2459987.500000000, A.D. 2023-Feb-12 00:00:00.0000,  1.487825786435586E+00,  1.802482999246199E+00,  5.451034196909944E-01, -2.847217264024780E-03,  2.053995863716728E-03, -1.232726872952537E-03,
2459988.500000000, A.D. 2023-Feb-13 00:00:00.0000,  1.484962657005167E+00,  1.804517686607484E+00,  5.438648590264078E-01, -2.879034856673031E-03,  2.015367370537115E-03, -1.244391310691099E-03,
2459989.500000000, A.D. 2023-Feb-14 00:00:00.0000,  1.482067730023555E+00,  1.806513710766921E+00,  5.426146432960711E-01, -2.910812545194881E-03,  1.976669215927681E-03, -1.256037068965646E-03,
2459990.500000000, A.D. 2023-Feb-15 00:00:00.0000,  1.479141044859417E+00,  1.808471001328908E+00,  5.413527909863439E-01, -2.942551399623802E-03,  1.937899929635124E-03, -1.267664533552795E-03,
2459991.500000000, A.D. 2023-Feb-16 00:00:00.0000,  1.476182639814012E+00,  1.810389486421812E+00,  5.400793201990942E-01, -2.974252484770733E-03,  1.899058029805400E-03, -1.279274087671400E-03,
2459992.500000000, A.D. 2023-Feb-17 00:00:00.0000,  1.473192552126322E+00,  1.812269092686216E+00,  5.387942486542211E-01, -3.005916860416550E-03,  1.860142022660588E-03, -1.290866112049664E-03,
2459993.500000000, A.D. 2023-Feb-18 00:00:00.0000,  1.470170817977981E+00,  1.814109745262825E+00,  5.374975936921139E-01, -3.037545581501572E-03,  1.821150402170028E-03, -1.302440984991556E-03,
2459994.500000000, A.D. 2023-Feb-19 00:00:00.0000,  1.467117472498027E+00,  1.815911367780046E+00,  5.361893722760430E-01, -3.069139698314168E-03,  1.782081649716412E-03, -1.313999082442179E-03,
2459995.500000000, A.D. 2023-Feb-20 00:00:00.0000,  1.464032549767455E+00,  1.817673882341236E+00,  5.348696009944850E-01, -3.100700256676981E-03,  1.742934233755914E-03, -1.325540778052458E-03,
2459996.500000000, A.D. 2023-Feb-21 00:00:00.0000,  1.460916082823596E+00,  1.819397209511601E+00,  5.335382960633875E-01, -3.132228298132706E-03,  1.703706609472515E-03, -1.337066443242753E-03,
2459997.500000000, A.D. 2023-Feb-22 00:00:00.0000,  1.457768103664300E+00,  1.821081268304748E+00,  5.321954733283650E-01, -3.163724860126148E-03,  1.664397218425966E-03, -1.348576447266183E-03,
2459998.500000000, A.D. 2023-Feb-23 00:00:00.0000,  1.454588643251946E+00,  1.822725976168884E+00,  5.308411482668385E-01, -3.195190976186835E-03,  1.625004488193481E-03, -1.360071157270762E-03,
2459999.500000000, A.D. 2023-Feb-24 00:00:00.0000,  1.451377731517266E+00,  1.824331248972647E+00,  5.294753359901064E-01, -3.226627676109130E-03,  1.585526832004756E-03, -1.371550938361064E-03,
2460000.500000000, A.D. 2023-Feb-25 00:00:00.0000,  1.448135397362990E+00,  1.825897000990579E+00,  5.280980512453592E-01, -3.258035986131656E-03,  1.545962648369509E-03, -1.383016153658929E-03,
2460001.500000000, A.D. 2023-Feb-26 00:00:00.0000,  1.444861668667314E+00,  1.827423144888213E+00,  5.267093084176322E-01, -3.289416929114309E-03,  1.506310320698949E-03, -1.394467164363992E-03,
2460002.500000000, A.D. 2023-Feb-27 00:00:00.0000,  1.441556572287190E+00,  1.828909591706783E+00,  5.253091215316963E-01, -3.320771524715710E-03,  1.466568216919024E-03, -1.405904329813079E-03,
2460003.500000000, A.D. 2023-Feb-28 00:00:00.0000,  1.438220134061437E+00,  1.830356250847543E+00,  5.238975042538941E-01, -3.352100789564572E-03,  1.426734689074574E-03, -1.417328007539344E-03,
2460004.500000000, A.D. 2023-Mar-01 00:00:00.0000,  1.434852378813690E+00,  1.831763030055683E+00,  5.224744698939107E-01, -3.383405737437535E-03,  1.386808072928771E-03, -1.428738553330558E-03,
2460005.500000000, A.D. 2023-Mar-02 00:00:00.0000,  1.431453330355161E+00,  1.833129835403846E+00,  5.210400314064934E-01, -3.414687379428494E-03,  1.346786687551106E-03, -1.440136321287034E-03,
2460006.500000000, A.D. 2023-Mar-03 00:00:00.0000,  1.428023011487240E+00,  1.834456571275222E+00,  5.195942013931072E-01, -3.445946724119469E-03,  1.306668834898138E-03, -1.451521663878946E-03,
2460007.500000000, A.D. 2023-Mar-04 00:00:00.0000,  1.424561444003919E+00,  1.835743140346223E+00,  5.181369921035407E-01, -3.477184777747027E-03,  1.266452799384678E-03, -1.462894932003342E-03,
2460008.500000000, A.D. 2023-Mar-05 00:00:00.0000,  1.421068648694059E+00,  1.836989443568721E+00,  5.166684154374469E-01, -3.508402544369543E-03,  1.226136847446127E-03, -1.474256475040467E-03,
2460009.500000000, A.D. 2023-Mar-06 00:00:00.0000,  1.417544645343480E+00,  1.838195380151852E+00,  5.151884829458336E-01, -3.539601026031006E-03,  1.185719227090990E-03, -1.485606640909755E-03,
2460010.500000000, A.D. 2023-Mar-07 00:00:00.0000,  1.413989452736903E+00,  1.839360847543355E+00,  5.136972058324968E-01, -3.570781222922239E-03,  1.145198167442977E-03, -1.496945776125443E-03,
2460011.500000000, A.D. 2023-Mar-08 00:00:00.0000,  1.410403088659714E+00,  1.840485741410455E+00,  5.121945949553978E-01, -3.601944133533066E-03,  1.104571878279372E-03, -1.508274225852460E-03,
2460012.500000000, A.D. 2023-Mar-09 00:00:00.0000,  1.406785569899598E+00,  1.841569955620283E+00,  5.106806608279841E-01, -3.633090754813291E-03,  1.063838549546023E-03, -1.519592333960802E-03,
2460013.500000000, A.D. 2023-Mar-10 00:00:00.0000,  1.403136912247999E+00,  1.842613382219799E+00,  5.091554136204590E-01, -3.664222082317477E-03,  1.022996350874575E-03, -1.530900443080851E-03,
2460014.500000000, A.D. 2023-Mar-11 00:00:00.0000,  1.399457130501442E+00,  1.843615911415231E+00,  5.076188631609911E-01, -3.695339110348014E-03,  9.820434310888740E-04, -1.542198894657859E-03,
2460015.500000000, A.D. 2023-Mar-12 00:00:00.0000,  1.395746238462720E+00,  1.844577431551017E+00,  5.060710189368740E-01, -3.726442832093468E-03,  9.409779176962255E-04, -1.553488029006636E-03,
2460016.500000000, A.D. 2023-Mar-13 00:00:00.0000,  1.392004248941939E+00,  1.845497829088228E+00,  5.045118900956296E-01, -3.757534239758624E-03,  8.997979163729179E-04, -1.564768185366020E-03,
2460017.500000000, A.D. 2023-Mar-14 00:00:00.0000,  1.388231173757439E+00,  1.846376988582483E+00,  5.029414854460555E-01, -3.788614324688955E-03,  8.585015104471755E-04, -1.576039701952533E-03,
2460018.500000000, A.D. 2023-Mar-15 00:00:00.0000,  1.384427023736599E+00,  1.847214792661333E+00,  5.013598134592226E-01, -3.819684077484215E-03,  8.170867603719590E-04, -1.587302916014397E-03,
2460019.500000000, A.D. 2023-Mar-16 00:00:00.0000,  1.380591808716524E+00,  1.848011122001125E+00,  4.997668822694143E-01, -3.850744488102989E-03,  7.755517031947237E-04, -1.598558163885113E-03,
2460020.500000000, A.D. 2023-Mar-17 00:00:00.0000,  1.376725537544639E+00,  1.848765855303331E+00,  4.981626996750170E-01, -3.881796545965664E-03,  7.338943520301454E-04, -1.609805781035392E-03,
2460021.500000000, A.D. 2023-Mar-18 00:00:00.0000,  1.372828218079183E+00,  1.849478869270352E+00,  4.965472731393556E-01, -3.912841240043111E-03,  6.921126955336648E-04, -1.621046102124770E-03,
2460022.500000000, A.D. 2023-Mar-19 00:00:00.0000,  1.368899857189608E+00,  1.850150038580797E+00,  4.949206097914803E-01, -3.943879558945290E-03,  6.502046973827481E-04, -1.632279461051052E-03,
2460023.500000000, A.D. 2023-Mar-20 00:00:00.0000,  1.364940460756903E+00,  1.850779235864252E+00,  4.932827164269060E-01, -3.974912491009334E-03,  6.081682957687148E-04, -1.643506190997363E-03,
2460024.500000000, A.D. 2023-Mar-21 00:00:00.0000,  1.360950033673815E+00,  1.851366331675544E+00,  4.916335995083012E-01, -4.005941024394345E-03,  5.660014029026190E-04, -1.654726624475864E-03,
2460025.500000000, A.D. 2023-Mar-22 00:00:00.0000,  1.356928579844978E+00,  1.851911194468523E+00,  4.899732651661431E-01, -4.036966147191635E-03,  5.237019045367283E-04, -1.665941093367182E-03,
2460026.500000000, A.D. 2023-Mar-23 00:00:00.0000,  1.352876102186910E+00,  1.852413690569365E+00,  4.883017191993288E-01, -4.067988847561081E-03,  4.812676595008074E-04, -1.677149928954661E-03,
2460027.500000000, A.D. 2023-Mar-24 00:00:00.0000,  1.348792602627869E+00,  1.852873684149428E+00,  4.866189670757579E-01, -4.099010113906439E-03,  4.386964992489115E-04, -1.688353461952587E-03,
2460028.500000000, A.D. 2023-Mar-25 00:00:00.0000,  1.344678082107490E+00,  1.853291037197647E+00,  4.849250139328917E-01, -4.130030935102664E-03,  3.959862274064379E-04, -1.699552022528037E-03,
2460029.500000000, A.D. 2023-Mar-26 00:00:00.0000,  1.340532540576180E+00,  1.853665609492473E+00,  4.832198645782915E-01, -4.161052300785798E-03,  3.531346193024210E-04, -1.710745940316613E-03,
2460030.500000000, A.D. 2023-Mar-27 00:00:00.0000,  1.336355976994187E+00,  1.853997258573334E+00,  4.815035234901439E-01, -4.192075201712889E-03,  3.101394214651196E-04, -1.721935544433144E-03,
2460031.500000000, A.D. 2023-Mar-28 00:00:00.0000,  1.332148389330260E+00,  1.854285839711547E+00,  4.797759948177765E-01, -4.223100630190002E-03,  2.669983510548731E-04, -1.733121163479640E-03,
2460032.500000000, A.D. 2023-Mar-29 00:00:00.0000,  1.327909774559872E+00,  1.854531205880640E+00,  4.780372823821697E-01, -4.254129580557162E-03,  2.237090952079949E-04, -1.744303125553640E-03,
2460033.500000000, A.D. 2023-Mar-30 00:00:00.0000,  1.323640128662919E+00,  1.854733207725950E+00,  4.762873896764528E-01, -4.285163049707678E-03,  1.802693102676994E-04, -1.755481758260887E-03,
2460034.500000000, A.D. 2023-Mar-31 00:00:00.0000,  1.319339446620913E+00,  1.854891693533392E+00,  4.745263198663871E-01, -4.316202037607731E-03,  1.366766208878167E-04, -1.766657388736587E-03,
2460035.500000000, A.D. 2023-Apr-01 00:00:00.0000,  1.315007722413658E+00,  1.855006509197269E+00,  4.727540757908201E-01, -4.347247547778496E-03,  9.292861901097437E-05, -1.777830343678449E-03,
2460036.500000000, A.D. 2023-Apr-02 00:00:00.0000,  1.310644949015486E+00,  1.855077498187004E+00,  4.709706599621020E-01, -4.378300587701490E-03,  4.902286273365842E-05, -1.789000949394032E-03,
2460037.500000000, A.D. 2023-Apr-03 00:00:00.0000,  1.306251118391140E+00,  1.855104501512685E+00,  4.691760745664449E-01, -4.409362169117083E-03,  4.956875093570327E-06, -1.800169531862166E-03,
2460038.500000000, A.D. 2023-Apr-04 00:00:00.0000,  1.301826221491412E+00,  1.855087357689395E+00,  4.673703214642169E-01, -4.440433308204232E-03, -3.927185718456843E-05, -1.811336416806517E-03,
2460039.500000000, A.D. 2023-Apr-05 00:00:00.0000,  1.297370248248666E+00,  1.855025902700256E+00,  4.655534021901555E-01, -4.471515025637420E-03, -8.366588493734417E-05, -1.822501929777732E-03,
2460040.500000000, A.D. 2023-Apr-06 00:00:00.0000,  1.292883187572359E+00,  1.854919969958271E+00,  4.637253179534983E-01, -4.502608346548398E-03, -1.282277977701446E-04, -1.833666396238742E-03,
2460041.500000000, A.D. 2023-Apr-07 00:00:00.0000,  1.288365027344630E+00,  1.854769390266972E+00,  4.618860696380288E-01, -4.533714300416158E-03, -1.729602252008408E-04, -1.844830141649140E-03,
2460042.500000000, A.D. 2023-Apr-08 00:00:00.0000,  1.283815754416024E+00,  1.854573991779972E+00,  4.600356578020399E-01, -4.564833920925059E-03, -2.178658377239730E-04, -1.855993491543684E-03,
2460043.500000000, A.D. 2023-Apr-09 00:00:00.0000,  1.279235354601358E+00,  1.854333599959481E+00,  4.581740826782226E-01, -4.595968245830014E-03, -2.629473478068301E-04, -1.867156771602227E-03,
2460044.500000000, A.D. 2023-Apr-10 00:00:00.0000,  1.274623812675705E+00,  1.854048037533865E+00,  4.563013441734884E-01, -4.627118316844477E-03, -3.082075108261968E-04, -1.878320307710305E-03,
2460045.500000000, A.D. 2023-Apr-11 00:00:00.0000,  1.269981112370471E+00,  1.853717124454281E+00,  4.544174418687411E-01, -4.658285179583791E-03, -3.536491259752848E-04, -1.889484426009764E-03,
2460046.500000000, A.D. 2023-Apr-12 00:00:00.0000,  1.265307236369501E+00,  1.853340677850412E+00,  4.525223750185958E-01, -4.689469883563341E-03, -3.992750371534275E-04, -1.900649452940416E-03,
2460047.500000000, A.D. 2023-Apr-13 00:00:00.0000,  1.260602166305153E+00,  1.852918511985310E+00,  4.506161425510629E-01, -4.720673482253701E-03, -4.450881338752294E-04, -1.911815715275449E-03,
2460048.500000000, A.D. 2023-Apr-14 00:00:00.0000,  1.255865882754292E+00,  1.852450438209322E+00,  4.486987430672023E-01, -4.751897033190097E-03, -4.910913521988627E-04, -1.922983540150718E-03,
2460049.500000000, A.D. 2023-Apr-15 00:00:00.0000,  1.251098365234155E+00,  1.851936264913057E+00,  4.467701748407443E-01, -4.783141598125512E-03, -5.372876757045805E-04, -1.934153255091347E-03,
2460050.500000000, A.D. 2023-Apr-16 00:00:00.0000,  1.246299592198040E+00,  1.851375797479361E+00,  4.448304358176898E-01, -4.814408243216511E-03, -5.836801365165470E-04, -1.945325188035955E-03,
2460051.500000000, A.D. 2023-Apr-17 00:00:00.0000,  1.241469541030799E+00,  1.850768838234237E+00,  4.428795236158843E-01, -4.845698039236838E-03, -6.302718163823793E-04, -1.956499667360040E-03,
2460052.500000000, A.D. 2023-Apr-18 00:00:00.0000,  1.236608188044107E+00,  1.850115186396655E+00,  4.409174355245701E-01, -4.877012061805522E-03, -6.770658478074420E-04, -1.967677021899375E-03,
2460053.500000000, A.D. 2023-Apr-19 00:00:00.0000,  1.231715508471497E+00,  1.849414638027209E+00,  4.389441685039130E-01, -4.908351391625679E-03, -7.240654152457248E-04, -1.978857580973796E-03,
2460054.500000000, A.D. 2023-Apr-20 00:00:00.0000,  1.226791476463157E+00,  1.848666985975549E+00,  4.369597191845074E-01, -4.939717114727843E-03, -7.712737563445192E-04, -1.990041674411581E-03,
2460055.500000000, A.D. 2023-Apr-21 00:00:00.0000,  1.221836065080478E+00,  1.847872019826539E+00,  4.349640838668543E-01, -4.971110322715735E-03, -8.186941632442589E-04, -2.001229632574612E-03,
2460056.500000000, A.D. 2023-Apr-22 00:00:00.0000,  1.216849246290358E+00,  1.847029525845101E+00,  4.329572585208158E-01, -5.002532113010091E-03, -8.663299839274826E-04, -2.012421786384066E-03,
2460057.500000000, A.D. 2023-Apr-23 00:00:00.0000,  1.211830990959265E+00,  1.846139286919666E+00,  4.309392387850416E-01, -5.033983589091011E-03, -9.141846236212598E-04, -2.023618467346824E-03,
2460058.500000000, A.D. 2023-Apr-24 00:00:00.0000,  1.206781268847060E+00,  1.845201082504216E+00,  4.289100199663716E-01, -5.065465860736832E-03, -9.622615462470580E-04, -2.034820007582117E-03,
2460059.500000000, A.D. 2023-Apr-25 00:00:00.0000,  1.201700048600574E+00,  1.844214688558842E+00,  4.268695970392083E-01, -5.096980044259797E-03, -1.010564275920442E-03, -2.046026739848443E-03,
2460060.500000000, A.D. 2023-Apr-26 00:00:00.0000,  1.196587297746965E+00,  1.843179877488777E+00,  4.248179646448642E-01, -5.128527262740232E-03, -1.059096398500402E-03, -2.057238997570388E-03,
2460061.500000000, A.D. 2023-Apr-27 00:00:00.0000,  1.191442982686829E+00,  1.842096418081861E+00,  4.227551170908844E-01, -5.160108646256216E-03, -1.107861563187102E-03, -2.068457114865380E-03,
2460062.500000000, A.D. 2023-Apr-28 00:00:00.0000,  1.186267068687089E+00,  1.840964075444378E+00,  4.206810483503384E-01, -5.191725332112678E-03, -1.156863484170960E-03, -2.079681426570043E-03,
2460063.500000000, A.D. 2023-Apr-29 00:00:00.0000,  1.181059519873656E+00,  1.839782610935220E+00,  4.185957520610890E-01, -5.223378465068001E-03, -1.206105942331609E-03, -2.090912268266047E-03,
2460064.500000000, A.D. 2023-Apr-30 00:00:00.0000,  1.175820299223862E+00,  1.838551782098329E+00,  4.164992215250339E-01, -5.255069197560015E-03, -1.255592786990650E-03, -2.102149976305354E-03,
2460065.500000000, A.D. 2023-May-01 00:00:00.0000,  1.170549368558666E+00,  1.837271342593351E+00,  4.143914497073241E-01, -5.286798689931296E-03, -1.305327937717518E-03, -2.113394887834651E-03,
2460066.500000000, A.D. 2023-May-02 00:00:00.0000,  1.165246688534641E+00,  1.835941042124467E+00,  4.122724292355557E-01, -5.318568110653657E-03, -1.355315386192614E-03, -2.124647340818989E-03,
2460067.500000000, A.D. 2023-May-03 00:00:00.0000,  1.159912218635728E+00,  1.834560626367324E+00,  4.101421523989419E-01, -5.350378636553994E-03, -1.405559198124860E-03, -2.135907674064209E-03,
2460068.500000000, A.D. 2023-May-04 00:00:00.0000,  1.154545917164770E+00,  1.833129836894025E+00,  4.080006111474607E-01, -5.382231453039408E-03, -1.456063515233480E-03, -2.147176227238496E-03,
2460069.500000000, A.D. 2023-May-05 00:00:00.0000,  1.149147741234817E+00,  1.831648411096098E+00,  4.058477970909817E-01, -5.414127754324138E-03, -1.506832557288223E-03, -2.158453340892551E-03,
2460070.500000000, A.D. 2023-May-06 00:00:00.0000,  1.143717646760209E+00,  1.830116082105404E+00,  4.036837014983752E-01, -5.446068743655777E-03, -1.557870624218251E-03, -2.169739356478517E-03,
2460071.500000000, A.D. 2023-May-07 00:00:00.0000,  1.138255588447425E+00,  1.828532578712891E+00,  4.015083152966005E-01, -5.478055633545905E-03, -1.609182098280272E-03, -2.181034616367346E-03,
2460072.500000000, A.D. 2023-May-08 00:00:00.0000,  1.132761519785704E+00,  1.826897625285155E+00,  3.993216290697816E-01, -5.510089645998815E-03, -1.660771446304774E-03, -2.192339463864777E-03,
2460073.500000000, A.D. 2023-May-09 00:00:00.0000,  1.127235393037441E+00,  1.825210941678713E+00,  3.971236330582606E-01, -5.542172012743213E-03, -1.712643222010720E-03, -2.203654243225598E-03,
2460074.500000000, A.D. 2023-May-10 00:00:00.0000,  1.121677159228339E+00,  1.823472243151927E+00,  3.949143171576478E-01, -5.574303975465845E-03, -1.764802068394251E-03, -2.214979299666148E-03,
2460075.500000000, A.D. 2023-May-11 00:00:00.0000,  1.116086768137340E+00,  1.821681240274497E+00,  3.926936709178499E-01, -5.606486786045487E-03, -1.817252720200712E-03, -2.226314979374792E-03,
2460076.500000000, A.D. 2023-May-12 00:00:00.0000,  1.110464168286311E+00,  1.819837638834448E+00,  3.904616835420967E-01, -5.638721706791161E-03, -1.870000006468255E-03, -2.237661629520738E-03,
2460077.500000000, A.D. 2023-May-13 00:00:00.0000,  1.104809306929498E+00,  1.817941139742523E+00,  3.882183438859551E-01, -5.671010010678979E-03, -1.923048853168795E-03, -2.249019598260304E-03,
2460078.500000000, A.D. 2023-May-14 00:00:00.0000,  1.099122130042735E+00,  1.815991438933895E+00,  3.859636404563400E-01, -5.703352981593051E-03, -1.976404285927185E-03, -2.260389234741238E-03,
2460079.500000000, A.D. 2023-May-15 00:00:00.0000,  1.093402582312418E+00,  1.813988227267119E+00,  3.836975614105229E-01, -5.735751914566679E-03, -2.030071432841529E-03, -2.271770889104158E-03,
2460080.500000000, A.D. 2023-May-16 00:00:00.0000,  1.087650607124235E+00,  1.811931190420206E+00,  3.814200945551378E-01, -5.768208116027091E-03, -2.084055527385534E-03, -2.283164912482146E-03,
2460081.500000000, A.D. 2023-May-17 00:00:00.0000,  1.081866146551645E+00,  1.809820008783755E+00,  3.791312273451909E-01, -5.800722904039846E-03, -2.138361911424789E-03, -2.294571656996837E-03,
2460082.500000000, A.D. 2023-May-18 00:00:00.0000,  1.076049141344123E+00,  1.807654357351009E+00,  3.768309468830747E-01, -5.833297608555688E-03, -2.192996038330628E-03, -2.305991475751910E-03,
2460083.500000000, A.D. 2023-May-19 00:00:00.0000,  1.070199530915142E+00,  1.805433905604750E+00,  3.745192399175921E-01, -5.865933571659044E-03, -2.247963476201062E-03, -2.317424722823507E-03,
2460084.500000000, A.D. 2023-May-20 00:00:00.0000,  1.064317253329926E+00,  1.803158317400915E+00,  3.721960928429875E-01, -5.898632147817651E-03, -2.303269911197443E-03, -2.328871753247153E-03,
2460085.500000000, A.D. 2023-May-21 00:00:00.0000,  1.058402245292931E+00,  1.800827250848811E+00,  3.698614916979978E-01, -5.931394704133319E-03, -2.358921150996387E-03, -2.340332923001331E-03,
2460086.500000000, A.D. 2023-May-22 00:00:00.0000,  1.052454442135091E+00,  1.798440358187829E+00,  3.675154221649178E-01, -5.964222620593855E-03, -2.414923128366500E-03, -2.351808588987109E-03,
2460087.500000000, A.D. 2023-May-23 00:00:00.0000,  1.046473777800802E+00,  1.795997285660506E+00,  3.651578695686897E-01, -5.997117290325783E-03, -2.471281904871775E-03, -2.363299109003862E-03,
2460088.500000000, A.D. 2023-May-24 00:00:00.0000,  1.040460184834661E+00,  1.793497673381826E+00,  3.627888188760194E-01, -6.030080119847604E-03, -2.528003674709054E-03, -2.374804841720690E-03,
2460089.500000000, A.D. 2023-May-25 00:00:00.0000,  1.034413594367943E+00,  1.790941155204606E+00,  3.604082546945219E-01, -6.063112529323497E-03, -2.585094768684720E-03, -2.386326146643301E-03,
2460090.500000000, A.D. 2023-May-26 00:00:00.0000,  1.028333936104832E+00,  1.788327358580842E+00,  3.580161612719047E-01, -6.096215952816911E-03, -2.642561658337057E-03, -2.397863384076032E-03,
2460091.500000000, A.D. 2023-May-27 00:00:00.0000,  1.022221138308391E+00,  1.785655904418851E+00,  3.556125224951879E-01, -6.129391838543896E-03, -2.700410960210476E-03, -2.409416915078744E-03,
2460092.500000000, A.D. 2023-May-28 00:00:00.0000,  1.016075127786289E+00,  1.782926406936064E+00,  3.531973218899754E-01, -6.162641649125595E-03, -2.758649440288539E-03, -2.420987101418203E-03,
2460093.500000000, A.D. 2023-May-29 00:00:00.0000,  1.009895829876262E+00,  1.780138473507296E+00,  3.507705426197731E-01, -6.195966861839580E-03, -2.817284018592739E-03, -2.432574305513644E-03,
2460094.500000000, A.D. 2023-May-30 00:00:00.0000,  1.003683168431339E+00,  1.777291704508345E+00,  3.483321674853649E-01, -6.229368968869275E-03, -2.876321773954651E-03, -2.444178890376099E-03,
2460095.500000000, A.D. 2023-May-31 00:00:00.0000,  9.974370658048102E-01,  1.774385693154713E+00,  3.458821789242580E-01, -6.262849477551034E-03, -2.935769948969164E-03, -2.455801219541114E-03,
2460096.500000000, A.D. 2023-Jun-01 00:00:00.0000,  9.911574428349492E-01,  1.771420025335292E+00,  3.434205590101908E-01, -6.296409910617968E-03, -2.995635955137048E-03, -2.467441656994409E-03,
2460097.500000000, A.D. 2023-Jun-02 00:00:00.0000,  9.848442188294990E-01,  1.768394279440803E+00,  3.409472894527247E-01, -6.330051806439882E-03, -3.055927378205500E-03, -2.479100567090039E-03,
2460098.500000000, A.D. 2023-Jun-03 00:00:00.0000,  9.784973115499163E-01,  1.765308026186795E+00,  3.384623515969210E-01, -6.363776719258115E-03, -3.116651983715624E-03, -2.490778314460549E-03,
2460099.500000000, A.D. 2023-Jun-04 00:00:00.0000,  9.721166371953848E-01,  1.762160828430986E+00,  3.359657264231086E-01, -6.397586219414417E-03, -3.177817722766357E-03, -2.502475263918611E-03,
2460100.500000000, A.D. 2023-Jun-05 00:00:00.0000,  9.657021103866039E-01,  1.758952240984730E+00,  3.334573945467590E-01, -6.431481893572496E-03, -3.239432738004482E-03, -2.514191780349547E-03,
2460101.500000000, A.D. 2023-Jun-06 00:00:00.0000,  9.592536441493590E-01,  1.755681810418376E+00,  3.309373362184697E-01, -6.465465344930942E-03, -3.301505369851356E-03, -2.525928228594192E-03,
2460102.500000000, A.D. 2023-Jun-07 00:00:00.0000,  9.527711498978847E-01,  1.752349074860279E+00,  3.284055313240729E-01, -6.499538193425925E-03, -3.364044162976362E-03, -2.537684973321316E-03,
2460103.500000000, A.D. 2023-Jun-08 00:00:00.0000,  9.462545374180301E-01,  1.748953563789203E+00,  3.258619593848752E-01, -6.533702075922011E-03, -3.427057873028674E-03, -2.549462378888988E-03,
2460104.500000000, A.D. 2023-Jun-09 00:00:00.0000,  9.397037148502418E-01,  1.745494797819871E+00,  3.233065995580423E-01, -6.567958646389734E-03, -3.490555473637856E-03, -2.561260809193906E-03,
2460105.500000000, A.D. 2023-Jun-10 00:00:00.0000,  9.331185886723743E-01,  1.741972288481364E+00,  3.207394306371423E-01, -6.602309576067167E-03, -3.554546163696051E-03, -2.573080627508046E-03,
2460106.500000000, A.D. 2023-Jun-11 00:00:00.0000,  9.264990636823487E-01,  1.738385537988095E+00,  3.181604310528556E-01, -6.636756553605389E-03, -3.619039374931839E-03, -2.584922196301204E-03,
2460107.500000000, A.D. 2023-Jun-12 00:00:00.0000,  9.198450429806757E-01,  1.734734039003059E+00,  3.155695788738752E-01, -6.671301285194784E-03, -3.684044779789336E-03, -2.596785877048623E-03,
2460108.500000000, A.D. 2023-Jun-13 00:00:00.0000,  9.131564279528599E-01,  1.731017274393050E+00,  3.129668518080008E-01, -6.705945494673086E-03, -3.749572299624021E-03, -2.608672030022054E-03,
2460109.500000000, A.D. 2023-Jun-14 00:00:00.0000,  9.064331182517070E-01,  1.727234716975512E+00,  3.103522272034567E-01, -6.740690923612606E-03, -3.815632113227708E-03, -2.620581014062919E-03,
2460110.500000000, A.D. 2023-Jun-15 00:00:00.0000,  8.996750117795537E-01,  1.723385829256700E+00,  3.077256820504428E-01, -6.775539331390840E-03, -3.882234665696784E-03, -2.632513186335552E-03,
2460111.500000000, A.D. 2023-Jun-16 00:00:00.0000,  8.928820046704327E-01,  1.719470063160790E+00,  3.050871929829438E-01, -6.810492495244236E-03, -3.949390677656403E-03, -2.644468902058618E-03,
2460112.500000000, A.D. 2023-Jun-17 00:00:00.0000,  8.860539912721932E-01,  1.715486859749585E+00,  3.024367362808201E-01, -6.845552210311268E-03, -4.017111154858961E-03, -2.656448514212470E-03,
2460113.500000000, A.D. 2023-Jun-18 00:00:00.0000,  8.791908641285788E-01,  1.711435648932429E+00,  2.997742878722022E-01, -6.880720289671420E-03, -4.085407398171163E-03, -2.668452373219637E-03,
2460114.500000000, A.D. 2023-Jun-19 00:00:00.0000,  8.722925139612665E-01,  1.707315849165926E+00,  2.970998233362212E-01, -6.915998564388450E-03, -4.154291013977603E-03, -2.680480826596369E-03,
2460115.500000000, A.D. 2023-Jun-20 00:00:00.0000,  8.653588296518515E-01,  1.703126867143035E+00,  2.944133179061018E-01, -6.951388883565120E-03, -4.223773925022545E-03, -2.692534218572491E-03,
2460116.500000000, A.D. 2023-Jun-21 00:00:00.0000,  8.583896982237763E-01,  1.698868097471098E+00,  2.917147464726540E-01, -6.986893114429783E-03, -4.293868381728987E-03, -2.704612889676830E-03,
2460117.500000000, A.D. 2023-Jun-22 00:00:00.0000,  8.513850048241445E-01,  1.694538922338287E+00,  2.890040835881946E-01, -7.022513142449862E-03, -4.364586974033496E-03, -2.716717176287410E-03,
2460118.500000000, A.D. 2023-Jun-23 00:00:00.0000,  8.443446327054116E-01,  1.690138711167939E+00,  2.862813034709397E-01, -7.058250871480891E-03, -4.435942643788841E-03, -2.728847410145212E-03,
2460119.500000000, A.D. 2023-Jun-24 00:00:00.0000,  8.372684632069092E-01,  1.685666820260177E+00,  2.835463800098990E-01, -7.094108223954664E-03, -4.507948697775844E-03, -2.741003917829503E-03,
2460120.500000000, A.D. 2023-Jun-25 00:00:00.0000,  8.301563757361642E-01,  1.681122592420202E+00,  2.807992867703153E-01, -7.130087141074459E-03, -4.580618821419035E-03, -2.753187020200106E-03,
2460121.500000000, A.D. 2023-Jun-26 00:00:00.0000,  8.230082477500358E-01,  1.676505356572490E+00,  2.780399969996778E-01, -7.166189583004458E-03, -4.653967093214044E-03, -2.765397031802476E-03,
2460122.500000000, A.D. 2023-Jun-27 00:00:00.0000,  8.158239547356742E-01,  1.671814427360176E+00,  2.752684836343480E-01, -7.202417529016108E-03, -4.728007999942325E-03, -2.777634260238998E-03,
2460123.500000000, A.D. 2023-Jun-28 00:00:00.0000,  8.086033701913807E-01,  1.667049104728825E+00,  2.724847193068298E-01, -7.238772977532984E-03, -4.802756452713979E-03, -2.789899005508391E-03,
2460124.500000000, A.D. 2023-Jun-29 00:00:00.0000,  8.013463656074851E-01,  1.662208673493726E+00,  2.696886763537203E-01, -7.275257946047479E-03, -4.878227803846893E-03, -2.802191559309015E-03,
2460125.500000000, A.D. 2023-Jun-30 00:00:00.0000,  7.940528104473890E-01,  1.657292402889896E+00,  2.668803268243715E-01, -7.311874470865873E-03, -4.954437864599403E-03, -2.814512204303641E-03,
2460126.500000000, A.D. 2023-Jul-01 00:00:00.0000,  7.867225721289580E-01,  1.652299546103912E+00,  2.640596424903143E-01, -7.348624606662808E-03, -5.031402923760023E-03, -2.826861213339256E-03,
2460127.500000000, A.D. 2023-Jul-02 00:00:00.0000,  7.793555160064577E-01,  1.647229339786730E+00,  2.612265948554852E-01, -7.385510425841180E-03, -5.109139767098220E-03, -2.839238848613596E-03,
2460128.500000000, A.D. 2023-Jul-03 00:00:00.0000,  7.719515053532228E-01,  1.642081003546614E+00,  2.583811551673177E-01, -7.422534017709512E-03, -5.187665697690719E-03, -2.851645360778783E-03,
2460129.500000000, A.D. 2023-Jul-04 00:00:00.0000,  7.645104013452296E-01,  1.636853739421288E+00,  2.555232944287676E-01, -7.459697487499947E-03, -5.266998557153878E-03, -2.864080987972066E-03,
2460130.500000000, A.D. 2023-Jul-05 00:00:00.0000,  7.570320630457194E-01,  1.631546731328388E+00,  2.526529834113443E-01, -7.497002955254628E-03, -5.347156747831120E-03, -2.876545954763938E-03,
2460131.500000000, A.D. 2023-Jul-06 00:00:00.0000,  7.495163473909915E-01,  1.626159144493217E+00,  2.497701926692429E-01, -7.534452554605269E-03, -5.428159256003385E-03, -2.889040471014860E-03,
2460132.500000000, A.D. 2023-Jul-07 00:00:00.0000,  7.419631091774610E-01,  1.620690124852745E+00,  2.468748925546667E-01, -7.572048431463170E-03, -5.510025676205637E-03, -2.901564730632788E-03,
2460133.500000000, A.D. 2023-Jul-08 00:00:00.0000,  7.343722010500682E-01,  1.615138798434699E+00,  2.439670532344443E-01, -7.609792742626370E-03, -5.592776236743424E-03, -2.914118910224469E-03,
2460134.500000000, A.D. 2023-Jul-09 00:00:00.0000,  7.267434734921251E-01,  1.609504270710500E+00,  2.410466447080526E-01, -7.647687654300009E-03, -5.676431826510103E-03, -2.926703167633886E-03,
2460135.500000000, A.D. 2023-Jul-10 00:00:00.0000,  7.190767748166886E-01,  1.603785625920683E+00,  2.381136368271590E-01, -7.685735340516629E-03, -5.761014023208963E-03, -2.939317640361047E-03,
2460136.500000000, A.D. 2023-Jul-11 00:00:00.0000,  7.113719511595721E-01,  1.597981926371352E+00,  2.351679993168100E-01, -7.723937981436122E-03, -5.846545123086441E-03, -2.951962443853819E-03,
2460137.500000000, A.D. 2023-Jul-12 00:00:00.0000,  7.036288464741269E-01,  1.592092211700101E+00,  2.322097017983913E-01, -7.762297761500524E-03, -5.933048172284338E-03, -2.964637669664497E-03,
2460138.500000000, A.D. 2023-Jul-13 00:00:00.0000,  6.958473025279549E-01,  1.586115498109723E+00,  2.292387138145077E-01, -7.800816867415611E-03, -6.020546999921504E-03, -2.977343383461718E-03,
2460139.500000000, A.D. 2023-Jul-14 00:00:00.0000,  6.880271589017359E-01,  1.580050777567933E+00,  2.262550048559218E-01, -7.839497485930762E-03, -6.109066253019609E-03, -2.990079622886888E-03,
2460140.500000000, A.D. 2023-Jul-15 00:00:00.0000,  6.801682529903900E-01,  1.573897016971187E+00,  2.232585443907255E-01, -7.878341801386565E-03, -6.198631433392643E-03, -3.002846395242979E-03,
2460141.500000000, A.D. 2023-Jul-16 00:00:00.0000,  6.722704200068204E-01,  1.567653157270579E+00,  2.202493018959072E-01, -7.917351993000213E-03, -6.289268936628100E-03, -3.015643675001971E-03,
2460142.500000000, A.D. 2023-Jul-17 00:00:00.0000,  6.643334929885147E-01,  1.561318112557656E+00,  2.172272468915103E-01, -7.956530231857224E-03, -6.381006093295386E-03, -3.028471401115705E-03,
2460143.500000000, A.D. 2023-Jul-18 00:00:00.0000,  6.563573028073169E-01,  1.554890769107848E+00,  2.141923489775864E-01, -7.995878677577135E-03, -6.473871212528843E-03, -3.041329474113282E-03,
2460144.500000000, A.D. 2023-Jul-19 00:00:00.0000,  6.483416781827064E-01,  1.548369984379062E+00,  2.111445778741661E-01, -8.035399474619183E-03, -6.567893628143051E-03, -3.054217752966422E-03,
2460145.500000000, A.D. 2023-Jul-20 00:00:00.0000,  6.402864456989714E-01,  1.541754585962828E+00,  2.080839034644865E-01, -8.075094748191394E-03, -6.663103747452531E-03, -3.067136051702314E-03,
2460146.500000000, A.D. 2023-Jul-21 00:00:00.0000,  6.321914298266843E-01,  1.535043370485191E+00,  2.050102958417433E-01, -8.114966599723964E-03, -6.759533102981076E-03, -3.080084135741594E-03,
2460147.500000000, A.D. 2023-Jul-22 00:00:00.0000,  6.240564529489405E-01,  1.528235102454367E+00,  2.019237253596532E-01, -8.155017101863915E-03, -6.857214407262766E-03, -3.093061717936762E-03,
2460148.500000000, A.D. 2023-Jul-23 00:00:00.0000,  6.158813353928614E-01,  1.521328513051966E+00,  1.988241626871363E-01, -8.195248292944126E-03, -6.956181610952932E-03, -3.106068454284043E-03,
2460149.500000000, A.D. 2023-Jul-24 00:00:00.0000,  6.076658954669123E-01,  1.514322298864344E+00,  1.957115788674640E-01, -8.235662170874897E-03, -7.056469964486633E-03, -3.119103939279000E-03,
2460150.500000000, A.D. 2023-Jul-25 00:00:00.0000,  5.994099495046409E-01,  1.507215120550422E+00,  1.925859453822426E-01, -8.276260686400874E-03, -7.158116083542306E-03, -3.132167700883274E-03,
2460151.500000000, A.D. 2023-Jul-26 00:00:00.0000,  5.911133119155028E-01,  1.500005601442020E+00,  1.894472342206393E-01, -8.317045735659742E-03, -7.261158018590732E-03, -3.145259195066475E-03,
2460152.500000000, A.D. 2023-Jul-27 00:00:00.0000,  5.827757952435061E-01,  1.492692326072474E+00,  1.862954179542952E-01, -8.358019151972658E-03, -7.365635328833381E-03, -3.158377799883753E-03,
2460153.500000000, A.D. 2023-Jul-28 00:00:00.0000,  5.743972102344819E-01,  1.485273838628985E+00,  1.831304698184099E-01, -8.399182696787973E-03, -7.471589160861765E-03, -3.171522809045266E-03,
2460154.500000000, A.D. 2023-Jul-29 00:00:00.0000,  5.659773659128701E-01,  1.477748641323799E+00,  1.799523637995321E-01, -8.440538049691616E-03, -7.579062332397893E-03, -3.184693424929496E-03,
2460155.500000000, A.D. 2023-Jul-30 00:00:00.0000,  5.575160696690025E-01,  1.470115192678939E+00,  1.767610747306364E-01, -8.482086797387468E-03, -7.688099421508761E-03, -3.197888750986978E-03,
2460156.500000000, A.D. 2023-Jul-31 00:00:00.0000,  5.490131273579619E-01,  1.462371905718815E+00,  1.735565783941245E-01, -8.523830421540190E-03, -7.798746861723090E-03, -3.211107783475697E-03,
2460157.500000000, A.D. 2023-Aug-01 00:00:00.0000,  5.404683434112207E-01,  1.454517146064571E+00,  1.703388516334534E-01, -8.565770285360513E-03, -7.911053043518027E-03, -3.224349402462604E-03,
2460158.500000000, A.D. 2023-Aug-02 00:00:00.0000,  5.318815209623746E-01,  1.446549229923546E+00,  1.671078724741586E-01, -8.607907618799418E-03, -8.025068422686146E-03, -3.237612362019054E-03,
2460159.500000000, A.D. 2023-Aug-03 00:00:00.0000,  5.232524619884406E-01,  1.438466421966702E+00,  1.638636202551172E-01, -8.650243502201614E-03, -8.140845636142202E-03, -3.250895279529405E-03,
2460160.500000000, A.D. 2023-Aug-04 00:00:00.0000,  5.145809674683403E-01,  1.430266933086272E+00,  1.606060757709835E-01, -8.692778848251871E-03, -8.258439625780035E-03, -3.264196624023780E-03,
2460161.500000000, A.D. 2023-Aug-05 00:00:00.0000,  5.058668375603688E-01,  1.421948918025246E+00,  1.573352214268210E-01, -8.735514382026934E-03, -8.377907771051444E-03, -3.277514703434919E-03,
2460162.500000000, A.D. 2023-Aug-06 00:00:00.0000,  4.971098718006419E-01,  1.413510472869616E+00,  1.540510414060605E-01, -8.778450618944385E-03, -8.499310031001411E-03, -3.290847650668579E-03,
2460163.500000000, A.D. 2023-Aug-07 00:00:00.0000,  4.883098693247461E-01,  1.404949632393525E+00,  1.507535218530327E-01, -8.821587840373539E-03, -8.622709096568501E-03, -3.304193408363406E-03,
2460164.500000000, A.D. 2023-Aug-08 00:00:00.0000,  4.794666291150523E-01,  1.396264367246615E+00,  1.474426510714522E-01, -8.864926066645623E-03, -8.748170554038408E-03, -3.317549712202097E-03,
2460165.500000000, A.D. 2023-Aug-09 00:00:00.0000,  4.705799502764428E-01,  1.387452580971941E+00,  1.441184197403794E-01, -8.908465027166688E-03, -8.875763060630093E-03, -3.330914072618853E-03,
2460166.500000000, A.D. 2023-Aug-10 00:00:00.0000,  4.616496323435113E-01,  1.378512106841788E+00,  1.407808211493487E-01, -8.952204127300739E-03, -9.005558533292626E-03, -3.344283754729878E-03,
2460167.500000000, A.D. 2023-Aug-11 00:00:00.0000,  4.526754756226484E-01,  1.369440704497593E+00,  1.374298514545326E-01, -8.996142411647487E-03, -9.137632351904248E-03, -3.357655756292177E-03,
2460168.500000000, A.D. 2023-Aug-12 00:00:00.0000,  4.436572815728265E-01,  1.360236056378929E+00,  1.340655099580259E-01, -9.040278523291272E-03, -9.272063578189750E-03, -3.371026783472169E-03,
2460169.500000000, A.D. 2023-Aug-13 00:00:00.0000,  4.345948532293477E-01,  1.350895763925104E+00,  1.306877994125544E-01, -9.084610658542363E-03, -9.408935191813671E-03, -3.384393224177942E-03,
2460170.500000000, A.D. 2023-Aug-14 00:00:00.0000,  4.254879956753266E-01,  1.341417343531422E+00,  1.272967263541868E-01, -9.129136516629060E-03, -9.548334345263997E-03, -3.397751118678037E-03,
2460171.500000000, A.D. 2023-Aug-15 00:00:00.0000,  4.163365165662580E-01,  1.331798222240412E+00,  1.238923014659113E-01, -9.173853243726209E-03, -9.690352639319326E-03, -3.411096127193720E-03,
2460172.500000000, A.D. 2023-Aug-16 00:00:00.0000,  4.071402267136750E-01,  1.322035733146499E+00,  1.204745399752775E-01, -9.218757370623712E-03, -9.835086421091200E-03, -3.424423494111183E-03,
2460173.500000000, A.D. 2023-Aug-17 00:00:00.0000,  3.978989407346446E-01,  1.312127110490406E+00,  1.170434620896867E-01, -9.263844743241444E-03, -9.982637106860747E-03, -3.437728008412750E-03,
2460174.500000000, A.D. 2023-Aug-18 00:00:00.0000,  3.886124777746955E-01,  1.302069484417322E+00,  1.135990934733199E-01, -9.309110445088633E-03, -1.013311153218141E-02, -3.451003959872983E-03,
2460175.500000000, A.D. 2023-Aug-19 00:00:00.0000,  3.792806623127385E-01,  1.291859875370188E+00,  1.101414657702068E-01, -9.354548710637185E-03, -1.028662233200974E-02, -3.464245090503118E-03,
2460176.500000000, A.D. 2023-Aug-20 00:00:00.0000,  3.699033250576404E-01,  1.281495188086571E+00,  1.066706171784641E-01, -9.400152828432129E-03, -1.044328835395219E-02, -3.477444540656166E-03,
2460177.500000000, A.D. 2023-Aug-21 00:00:00.0000,  3.604803039473717E-01,  1.270972205164302E+00,  1.031865930813755E-01, -9.445915032590820E-03, -1.060323510808831E-02, -3.490594789122072E-03,
2460178.500000000, A.D. 2023-Aug-22 00:00:00.0000,  3.510114452630974E-01,  1.260287580157407E+00,  9.968944674169436E-02, -9.491826381144996E-03, -1.076659525725289E-02, -3.503687586447023E-03,
2460179.500000000, A.D. 2023-Aug-23 00:00:00.0000,  3.414966048722327E-01,  1.249437830159734E+00,  9.617924006637876E-02, -9.537876619447931E-03, -1.093350915214260E-02, -3.516713880599551E-03,
2460180.500000000, A.D. 2023-Aug-24 00:00:00.0000,  3.319356496164013E-01,  1.238419327829029E+00,  9.265604444989731E-02, -9.584054026599908E-03, -1.110412541616313E-02, -3.529663733977131E-03,
2460181.500000000, A.D. 2023-Aug-25 00:00:00.0000,  3.223284588624276E-01,  1.227228292799018E+00,  8.911994170533487E-02, -9.630345242528733E-03, -1.127860158556492E-02, -3.542526230595854E-03,
2460182.500000000, A.D. 2023-Aug-26 00:00:00.0000,  3.126749262370433E-01,  1.215860782421128E+00,  8.557102509376407E-02, -9.676735072993036E-03, -1.145710481113847E-02, -3.555289372129967E-03,
2460183.500000000, A.D. 2023-Aug-27 00:00:00.0000,  3.029749615689292E-01,  1.204312681770806E+00,  8.200940046378545E-02, -9.723206269339441E-03, -1.163981262857444E-02, -3.567939961260849E-03,
2460184.500000000, A.D. 2023-Aug-28 00:00:00.0000,  2.932284930651328E-01,  1.192579692845837E+00,  7.843518751479399E-02, -9.769739279332921E-03, -1.182691380555248E-02, -3.580463470552786E-03,
2460185.500000000, A.D. 2023-Aug-29 00:00:00.0000,  2.834354697528778E-01,  1.180657322875428E+00,  7.484852119945692E-02, -9.816311964771934E-03, -1.201860927473263E-02, -3.592843894786174E-03,
2460186.500000000, A.D. 2023-Aug-30 00:00:00.0000,  2.735958642224183E-01,  1.168540871649058E+00,  7.124955328311659E-02, -9.862899280882262E-03, -1.221511316310675E-02, -3.605063584341306E-03,
2460187.500000000, A.D. 2023-Aug-31 00:00:00.0000,  2.637096757120138E-01,  1.156225417762881E+00,  6.763845408043445E-02, -9.909472911627358E-03, -1.241665392965912E-02, -3.617103056824469E-03,
2460188.500000000, A.D. 2023-Sep-01 00:00:00.0000,  2.537769335824526E-01,  1.143705803668698E+00,  6.401541439263565E-02, -9.956000854055708E-03, -1.262347562502014E-02, -3.628940783652512E-03,
2460189.500000000, A.D. 2023-Sep-02 00:00:00.0000,  2.437977012360298E-01,  1.130976619395818E+00,  6.038064767226797E-02, -1.000244694358568E-02, -1.283583928882297E-02, -3.640552947743497E-03,
2460190.500000000, A.D. 2023-Sep-03 00:00:00.0000,  2.337720805436842E-01,  1.118032184799292E+00,  5.673439244657259E-02, -1.004877031066770E-02, -1.305402450284180E-02, -3.651913167782462E-03,
2460191.500000000, A.D. 2023-Sep-04 00:00:00.0000,  2.237002168544220E-01,  1.104866530168556E+00,  5.307691503549276E-02, -1.009492475750164E-02, -1.327833112077290E-02, -3.662992183715128E-03,
2460192.500000000, A.D. 2023-Sep-05 00:00:00.0000,  2.135823046734962E-01,  1.091473375008060E+00,  4.940851260616363E-02, -1.014085804136389E-02, -1.350908119879075E-02, -3.673757497141676E-03,
2460193.500000000, A.D. 2023-Sep-06 00:00:00.0000,  2.034185941105114E-01,  1.077846104775473E+00,  4.572951661263624E-02, -1.018651104851760E-02, -1.374662115487709E-02, -3.684172959094563E-03,
2460194.500000000, A.D. 2023-Sep-07 00:00:00.0000,  1.932093982161618E-01,  1.063977745332814E+00,  4.204029667779343E-02, -1.023181683954663E-02, -1.399132418949346E-02, -3.694198296245873E-03,
2460195.500000000, A.D. 2023-Sep-08 00:00:00.0000,  1.829551013473242E-01,  1.049860934830647E+00,  3.834126498422432E-02, -1.027669954311720E-02, -1.424359300560439E-02, -3.703788564834159E-03,
2460196.500000000, A.D. 2023-Sep-09 00:00:00.0000,  1.726561687254900E-01,  1.035487892704355E+00,  3.463288125256488E-02, -1.032107307047772E-02, -1.450386287253402E-02, -3.712893519458693E-03,
2460197.500000000, A.D. 2023-Sep-10 00:00:00.0000,  1.623131573840079E-01,  1.020850385413226E+00,  3.091565839994184E-02, -1.036483961720581E-02, -1.477260508588930E-02, -3.721456881250323E-03,
2460198.500000000, A.D. 2023-Sep-11 00:00:00.0000,  1.519267287365491E-01,  1.005939688496394E+00,  2.719016898820744E-02, -1.040788791155879E-02, -1.505033088507733E-02, -3.729415486683688E-03,
2460199.500000000, A.D. 2023-Sep-12 00:00:00.0000,  1.414976630441468E-01,  9.907465444526737E-01,  2.345705259233639E-02, -1.045009115986481E-02, -1.533759590115155E-02, -3.736698294263108E-03,
2460200.500000000, A.D. 2023-Sep-13 00:00:00.0000,  1.310268761130746E-01,  9.752611158720783E-01,  1.971702424453585E-02, -1.049130462827331E-02, -1.563500522126442E-02, -3.743225221302742E-03,
2460201.500000000, A.D. 2023-Sep-14 00:00:00.0000,  1.205154386232322E-01,  9.594729331525468E-01,  1.597088414041823E-02, -1.053136278620324E-02, -1.594321917245445E-02, -3.748905776739834E-03,
2460202.500000000, A.D. 2023-Sep-15 00:00:00.0000,  1.099645985698359E-01,  9.433708360230135E-01,  1.221952883144564E-02, -1.057007591919644E-02, -1.626295994753949E-02, -3.753637448022782E-03,
2460203.500000000, A.D. 2023-Sep-16 00:00:00.0000,  9.937580740426434E-02,  9.269429079593061E-01,  8.463964174617856E-03, -1.060722609649263E-02, -1.659501922043013E-02, -3.757303790118980E-03,
2460204.500000000, A.D. 2023-Sep-17 00:00:00.0000,  8.875075058826210E-02,  9.101764024175074E-01,  4.705320368419454E-03, -1.064256235004263E-02, -1.694026692834438E-02, -3.759772151960059E-03,
2460205.500000000, A.D. 2023-Sep-18 00:00:00.0000,  7.809138343664147E-02,  8.930576596139482E-01,  9.448694765556081E-04, -1.067579488497106E-02, -1.729966143564519E-02, -3.760890959360491E-03,
2460206.500000000, A.D. 2023-Sep-19 00:00:00.0000,  6.739997332624716E-02,  8.755720123440413E-01, -2.815954068013556E-03, -1.070658809397017E-02, -1.767426134022780E-02, -3.760486452433767E-03,
2460207.500000000, A.D. 2023-Sep-20 00:00:00.0000,  5.667914960609712E-02,  8.577036790435015E-01, -6.575529371192082E-03, -1.073455208627862E-02, -1.806523924094339E-02, -3.758358748286751E-03,
2460208.500000000, A.D. 2023-Sep-21 00:00:00.0000,  4.593196287158479E-02,  8.394356419423520E-01, -1.033202064428212E-02, -1.075923236082177E-02, -1.847389785660777E-02, -3.754277064167632E-03,
2460209.500000000, A.D. 2023-Sep-22 00:00:00.0000,  3.516195568715149E-02,  8.207495077279867E-01, -1.408334348798917E-02, -1.078009714590333E-02, -1.890168897780730E-02, -3.747973889330697E-03,
2460210.500000000, A.D. 2023-Sep-23 00:00:00.0000,  2.437324738733807E-02,  8.016253475973062E-01, -1.782712471159044E-02, -1.079652178513842E-02, -1.935023584730156E-02, -3.739137831638761E-03,
2460211.500000000, A.D. 2023-Sep-24 00:00:00.0000,  1.357063629752397E-02,  7.820415129123031E-01, -2.156065419135863E-02, -1.080776935759096E-02, -1.982135971036747E-02, -3.727404781584666E-03,
2460212.500000000, A.D. 2023-Sep-25 00:00:00.0000,  2.759723650955271E-03,  7.619744218430654E-01, -2.528082686159435E-02, -1.081296646021995E-02, -2.031711146214299E-02, -3.712346923850783E-03,
2460213.500000000, A.D. 2023-Sep-26 00:00:00.0000, -8.052935281067607E-03,  7.413983113410756E-01, -2.898407238901259E-02, -1.081107272515320E-02, -2.083980955702028E-02, -3.693458973037313E-03,
2460214.500000000, A.D. 2023-Sep-27 00:00:00.0000, -1.885964566917063E-02,  7.202849474740108E-01, -3.266626935787860E-02, -1.080084215277530E-02, -2.139208565127661E-02, -3.670140798784911E-03,
2460215.500000000, A.D. 2023-Sep-28 00:00:00.0000, -2.965134379637567E-02,  6.986032854930029E-01, -3.632263981959487E-02, -1.078077365478136E-02, -2.197693984509535E-02, -3.641675311228366E-03,
2460216.500000000, A.D. 2023-Sep-29 00:00:00.0000, -4.041731143650287E-02,  6.763190688928394E-01, -3.994761873620089E-02, -1.074904723046508E-02, -2.259780790059518E-02, -3.607200063395963E-03,
2460217.500000000, A.D. 2023-Sep-30 00:00:00.0000, -5.114481722864478E-02,  6.533943540331567E-01, -4.353469102635030E-02, -1.070344081013207E-02, -2.325864347221092E-02, -3.565670436783407E-03,
2460218.500000000, A.D. 2023-Oct-01 00:00:00.0000, -6.181866242583796E-02,  6.297869434450445E-01, -4.707618638892835E-02, -1.064122078511765E-02, -2.396401923581953E-02, -3.515811424142040E-03,
2460219.500000000, A.D. 2023-Oct-02 00:00:00.0000, -7.242060003137057E-02,  6.054497065395056E-01, -5.056301851013738E-02, -1.055899628241376E-02, -2.471925188943516E-02, -3.456053776392194E-03,
2460220.500000000, A.D. 2023-Oct-03 00:00:00.0000, -8.292858433445467E-02,  5.803297608034149E-01, -5.398435016276455E-02, -1.045252282315468E-02, -2.553055736330048E-02, -3.384448428561389E-03,
2460221.500000000, A.D. 2023-Oct-04 00:00:00.0000, -9.331579038296912E-02,  5.543674794252788E-01, -5.732715832176162E-02, -1.031643430580909E-02, -2.640524423504738E-02, -3.298550326315121E-03,
2460222.500000000, A.D. 2023-Oct-05 00:00:00.0000, -1.035493170869266E-01,  5.274952823694760E-01, -6.057566255530391E-02, -1.014387192824231E-02, -2.735195522340044E-02, -3.195258491650395E-03,
2460223.500000000, A.D. 2023-Oct-06 00:00:00.0000, -1.135884487751784E-01,  4.996361571158344E-01, -6.371056369951257E-02, -9.925962454986016E-03, -2.838096843013502E-02, -3.070592484021919E-03,
2460224.500000000, A.D. 2023-Oct-07 00:00:00.0000, -1.233822905040465E-01,  4.707018430437372E-01, -6.670801508878625E-02, -9.651072315451519E-03, -2.950457085568744E-02, -2.919374796313075E-03,
2460225.500000000, A.D. 2023-Oct-08 00:00:00.0000, -1.328664995150070E-01,  4.405906016385581E-01, -6.953821025953766E-02, -9.303721746424401E-03, -3.073751443820190E-02, -2.734771537997317E-03,
2460226.500000000, A.D. 2023-Oct-09 00:00:00.0000, -1.419586873160442E-01,  4.091844887500352E-01, -7.216341042084624E-02, -8.862972874018736E-03, -3.209755411031409E-02, -2.507615409520512E-03,
2460227.500000000, A.D. 2023-Oct-10 00:00:00.0000, -1.505518264449841E-01,  3.763460590370437E-01, -7.453513727073854E-02, -8.299986392605416E-03, -3.360603521999223E-02, -2.225387384167860E-03,
2460228.500000000, A.D. 2023-Oct-11 00:00:00.0000, -1.585045972305510E-01,  3.419145012501881E-01, -7.659009624727625E-02, -7.574235899364098E-03, -3.528841279158517E-02, -1.870652479399336E-03,
2460229.500000000, A.D. 2023-Oct-12 00:00:00.0000, -1.656269363576622E-01,  3.057014116684906E-01, -7.824412744442839E-02, -6.627510727165217E-03, -3.717437033324437E-02, -1.418606131795720E-03,
2460230.500000000, A.D. 2023-Oct-13 00:00:00.0000, -1.716578971280696E-01,  2.674869738857719E-01, -7.938303036811800E-02, -5.374216890431458E-03, -3.929666718938608E-02, -8.331526229722223E-04,
2460231.500000000, A.D. 2023-Oct-14 00:00:00.0000, -1.762309646931362E-01,  2.270187602253135E-01, -7.984835560771959E-02, -3.685453296844821E-03, -4.168648310056985E-02, -6.056244649062755E-05,
2460232.500000000, A.D. 2023-Oct-15 00:00:00.0000, -1.788187387256035E-01,  1.840190687391087E-01, -7.941506507915093E-02, -1.362879697083326E-03, -4.435955843818840E-02,  9.807208329636991E-04,
2460233.500000000, A.D. 2023-Oct-16 00:00:00.0000, -1.786443405019167E-01,  1.382161542064832E-01, -7.775642915003488E-02,  1.902374941170488E-03, -4.727860442437081E-02,  2.415561452795092E-03,
2460234.500000000, A.D. 2023-Oct-17 00:00:00.0000, -1.745442946133563E-01,  8.943840805813852E-02, -7.439128550214263E-02,  6.583585837779190E-03, -5.025624950100249E-02,  4.430772110120001E-03,
2460235.500000000, A.D. 2023-Oct-18 00:00:00.0000, -1.647868418586554E-01,  3.786484731197127E-02, -6.861851137335843E-02,  1.333694135893117E-02, -5.272336870462306E-02,  7.274644752452059E-03,
2460236.500000000, A.D. 2023-Oct-19 00:00:00.0000, -1.469713103262660E-01, -1.539064203653630E-02, -5.949617058186395E-02,  2.275504229215963E-02, -5.329544502754079E-02,  1.114124003966038E-02,
2460237.500000000, A.D. 2023-Oct-20 00:00:00.0000, -1.185336564736047E-01, -6.728801390401780E-02, -4.608235433036702E-02,  3.429969968919251E-02, -4.956530905980552E-02,  1.572731176851122E-02,
2460238.500000000, A.D. 2023-Oct-21 00:00:00.0000, -7.870626820578772E-02, -1.124995415861645E-01, -2.824818066245742E-02,  4.479547633234876E-02, -3.994148677364861E-02,  1.968071490409294E-02,
2460239.500000000, A.D. 2023-Oct-22 00:00:00.0000, -3.063670691543631E-02, -1.460351467396855E-01, -7.452195399081414E-03,  5.037316344322810E-02, -2.698931228928298E-02,  2.151000130585059E-02,
2460240.500000000, A.D. 2023-Oct-23 00:00:00.0000,  2.032062562953034E-02, -1.669146760939580E-01,  1.408465780845749E-02,  5.087939755120413E-02, -1.522601279686256E-02,  2.130908551635473E-02,
2460241.500000000, A.D. 2023-Oct-24 00:00:00.0000,  7.023028695574617E-02, -1.775368086525407E-01,  3.483810218243615E-02,  4.867831667878674E-02, -6.536736234721030E-03,  2.010892004622600E-02,
2460242.500000000, A.D. 2023-Oct-25 00:00:00.0000,  1.174008878562152E-01, -1.809029151710939E-01,  5.422131905159995E-02,  4.561230474992522E-02, -5.816200551263122E-04,  1.865023710714387E-02,
2460243.500000000, A.D. 2023-Oct-26 00:00:00.0000,  1.614506807372869E-01, -1.793358334970310E-01,  7.215888907057973E-02,  4.251635031000420E-02,  3.458710214736008E-03,  1.724568556562685E-02,
2460244.500000000, A.D. 2023-Oct-27 00:00:00.0000,  2.025208421555715E-01, -1.744028248849299E-01,  8.876279194736872E-02,  3.967548588174540E-02,  6.239355343757894E-03,  1.598898125399392E-02,
2460245.500000000, A.D. 2023-Oct-28 00:00:00.0000,  2.409083699562609E-01, -1.671310223894653E-01,  1.041899322904042E-01,  3.715250768486061E-02,  8.193072922456360E-03,  1.489077470480097E-02,
2460246.500000000, A.D. 2023-Oct-29 00:00:00.0000,  2.769270992053459E-01, -1.581999382945279E-01,  1.185920441702270E-01,  3.493264041151889E-02,  9.593770593061367E-03,  1.393553812707249E-02,
2460247.500000000, A.D. 2023-Oct-30 00:00:00.0000,  3.108623968361756E-01, -1.480691564711395E-01,  1.321016118875195E-01,  3.297897892737842E-02,  1.061545981577878E-02,  1.310216706539200E-02,
2460248.500000000, A.D. 2023-Oct-31 00:00:00.0000,  3.429606561225000E-01, -1.370573661327204E-01,  1.448303181500847E-01,  3.125226404092816E-02,  1.137087926558018E-02,  1.237071911391311E-02,
2460249.500000000, A.D. 2023-Nov-01 00:00:00.0000,  3.734307524709051E-01, -1.253909487597238E-01,  1.568713225753214E-01,  2.971721788443131E-02,  1.193487000643462E-02,  1.172419144484720E-02,
2460250.500000000, A.D. 2023-Nov-02 00:00:00.0000,  4.024489686588187E-01, -1.132342930060732E-01,  1.683023240083450E-01,  2.834397555376789E-02,  1.235835721352113E-02,  1.114862098443100E-02,
2460251.500000000, A.D. 2023-Nov-03 00:00:00.0000,  4.301643540717054E-01, -1.007091340714679E-01,  1.791884197220004E-01,  2.710783219255686E-02,  1.267681154939554E-02,  1.063268786234284E-02,
2460252.500000000, A.D. 2023-Nov-04 00:00:00.0000,  4.567035318817381E-01, -8.790719150566026E-02,  1.895845068734513E-01,  2.598850610478529E-02,  1.291547463882639E-02,  1.016723333344274E-02,
2460253.500000000, A.D. 2023-Nov-05 00:00:00.0000,  4.821747240612040E-01, -7.489862469205012E-02,  1.995372195419356E-01,  2.496935074628706E-02,  1.309266107842472E-02,  9.744823481508657E-03,
2460254.500000000, A.D. 2023-Nov-06 00:00:00.0000,  5.066710275971015E-01, -6.173781696903760E-02,  2.090864673417756E-01,  2.403665623512462E-02,  1.322189375396696E-02,  9.359389920856524E-03,
2460255.500000000, A.D. 2023-Nov-07 00:00:00.0000,  5.302730522851862E-01, -4.846741420335276E-02,  2.182666527802179E-01,  2.317907178980361E-02,  1.331331561767642E-02,  9.005944966169327E-03,
2460256.500000000, A.D. 2023-Nov-08 00:00:00.0000,  5.530510392547279E-01, -3.512119790927654E-02,  2.271076361312262E-01,  2.238714221428617E-02,  1.337464267416338E-02,  8.680359284538860E-03,
2460257.500000000, A.D. 2023-Nov-09 00:00:00.0000,  5.750665656699937E-01, -2.172616443765465E-02,  2.356355037700443E-01,  2.165294054145609E-02,  1.341181976755175E-02,  8.379189122968568E-03,
2460258.500000000, A.D. 2023-Nov-10 00:00:00.0000,  5.963739222361228E-01, -8.304053193545416E-03,  2.438731837713885E-01,  2.096977801302891E-02,  1.342947992865910E-02,  8.099541931570114E-03,
2460259.500000000, A.D. 2023-Nov-11 00:00:00.0000,  6.170212323696652E-01,  5.127514095545992E-03,  2.518409425120832E-01,  2.033197494119068E-02,  1.343127141566995E-02,  7.838971438931587E-03,
2460260.500000000, A.D. 2023-Nov-12 00:00:00.0000,  6.370513669695985E-01,  1.855417302810314E-02,  2.595567881213494E-01,  1.973467906794740E-02,  1.342009407339146E-02,  7.595395270423342E-03,
2460261.500000000, A.D. 2023-Nov-13 00:00:00.0000,  6.565026968013439E-01,  3.196415909577034E-02,  2.670368005723993E-01,  1.917372088965145E-02,  1.339827252654118E-02,  7.367029853881366E-03,
2460262.500000000, A.D. 2023-Nov-14 00:00:00.0000,  6.754097152019122E-01,  4.534779985175379E-02,  2.742954036226304E-01,  1.864549778521494E-02,  1.336768470937528E-02,  7.152338637917818E-03,
2460263.500000000, A.D. 2023-Nov-15 00:00:00.0000,  6.938035566304246E-01,  5.869711872958946E-02,  2.813455903429304E-01,  1.814688066402027E-02,  1.332985837314486E-02,  6.949990618081710E-03,
2460264.500000000, A.D. 2023-Nov-16 00:00:00.0000,  7.117124310621903E-01,  7.200552313476900E-02,  2.881991113530744E-01,  1.767513830150720E-02,  1.328604433770592E-02,  6.758826893443288E-03,
2460265.500000000, A.D. 2023-Nov-17 00:00:00.0000,  7.291619899727815E-01,  8.526755681228795E-02,  2.948666328878061E-01,  1.722787564080955E-02,  1.323727265097566E-02,  6.577833519908572E-03,
2460266.500000000, A.D. 2023-Nov-18 00:00:00.0000,  7.461756363788893E-01,  9.847870171453442E-02,  3.013578702976812E-01,  1.680298318427376E-02,  1.318439604618032E-02,  6.406119333366020E-03,
2460267.500000000, A.D. 2023-Nov-19 00:00:00.0000,  7.627747888628855E-01,  1.116352183341468E-01,  3.076817014217333E-01,  1.639859524216165E-02,  1.312812386134985E-02,  6.242897721060403E-03,
2460268.500000000, A.D. 2023-Nov-20 00:00:00.0000,  7.789791075316815E-01,  1.247340161770962E-01,  3.138462633678563E-01,  1.601305529653358E-02,  1.306904872786213E-02,  6.087471549733598E-03,
2460269.500000000, A.D. 2023-Nov-21 00:00:00.0000,  7.948066883145112E-01,  1.377725480372028E-01,  3.198590355365279E-01,  1.564488711379821E-02,  1.300766772739517E-02,  5.939220633490654E-03,
2460270.500000000, A.D. 2023-Nov-22 00:00:00.0000,  8.102742307882993E-01,  1.507487232032189E-01,  3.257269111759005E-01,  1.529277052799245E-02,  1.294439928151664E-02,  5.797591257297710E-03,
2460271.500000000, A.D. 2023-Nov-23 00:00:00.0000,  8.253971837575300E-01,  1.636608358280147E-01,  3.314562593253940E-01,  1.495552103972631E-02,  1.287959672315612E-02,  5.662087373965150E-03,
2460272.500000000, A.D. 2023-Nov-24 00:00:00.0000,  8.401898720505758E-01,  1.765075055175862E-01,  3.370529786637825E-01,  1.463207254874565E-02,  1.281355926888678E-02,  5.532263171120141E-03,
2460273.500000000, A.D. 2023-Nov-25 00:00:00.0000,  8.546656073826747E-01,  1.892876278273125E-01,  3.425225445060622E-01,  1.432146267310442E-02,  1.274654094097055E-02,  5.407716765719434E-03,
2460274.500000000, A.D. 2023-Nov-26 00:00:00.0000,  8.688367856438343E-01,  2.020003328355078E-01,  3.478700499757482E-01,  1.402282021390014E-02,  1.267875786156420E-02,  5.288084831319214E-03,
2460275.500000000, A.D. 2023-Nov-27 00:00:00.0000,  8.827149725723207E-01,  2.146449503369624E-01,  3.531002422039212E-01,  1.373535440812041E-02,  1.261039424646072E-02,  5.173038000755832E-03,
2460276.500000000, A.D. 2023-Nov-28 00:00:00.0000,  8.963109794513515E-01,  2.272209804889467E-01,  3.582175542643604E-01,  1.345834567844487E-02,  1.254160735383796E-02,  5.062276916461794E-03,
2460277.500000000, A.D. 2023-Nov-29 00:00:00.0000,  9.096349302028692E-01,  2.397280689689942E-01,  3.632261334385110E-01,  1.319113764169721E-02,  1.247253158866970E-02,  4.955528824127731E-03,
2460278.500000000, A.D. 2023-Nov-30 00:00:00.0000,  9.226963210359095E-01,  2.521659858824783E-01,  3.681298663094704E-01,  1.293313017998695E-02,  1.240328192136573E-02,  4.852544624175494E-03,
2460279.500000000, A.D. 2023-Dec-01 00:00:00.0000,  9.355040736287741E-01,  2.645346077996091E-01,  3.729324011064400E-01,  1.268377341267430E-02,  1.233395674667836E-02,  4.753096310560288E-03,
2460280.500000000, A.D. 2023-Dec-02 00:00:00.0000,  9.480665826766242E-01,  2.768339024143402E-01,  3.776371676568950E-01,  1.244256243487335E-02,  1.226464028360985E-02,  4.656974738562434E-03,
2460281.500000000, A.D. 2023-Dec-03 00:00:00.0000,  9.603917585134161E-01,  2.890639154081114E-01,  3.822473952504731E-01,  1.220903271062458E-02,  1.219540459725439E-02,  4.563987673071282E-03,
2460282.500000000, A.D. 2023-Dec-04 00:00:00.0000,  9.724870654146857E-01,  3.012247591741879E-01,  3.867661286742345E-01,  1.198275602716683E-02,  1.212631130792487E-02,  4.473958076878237E-03,
2460283.500000000, A.D. 2023-Dec-05 00:00:00.0000,  9.843595561018673E-01,  3.133166031173009E-01,  3.911962426418406E-01,  1.176333693174130E-02,  1.205741304058231E-02,  4.386722605051157E-03,
2460284.500000000, A.D. 2023-Dec-06 00:00:00.0000,  9.960159028966395E-01,  3.253396652912267E-01,  3.955404548080584E-01,  1.155040958471098E-02,  1.198875465777613E-02,  4.302130276847459E-03,
2460285.500000000, A.D. 2023-Dec-07 00:00:00.0000,  1.007462425912831E+00,  3.372942051760797E-01,  3.998013375337407E-01,  1.134363497298751E-02,  1.192037431146085E-02,  4.220041301065557E-03,
2460286.500000000, A.D. 2023-Dec-08 00:00:00.0000,  1.018705118621791E+00,  3.491805174291998E-01,  4.039813285442329E-01,  1.114269843622803E-02,  1.185230434275496E-02,  4.140326034412826E-03,
2460287.500000000, A.D. 2023-Dec-09 00:00:00.0000,  1.029749671083207E+00,  3.609989264699468E-01,  4.080827406053075E-01,  1.094730746531881E-02,  1.178457205362628E-02,  4.062864055527742E-03,
2460288.500000000, A.D. 2023-Dec-10 00:00:00.0000,  1.040601491095924E+00,  3.727497817805702E-01,  4.121077703246821E-01,  1.075718973856046E-02,  1.171720037036221E-02,  3.987543339845890E-03,
2460289.500000000, A.D. 2023-Dec-11 00:00:00.0000,  1.051265723491260E+00,  3.844334538234424E-01,  4.160585061734667E-01,  1.057209136591220E-02,  1.165020841533735E-02,  3.914259522636690E-03,
2460290.500000000, A.D. 2023-Dec-12 00:00:00.0000,  1.061747267763832E+00,  3.960503304900433E-01,  4.199369358101320E-01,  1.039177531581830E-02,  1.158361200084141E-02,  3.842915239334452E-03,
2460291.500000000, A.D. 2023-Dec-13 00:00:00.0000,  1.072050794211206E+00,  4.076008140096833E-01,  4.237449527795003E-01,  1.021602000265526E-02,  1.151742405647717E-02,  3.773419533801533E-03,
2460292.500000000, A.D. 2023-Dec-14 00:00:00.0000,  1.082180758733291E+00,  4.190853182565043E-01,  4.274843626505478E-01,  1.004461801580962E-02,  1.145165499979567E-02,  3.705687326438289E-03,
2460293.500000000, A.D. 2023-Dec-15 00:00:00.0000,  1.092141416424675E+00,  4.305042664021713E-01,  4.311568886492853E-01,  9.877374973938684E-03,  1.138631305828312E-02,  3.639638935143881E-03,
2460294.500000000, A.D. 2023-Dec-16 00:00:00.0000,  1.101936834077769E+00,  4.418580888691311E-01,  4.347641768364578E-01,  9.714108490120213E-03,  1.132140454955268E-02,  3.575199643052258E-03,
2460295.500000000, A.D. 2023-Dec-17 00:00:00.0000,  1.111570901701297E+00,  4.531472215456196E-01,  4.383078008741356E-01,  9.554647235444616E-03,  1.125693412553842E-02,  3.512299307753684E-03,
2460296.500000000, A.D. 2023-Dec-18 00:00:00.0000,  1.121047343147021E+00,  4.643721042289396E-01,  4.417892664203211E-01,  9.398830090199772E-03,  1.119290498559832E-02,  3.450872007389789E-03,
2460297.500000000, A.D. 2023-Dec-19 00:00:00.0000,  1.130369725927429E+00,  4.755331792680696E-01,  4.452100151863839E-01,  9.246505373158116E-03,  1.112931906271431E-02,  3.390855719585120E-03,
2460298.500000000, A.D. 2023-Dec-20 00:00:00.0000,  1.139541470298267E+00,  4.866308903805331E-01,  4.485714286883532E-01,  9.097530140655015E-03,  1.106617718636490E-02,  3.332192029677467E-03,
2460299.500000000, A.D. 2023-Dec-21 00:00:00.0000,  1.148565857671958E+00,  4.976656816217749E-01,  4.518748317197792E-01,  8.951769548165131E-03,  1.100347922514033E-02,  3.274825865142217E-03,
2460300.500000000, A.D. 2023-Dec-22 00:00:00.0000,  1.157446038421139E+00,  5.086379964881443E-01,  4.551214955709638E-01,  8.809096267948227E-03,  1.094122421175408E-02,  3.218705253475566E-03,
2460301.500000000, A.D. 2023-Dec-23 00:00:00.0000,  1.166185039125492E+00,  5.195482771370575E-01,  4.583126410167845E-01,  8.669389957091810E-03,  1.087941045274329E-02,  3.163781101130384E-03,
2460302.500000000, A.D. 2023-Dec-24 00:00:00.0000,  1.174785769309681E+00,  5.303969637100452E-01,  4.614494410930896E-01,  8.532536770915443E-03,  1.081803562484803E-02,  3.110006991377069E-03,
2460303.500000000, A.D. 2023-Dec-25 00:00:00.0000,  1.183251027715500E+00,  5.411844937462490E-01,  4.645330236796191E-01,  8.398428917262687E-03,  1.075709685979661E-02,  3.057338999210236E-03,
2460304.500000000, A.D. 2023-Dec-26 00:00:00.0000,  1.191583508147069E+00,  5.519113016755345E-01,  4.675644739056546E-01,  8.266964247687834E-03,  1.069659081898183E-02,  3.005735521633377E-03,
2460305.500000000, A.D. 2023-Dec-27 00:00:00.0000,  1.199785804924168E+00,  5.625778183817691E-01,  4.705448363930187E-01,  8.138045881978563E-03,  1.063651375931805E-02,  2.955157121841274E-03,
2460306.500000000, A.D. 2023-Dec-28 00:00:00.0000,  1.207860417975410E+00,  5.731844708280126E-01,  4.734751173496493E-01,  8.011581862821074E-03,  1.057686159137127E-02,  2.905566385981442E-03,
2460307.500000000, A.D. 2023-Dec-29 00:00:00.0000,  1.215809757599972E+00,  5.837316817363758E-01,  4.763562865257298E-01,  7.887484837782189E-03,  1.051762993071789E-02,  2.856927791316836E-03,
2460308.500000000, A.D. 2023-Dec-30 00:00:00.0000,  1.223636148923872E+00,  5.942198693161922E-01,  4.791892790432388E-01,  7.765671766047447E-03,  1.045881414333222E-02,  2.809207584737393E-03,
2460309.500000000, A.D. 2023-Dec-31 00:00:00.0000,  1.231341836074429E+00,  6.046494470348881E-01,  4.819749971087871E-01,  7.646063647674002E-03,  1.040040938570768E-02,  2.762373670675683E-03,
2460310.500000000, A.D. 2024-Jan-01 00:00:00.0000,  1.238928986094368E+00,  6.150208234265996E-01,  4.847143116187189E-01,  7.528585273309246E-03,  1.034241064031985E-02,  2.716395507581742E-03,
2460311.500000000, A.D. 2024-Jan-02 00:00:00.0000,  1.246399692615120E+00,  6.253344019341436E-01,  4.874080636646426E-01,  7.413164992581029E-03,  1.028481274695930E-02,  2.671244012193863E-03,
2460312.500000000, A.D. 2024-Jan-03 00:00:00.0000,  1.253755979307158E+00,  6.355905807804544E-01,  4.900570659468471E-01,  7.299734499525866E-03,  1.022761043039831E-02,  2.626891470922326E-03,
2460313.500000000, A.D. 2024-Jan-04 00:00:00.0000,  1.260999803123669E+00,  6.457897528660281E-01,  4.926621041023944E-01,  7.188228633599535E-03,  1.017079832480835E-02,  2.583311457729221E-03,
2460314.500000000, A.D. 2024-Jan-05 00:00:00.0000,  1.268133057352476E+00,  6.559323056893153E-01,  4.952239379541092E-01,  7.078585194949296E-03,  1.011437099528974E-02,  2.540478757948665E-03,
2460315.500000000, A.D. 2024-Jan-06 00:00:00.0000,  1.275157574489856E+00,  6.660186212873324E-01,  4.977433026861470E-01,  6.970744772764970E-03,  1.005832295683903E-02,  2.498369297545601E-03,
2460316.500000000, A.D. 2024-Jan-07 00:00:00.0000,  1.282075128948805E+00,  6.760490761940832E-01,  5.002209099513488E-01,  6.864650585630784E-03,  1.000264869104013E-02,  2.456960077360656E-03,
2460317.500000000, A.D. 2024-Jan-08 00:00:00.0000,  1.288887439613240E+00,  6.860240414146412E-01,  5.026574489151612E-01,  6.760248332903758E-03,  9.947342660737752E-03,  2.416229111929753E-03,
2460318.500000000, A.D. 2024-Jan-09 00:00:00.0000,  1.295596172248719E+00,  6.959438824129901E-01,  5.050535872405093E-01,  6.657486056233845E-03,  9.892399322915990E-03,  2.376155372508037E-03,
2460319.500000000, A.D. 2024-Jan-10 00:00:00.0000,  1.302202941779419E+00,  7.058089591119324E-01,  5.074099720176500E-01,  6.556314010419969E-03,  9.837813139986591E-03,  2.336718733960054E-03,
2460320.500000000, A.D. 2024-Jan-11 00:00:00.0000,  1.308709314440323E+00,  7.156196259035645E-01,  5.097272306427241E-01,  6.456684542870747E-03,  9.783578589662664E-03,  2.297899925210580E-03,
2460321.500000000, A.D. 2024-Jan-12 00:00:00.0000,  1.315116809812898E+00,  7.253762316689868E-01,  5.120059716484185E-01,  6.358551981000191E-03,  9.729690173577565E-03,  2.259680482976966E-03,
2460322.500000000, A.D. 2024-Jan-13 00:00:00.0000,  1.321426902751870E+00,  7.350791198060620E-01,  5.142467854898979E-01,  6.261872526950773E-03,  9.676142424787966E-03,  2.222042708529654E-03,
2460323.500000000, A.D. 2024-Jan-14 00:00:00.0000,  1.327641025210159E+00,  7.447286282641734E-01,  5.164502452889115E-01,  6.166604159087130E-03,  9.622929914285738E-03,  2.184969627249408E-03,
2460324.500000000, A.D. 2024-Jan-15 00:00:00.0000,  1.333760567968477E+00,  7.543250895850431E-01,  5.186169075387690E-01,  6.072706539751657E-03,  9.570047256628720E-03,  2.148444950769945E-03,
2460325.500000000, A.D. 2024-Jan-16 00:00:00.0000,  1.339786882275619E+00,  7.638688309487848E-01,  5.207473127726671E-01,  5.980140928817680E-03,  9.517489114788030E-03,  2.112453041513163E-03,
2460326.500000000, A.D. 2024-Jan-17 00:00:00.0000,  1.345721281405024E+00,  7.733601742244458E-01,  5.228419861976775E-01,  5.888870102614008E-03,  9.465250204298822E-03,  2.076978879440232E-03,
2460327.500000000, A.D. 2024-Jan-18 00:00:00.0000,  1.351565042132783E+00,  7.827994360243861E-01,  5.249014382965236E-01,  5.798858277830735E-03,  9.413325296791593E-03,  2.042008030856871E-03,
2460328.500000000, A.D. 2024-Jan-19 00:00:00.0000,  1.357319406141895E+00,  7.921869277619071E-01,  5.269261653991267E-01,  5.710071040048619E-03,  9.361709222972638E-03,  2.007526619124584E-03,
2460329.500000000, A.D. 2024-Jan-20 00:00:00.0000,  1.362985581357223E+00,  8.015229557116110E-01,  5.289166502257616E-01,  5.622475276563078E-03,  9.310396875114792E-03,  1.973521297141680E-03,
2460330.500000000, A.D. 2024-Jan-21 00:00:00.0000,  1.368564743215300E+00,  8.108078210720293E-01,  5.308733624035230E-01,  5.536039113201153E-03,  9.259383209112826E-03,  1.939979221469198E-03,
2460331.500000000, A.D. 2024-Jan-22 00:00:00.0000,  1.374058035872822E+00,  8.200418200301097E-01,  5.327967589576940E-01,  5.450731854853542E-03,  9.208663246151961E-03,  1.906888027986752E-03,
2460332.500000000, A.D. 2024-Jan-23 00:00:00.0000,  1.379466573357439E+00,  8.292252438271953E-01,  5.346872847794897E-01,  5.366523929465980E-03,  9.158232074032902E-03,  1.874235808972511E-03,
2460333.500000000, A.D. 2024-Jan-24 00:00:00.0000,  1.384791440664145E+00,  8.383583788261746E-01,  5.365453730715528E-01,  5.283386835254485E-03,  9.108084848191839E-03,  1.842011091509948E-03,
2460334.500000000, A.D. 2024-Jan-25 00:00:00.0000,  1.390033694800429E+00,  8.474415065795130E-01,  5.383714457724808E-01,  5.201293090927084E-03,  9.058216792450065E-03,  1.810202817131467E-03,
2460335.500000000, A.D. 2024-Jan-26 00:00:00.0000,  1.395194365783049E+00,  8.564749038979109E-01,  5.401659139615812E-01,  5.120216188711486E-03,  9.008623199523927E-03,  1.778800322616077E-03,
2460336.500000000, A.D. 2024-Jan-27 00:00:00.0000,  1.400274457589166E+00,  8.654588429193656E-01,  5.419291782449688E-01,  5.040130550003533E-03,  8.959299431322742E-03,  1.747793321864541E-03,
2460337.500000000, A.D. 2024-Jan-28 00:00:00.0000,  1.405274949064363E+00,  8.743935911784326E-01,  5.436616291240473E-01,  4.961011483464980E-03,  8.910240919059276E-03,  1.717171888781238E-03,
2460338.500000000, A.D. 2024-Jan-29 00:00:00.0000,  1.410196794789925E+00,  8.832794116755163E-01,  5.453636473473484E-01,  4.882835145412252E-03,  8.861443163194862E-03,  1.686926441097326E-03,
2460339.500000000, A.D. 2024-Jan-30 00:00:00.0000,  1.415040925911579E+00,  8.921165629460283E-01,  5.470356042466403E-01,  4.805578502349354E-03,  8.812901733238879E-03,  1.657047725074585E-03,
2460340.500000000, A.D. 2024-Jan-31 00:00:00.0000,  1.419808250931798E+00,  9.009052991292812E-01,  5.486778620581553E-01,  4.729219295508874E-03,  8.764612267420247E-03,  1.627526801033815E-03,
2460341.500000000, A.D. 2024-Feb-01 00:00:00.0000,  1.424499656467586E+00,  9.096458700369975E-01,  5.502907742297366E-01,  4.653736007275019E-03,  8.716570472246750E-03,  1.598355029655753E-03,
2460342.500000000, A.D. 2024-Feb-02 00:00:00.0000,  1.429116007975581E+00,  9.183385212213265E-01,  5.518746857146539E-01,  4.579107829371486E-03,  8.668772121966348E-03,  1.569524059006176E-03,
2460343.500000000, A.D. 2024-Feb-03 00:00:00.0000,  1.433658150446182E+00,  9.269834940422780E-01,  5.534299332527841E-01,  4.505314632705498E-03,  8.621213057943103E-03,  1.541025812240391E-03,
2460344.500000000, A.D. 2024-Feb-04 00:00:00.0000,  1.438126909068309E+00,  9.355810257344962E-01,  5.549568456398215E-01,  4.432336938766849E-03,  8.573889187959094E-03,  1.512852475945391E-03,
2460345.500000000, A.D. 2024-Feb-05 00:00:00.0000,  1.442523089866296E+00,  9.441313494733015E-01,  5.564557439851315E-01,  4.360155892487981E-03,  8.526796485452433E-03,  1.484996489080967E-03,
2460346.500000000, A.D. 2024-Feb-06 00:00:00.0000,  1.446847480310340E+00,  9.526346944399418E-01,  5.579269419588297E-01,  4.288753236477409E-03,  8.479930988700488E-03,  1.457450532483640E-03,
2460347.500000000, A.D. 2024-Feb-07 00:00:00.0000,  1.451100849901835E+00,  9.610912858860043E-01,  5.593707460286326E-01,  4.218111286545361E-03,  8.433288799956310E-03,  1.430207518899976E-03,
2460348.500000000, A.D. 2024-Feb-08 00:00:00.0000,  1.455283950734845E+00,  9.695013451969419E-01,  5.607874556869926E-01,  4.148212908445127E-03,  8.386866084545671E-03,  1.403260583517796E-03,
2460349.500000000, A.D. 2024-Feb-09 00:00:00.0000,  1.459397518034900E+00,  9.778650899546810E-01,  5.621773636690023E-01,  4.079041495759612E-03,  8.340659069931035E-03,  1.376603074966242E-03,
2460350.500000000, A.D. 2024-Feb-10 00:00:00.0000,  1.463442270676221E+00,  9.861827339992790E-01,  5.635407561615204E-01,  4.010580948866852E-03,  8.294664044748302E-03,  1.350228546757417E-03,
2460351.500000000, A.D. 2024-Feb-11 00:00:00.0000,  1.467418911678421E+00,  9.944544874896053E-01,  5.648779130039497E-01,  3.942815654922988E-03,  8.248877357821394E-03,  1.324130749144313E-03,
2460352.500000000, A.D. 2024-Feb-12 00:00:00.0000,  1.471328128683682E+00,  1.002680556963031E+00,  5.661891078810717E-01,  3.875730468804342E-03,  8.203295417159352E-03,  1.298303621370917E-03,
2460353.500000000, A.D. 2024-Feb-13 00:00:00.0000,  1.475170594415318E+00,  1.010861145394103E+00,  5.674746085083173E-01,  3.809310694955537E-03,  8.157914688939902E-03,  1.272741284292753E-03,
2460354.500000000, A.D. 2024-Feb-14 00:00:00.0000,  1.478946967118636E+00,  1.018996452252208E+00,  5.687346768098361E-01,  3.743542070092713E-03,  8.112731696483114E-03,  1.247438033346806E-03,
2460355.500000000, A.D. 2024-Feb-15 00:00:00.0000,  1.482657890984888E+00,  1.027086673558188E+00,  5.699695690897004E-01,  3.678410746714690E-03,  8.067743019218360E-03,  1.222388331851409E-03,
2460356.500000000, A.D. 2024-Feb-16 00:00:00.0000,  1.486303996559135E+00,  1.035132001939942E+00,  5.711795361965667E-01,  3.613903277378096E-03,  8.022945291647555E-03,  1.197586804618043E-03,
2460357.500000000, A.D. 2024-Feb-17 00:00:00.0000,  1.489885901132743E+00,  1.043132626686971E+00,  5.723648236820991E-01,  3.550006599695017E-03,  7.978335202306704E-03,  1.173028231857743E-03,
2460358.500000000, A.D. 2024-Feb-18 00:00:00.0000,  1.493404209121225E+00,  1.051088733803899E+00,  5.735256719534385E-01,  3.486708022014571E-03,  7.933909492728510E-03,  1.148707543366405E-03,
2460359.500000000, A.D. 2024-Feb-19 00:00:00.0000,  1.496859512428090E+00,  1.059000506062948E+00,  5.746623164199904E-01,  3.423995209751536E-03,  7.889664956407652E-03,  1.124619812973592E-03,
2460360.500000000, A.D. 2024-Feb-20 00:00:00.0000,  1.500252390795326E+00,  1.066868123055388E+00,  5.757749876347877E-01,  3.361856172329468E-03,  7.845598437770374E-03,  1.100760253241300E-03,
2460361.500000000, A.D. 2024-Feb-21 00:00:00.0000,  1.503583412141131E+00,  1.074691761241952E+00,  5.768639114306716E-01,  3.300279250704690E-03,  7.801706831150528E-03,  1.077124210398847E-03,
2460362.500000000, A.D. 2024-Feb-22 00:00:00.0000,  1.506853132885432E+00,  1.082471594002238E+00,  5.779293090515206E-01,  3.239253105442731E-03,  7.757987079772387E-03,  1.053707159501856E-03,
2460363.500000000, A.D. 2024-Feb-23 00:00:00.0000,  1.510062098263759E+00,  1.090207791683092E+00,  5.789713972787444E-01,  3.178766705318591E-03,  7.714436174742710E-03,  1.030504699803476E-03,
2460364.500000000, A.D. 2024-Feb-24 00:00:00.0000,  1.513210842629956E+00,  1.097900521645993E+00,  5.799903885532514E-01,  3.118809316414947E-03,  7.671051154052441E-03,  1.007512550326821E-03,
2460365.500000000, A.D. 2024-Feb-25 00:00:00.0000,  1.516299889748241E+00,  1.105549948313440E+00,  5.809864910930858E-01,  3.059370491693810E-03,  7.627829101589810E-03,  9.847265456284118E-04,
2460366.500000000, A.D. 2024-Feb-26 00:00:00.0000,  1.519329753075056E+00,  1.113156233214364E+00,  5.819599090069173E-01,  3.000440061018770E-03,  7.584767146165817E-03,  9.621426317426646E-04,
2460367.500000000, A.D. 2024-Feb-27 00:00:00.0000,  1.522300936031163E+00,  1.120719535028565E+00,  5.829108424035645E-01,  2.942008121605310E-03,  7.541862460554154E-03,  9.397568622986775E-04,
2460368.500000000, A.D. 2024-Feb-28 00:00:00.0000,  1.525213932264392E+00,  1.128240009630206E+00,  5.838394874977153E-01,  2.884065028881730E-03,  7.499112260546168E-03,  9.175653947999157E-04,
2460369.500000000, A.D. 2024-Feb-29 00:00:00.0000,  1.528069225903442E+00,  1.135717810130362E+00,  5.847460367120074E-01,  2.826601387737886E-03,  7.456513804024383E-03,  8.955644870598066E-04,
2460370.500000000, A.D. 2024-Mar-01 00:00:00.0000,  1.530867291803129E+00,  1.143153086918658E+00,  5.856306787756167E-01,  2.769608044146173E-03,  7.414064390056094E-03,  8.737504937849223E-04,
2460371.500000000, A.D. 2024-Mar-02 00:00:00.0000,  1.533608595781424E+00,  1.150545987704009E+00,  5.864935988195017E-01,  2.713076077137300E-03,  7.371761358010490E-03,  8.521198632988483E-04,
2460372.500000000, A.D. 2024-Mar-03 00:00:00.0000,  1.536293594848642E+00,  1.157896657554494E+00,  5.873349784684386E-01,  2.656996791110079E-03,  7.329602086700767E-03,  8.306691344004164E-04,
2460373.500000000, A.D. 2024-Mar-04 00:00:00.0000,  1.538922737429095E+00,  1.165205238936380E+00,  5.881549959299791E-01,  2.601361708465177E-03,  7.287583993560482E-03,  8.093949333500997E-04,
2460374.500000000, A.D. 2024-Mar-05 00:00:00.0000,  1.541496463575543E+00,  1.172471871752348E+00,  5.889538260804565E-01,  2.546162562537399E-03,  7.245704533852009E-03,  7.882939709791014E-04,
2460375.500000000, A.D. 2024-Mar-06 00:00:00.0000,  1.544015205176709E+00,  1.179696693378937E+00,  5.897316405481606E-01,  2.491391290812022E-03,  7.203961199913275E-03,  7.673630399159671E-04,
2460376.500000000, A.D. 2024-Mar-07 00:00:00.0000,  1.546479386158149E+00,  1.186879838703268E+00,  5.904886077937955E-01,  2.437040028403066E-03,  7.162351520451980E-03,  7.465990119267524E-04,
2460377.500000000, A.D. 2024-Mar-08 00:00:00.0000,  1.548889422676721E+00,  1.194021440159078E+00,  5.912248931883320E-01,  2.383101101781327E-03,  7.120873059876183E-03,  7.259988353626887E-04,
2460378.500000000, A.D. 2024-Mar-09 00:00:00.0000,  1.551245723308901E+00,  1.201121627762097E+00,  5.919406590883620E-01,  2.329567022706650E-03,  7.079523417678551E-03,  7.055595327147401E-04,
2460379.500000000, A.D. 2024-Mar-10 00:00:00.0000,  1.553548689233114E+00,  1.208180529144848E+00,  5.926360649090558E-01,  2.276430482362880E-03,  7.038300227852059E-03,  6.852781982679390E-04,
2460380.500000000, A.D. 2024-Mar-11 00:00:00.0000,  1.555798714406309E+00,  1.215198269590868E+00,  5.933112671948261E-01,  2.223684345671043E-03,  6.997201158338983E-03,  6.651519958524229E-04,
2460381.500000000, A.D. 2024-Mar-12 00:00:00.0000,  1.557996185734901E+00,  1.222174972068383E+00,  5.939664196877855E-01,  2.171321645739019E-03,  6.956223910491641E-03,  6.451781566882386E-04,
2460382.500000000, A.D. 2024-Mar-13 00:00:00.0000,  1.560141483240253E+00,  1.229110757263453E+00,  5.946016733940966E-01,  2.119335578453893E-03,  6.915366218525195E-03,  6.253539773169915E-04,
2460383.500000000, A.D. 2024-Mar-14 00:00:00.0000,  1.562234980218794E+00,  1.236005743612541E+00,  5.952171766482937E-01,  2.067719497200473E-03,  6.874625848937561E-03,  6.056768176153885E-04,
2460384.500000000, A.D. 2024-Mar-15 00:00:00.0000,  1.564277043396938E+00,  1.242860047334489E+00,  5.958130751756553E-01,  2.016466907713273E-03,  6.834000599866519E-03,  5.861440988833312E-04,
2460385.500000000, A.D. 2024-Mar-16 00:00:00.0000,  1.566268033080920E+00,  1.249673782461797E+00,  5.963895121527011E-01,  1.965571463076629E-03,  6.793488300366171E-03,  5.667533019997624E-04,
2460386.500000000, A.D. 2024-Mar-17 00:00:00.0000,  1.568208303301713E+00,  1.256447060871138E+00,  5.969466282658727E-01,  1.915026958901891E-03,  6.753086809588233E-03,  5.475019656386111E-04,
2460387.500000000, A.D. 2024-Mar-18 00:00:00.0000,  1.570098201955235E+00,  1.263179992313013E+00,  5.974845617684611E-01,  1.864827328710135E-03,  6.712794015869024E-03,  5.283876845386746E-04,
2460388.500000000, A.D. 2024-Mar-19 00:00:00.0000,  1.571938070938041E+00,  1.269872684440439E+00,  5.980034485358253E-01,  1.814966639554896E-03,  6.672607835743622E-03,  5.094081078224857E-04,
2460389.500000000, A.D. 2024-Mar-20 00:00:00.0000,  1.573728246278784E+00,  1.276525242836642E+00,  5.985034221189556E-01,  1.765439087904155E-03,  6.632526212916171E-03,  4.905609373614479E-04,
2460390.500000000, A.D. 2024-Mar-21 00:00:00.0000,  1.575469058265673E+00,  1.283137771041706E+00,  5.989846137964253E-01,  1.716238995787861E-03,  6.592547117231788E-03,  4.718439261871085E-04,
2460391.500000000, A.D. 2024-Mar-22 00:00:00.0000,  1.577160831570220E+00,  1.289710370578217E+00,  5.994471526247739E-01,  1.667360807202170E-03,  6.552668543689590E-03,  4.532548769495563E-04,
2460392.500000000, A.D. 2024-Mar-23 00:00:00.0000,  1.578803885367504E+00,  1.296243140975955E+00,  5.998911654873769E-01,  1.618799084742289E-03,  6.512888511537608E-03,  4.347916404258990E-04,
2460393.500000000, A.D. 2024-Mar-24 00:00:00.0000,  1.580398533453170E+00,  1.302736179795734E+00,  6.003167771418485E-01,  1.570548506425935E-03,  6.473205063468357E-03,  4.164521140810801E-04,
2460394.500000000, A.D. 2024-Mar-25 00:00:00.0000,  1.581945084357324E+00,  1.309189582652488E+00,  6.007241102660330E-01,  1.522603862665007E-03,  6.433616264928606E-03,  3.982342406833871E-04,
2460395.500000000, A.D. 2024-Mar-26 00:00:00.0000,  1.583443841455464E+00,  1.315603443237732E+00,  6.011132855026373E-01,  1.474960053350473E-03,  6.394120203535003E-03,  3.801360069746913E-04,
2460396.500000000, A.D. 2024-Mar-27 00:00:00.0000,  1.584895103076530E+00,  1.321977853341468E+00,  6.014844215025643E-01,  1.427612085012356E-03,  6.354714988580089E-03,  3.621554423953245E-04,
2460397.500000000, A.D. 2024-Mar-28 00:00:00.0000,  1.586299162608154E+00,  1.328312902873654E+00,  6.018376349669950E-01,  1.380555068039873E-03,  6.315398750607568E-03,  3.442906178609865E-04,
2460398.500000000, A.D. 2024-Mar-29 00:00:00.0000,  1.587656308599142E+00,  1.334608679885255E+00,  6.021730406882718E-01,  1.333784213945034E-03,  6.276169641034422E-03,  3.265396445892777E-04,
2460399.500000000, A.D. 2024-Mar-30 00:00:00.0000,  1.588966824859253E+00,  1.340865270588944E+00,  6.024907515896352E-01,  1.287294832669454E-03,  6.237025831799878E-03,  3.089006729722408E-04,
2460400.500000000, A.D. 2024-Mar-31 00:00:00.0000,  1.590230990556293E+00,  1.347082759379453E+00,  6.027908787638502E-01,  1.241082329933949E-03,  6.197965515021459E-03,  2.913718914914214E-04,
2460401.500000000, A.D. 2024-Apr-01 00:00:00.0000,  1.591449080310594E+00,  1.353261228853574E+00,  6.030735315107714E-01,  1.195142204638036E-03,  6.158986902651466E-03,  2.739515256724232E-04,
2460402.500000000, A.D. 2024-Apr-02 00:00:00.0000,  1.592621364286913E+00,  1.359400759829824E+00,  6.033388173738797E-01,  1.149470046313282E-03,  6.120088226123865E-03,  2.566378370760274E-04,
2460403.500000000, A.D. 2024-Apr-03 00:00:00.0000,  1.593748108283818E+00,  1.365501431367744E+00,  6.035868421758258E-01,  1.104061532638705E-03,  6.081267735988727E-03,  2.394291223232418E-04,
2460404.500000000, A.D. 2024-Apr-04 00:00:00.0000,  1.594829573820617E+00,  1.371563320786825E+00,  6.038177100530181E-01,  1.058912427022567E-03,  6.042523701534616E-03,  2.223237121523083E-04,
2460405.500000000, A.D. 2024-Apr-05 00:00:00.0000,  1.595866018221911E+00,  1.377586503685053E+00,  6.040315234892797E-01,  1.014018576252391E-03,  6.003854410398576E-03,  2.053199705059523E-04,
2460406.500000000, A.D. 2024-Apr-06 00:00:00.0000,  1.596857694699824E+00,  1.383571053957062E+00,  6.042283833486096E-01,  9.693759082168501E-04,  5.965258168168521E-03,  1.884162936475197E-04,
2460407.500000000, A.D. 2024-Apr-07 00:00:00.0000,  1.597804852433998E+00,  1.389517043811880E+00,  6.044083889070727E-01,  9.249804297008866E-04,  5.926733297976434E-03,  1.716111093042209E-04,
2460408.500000000, A.D. 2024-Apr-08 00:00:00.0000,  1.598707736649417E+00,  1.395424543790265E+00,  6.045716378838457E-01,  8.808282242497577E-04,  5.888278140090034E-03,  1.549028758373871E-04,
2460409.500000000, A.D. 2024-Apr-09 00:00:00.0000,  1.599566588692125E+00,  1.401293622781644E+00,  6.047182264714475E-01,  8.369154501049800E-04,  5.849891051501016E-03,  1.382900814378684E-04,
2460410.500000000, A.D. 2024-Apr-10 00:00:00.0000,  1.600381646102924E+00,  1.407124348040625E+00,  6.048482493651764E-01,  7.932383382086163E-04,  5.811570405514810E-03,  1.217712433460879E-04,
2460411.500000000, A.D. 2024-Apr-11 00:00:00.0000,  1.601153142689097E+00,  1.412916785203106E+00,  6.049617997917806E-01,  7.497931902724322E-04,  5.773314591341958E-03,  1.053449070960695E-04,
2460412.500000000, A.D. 2024-Apr-12 00:00:00.0000,  1.601881308594248E+00,  1.418670998301982E+00,  6.050589695373821E-01,  7.065763769118073E-04,  5.735122013693173E-03,  8.900964578232323E-05,
2460413.500000000, A.D. 2024-Apr-13 00:00:00.0000,  1.602566370366291E+00,  1.424387049782441E+00,  6.051398489746812E-01,  6.635843358402296E-04,  5.696991092379201E-03,  7.276405934909317E-05,
2460414.500000000, A.D. 2024-Apr-14 00:00:00.0000,  1.603208551023673E+00,  1.430065000516865E+00,  6.052045270894588E-01,  6.208135701222040E-04,  5.658920261915954E-03,  5.660677390113099E-05,
2460415.500000000, A.D. 2024-Apr-15 00:00:00.0000,  1.603808070119873E+00,  1.435704909819344E+00,  6.052530915064017E-01,  5.782606464832870E-04,  5.620907971134149E-03,  4.053644103537422E-05,
2460416.500000000, A.D. 2024-Apr-16 00:00:00.0000,  1.604365143806244E+00,  1.441306835459798E+00,  6.052856285142683E-01,  5.359221936721970E-04,  5.582952682798961E-03,  2.455173719255338E-05,
2460417.500000000, A.D. 2024-Apr-17 00:00:00.0000,  1.604879984893235E+00,  1.446870833677718E+00,  6.053022230904176E-01,  4.937949008760221E-04,  5.545052873231225E-03,  8.651363028599139E-06,
2460418.500000000, A.D. 2024-Apr-18 00:00:00.0000,  1.605352802910059E+00,  1.452396959195543E+00,  6.053029589247165E-01,  4.518755161834927E-04,  5.507207031937790E-03, -7.165957195356539E-06,
2460419.500000000, A.D. 2024-Apr-19 00:00:00.0000,  1.605783804162849E+00,  1.457885265231658E+00,  6.052879184428489E-01,  4.101608450971706E-04,  5.469413661249548E-03, -2.290147620476742E-05,
2460420.500000000, A.D. 2024-Apr-20 00:00:00.0000,  1.606173191791340E+00,  1.463335803513041E+00,  6.052571828290400E-01,  3.686477490885234E-04,  5.431671275961889E-03, -3.855642428581837E-05,
2460421.500000000, A.D. 2024-Apr-21 00:00:00.0000,  1.606521165824141E+00,  1.468748624287554E+00,  6.052108320482151E-01,  3.273331441987300E-04,  5.393978402985153E-03, -5.413200984268003E-05,
2460422.500000000, A.D. 2024-Apr-22 00:00:00.0000,  1.606827923232618E+00,  1.474123776335882E+00,  6.051489448676101E-01,  2.862139996804875E-04,  5.356333580999733E-03, -6.962941993836878E-05,
2460423.500000000, A.D. 2024-Apr-23 00:00:00.0000,  1.607093657983445E+00,  1.479461306983132E+00,  6.050715988778507E-01,  2.452873366795614E-04,  5.318735360117258E-03, -8.504982081976753E-05,
2460424.500000000, A.D. 2024-Apr-24 00:00:00.0000,  1.607318561089854E+00,  1.484761262110100E+00,  6.049788705135085E-01,  2.045502269558068E-04,  5.281182301546769E-03, -1.003943584274186E-04,
2460425.500000000, A.D. 2024-Apr-25 00:00:00.0000,  1.607502820661624E+00,  1.490023686164206E+00,  6.048708350731625E-01,  1.639997916407968E-04,  5.243672977267602E-03, -1.156641588905464E-04,
2460426.500000000, A.D. 2024-Apr-26 00:00:00.0000,  1.607646621953849E+00,  1.495248622170096E+00,  6.047475667389665E-01,  1.236332000313673E-04,  5.206205969707255E-03, -1.308603290078524E-04,
2460427.500000000, A.D. 2024-Apr-27 00:00:00.0000,  1.607750147414510E+00,  1.500436111739937E+00,  6.046091385957459E-01,  8.344766841785369E-05,  5.168779871424074E-03, -1.459839567145800E-04,
2460428.500000000, A.D. 2024-Apr-28 00:00:00.0000,  1.607813576730901E+00,  1.505586195083390E+00,  6.044556226496328E-01,  4.344045894517097E-05,  5.131393284795082E-03, -1.610361115363160E-04,
2460429.500000000, A.D. 2024-Apr-29 00:00:00.0000,  1.607837086874926E+00,  1.510698911017273E+00,  6.042870898462545E-01,  3.608878506600613E-06,  5.094044821708457E-03, -1.760178450299588E-04,
2460430.500000000, A.D. 2024-Apr-30 00:00:00.0000,  1.607820852147307E+00,  1.515774296974921E+00,  6.041036100884866E-01, -3.604972233228863E-05,  5.056733103260746E-03, -1.909301912123572E-04,
2460431.500000000, A.D. 2024-May-01 00:00:00.0000,  1.607765044220730E+00,  1.520812389015247E+00,  6.039052522537836E-01, -7.553795037935027E-05,  5.019456759458188E-03, -2.057741669769735E-04,
2460432.500000000, A.D. 2024-May-02 00:00:00.0000,  1.607669832181962E+00,  1.525813221831500E+00,  6.036920842110990E-01, -1.148583708330757E-04,  4.982214428922196E-03, -2.205507724990499E-04,
2460433.500000000, A.D. 2024-May-03 00:00:00.0000,  1.607535382572962E+00,  1.530776828759739E+00,  6.034641728374055E-01, -1.540135082717095E-04,  4.945004758598846E-03, -2.352609916295930E-04,
2460434.500000000, A.D. 2024-May-04 00:00:00.0000,  1.607361859431020E+00,  1.535703241787011E+00,  6.032215840338274E-01, -1.930058476159025E-04,  4.907826403472083E-03, -2.499057922786499E-04,
2460435.500000000, A.D. 2024-May-05 00:00:00.0000,  1.607149424327941E+00,  1.540592491559246E+00,  6.029643827413924E-01, -2.318378350651569E-04,  4.870678026280483E-03, -2.644861267881633E-04,
2460436.500000000, A.D. 2024-May-06 00:00:00.0000,  1.606898236408314E+00,  1.545444607388875E+00,  6.026926329564202E-01, -2.705118790093118E-04,  4.833558297237367E-03, -2.790029322948152E-04,
2460437.500000000, A.D. 2024-May-07 00:00:00.0000,  1.606608452426868E+00,  1.550259617262164E+00,  6.024063977455476E-01, -3.090303509156668E-04,  4.796465893754148E-03, -2.934571310831342E-04,
2460438.500000000, A.D. 2024-May-08 00:00:00.0000,  1.606280226784968E+00,  1.555037547846274E+00,  6.021057392604106E-01, -3.473955861927895E-04,  4.759399500166649E-03, -3.078496309292820E-04,
2460439.500000000, A.D. 2024-May-09 00:00:00.0000,  1.605913711566246E+00,  1.559778424496054E+00,  6.017907187519820E-01, -3.856098850315038E-04,  4.722357807464263E-03, -3.221813254357569E-04,
2460440.500000000, A.D. 2024-May-10 00:00:00.0000,  1.605509056571414E+00,  1.564482271260555E+00,  6.014613965845836E-01, -4.236755132238602E-04,  4.685339513021717E-03, -3.364530943573667E-04,
2460441.500000000, A.D. 2024-May-11 00:00:00.0000,  1.605066409352252E+00,  1.569149110889284E+00,  6.011178322495735E-01, -4.615947029607608E-04,  4.648343320333349E-03, -3.506658039187088E-04,
2460442.500000000, A.D. 2024-May-12 00:00:00.0000,  1.604585915244832E+00,  1.573778964838194E+00,  6.007600843787216E-01, -4.993696536088151E-04,  4.611367938749568E-03, -3.648203071235370E-04,
2460443.500000000, A.D. 2024-May-13 00:00:00.0000,  1.604067717401951E+00,  1.578371853275407E+00,  6.003882107572769E-01, -5.370025324673392E-04,  4.574412083215447E-03, -3.789174440560712E-04,
2460444.500000000, A.D. 2024-May-14 00:00:00.0000,  1.603511956824832E+00,  1.582927795086678E+00,  6.000022683367430E-01, -5.744954755040807E-04,  4.537474474011332E-03, -3.929580421752029E-04,
2460445.500000000, A.D. 2024-May-15 00:00:00.0000,  1.602918772394099E+00,  1.587446807880605E+00,  5.996023132473570E-01, -6.118505880747882E-04,  4.500553836494868E-03, -4.069429166003416E-04,
2460446.500000000, A.D. 2024-May-16 00:00:00.0000,  1.602288300900032E+00,  1.591928907993573E+00,  5.991884008102895E-01, -6.490699456209782E-04,  4.463648900844878E-03, -4.208728703910781E-04,
2460447.500000000, A.D. 2024-May-17 00:00:00.0000,  1.601620677072150E+00,  1.596374110494453E+00,  5.987605855495667E-01, -6.861555943529981E-04,  4.426758401805532E-03, -4.347486948190509E-04,
2460448.500000000, A.D. 2024-May-18 00:00:00.0000,  1.600916033608084E+00,  1.600782429189032E+00,  5.983189212037291E-01, -7.231095519025276E-04,  4.389881078436734E-03, -4.485711696355217E-04,
2460449.500000000, A.D. 2024-May-19 00:00:00.0000,  1.600174501201866E+00,  1.605153876624214E+00,  5.978634607372147E-01, -7.599338079799930E-04,  4.353015673856144E-03, -4.623410633281960E-04,
2460450.500000000, A.D. 2024-May-20 00:00:00.0000,  1.599396208571516E+00,  1.609488464091943E+00,  5.973942563515012E-01, -7.966303249920695E-04,  4.316160934991231E-03, -4.760591333759912E-04,
2460451.500000000, A.D. 2024-May-21 00:00:00.0000,  1.598581282486043E+00,  1.613786201632893E+00,  5.969113594959886E-01, -8.332010386519276E-04,  4.279315612327782E-03, -4.897261264958138E-04,
2460452.500000000, A.D. 2024-May-22 00:00:00.0000,  1.597729847791843E+00,  1.618047098039898E+00,  5.964148208786392E-01, -8.696478585672768E-04,  4.242478459662200E-03, -5.033427788842179E-04,
2460453.500000000, A.D. 2024-May-23 00:00:00.0000,  1.596842027438522E+00,  1.622271160861139E+00,  5.959046904763815E-01, -9.059726688098699E-04,  4.205648233855058E-03, -5.169098164535357E-04,
2460454.500000000, A.D. 2024-May-24 00:00:00.0000,  1.595917942504146E+00,  1.626458396403091E+00,  5.953810175452763E-01, -9.421773284696334E-04,  4.168823694583579E-03, -5.304279550622475E-04,
2460455.500000000, A.D. 2024-May-25 00:00:00.0000,  1.594957712219964E+00,  1.630608809733211E+00,  5.948438506304602E-01, -9.782636721857392E-04,  4.132003604102603E-03, -5.438979007404147E-04,
2460456.500000000, A.D. 2024-May-26 00:00:00.0000,  1.593961453994595E+00,  1.634722404682400E+00,  5.942932375758608E-01, -1.014233510659170E-03,  4.095186727002991E-03, -5.573203499103648E-04,
2460457.500000000, A.D. 2024-May-27 00:00:00.0000,  1.592929283437720E+00,  1.638799183847222E+00,  5.937292255336969E-01, -1.050088631145193E-03,  4.058371829981990E-03, -5.706959896019361E-04,
2460458.500000000, A.D. 2024-May-28 00:00:00.0000,  1.591861314383290E+00,  1.642839148591898E+00,  5.931518609737669E-01, -1.085830797924302E-03,  4.021557681616626E-03, -5.840254976632655E-04,
2460459.500000000, A.D. 2024-May-29 00:00:00.0000,  1.590757658912275E+00,  1.646842299050072E+00,  5.925611896925257E-01, -1.121461752755571E-03,  3.984743052149881E-03, -5.973095429661620E-04,
2460460.500000000, A.D. 2024-May-30 00:00:00.0000,  1.589618427374964E+00,  1.650808634126385E+00,  5.919572568219599E-01, -1.156983215306163E-03,  3.947926713288863E-03, -6.105487856068738E-04,
2460461.500000000, A.D. 2024-May-31 00:00:00.0000,  1.588443728412855E+00,  1.654738151497835E+00,  5.913401068382675E-01, -1.192396883569376E-03,  3.911107438020464E-03, -6.237438771008293E-04,
2460462.500000000, A.D. 2024-Jun-01 00:00:00.0000,  1.587233668980117E+00,  1.658630847614981E+00,  5.907097835703413E-01, -1.227704434261281E-03,  3.874284000449456E-03, -6.368954605720276E-04,
2460463.500000000, A.D. 2024-Jun-02 00:00:00.0000,  1.585988354364684E+00,  1.662486717702985E+00,  5.900663302080700E-01, -1.262907523213858E-03,  3.837455175659213E-03, -6.500041709355999E-04,
2460464.500000000, A.D. 2024-Jun-03 00:00:00.0000,  1.584707888208934E+00,  1.666305755762535E+00,  5.894097893104581E-01, -1.298007785762455E-03,  3.800619739604546E-03, -6.630706350731251E-04,
2460465.500000000, A.D. 2024-Jun-04 00:00:00.0000,  1.583392372529998E+00,  1.670087954570678E+00,  5.887402028135745E-01, -1.333006837139328E-03,  3.763776469029700E-03, -6.760954720003541E-04,
2460466.500000000, A.D. 2024-Jun-05 00:00:00.0000,  1.582041907739651E+00,  1.673833305681576E+00,  5.880576120383409E-01, -1.367906272889202E-03,  3.726924141423072E-03, -6.890792930251214E-04,
2460467.500000000, A.D. 2024-Jun-06 00:00:00.0000,  1.580656592663787E+00,  1.677541799427241E+00,  5.873620576981600E-01, -1.402707669311010E-03,  3.690061534990260E-03, -7.020227018966975E-04,
2460468.500000000, A.D. 2024-Jun-07 00:00:00.0000,  1.579236524561423E+00,  1.681213424918246E+00,  5.866535799064075E-01, -1.437412583950155E-03,  3.653187428642024E-03, -7.149262949448090E-04,
2460469.500000000, A.D. 2024-Jun-08 00:00:00.0000,  1.577781799143179E+00,  1.684848170044419E+00,  5.859322181837848E-01, -1.472022556133549E-03,  3.616300601990159E-03, -7.277906612097254E-04,
2460470.500000000, A.D. 2024-Jun-09 00:00:00.0000,  1.576292510589211E+00,  1.688446021475540E+00,  5.851980114655467E-01, -1.506539107586820E-03,  3.579399835300578E-03, -7.406163825640935E-04,
2460471.500000000, A.D. 2024-Jun-10 00:00:00.0000,  1.574768751566475E+00,  1.692006964661950E+00,  5.844509981086096E-01, -1.540963743089557E-03,  3.542483909415764E-03, -7.534040338296504E-04,
2460472.500000000, A.D. 2024-Jun-11 00:00:00.0000,  1.573210613245329E+00,  1.695530983835058E+00,  5.836912158985463E-01, -1.575297951184943E-03,  3.505551605595144E-03, -7.661541828916263E-04,
2460473.500000000, A.D. 2024-Jun-12 00:00:00.0000,  1.571618185315397E+00,  1.699018062007636E+00,  5.829187020564645E-01, -1.609543204910820E-03,  3.468601705253717E-03, -7.788673908155234E-04,
2460474.500000000, A.D. 2024-Jun-13 00:00:00.0000,  1.569991556000724E+00,  1.702468180973801E+00,  5.821334932457651E-01, -1.643700962515387E-03,  3.431632989596277E-03, -7.915442119699378E-04,
2460475.500000000, A.D. 2024-Jun-14 00:00:00.0000,  1.568330812074216E+00,  1.705881321308577E+00,  5.813356255787749E-01, -1.677772668121023E-03,  3.394644239143345E-03, -8.041851941591444E-04,
2460476.500000000, A.D. 2024-Jun-15 00:00:00.0000,  1.566636038871479E+00,  1.709257462366935E+00,  5.805251346232377E-01, -1.711759752298104E-03,  3.357634233170170E-03, -8.167908787672707E-04,
2460477.500000000, A.D. 2024-Jun-16 00:00:00.0000,  1.564907320304129E+00,  1.712596582282243E+00,  5.797020554086598E-01, -1.745663632521220E-03,  3.320601749091027E-03, -8.293618009140424E-04,
2460478.500000000, A.D. 2024-Jun-17 00:00:00.0000,  1.563144738872713E+00,  1.715898657964091E+00,  5.788664224324908E-01, -1.779485713495739E-03,  3.283545561831808E-03, -8.418984896197908E-04,
2460479.500000000, A.D. 2024-Jun-18 00:00:00.0000,  1.561348375679369E+00,  1.719163665095501E+00,  5.780182696661395E-01, -1.813227387359526E-03,  3.246464443233942E-03, -8.544014679758747E-04,
2460480.500000000, A.D. 2024-Jun-19 00:00:00.0000,  1.559518310440336E+00,  1.722391578129567E+00,  5.771576305608156E-01, -1.846890033782146E-03,  3.209357161525908E-03, -8.668712533156321E-04,
2460481.500000000, A.D. 2024-Jun-20 00:00:00.0000,  1.557654621498404E+00,  1.725582370285624E+00,  5.762845380532060E-01, -1.880475019993721E-03,  3.172222480885887E-03, -8.793083573810946E-04,
2460482.500000000, A.D. 2024-Jun-21 00:00:00.0000,  1.555757385835352E+00,  1.728736013545010E+00,  5.753990245709832E-01, -1.913983700780388E-03,  3.135059161103933E-03, -8.917132864815175E-04,
2460483.500000000, A.D. 2024-Jun-22 00:00:00.0000,  1.553826679084400E+00,  1.731852478646557E+00,  5.745011220381659E-01, -1.947417418480197E-03,  3.097865957337995E-03, -9.040865416411828E-04,
2460484.500000000, A.D. 2024-Jun-23 00:00:00.0000,  1.551862575542645E+00,  1.734931735081866E+00,  5.735908618803334E-01, -1.980777503006129E-03,  3.060641619947644E-03, -9.164286187354418E-04,
2460485.500000000, A.D. 2024-Jun-24 00:00:00.0000,  1.549865148183458E+00,  1.737973751090450E+00,  5.726682750297117E-01, -2.014065271913181E-03,  3.023384894384128E-03, -9.287400086152775E-04,
2460486.500000000, A.D. 2024-Jun-25 00:00:00.0000,  1.547834468668786E+00,  1.740978493654788E+00,  5.717333919301406E-01, -2.047282030516757E-03,  2.986094521114030E-03, -9.410211972216441E-04,
2460487.500000000, A.D. 2024-Jun-26 00:00:00.0000,  1.545770607361312E+00,  1.743945928495306E+00,  5.707862425419287E-01, -2.080429072062066E-03,  2.948769235556339E-03, -9.532726656913388E-04,
2460488.500000000, A.D. 2024-Jun-27 00:00:00.0000,  1.543673633336422E+00,  1.746876020065298E+00,  5.698268563466082E-01, -2.113507677938537E-03,  2.911407768016918E-03, -9.654948904563129E-04,
2460489.500000000, A.D. 2024-Jun-28 00:00:00.0000,  1.541543614393937E+00,  1.749768731545776E+00,  5.688552623515933E-01, -2.146519117930556E-03,  2.874008843609070E-03, -9.776883433382062E-04,
2460490.500000000, A.D. 2024-Jun-29 00:00:00.0000,  1.539380617069581E+00,  1.752624024840227E+00,  5.678714890947427E-01, -2.179464650494851E-03,  2.836571182153538E-03, -9.898534916395895E-04,
2460491.500000000, A.D. 2024-Jun-30 00:00:00.0000,  1.537184706646163E+00,  1.755441860569263E+00,  5.668755646488350E-01, -2.212345523055298E-03,  2.799093498054976E-03, -1.001990798233052E-03,
2460492.500000000, A.D. 2024-Jul-01 00:00:00.0000,  1.534955947164457E+00,  1.758222198065134E+00,  5.658675166259552E-01, -2.245162972307154E-03,  2.761574500154349E-03, -1.014100721648968E-03,
2460493.500000000, A.D. 2024-Jul-02 00:00:00.0000,  1.532694401433781E+00,  1.760964995366073E+00,  5.648473721817917E-01, -2.277918224524571E-03,  2.724012891558836E-03, -1.026183716162424E-03,
2460494.500000000, A.D. 2024-Jul-03 00:00:00.0000,  1.530400131042258E+00,  1.763670209210482E+00,  5.638151580198504E-01, -2.310612495866506E-03,  2.686407369451467E-03, -1.038240231879618E-03,
2460495.500000000, A.D. 2024-Jul-04 00:00:00.0000,  1.528073196366786E+00,  1.766337795030893E+00,  5.627709003955789E-01, -2.343246992677891E-03,  2.648756624883272E-03, -1.050270714823854E-03,
2460496.500000000, A.D. 2024-Jul-05 00:00:00.0000,  1.525713656582701E+00,  1.768967706947733E+00,  5.617146251204083E-01, -2.375822911783958E-03,  2.611059342550656E-03, -1.062275607021126E-03,
2460497.500000000, A.D. 2024-Jul-06 00:00:00.0000,  1.523321569673156E+00,  1.771559897762851E+00,  5.606463575657052E-01, -2.408341440776470E-03,  2.573314200560480E-03, -1.074255346585278E-03,
2460498.500000000, A.D. 2024-Jul-07 00:00:00.0000,  1.520896992438211E+00,  1.774114318952805E+00,  5.595661226666450E-01, -2.440803758291858E-03,  2.535519870185655E-03, -1.086210367802526E-03,
2460499.500000000, A.D. 2024-Jul-08 00:00:00.0000,  1.518439980503654E+00,  1.776630920661904E+00,  5.584739449259942E-01, -2.473211034280134E-03,  2.497675015611227E-03, -1.098141101215516E-03,
2460500.500000000, A.D. 2024-Jul-09 00:00:00.0000,  1.515950588329560E+00,  1.779109651694991E+00,  5.573698484178147E-01, -2.505564430266258E-03,  2.459778293674955E-03, -1.110047973706463E-03,
2460501.500000000, A.D. 2024-Jul-10 00:00:00.0000,  1.513428869218583E+00,  1.781550459509963E+00,  5.562538567910819E-01, -2.537865099603211E-03,  2.421828353601858E-03, -1.121931408579525E-03,
2460502.500000000, A.D. 2024-Jul-11 00:00:00.0000,  1.510874875324008E+00,  1.783953290210021E+00,  5.551259932732215E-01, -2.570114187719055E-03,  2.383823836733864E-03, -1.133791825642168E-03,
2460503.500000000, A.D. 2024-Jul-12 00:00:00.0000,  1.508288657657556E+00,  1.786318088535654E+00,  5.539862806735666E-01, -2.602312832354841E-03,  2.345763376254680E-03, -1.145629641285801E-03,
2460504.500000000, A.D. 2024-Jul-13 00:00:00.0000,  1.505670266096949E+00,  1.788644797856339E+00,  5.528347413867348E-01, -2.634462163798781E-03,  2.307645596911650E-03, -1.157445268565116E-03,
2460505.500000000, A.D. 2024-Jul-14 00:00:00.0000,  1.503019749393256E+00,  1.790933360161966E+00,  5.516713973959236E-01, -2.666563305114303E-03,  2.269469114733898E-03, -1.169239117276426E-03,
2460506.500000000, A.D. 2024-Jul-15 00:00:00.0000,  1.500337155178001E+00,  1.793183716053974E+00,  5.504962702761316E-01, -2.698617372362331E-03,  2.231232536746799E-03, -1.181011594034987E-03,
2460507.500000000, A.D. 2024-Jul-16 00:00:00.0000,  1.497622529970056E+00,  1.795395804736207E+00,  5.493093811973009E-01, -2.730625474819921E-03,  2.192934460682411E-03, -1.192763102351208E-03,
2460508.500000000, A.D. 2024-Jul-17 00:00:00.0000,  1.494875919182319E+00,  1.797569564005472E+00,  5.481107509273837E-01, -2.762588715193250E-03,  2.154573474688052E-03, -1.204494042705740E-03,
2460509.500000000, A.D. 2024-Jul-18 00:00:00.0000,  1.492097367128180E+00,  1.799704930241808E+00,  5.469003998353363E-01, -2.794508189828817E-03,  2.116148157029818E-03, -1.216204812623425E-03,
2460510.500000000, A.D. 2024-Jul-19 00:00:00.0000,  1.489286917027776E+00,  1.801801838398455E+00,  5.456783478940372E-01, -2.826384988919619E-03,  2.077657075793352E-03, -1.227895806746207E-03,
2460511.500000000, A.D. 2024-Jul-20 00:00:00.0000,  1.486444611014044E+00,  1.803860221991522E+00,  5.444446146831349E-01, -2.858220196708474E-03,  2.039098788580139E-03, -1.239567416904999E-03,
2460512.500000000, A.D. 2024-Jul-21 00:00:00.0000,  1.483570490138567E+00,  1.805880013089350E+00,  5.431992193918219E-01, -2.890014891688431E-03,  2.000471842200869E-03, -1.251220032190397E-03,
2460513.500000000, A.D. 2024-Jul-22 00:00:00.0000,  1.480664594377230E+00,  1.807861142301565E+00,  5.419421808215430E-01, -2.921770146800606E-03,  1.961774772363524E-03, -1.262854039022433E-03,
2460514.500000000, A.D. 2024-Jul-23 00:00:00.0000,  1.477726962635670E+00,  1.809803538767818E+00,  5.406735173886273E-01, -2.953487029629233E-03,  1.923006103357846E-03, -1.274469821219268E-03,
2460515.500000000, A.D. 2024-Jul-24 00:00:00.0000,  1.474757632754538E+00,  1.811707130146209E+00,  5.393932471268605E-01, -2.985166602594275E-03,  1.884164347734994E-03, -1.286067760064926E-03,
2460516.500000000, A.D. 2024-Jul-25 00:00:00.0000,  1.471756641514568E+00,  1.813571842601383E+00,  5.381013876899822E-01, -3.016809923142053E-03,  1.845248005982692E-03, -1.297648234376007E-03,
2460517.500000000, A.D. 2024-Jul-26 00:00:00.0000,  1.468724024641455E+00,  1.815397600792304E+00,  5.367979563541222E-01, -3.048418043933616E-03,  1.806255566195083E-03, -1.309211620567499E-03,
2460518.500000000, A.D. 2024-Jul-27 00:00:00.0000,  1.465659816810549E+00,  1.817184327859694E+00,  5.354829700201690E-01, -3.079992013031229E-03,  1.767185503737599E-03, -1.320758292717643E-03,
2460519.500000000, A.D. 2024-Jul-28 00:00:00.0000,  1.462564051651360E+00,  1.818931945413137E+00,  5.341564452160741E-01, -3.111532874082980E-03,  1.728036280906387E-03, -1.332288622631913E-03,
2460520.500000000, A.D. 2024-Jul-29 00:00:00.0000,  1.459436761751881E+00,  1.820640373517830E+00,  5.328183980990944E-01, -3.143041666505730E-03,  1.688806346582071E-03, -1.343802979906108E-03,
2460521.500000000, A.D. 2024-Jul-30 00:00:00.0000,  1.456277978662727E+00,  1.822309530680998E+00,  5.314688444579694E-01, -3.174519425666360E-03,  1.649494135877589E-03, -1.355301731988620E-03,
2460522.500000000, A.D. 2024-Jul-31 00:00:00.0000,  1.453087732901096E+00,  1.823939333837948E+00,  5.301077997150377E-01, -3.205967183061527E-03,  1.610098069779913E-03, -1.366785244241876E-03,
2460523.500000000, A.D. 2024-Aug-01 00:00:00.0000,  1.449866053954552E+00,  1.825529698337757E+00,  5.287352789282944E-01, -3.237385966495911E-03,  1.570616554785375E-03, -1.378253880002981E-03,
2460524.500000000, A.D. 2024-Aug-02 00:00:00.0000,  1.446612970284624E+00,  1.827080537928601E+00,  5.273512967933841E-01, -3.268776800259139E-03,  1.531047982528362E-03, -1.389708000643600E-03,
2460525.500000000, A.D. 2024-Aug-03 00:00:00.0000,  1.443328509330238E+00,  1.828591764742699E+00,  5.259558676455385E-01, -3.300140705301305E-03,  1.491390729403046E-03, -1.401147965629105E-03,
2460526.500000000, A.D. 2024-Aug-04 00:00:00.0000,  1.440012697510967E+00,  1.830063289280885E+00,  5.245490054614520E-01, -3.331478699407298E-03,  1.451643156177901E-03, -1.412574132576993E-03,
2460527.500000000, A.D. 2024-Aug-05 00:00:00.0000,  1.436665560230107E+00,  1.831495020396787E+00,  5.231307238611019E-01, -3.362791797369560E-03,  1.411803607602905E-03, -1.423986857314690E-03,
2460528.500000000, A.D. 2024-Aug-06 00:00:00.0000,  1.433287121877589E+00,  1.832886865280604E+00,  5.217010361095091E-01, -3.394081011160263E-03,  1.371870412008587E-03, -1.435386493936565E-03,
2460529.500000000, A.D. 2024-Aug-07 00:00:00.0000,  1.429877405832709E+00,  1.834238729442490E+00,  5.202599551184435E-01, -3.425347350101621E-03,  1.331841880897333E-03, -1.446773394860457E-03,
2460530.500000000, A.D. 2024-Aug-08 00:00:00.0000,  1.426436434466696E+00,  1.835550516695509E+00,  5.188074934480711E-01, -3.456591821035336E-03,  1.291716308526070E-03, -1.458147910883538E-03,
2460531.500000000, A.D. 2024-Aug-09 00:00:00.0000,  1.422964229145107E+00,  1.836822129138185E+00,  5.173436633085490E-01, -3.487815428490602E-03,  1.251491971480263E-03, -1.469510391237640E-03,
2460532.500000000, A.D. 2024-Aug-10 00:00:00.0000,  1.419460810230058E+00,  1.838053467136610E+00,  5.158684765615622E-01, -3.519019174850779E-03,  1.211167128238811E-03, -1.480861183644057E-03,
2460533.500000000, A.D. 2024-Aug-11 00:00:00.0000,  1.415926197082283E+00,  1.839244429306118E+00,  5.143819447218063E-01, -3.550204060518810E-03,  1.170740018729437E-03, -1.492200634367857E-03,
2460534.500000000, A.D. 2024-Aug-12 00:00:00.0000,  1.412360408063037E+00,  1.840394912492503E+00,  5.128840789584179E-01, -3.581371084080930E-03,  1.130208863874317E-03, -1.503529088271753E-03,
2460535.500000000, A.D. 2024-Aug-13 00:00:00.0000,  1.408763460535830E+00,  1.841504811752791E+00,  5.113748900963504E-01, -3.612521242469071E-03,  1.089571865125058E-03, -1.514846888869611E-03,
2460536.500000000, A.D. 2024-Aug-14 00:00:00.0000,  1.405135370867998E+00,  1.842574020335520E+00,  5.098543886176947E-01, -3.643655531118679E-03,  1.048827203990317E-03, -1.526154378379399E-03,
2460537.500000000, A.D. 2024-Aug-15 00:00:00.0000,  1.401476154432126E+00,  1.843602429660568E+00,  5.083225846629496E-01, -3.674774944129515E-03,  1.007973041546214E-03, -1.537451897776240E-03,
2460538.500000000, A.D. 2024-Aug-16 00:00:00.0000,  1.397785825607301E+00,  1.844589929298464E+00,  5.067794880322390E-01, -3.705880474418596E-03,  9.670075179418460E-04, -1.548739786844818E-03,
2460539.500000000, A.D. 2024-Aug-17 00:00:00.0000,  1.394064397780224E+00,  1.845536406949213E+00,  5.052251081864751E-01, -3.736973113872396E-03,  9.259287518908355E-04, -1.560018384231758E-03,
2460540.500000000, A.D. 2024-Aug-18 00:00:00.0000,  1.390311883346159E+00,  1.846441748420600E+00,  5.036594542484708E-01, -3.768053853494418E-03,  8.847348401534882E-04, -1.571288027497713E-03,
2460541.500000000, A.D. 2024-Aug-19 00:00:00.0000,  1.386528293709751E+00,  1.847305837605972E+00,  5.020825350040000E-01, -3.799123683549062E-03,  8.434238570047589E-04, -1.582549053169560E-03,
2460542.500000000, A.D. 2024-Aug-20 00:00:00.0000,  1.382713639285690E+00,  1.848128556461484E+00,  5.004943589028045E-01, -3.830183593699679E-03,  8.019938536928504E-04, -1.593801796792401E-03,
2460543.500000000, A.D. 2024-Aug-21 00:00:00.0000,  1.378867929499251E+00,  1.848909784982795E+00,  4.988949340595502E-01, -3.861234573140856E-03,  7.604428578871458E-04, -1.605046592981523E-03,
2460544.500000000, A.D. 2024-Aug-22 00:00:00.0000,  1.374991172786691E+00,  1.849649401181212E+00,  4.972842682547312E-01, -3.892277610726151E-03,  7.187688731199654E-04, -1.616283775473815E-03,
2460545.500000000, A.D. 2024-Aug-23 00:00:00.0000,  1.371083376595540E+00,  1.850347281059269E+00,  4.956623689355226E-01, -3.923313695084271E-03,  6.769698782141655E-04, -1.627513677179864E-03,
2460546.500000000, A.D. 2024-Aug-24 00:00:00.0000,  1.367144547384761E+00,  1.851003298585728E+00,  4.940292432165804E-01, -3.954343814728463E-03,  6.350438267072955E-04, -1.638736630235458E-03,
2460547.500000000, A.D. 2024-Aug-25 00:00:00.0000,  1.363174690624821E+00,  1.851617325670002E+00,  4.923848978807905E-01, -3.985368958160161E-03,  5.929886462717503E-04, -1.649952966052378E-03,
2460548.500000000, A.D. 2024-Aug-26 00:00:00.0000,  1.359173810797649E+00,  1.852189232136004E+00,  4.907293393799693E-01, -4.016390113968348E-03,  5.508022381342536E-04, -1.661163015368065E-03,
2460549.500000000, A.D. 2024-Aug-27 00:00:00.0000,  1.355141911396508E+00,  1.852718885695409E+00,  4.890625738355108E-01, -4.047408270912191E-03,  5.084824764950428E-04, -1.672367108295299E-03,
2460550.500000000, A.D. 2024-Aug-28 00:00:00.0000,  1.351078994925777E+00,  1.853206151920340E+00,  4.873846070389908E-01, -4.078424418010341E-03,  4.660272079554901E-04, -1.683565574368925E-03,
2460551.500000000, A.D. 2024-Aug-29 00:00:00.0000,  1.346985062900653E+00,  1.853650894215486E+00,  4.856954444527181E-01, -4.109439544627729E-03,  4.234342509537778E-04, -1.694758742590521E-03,
2460552.500000000, A.D. 2024-Aug-30 00:00:00.0000,  1.342860115846752E+00,  1.854052973789660E+00,  4.839950912102519E-01, -4.140454640572673E-03,  3.807013952134455E-04, -1.705946941469420E-03,
2460553.500000000, A.D. 2024-Aug-31 00:00:00.0000,  1.338704153299618E+00,  1.854412249626821E+00,  4.822835521168708E-01, -4.171470696209621E-03,  3.378264012059496E-04, -1.717130499059464E-03,
2460554.500000000, A.D. 2024-Sep-01 00:00:00.0000,  1.334517173804091E+00,  1.854728578456551E+00,  4.805608316500149E-01, -4.202488702602940E-03,  2.948069996250955E-04, -1.728309742990265E-03,
2460555.500000000, A.D. 2024-Sep-02 00:00:00.0000,  1.330299174913524E+00,  1.855001814724021E+00,  4.788269339596956E-01, -4.233509651698893E-03,  2.516408908696260E-04, -1.739485000492583E-03,
2460556.500000000, A.D. 2024-Sep-03 00:00:00.0000,  1.326050153188784E+00,  1.855231810559440E+00,  4.770818628688852E-01, -4.264534536567803E-03,  2.083257445192862E-04, -1.750656598417002E-03,
2460557.500000000, A.D. 2024-Sep-04 00:00:00.0000,  1.321770104196985E+00,  1.855418415746958E+00,  4.753256218738895E-01, -4.295564351704114E-03,  1.648591987933790E-04, -1.761824863246986E-03,
2460558.500000000, A.D. 2024-Sep-05 00:00:00.0000,  1.317459022509880E+00,  1.855561477693023E+00,  4.735582141447109E-01, -4.326600093403072E-03,  1.212388599645734E-04, -1.772990121106810E-03,
2460559.500000000, A.D. 2024-Sep-06 00:00:00.0000,  1.313116901701844E+00,  1.855660841394113E+00,  4.717796425254049E-01, -4.357642760200564E-03,  7.746230169992616E-05, -1.784152697767824E-03,
2460560.500000000, A.D. 2024-Sep-07 00:00:00.0000,  1.308743734347392E+00,  1.855716349403761E+00,  4.699899095344291E-01, -4.388693353368842E-03,  3.352706430880178E-05, -1.795312918655349E-03,
2460561.500000000, A.D. 2024-Sep-08 00:00:00.0000,  1.304339512018179E+00,  1.855727841798773E+00,  4.681890173649847E-01, -4.419752877439701E-03, -1.056934612485281E-05, -1.806471108860560E-03,
2460562.500000000, A.D. 2024-Sep-09 00:00:00.0000,  1.299904225279485E+00,  1.855695156144514E+00,  4.663769678853394E-01, -4.450822340728677E-03, -5.482945875415573E-05, -1.817627593162004E-03,
2460563.500000000, A.D. 2024-Sep-10 00:00:00.0000,  1.295437863686179E+00,  1.855618127459114E+00,  4.645537626391261E-01, -4.481902755799544E-03, -9.925583908701941E-05, -1.828782696059109E-03,
2460564.500000000, A.D. 2024-Sep-11 00:00:00.0000,  1.290940415778277E+00,  1.855496588176500E+00,  4.627194028455979E-01, -4.512995139861483E-03, -1.438510902364749E-04, -1.839936741820481E-03,
2460565.500000000, A.D. 2024-Sep-12 00:00:00.0000,  1.286411869076138E+00,  1.855330368108140E+00,  4.608738893998295E-01, -4.544100515048092E-03, -1.886178542321370E-04, -1.851090054545670E-03,
2460566.500000000, A.D. 2024-Sep-13 00:00:00.0000,  1.281852210075457E+00,  1.855119294403451E+00,  4.590172228728504E-01, -4.575219908576504E-03, -2.335588133700195E-04, -1.862242958238661E-03,
2460567.500000000, A.D. 2024-Sep-14 00:00:00.0000,  1.277261424242147E+00,  1.854863191508861E+00,  4.571494035117005E-01, -4.606354352790386E-03, -2.786766915541800E-04, -1.873395776888836E-03,
2460568.500000000, A.D. 2024-Sep-15 00:00:00.0000,  1.272639496007230E+00,  1.854561881125548E+00,  4.552704312394029E-01, -4.637504885108418E-03, -3.239742555949008E-04, -1.884548834554506E-03,
2460569.500000000, A.D. 2024-Sep-16 00:00:00.0000,  1.267986408761822E+00,  1.854215182165906E+00,  4.533803056548529E-01, -4.668672547911230E-03, -3.694543164411499E-04, -1.895702455444113E-03,
2460570.500000000, A.D. 2024-Sep-17 00:00:00.0000,  1.263302144852231E+00,  1.853822910708830E+00,  4.514790260326320E-01, -4.699858388403225E-03, -4.151197303402397E-04, -1.906856963991121E-03,
2460571.500000000, A.D. 2024-Sep-18 00:00:00.0000,  1.258586685575204E+00,  1.853384879953855E+00,  4.495665913227472E-01, -4.731063458482996E-03, -4.609733999318082E-04, -1.918012684920024E-03,
2460572.500000000, A.D. 2024-Sep-19 00:00:00.0000,  1.253840011173287E+00,  1.852900900174248E+00,  4.476430001503118E-01, -4.762288814648577E-03, -5.070182752931940E-04, -1.929169943302363E-03,
2460573.500000000, A.D. 2024-Sep-20 00:00:00.0000,  1.249062100830244E+00,  1.852370778669050E+00,  4.457082508151745E-01, -4.793535517953841E-03, -5.532573549589061E-04, -1.940329064603012E-03,
2460574.500000000, A.D. 2024-Sep-21 00:00:00.0000,  1.244252932666509E+00,  1.851794319714120E+00,  4.437623412915063E-01, -4.824804634023238E-03, -5.996936869376270E-04, -1.951490374717842E-03,
2460575.500000000, A.D. 2024-Sep-22 00:00:00.0000,  1.239412483734574E+00,  1.851171324512138E+00,  4.418052692273537E-01, -4.856097233123729E-03, -6.463303697480041E-04, -1.962654200004440E-03,
2460576.500000000, A.D. 2024-Sep-23 00:00:00.0000,  1.234540730014295E+00,  1.850501591141566E+00,  4.398370319441642E-01, -4.887414390288020E-03, -6.931705534903199E-04, -1.973820867307685E-03,
2460577.500000000, A.D. 2024-Sep-24 00:00:00.0000,  1.229637646408046E+00,  1.849784914504511E+00,  4.378576264362873E-01, -4.918757185479939E-03, -7.402174409663179E-04, -1.984990703981890E-03,
2460578.500000000, A.D. 2024-Sep-25 00:00:00.0000,  1.224703206735688E+00,  1.849021086273441E+00,  4.358670493704550E-01, -4.950126703792300E-03, -7.874742888552644E-04, -1.996164037911081E-03,
2460579.500000000, A.D. 2024-Sep-26 00:00:00.0000,  1.219737383729335E+00,  1.848209894836692E+00,  4.338652970852422E-01, -4.981524035667866E-03, -8.349444089505052E-04, -2.007341197528703E-03,
2460580.500000000, A.D. 2024-Sep-27 00:00:00.0000,  1.214740149027886E+00,  1.847351125242711E+00,  4.318523655905071E-01, -5.012950277136692E-03, -8.826311694583040E-04, -2.018522511837879E-03,
2460581.500000000, A.D. 2024-Sep-28 00:00:00.0000,  1.209711473171310E+00,  1.846444559142969E+00,  4.298282505668115E-01, -5.044406530062901E-03, -9.305379963582450E-04, -2.029708310432766E-03,
2460582.500000000, A.D. 2024-Sep-29 00:00:00.0000,  1.204651325594694E+00,  1.845489974733480E+00,  4.277929473648176E-01, -5.075893902397214E-03, -9.786683748235743E-04, -2.040898923521005E-03,
2460583.500000000, A.D. 2024-Sep-30 00:00:00.0000,  1.199559674622023E+00,  1.844487146694876E+00,  4.257464510046640E-01, -5.107413508430746E-03, -1.027025850700013E-03, -2.052094681947343E-03,
2460584.500000000, A.D. 2024-Oct-01 00:00:00.0000,  1.194436487459714E+00,  1.843435846130968E+00,  4.236887561753163E-01, -5.138966469050175E-03, -1.075614032040114E-03, -2.063295917215989E-03,
2460585.500000000, A.D. 2024-Oct-02 00:00:00.0000,  1.189281730189895E+00,  1.842335840505751E+00,  4.216198572338961E-01, -5.170553911987534E-03, -1.124436590694424E-03, -2.074502961515079E-03,
2460586.500000000, A.D. 2024-Oct-03 00:00:00.0000,  1.184095367763439E+00,  1.841186893578788E+00,  4.195397482049865E-01, -5.202176972067325E-03, -1.173497263958611E-03, -2.085716147735958E-03,
2460587.500000000, A.D. 2024-Oct-04 00:00:00.0000,  1.178877363992742E+00,  1.839988765338915E+00,  4.174484227799172E-01, -5.233836791451436E-03, -1.222799856275243E-03, -2.096935809498709E-03,
2460588.500000000, A.D. 2024-Oct-05 00:00:00.0000,  1.173627681544272E+00,  1.838741211936221E+00,  4.153458743160270E-01, -5.265534519881672E-03, -1.272348240996268E-03, -2.108162281170193E-03,
2460589.500000000, A.D. 2024-Oct-06 00:00:00.0000,  1.168346281930867E+00,  1.837443985612235E+00,  4.132320958359044E-01, -5.297271314911271E-03, -1.322146362196717E-03, -2.119395897885317E-03,
2460590.500000000, A.D. 2024-Oct-07 00:00:00.0000,  1.163033125503805E+00,  1.836096834628269E+00,  4.111070800266093E-01, -5.329048342147946E-03, -1.372198236554675E-03, -2.130636995568326E-03,
2460591.500000000, A.D. 2024-Oct-08 00:00:00.0000,  1.157688171444633E+00,  1.834699503191852E+00,  4.089708192388767E-01, -5.360866775484876E-03, -1.422507955284530E-03, -2.141885910952429E-03,
2460592.500000000, A.D. 2024-Oct-09 00:00:00.0000,  1.152311377756761E+00,  1.833251731381198E+00,  4.068233054862938E-01, -5.392727797336516E-03, -1.473079686137142E-03, -2.153142981598002E-03,
2460593.500000000, A.D. 2024-Oct-10 00:00:00.0000,  1.146902701256832E+00,  1.831753255067651E+00,  4.046645304444677E-01, -5.424632598872043E-03, -1.523917675457417E-03, -2.164408545911440E-03,
2460594.500000000, A.D. 2024-Oct-11 00:00:00.0000,  1.141462097565839E+00,  1.830203805836025E+00,  4.024944854501687E-01, -5.456582380248624E-03, -1.575026250314525E-03, -2.175682943160991E-03,
2460595.500000000, A.D. 2024-Oct-12 00:00:00.0000,  1.135989521100032E+00,  1.828603110902795E+00,  4.003131615004618E-01, -5.488578350846464E-03, -1.626409820692035E-03, -2.186966513492552E-03,
2460596.500000000, A.D. 2024-Oct-13 00:00:00.0000,  1.130484925061568E+00,  1.826950893032052E+00,  3.981205492518207E-01, -5.520621729502829E-03, -1.678072881755355E-03, -2.198259597943180E-03,
2460597.500000000, A.D. 2024-Oct-14 00:00:00.0000,  1.124948261428941E+00,  1.825246870449160E+00,  3.959166390192322E-01, -5.552713744747831E-03, -1.730020016188319E-03, -2.209562538453108E-03,
2460598.500000000, A.D. 2024-Oct-15 00:00:00.0000,  1.119379480947169E+00,  1.823490756752040E+00,  3.937014207752871E-01, -5.584855635041108E-03, -1.782255896606634E-03, -2.220875677876053E-03,
2460599.500000000, A.D. 2024-Oct-16 00:00:00.0000,  1.113778533117749E+00,  1.821682260819995E+00,  3.914748841492612E-01, -5.617048649009499E-03, -1.834785288050421E-03, -2.232199359987173E-03,
2460600.500000000, A.D. 2024-Oct-17 00:00:00.0000,  1.108145366188366E+00,  1.819821086720003E+00,  3.892370184261927E-01, -5.649294045686025E-03, -1.887613050559693E-03, -2.243533929489393E-03,
2460601.500000000, A.D. 2024-Oct-18 00:00:00.0000,  1.102479927142369E+00,  1.817906933610402E+00,  3.869878125459512E-01, -5.681593094750327E-03, -1.940744141834410E-03, -2.254879732017174E-03,
2460602.500000000, A.D. 2024-Oct-19 00:00:00.0000,  1.096782161688004E+00,  1.815939495641856E+00,  3.847272551023045E-01, -5.713947076770657E-03, -1.994183619983487E-03, -2.266237114137572E-03,
2460603.500000000, A.D. 2024-Oct-20 00:00:00.0000,  1.091052014247402E+00,  1.813918461855536E+00,  3.824553343419892E-01, -5.746357283446911E-03, -2.047936646367792E-03, -2.277606423349498E-03,
2460604.500000000, A.D. 2024-Oct-21 00:00:00.0000,  1.085289427945328E+00,  1.811843516078405E+00,  3.801720381637766E-01, -5.778825017855435E-03, -2.102008488538504E-03, -2.288988008079554E-03,
2460605.500000000, A.D. 2024-Oct-22 00:00:00.0000,  1.079494344597679E+00,  1.809714336815518E+00,  3.778773541175517E-01, -5.811351594695376E-03, -2.156404523276835E-03, -2.300382217674868E-03,
2460606.500000000, A.D. 2024-Oct-23 00:00:00.0000,  1.073666704699738E+00,  1.807530597139229E+00,  3.755712694033959E-01, -5.843938340535662E-03, -2.211130239737801E-03, -2.311789402393616E-03,
2460607.500000000, A.D. 2024-Oct-24 00:00:00.0000,  1.067806447414182E+00,  1.805291964575196E+00,  3.732537708706816E-01, -5.876586594064313E-03, -2.266191242705101E-03, -2.323209913391108E-03,
2460608.500000000, A.D. 2024-Oct-25 00:00:00.0000,  1.061913510558835E+00,  1.802998100985084E+00,  3.709248450171849E-01, -5.909297706337836E-03, -2.321593255957192E-03, -2.334644102703314E-03,
2460609.500000000, A.D. 2024-Oct-26 00:00:00.0000,  1.055987830594176E+00,  1.800648662445834E+00,  3.685844779882140E-01, -5.942073041032335E-03, -2.377342125754248E-03, -2.346092323226029E-03,
2460610.500000000, A.D. 2024-Oct-27 00:00:00.0000,  1.050029342610593E+00,  1.798243299125386E+00,  3.662326555757612E-01, -5.974913974695352E-03, -2.433443824448854E-03, -2.357554928690136E-03,
2460611.500000000, A.D. 2024-Oct-28 00:00:00.0000,  1.044037980315387E+00,  1.795781655154728E+00,  3.638693632176828E-01, -6.007821896998359E-03, -2.489904454224766E-03, -2.369032273632712E-03,
2460612.500000000, A.D. 2024-Oct-29 00:00:00.0000,  1.038013676019519E+00,  1.793263368496142E+00,  3.614945859969080E-01, -6.040798210989282E-03, -2.546730250972067E-03, -2.380524713363542E-03,
2460613.500000000, A.D. 2024-Oct-30 00:00:00.0000,  1.031956360624108E+00,  1.790688070807499E+00,  3.591083086406860E-01, -6.073844333346147E-03, -2.603927588301426E-03, -2.392032603926702E-03,
2460614.500000000, A.D. 2024-Oct-31 00:00:00.0000,  1.025865963606675E+00,  1.788055387302471E+00,  3.567105155198729E-01, -6.106961694629882E-03, -2.661502981706578E-03, -2.403556302057074E-03,
2460615.500000000, A.D. 2024-Nov-01 00:00:00.0000,  1.019742413007133E+00,  1.785364936606504E+00,  3.543011906482641E-01, -6.140151739536942E-03, -2.719463092879924E-03, -2.415096165131326E-03,
2460616.500000000, A.D. 2024-Nov-02 00:00:00.0000,  1.013585635413528E+00,  1.782616330608392E+00,  3.518803176819805E-01, -6.173415927151182E-03, -2.777814734188385E-03, -2.426652551113054E-03,
2460617.500000000, A.D. 2024-Nov-03 00:00:00.0000,  1.007395555947520E+00,  1.779809174307299E+00,  3.494478799189106E-01, -6.206755731194597E-03, -2.836564873316690E-03, -2.438225818491701E-03,
2460618.500000000, A.D. 2024-Nov-04 00:00:00.0000,  1.001172098249627E+00,  1.776943065655046E+00,  3.470038602982194E-01, -6.240172640276543E-03, -2.895720638085434E-03, -2.449816326214881E-03,
2460619.500000000, A.D. 2024-Nov-05 00:00:00.0000,  9.949151844642112E-01,  1.774017595393487E+00,  3.445482413999257E-01, -6.273668158139590E-03, -2.955289321454612E-03, -2.461424433613420E-03,
2460620.500000000, A.D. 2024-Nov-06 00:00:00.0000,  9.886247352242210E-01,  1.771032346886792E+00,  3.420810054445593E-01, -6.307243803905182E-03, -3.015278386713391E-03, -2.473050500319363E-03,
2460621.500000000, A.D. 2024-Nov-07 00:00:00.0000,  9.823006696356962E-01,  1.767986895948440E+00,  3.396021342929049E-01, -6.340901112313233E-03, -3.075695472875312E-03, -2.484694886175514E-03,
2460622.500000000, A.D. 2024-Nov-08 00:00:00.0000,  9.759429052620276E-01,  1.764880810662706E+00,  3.371116094458400E-01, -6.374641633958242E-03, -3.136548400281264E-03, -2.496357951136643E-03,
2460623.500000000, A.D. 2024-Nov-09 00:00:00.0000,  9.695513581079883E-01,  1.761713651200446E+00,  3.346094120442759E-01, -6.408466935520988E-03, -3.197845176420979E-03, -2.508040055161668E-03,
2460624.500000000, A.D. 2024-Nov-10 00:00:00.0000,  9.631259426035330E-01,  1.758484969628939E+00,  3.320955228692108E-01, -6.442378599993777E-03, -3.259594001985029E-03, -2.519741558096179E-03,
2460625.500000000, A.D. 2024-Nov-11 00:00:00.0000,  9.566665715873768E-01,  1.755194309715563E+00,  3.295699223419080E-01, -6.476378226897469E-03, -3.321803277156305E-03, -2.531462819544491E-03,
2460626.500000000, A.D. 2024-Nov-12 00:00:00.0000,  9.501731562903627E-01,  1.751841206725049E+00,  3.270325905242032E-01, -6.510467432492148E-03, -3.384481608154688E-03, -2.543204198731114E-03,
2460627.500000000, A.D. 2024-Nov-13 00:00:00.0000,  9.436456063186197E-01,  1.748425187210066E+00,  3.244835071189606E-01, -6.544647849976154E-03, -3.447637814044132E-03, -2.554966054350271E-03,
2460628.500000000, A.D. 2024-Nov-14 00:00:00.0000,  9.370838296365313E-01,  1.744945768794858E+00,  3.219226514706817E-01, -6.578921129674405E-03, -3.511280933815806E-03, -2.566748744403021E-03,
2460629.500000000, A.D. 2024-Nov-15 00:00:00.0000,  9.304877325495181E-01,  1.741402459951654E+00,  3.193500025662874E-01, -6.613288939213453E-03, -3.575420233760498E-03, -2.578552626021143E-03,
2460630.500000000, A.D. 2024-Nov-16 00:00:00.0000,  9.238572196866570E-01,  1.737794759769557E+00,  3.167655390360795E-01, -6.647752963681492E-03, -3.640065215144192E-03, -2.590378055276947E-03,
2460631.500000000, A.D. 2024-Nov-17 00:00:00.0000,  9.171921939831448E-01,  1.734122157715600E+00,  3.141692391549021E-01, -6.682314905771450E-03, -3.705225622199436E-03, -2.602225386977765E-03,
2460632.500000000, A.D. 2024-Nov-18 00:00:00.0000,  9.104925566626307E-01,  1.730384133387648E+00,  3.115610808435164E-01, -6.716976485905508E-03, -3.770911450447258E-03, -2.614094974444072E-03,
2460633.500000000, A.D. 2024-Nov-19 00:00:00.0000,  9.037582072194338E-01,  1.726580156258803E+00,  3.089410416702051E-01, -6.751739442336444E-03, -3.837132955367115E-03, -2.625987169270495E-03,
2460634.500000000, A.D. 2024-Nov-20 00:00:00.0000,  8.969890434006687E-01,  1.722709685412960E+00,  3.063090988526268E-01, -6.786605531224761E-03, -3.903900661427165E-03, -2.637902321067931E-03,
2460635.500000000, A.D. 2024-Nov-21 00:00:00.0000,  8.901849611883175E-01,  1.718772169271148E+00,  3.036652292599349E-01, -6.821576526702204E-03, -3.971225371493251E-03, -2.649840777184004E-03,
2460636.500000000, A.D. 2024-Nov-22 00:00:00.0000,  8.833458547812287E-01,  1.714767045308265E+00,  3.010094094151922E-01, -6.856654220885752E-03, -4.039118176629867E-03, -2.661802882403854E-03,
2460637.500000000, A.D. 2024-Nov-23 00:00:00.0000,  8.764716165771321E-01,  1.710693739759800E+00,  2.983416154980913E-01, -6.891840423877603E-03, -4.107590466308536E-03, -2.673788978624738E-03,
2460638.500000000, A.D. 2024-Nov-24 00:00:00.0000,  8.695621371546937E-01,  1.706551667318167E+00,  2.956618233480168E-01, -6.927136963767494E-03, -4.176653939073287E-03, -2.685799404504187E-03,
2460639.500000000, A.D. 2024-Nov-25 00:00:00.0000,  8.626173052555005E-01,  1.702340230818084E+00,  2.929700084674726E-01, -6.962545686542078E-03, -4.246320613601634E-03, -2.697834495080964E-03,
2460640.500000000, A.D. 2024-Nov-26 00:00:00.0000,  8.556370077662341E-01,  1.698058820910733E+00,  2.902661460259037E-01, -6.998068456035668E-03, -4.316602840277082E-03, -2.709894581362026E-03,
2460641.500000000, A.D. 2024-Nov-27 00:00:00.0000,  8.486211297008520E-01,  1.693706815726052E+00,  2.875502108639489E-01, -7.033707153850098E-03, -4.387513313257597E-03, -2.721979989876420E-03,
2460642.500000000, A.D. 2024-Nov-28 00:00:00.0000,  8.415695541828634E-01,  1.689283580522719E+00,  2.848221774981570E-01, -7.069463679262204E-03, -4.459065083048021E-03, -2.734091042189962E-03,
2460643.500000000, A.D. 2024-Nov-29 00:00:00.0000,  8.344821624277010E-01,  1.684788467325280E+00,  2.820820201262099E-01, -7.105339949138019E-03, -4.531271569641412E-03, -2.746228054379267E-03,
2460644.500000000, A.D. 2024-Nov-30 00:00:00.0000,  8.273588337251657E-01,  1.680220814547845E+00,  2.793297126326933E-01, -7.141337897862118E-03, -4.604146576262161E-03, -2.758391336461578E-03,
2460645.500000000, A.D. 2024-Dec-01 00:00:00.0000,  8.201994454219370E-01,  1.675579946603714E+00,  2.765652285954603E-01, -7.177459477286935E-03, -4.677704303761793E-03, -2.770581191778056E-03,
2460646.500000000, A.D. 2024-Dec-02 00:00:00.0000,  8.130038729041223E-01,  1.670865173500261E+00,  2.737885412926361E-01, -7.213706656700766E-03, -4.751959365725684E-03, -2.782797916329119E-03,
2460647.500000000, A.D. 2024-Dec-03 00:00:00.0000,  8.057719895798302E-01,  1.666075790418321E+00,  2.709996237103108E-01, -7.250081422809687E-03, -4.826926804353576E-03, -2.795041798060528E-03,
2460648.500000000, A.D. 2024-Dec-04 00:00:00.0000,  7.985036668617644E-01,  1.661211077275295E+00,  2.681984485509719E-01, -7.286585779712143E-03, -4.902622107184767E-03, -2.807313116100598E-03,
2460649.500000000, A.D. 2024-Dec-05 00:00:00.0000,  7.911987741498562E-01,  1.656270298271064E+00,  2.653849882427241E-01, -7.323221748837298E-03, -4.979061224727722E-03, -2.819612139948060E-03,
2460650.500000000, A.D. 2024-Dec-06 00:00:00.0000,  7.838571788139969E-01,  1.651252701415811E+00,  2.625592149493440E-01, -7.359991368805542E-03, -5.056260589056869E-03, -2.831939128610930E-03,
2460651.500000000, A.D. 2024-Dec-07 00:00:00.0000,  7.764787461769656E-01,  1.646157518038737E+00,  2.597211005812244E-01, -7.396896695163544E-03, -5.134237133415740E-03, -2.844294329694590E-03,
2460652.500000000, A.D. 2024-Dec-08 00:00:00.0000,  7.690633394977026E-01,  1.640983962276654E+00,  2.568706168072536E-01, -7.433939799953355E-03, -5.213008312865081E-03, -2.856677978435923E-03,
2460653.500000000, A.D. 2024-Dec-09 00:00:00.0000,  7.616108199551157E-01,  1.635731230541405E+00,  2.540077350676917E-01, -7.471122771074530E-03, -5.292592125992998E-03, -2.869090296677751E-03,
2460654.500000000, A.D. 2024-Dec-10 00:00:00.0000,  7.541210466326330E-01,  1.630398500965030E+00,  2.511324265881058E-01, -7.508447711423162E-03, -5.373007137705760E-03, -2.881531491774977E-03,
2460655.500000000, A.D. 2024-Dec-11 00:00:00.0000,  7.465938765037318E-01,  1.624984932821593E+00,  2.482446623944373E-01, -7.545916737804991E-03, -5.454272503123277E-03, -2.894001755422061E-03,
2460656.500000000, A.D. 2024-Dec-12 00:00:00.0000,  7.390291644186671E-01,  1.619489665924553E+00,  2.453444133292849E-01, -7.583531979624267E-03, -5.536407992607715E-03, -2.906501262390494E-03,
2460657.500000000, A.D. 2024-Dec-13 00:00:00.0000,  7.314267630926072E-01,  1.613911819998513E+00,  2.424316500695023E-01, -7.621295577384053E-03, -5.619434017978759E-03, -2.919030169162894E-03,
2460658.500000000, A.D. 2024-Dec-14 00:00:00.0000,  7.237865230953616E-01,  1.608250494024133E+00,  2.395063431452159E-01, -7.659209681007785E-03, -5.703371659992849E-03, -2.931588612453390E-03,
2460659.500000000, A.D. 2024-Dec-15 00:00:00.0000,  7.161082928428621E-01,  1.602504765554895E+00,  2.365684629603862E-01, -7.697276448007345E-03, -5.788242697167586E-03, -2.944176707601690E-03,
2460660.500000000, A.D. 2024-Dec-16 00:00:00.0000,  7.083919185905500E-01,  1.596673690004329E+00,  2.336179798150413E-01, -7.735498041512757E-03, -5.874069636069520E-03, -2.956794546830737E-03,
2460661.500000000, A.D. 2024-Dec-17 00:00:00.0000,  7.006372444288048E-01,  1.590756299902166E+00,  2.306548639293249E-01, -7.773876628152970E-03, -5.960875743179985E-03, -2.969442197358364E-03,
2460662.500000000, A.D. 2024-Dec-18 00:00:00.0000,  6.928441122805686E-01,  1.584751604117785E+00,  2.276790854695108E-01, -7.812414375778767E-03, -6.048685078464654E-03, -2.982119699352436E-03,
2460663.500000000, A.D. 2024-Dec-19 00:00:00.0000,  6.850123619013337E-01,  1.578658587049179E+00,  2.246906145761446E-01, -7.851113451016568E-03, -6.137522530790604E-03, -2.994827063718856E-03,
2460664.500000000, A.D. 2024-Dec-20 00:00:00.0000,  6.771418308816765E-01,  1.572476207775531E+00,  2.216894213944845E-01, -7.889976016607366E-03, -6.227413855314898E-03, -3.007564269711229E-03,
2460665.500000000, A.D. 2024-Dec-21 00:00:00.0000,  6.692323546525706E-01,  1.566203399171354E+00,  2.186754761074292E-01, -7.929004228512568E-03, -6.318385712998153E-03, -3.020331262348740E-03,
2460666.500000000, A.D. 2024-Dec-22 00:00:00.0000,  6.612837664937284E-01,  1.559839066979985E+00,  2.156487489711285E-01, -7.968200232739388E-03, -6.410465712381682E-03, -3.033127949627872E-03,
2460667.500000000, A.D. 2024-Dec-23 00:00:00.0000,  6.532958975452715E-01,  1.553382088844117E+00,  2.126092103534913E-01, -8.007566161853344E-03, -6.503682453793570E-03, -3.045954199511531E-03,
2460668.500000000, A.D. 2024-Dec-24 00:00:00.0000,  6.452685768230619E-01,  1.546831313290839E+00,  2.095568307758251E-01, -8.047104131132117E-03, -6.598065576140308E-03, -3.058809836676977E-03,
2460669.500000000, A.D. 2024-Dec-25 00:00:00.0000,  6.372016312380792E-01,  1.540185558668515E+00,  2.064915809578556E-01, -8.086816234323375E-03, -6.693645806462166E-03, -3.071694639001666E-03,
2460670.500000000, A.D. 2024-Dec-26 00:00:00.0000,  6.290948856202534E-01,  1.533443612032649E+00,  2.034134318664015E-01, -8.126704538955642E-03, -6.790455012445447E-03, -3.084608333764796E-03,
2460671.500000000, A.D. 2024-Dec-27 00:00:00.0000,  6.209481627472324E-01,  1.526604227977680E+00,  2.003223547679991E-01, -8.166771081159672E-03, -6.888526258092431E-03, -3.097550593538597E-03,
2460672.500000000, A.D. 2024-Dec-28 00:00:00.0000,  6.127612833785908E-01,  1.519666127411426E+00,  1.972183212858041E-01, -8.207017859948139E-03, -6.987893862774004E-03, -3.110521031741911E-03,
2460673.500000000, A.D. 2024-Dec-29 00:00:00.0000,  6.045340662960569E-01,  1.512627996268694E+00,  1.941013034611203E-01, -8.247446830896153E-03, -7.088593463904800E-03, -3.123519197825084E-03,
2460674.500000000, A.D. 2024-Dec-30 00:00:00.0000,  5.962663283503801E-01,  1.505488484160291E+00,  1.909712738199417E-01, -8.288059899165468E-03, -7.190662083504064E-03, -3.136544572052517E-03,
2460675.500000000, A.D. 2024-Dec-31 00:00:00.0000,  5.879578845155308E-01,  1.498246202953411E+00,  1.878282054449280E-01, -8.328858911803743E-03, -7.294138198926916E-03, -3.149596559845470E-03,
2460676.500000000, A.D. 2025-Jan-01 00:00:00.0000,  5.796085479509947E-01,  1.490899725279083E+00,  1.846720720532758E-01, -8.369845649246447E-03, -7.399061818076538E-03, -3.162674485644211E-03,
