2459945.500000000, A.D. 2023-Jan-01 00:00:00.0000,  5.611670047918549E-01, -4.623887273023179E-01, -3.872869882370963E-02,  1.273371661740995E-02,  1.553237982724655E-02, -5.215260061580709E-04,
2459946.500000000, A.D. 2023-Jan-02 00:00:00.0000,  5.736840462075438E-01, -4.466811354249785E-01, -3.923531665568307E-02,  1.229876002983745E-02,  1.588080297930209E-02, -4.916444472448063E-04,
2459947.500000000, A.D. 2023-Jan-03 00:00:00.0000,  5.857613669756289E-01, -4.306311668267104E-01, -3.971186103979971E-02,  1.185433004683220E-02,  1.621708997024815E-02, -4.613828625802601E-04,
2459948.500000000, A.D. 2023-Jan-04 00:00:00.0000,  5.973896590253386E-01, -4.142510861169168E-01, -4.015796325322082E-02,  1.140075846140751E-02,  1.654098535765372E-02, -4.307639040060845E-04,
2459949.500000000, A.D. 2023-Jan-05 00:00:00.0000,  6.085599494743853E-01, -3.975534089557641E-01, -4.057327736054795E-02,  1.093838382178324E-02,  1.685224251147771E-02, -3.998104921046815E-04,
2459950.500000000, A.D. 2023-Jan-06 00:00:00.0000,  6.192636072763079E-01, -3.805508931553533E-01, -4.095748047516685E-02,  1.046755121499922E-02,  1.715062378622134E-02, -3.685458013784065E-04,
2459951.500000000, A.D. 2023-Jan-07 00:00:00.0000,  6.294923496494538E-01, -3.632565296109165E-01, -4.131027300568849E-02,  9.988612046581741E-03,  1.743590068872245E-02, -3.369932452633485E-04,
2459952.500000000, A.D. 2023-Jan-08 00:00:00.0000,  6.392382482836568E-01, -3.456835330664052E-01, -4.163137888731894E-02,  9.501923816269200E-03,  1.770785404157722E-02, -3.051764609732561E-04,
2459953.500000000, A.D. 2023-Jan-09 00:00:00.0000,  6.484937353206736E-01, -3.278453327188835E-01, -4.192054579798892E-02,  9.007849889811405E-03,  1.796627414206426E-02, -2.731192941770548E-04,
2459954.500000000, A.D. 2023-Jan-10 00:00:00.0000,  6.572516091044568E-01, -3.097555626662621E-01, -4.217754535907712E-02,  8.506759266826969E-03,  1.821096091657767E-02, -2.408457835036207E-04,
2459955.500000000, A.D. 2023-Jan-11 00:00:00.0000,  6.655050396973040E-01, -2.914280522028924E-01, -4.240217332055060E-02,  7.999026344713485E-03,  1.844172407041670E-02, -2.083801448761441E-04,
2459956.500000000, A.D. 2023-Jan-12 00:00:00.0000,  6.732475741579611E-01, -2.728768159677253E-01, -4.259424973035622E-02,  7.485030678642071E-03,  1.865838323285872E-02, -1.757467556784551E-04,
2459957.500000000, A.D. 2023-Jan-13 00:00:00.0000,  6.804731415777573E-01, -2.541160439498170E-01, -4.275361908789567E-02,  6.965156737627591E-03,  1.886076809737635E-02, -1.429701387559360E-04,
2459958.500000000, A.D. 2023-Jan-14 00:00:00.0000,  6.871760578708637E-01, -2.351600913560890E-01, -4.288015048141994E-02,  6.439793656716234E-03,  1.904871855688541E-02, -1.100749462556850E-04,
2459959.500000000, A.D. 2023-Jan-15 00:00:00.0000,  6.933510303148169E-01, -2.160234683463813E-01, -4.297373770918649E-02,  5.909334985332313E-03,  1.922208483389413E-02, -7.708594331179097E-05,
2459960.500000000, A.D. 2023-Jan-16 00:00:00.0000,  6.989931618374878E-01, -1.967208296409566E-01, -4.303429938422660E-02,  5.374178431833116E-03,  1.938072760542680E-02, -4.402799158165156E-05,
2459961.500000000, A.D. 2023-Jan-17 00:00:00.0000,  7.040979550467327E-01, -1.772669640057472E-01, -4.306177902257694E-02,  4.834725604326749E-03,  1.952451812259613E-02, -1.092603263926794E-05,
2459962.500000000, A.D. 2023-Jan-18 00:00:00.0000,  7.086613159990185E-01, -1.576767836207569E-01, -4.305614511483544E-02,  4.291381747813277E-03,  1.965333832469993E-02,  2.219492876846190E-05,
2459963.500000000, A.D. 2023-Jan-19 00:00:00.0000,  7.126795577033771E-01, -1.379653133371555E-01, -4.301739118090758E-02,  3.744555477714039E-03,  1.976708094771756E-02,  5.530984159641707E-05,
2459964.500000000, A.D. 2023-Jan-20 00:00:00.0000,  7.161494033571129E-01, -1.181476798287298E-01, -4.294553580781494E-02,  3.194658509857918E-03,  1.986564962708049E-02,  8.839362550092004E-05,
2459965.500000000, A.D. 2023-Jan-21 00:00:00.0000,  7.190679893097529E-01, -9.823910064347914E-02, -4.284062267044415E-02,  2.642105386996311E-03,  1.994895899459063E-02,  1.214211879581771E-04,
2459966.500000000, A.D. 2023-Jan-22 00:00:00.0000,  7.214328677518095E-01, -7.825487316127276E-02, -4.270272053512050E-02,  2.087313201920912E-03,  2.001693476935714E-02,  1.543674414956022E-04,
2459967.500000000, A.D. 2023-Jan-23 00:00:00.0000,  7.232420091249910E-01, -5.821036346361581E-02, -4.253192324589640E-02,  1.530701317259888E-03,  2.006951384261968E-02,  1.872073210298305E-04,
2459968.500000000, A.D. 2023-Jan-24 00:00:00.0000,  7.244938042505821E-01, -3.812099512170521E-02, -4.232834969345094E-02,  9.726910820288294E-04,  2.010664435632240E-02,  2.199158013054103E-04,
2459969.500000000, A.D. 2023-Jan-25 00:00:00.0000,  7.251870661727958E-01, -1.800223790909240E-02, -4.209214376650385E-02,  4.137055450540953E-04,  2.012828577530835E-02,  2.524679144253539E-04,
2459970.500000000, A.D. 2023-Jan-26 00:00:00.0000,  7.253210317140151E-01,  2.130403554605372E-03, -4.182347428565515E-02, -1.458308346828293E-04,  2.013440895298917E-02,  2.848387674693888E-04,
2459971.500000000, A.D. 2023-Jan-27 00:00:00.0000,  7.248953627388830E-01,  2.226140122232311E-02, -4.152253491956664E-02, -7.054924806471200E-04,  2.012499619033458E-02,  3.170035601897264E-04,
2459972.500000000, A.D. 2023-Jan-28 00:00:00.0000,  7.239101471243672E-01,  4.237521509378675E-02, -4.118954408341161E-02, -1.264852994198153E-03,  2.010004128807794E-02,  3.489376027776924E-04,
2459973.500000000, A.D. 2023-Jan-29 00:00:00.0000,  7.223658994329942E-01,  6.245630473847576E-02, -4.082474481952618E-02, -1.823485452779524E-03,  2.005954959194446E-02,  3.806163336923798E-04,
2459974.500000000, A.D. 2023-Jan-30 00:00:00.0000,  7.202635612865755E-01,  8.248914086027846E-02, -4.042840466020475E-02, -2.380962710721831E-03,  2.000353803078224E-02,  4.120153375424086E-04,
2459975.500000000, A.D. 2023-Jan-31 00:00:00.0000,  7.176045014378789E-01,  1.024582168966664E-01, -4.000081547259094E-02, -2.936857702530882E-03,  1.993203514744455E-02,  4.431103630114131E-04,
2459976.500000000, A.D. 2023-Feb-01 00:00:00.0000,  7.143905155378233E-01,  1.223480606450636E-01, -3.954229328562534E-02, -3.490743748525136E-03,  1.984508112227275E-02,  4.738773408173635E-04,
2459977.500000000, A.D. 2023-Feb-02 00:00:00.0000,  7.106238255959240E-01,  1.421432459089374E-01, -3.905317809902121E-02, -4.042194862677317E-03,  1.974272778903067E-02,  5.042924016953750E-04,
2459978.500000000, A.D. 2023-Feb-03 00:00:00.0000,  7.063070791318555E-01,  1.618284041559875E-01, -3.853383367425036E-02, -4.590786062506293E-03,  1.962503864314325E-02,  5.343318943930580E-04,
2459979.500000000, A.D. 2023-Feb-04 00:00:00.0000,  7.014433480161669E-01,  1.813882361806648E-01, -3.798464730753184E-02, -5.136093680856437E-03,  1.949208884209309E-02,  5.639724036671442E-04,
2459980.500000000, A.D. 2023-Feb-05 00:00:00.0000,  6.960361269983438E-01,  2.008075237631058E-01, -3.740602958482849E-02, -5.677695679392830E-03,  1.934396519783048E-02,  5.931907682693946E-04,
2459981.500000000, A.D. 2023-Feb-06 00:00:00.0000,  6.900893319205925E-01,  2.200711413164238E-01, -3.679841411886810E-02, -6.215171963631807E-03,  1.918076616105383E-02,  6.219640989094960E-04,
2459982.500000000, A.D. 2023-Feb-07 00:00:00.0000,  6.836072976159051E-01,  2.391640675141566E-01, -3.616225726821835E-02, -6.748104699317464E-03,  1.900260179721913E-02,  6.502697961820560E-04,
2459983.500000000, A.D. 2023-Feb-08 00:00:00.0000,  6.765947754891559E-01,  2.580713968895307E-01, -3.549803783845838E-02, -7.276078629945878E-03,  1.880959375413849E-02,  6.780855684443528E-04,
2459984.500000000, A.D. 2023-Feb-09 00:00:00.0000,  6.690569307801875E-01,  2.767783513980596E-01, -3.480625676550295E-02, -7.798681395229955E-03,  1.860187522102946E-02,  7.053894496309783E-04,
2459985.500000000, A.D. 2023-Feb-10 00:00:00.0000,  6.609993395080538E-01,  2.952702919348707E-01, -3.408743678114950E-02, -8.315503850278646E-03,  1.837959087891212E-02,  7.321598169908988E-04,
2459986.500000000, A.D. 2023-Feb-11 00:00:00.0000,  6.524279850958116E-01,  3.135327297980464E-01, -3.334212206093284E-02, -8.826140385284141E-03,  1.814289684218781E-02,  7.583754087327201E-04,
2459987.500000000, A.D. 2023-Feb-12 00:00:00.0000,  6.433492546754882E-01,  3.315513380890707E-01, -3.257087785438765E-02, -9.330189245448234E-03,  1.789196059129597E-02,  7.840153415613695E-04,
2459988.500000000, A.D. 2023-Feb-13 00:00:00.0000,  6.337699350730793E-01,  3.493119630414556E-01, -3.177429009783361E-02, -9.827252850944164E-03,  1.762696089636497E-02,  8.090591280929925E-04,
2459989.500000000, A.D. 2023-Feb-14 00:00:00.0000,  6.236972084736946E-01,  3.668006352684381E-01, -3.095296500981485E-02, -1.031693811662153E-02,  1.734808773169761E-02,  8.334866941292900E-04,
2459990.500000000, A.D. 2023-Feb-15 00:00:00.0000,  6.131386477672259E-01,  3.840035809205543E-01, -3.010752866934122E-02, -1.079885677121066E-02,  1.705554218102278E-02,  8.572783957761263E-04,
2459991.500000000, A.D. 2023-Feb-16 00:00:00.0000,  6.021022115751765E-01,  4.009072327438062E-01, -2.923862657709637E-02, -1.127262567575138E-02,  1.674953633341470E-02,  8.804150363892519E-04,
2459992.500000000, A.D. 2023-Feb-17 00:00:00.0000,  5.905962389595650E-01,  4.174982410290458E-01, -2.834692319979340E-02, -1.173786714096369E-02,  1.643029316979246E-02,  9.028778833295756E-04,
2459993.500000000, A.D. 2023-Feb-18 00:00:00.0000,  5.786294438151102E-01,  4.337634844431147E-01, -2.743310149787825E-02, -1.219420924327019E-02,  1.609804643992217E-02,  9.246486845102398E-04,
2459994.500000000, A.D. 2023-Feb-19 00:00:00.0000,  5.662109089461902E-01,  4.496900807322106E-01, -2.649786243679723E-02, -1.264128613917265E-02,  1.575304052985511E-02,  9.457096847173537E-04,
2459995.500000000, A.D. 2023-Feb-20 00:00:00.0000,  5.533500798303748E-01,  4.652653972878839E-01, -2.554192448206516E-02, -1.307873837767768E-02,  1.539553031974519E-02,  9.660436416860205E-04,
2459996.500000000, A.D. 2023-Feb-21 00:00:00.0000,  5.400567580706382E-01,  4.804770615660240E-01, -2.456602307838717E-02, -1.350621321045867E-02,  1.502578103199987E-02,  9.856338419129880E-04,
2459997.500000000, A.D. 2023-Feb-22 00:00:00.0000,  5.263410945386738E-01,  4.953129713491465E-01, -2.357091011310756E-02, -1.392336489943385E-02,  1.464406806972884E-02,  1.004464116186937E-03,
2459998.500000000, A.D. 2023-Feb-23 00:00:00.0000,  5.122135822120599E-01,  5.097613048422668E-01, -2.255735336427750E-02, -1.432985502143269E-02,  1.425067684546528E-02,  1.022518854817132E-03,
2459999.500000000, A.D. 2023-Feb-24 00:00:00.0000,  4.976850487083541E-01,  5.238105305926269E-01, -2.152613593365359E-02, -1.472535276961542E-02,  1.384590260014501E-02,  1.039783022540884E-03,
2460000.500000000, A.D. 2023-Feb-25 00:00:00.0000,  4.827666485195338E-01,  5.374494172235251E-01, -2.047805566495678E-02, -1.510953525130276E-02,  1.343005021233902E-02,  1.056242173089985E-03,
2460001.500000000, A.D. 2023-Feb-26 00:00:00.0000,  4.674698549505413E-01,  5.506670429725220E-01, -1.941392454774381E-02, -1.548208778188986E-02,  1.300343399778512E-02,  1.071882463398031E-03,
2460002.500000000, A.D. 2023-Feb-27 00:00:00.0000,  4.518064517660149E-01,  5.634528050243228E-01, -1.833456810725945E-02, -1.584270417447178E-02,  1.256637749918984E-02,  1.086690667426537E-03,
2460003.500000000, A.D. 2023-Feb-28 00:00:00.0000,  4.357885245497142E-01,  5.757964286286241E-01, -1.724082478066261E-02, -1.619108702481533E-02,  1.211921326638919E-02,  1.100654189589827E-03,
2460004.500000000, A.D. 2023-Mar-01 00:00:00.0000,  4.194284517813985E-01,  5.876879759933203E-01, -1.613354528003299E-02, -1.652694799138286E-02,  1.166228262690687E-02,  1.113761077762956E-03,
2460005.500000000, A.D. 2023-Mar-02 00:00:00.0000,  4.027388956363542E-01,  5.991178549434947E-01, -1.501359194259063E-02, -1.685000806996585E-02,  1.119593544697538E-02,  1.126000035847239E-03,
2460006.500000000, A.D. 2023-Mar-03 00:00:00.0000,  3.857327925131109E-01,  6.100768273366983E-01, -1.388183806857694E-02, -1.715999786261249E-02,  1.072052988311253E-02,  1.137360435876782E-03,
2460007.500000000, A.D. 2023-Mar-04 00:00:00.0000,  3.684233432952379E-01,  6.205560172251253E-01, -1.273916724726775E-02, -1.745665784047719E-02,  1.023643212435338E-02,  1.147832329645897E-03,
2460008.500000000, A.D. 2023-Mar-05 00:00:00.0000,  3.508240033534847E-01,  6.305469187553971E-01, -1.158647267160615E-02, -1.773973860022222E-02,  9.744016125253999E-03,  1.157406459837623E-03,
2460009.500000000, A.D. 2023-Mar-06 00:00:00.0000,  3.329484722948968E-01,  6.400414037967883E-01, -1.042465644196475E-02, -1.800900111360373E-02,  9.243663329800264E-03,  1.166074270633978E-03,
2460010.500000000, A.D. 2023-Mar-07 00:00:00.0000,  3.148106834659057E-01,  6.490317292888772E-01, -9.254628859564844E-03, -1.826421696987672E-02,  8.735762386371667E-03,  1.173827917788875E-03,
2460011.500000000, A.D. 2023-Mar-08 00:00:00.0000,  2.964247932167558E-01,  6.575105442997575E-01, -8.077307710098776E-03, -1.850516861065571E-02,  8.220708853926948E-03,  1.180660278145032E-03,
2460012.500000000, A.D. 2023-Mar-09 00:00:00.0000,  2.778051699349939E-01,  6.654708967861205E-01, -6.893617538121357E-03, -1.873164955686988E-02,  7.698904899595013E-03,  1.186564958576567E-03,
2460013.500000000, A.D. 2023-Mar-10 00:00:00.0000,  2.589663828561054E-01,  6.729062400467134E-01, -5.704488912792999E-03, -1.894346462745392E-02,  7.170758987871680E-03,  1.191536304339312E-03,
2460014.500000000, A.D. 2023-Mar-11 00:00:00.0000,  2.399231906597405E-01,  6.798104388608900E-01, -4.510857685576464E-03, -1.914043014941761E-02,  6.636685561639504E-03,  1.195569406811306E-03,
2460015.500000000, A.D. 2023-Mar-12 00:00:00.0000,  2.206905298603294E-01,  6.861777753041858E-01, -3.313664240504752E-03, -1.932237415893988E-02,  6.097104715244984E-03,  1.198660110606242E-03,
2460016.500000000, A.D. 2023-Mar-13 00:00:00.0000,  2.012835030012390E-01,  6.920029542331061E-01, -2.113852737656607E-03, -1.948913659313467E-02,  5.552441859884403E-03,  1.200805020043070E-03,
2460017.500000000, A.D. 2023-Mar-14 00:00:00.0000,  1.817173666619535E-01,  6.972811084315682E-01, -9.123703504892884E-04, -1.964056947219838E-02,  5.003127381575684E-03,  1.202001504958857E-03,
2460018.500000000, A.D. 2023-Mar-15 00:00:00.0000,  1.620075192880668E-01,  7.020078034117133E-01,  2.898335023046079E-04, -1.977653707153360E-02,  4.449596291981447E-03,  1.202247705844856E-03,
2460019.500000000, A.D. 2023-Mar-16 00:00:00.0000,  1.421694888543164E-01,  7.061790418621235E-01,  1.491807929734025E-03, -1.989691608356361E-02,  3.892287872427313E-03,  1.201542538296365E-03,
2460020.500000000, A.D. 2023-Mar-17 00:00:00.0000,  1.222189203710350E-01,  7.097912677367453E-01,  2.692601345546284E-03, -2.000159576896954E-02,  3.331645311376741E-03,  1.199885696760499E-03,
2460021.500000000, A.D. 2023-Mar-18 00:00:00.0000,  1.021715632448368E-01,  7.128413699781926E-01,  3.891262248655832E-03, -2.009047809696285E-02,  2.768115335759784E-03,  1.197277657569859E-03,
2460022.500000000, A.D. 2023-Mar-19 00:00:00.0000,  8.204325850460183E-02,  7.153266858694347E-01,  5.086840006245026E-03, -2.016347787436549E-02,  2.202147836473272E-03,  1.193719681251282E-03,
2460023.500000000, A.D. 2023-Mar-20 00:00:00.0000,  6.184992590409714E-02,  7.172450040082243E-01,  6.278385638806228E-03, -2.022052286321065E-02,  1.634195488427423E-03,  1.189213814098967E-03,
2460024.500000000, A.D. 2023-Mar-21 00:00:00.0000,  4.160755091284811E-02,  7.185945668990061E-01,  7.464952606386473E-03, -2.026155388659949E-02,  1.064713365524963E-03,  1.183762889002725E-03,
2460025.500000000, A.D. 2023-Mar-22 00:00:00.0000,  2.133217160712712E-02,  7.193740731574364E-01,  8.645597595283154E-03, -2.028652492257060E-02,  4.941585509692524E-04,  1.177370525523318E-03,
2460026.500000000, A.D. 2023-Mar-23 00:00:00.0000,  1.039865473160934E-03,  7.195826793230433E-01,  9.819381304436317E-03, -2.029540318575744E-02, -7.701025669225912E-05,  1.170041129207854E-03,
2460027.500000000, A.D. 2023-Mar-24 00:00:00.0000, -1.925326386512672E-02,  7.192200012759712E-01,  1.098536923075428E-02, -2.028816919662731E-02, -6.483331413736978E-04,  1.161779890139077E-03,
2460028.500000000, A.D. 2023-Mar-25 00:00:00.0000, -3.953109998132213E-02,  7.182861152541716E-01,  1.214263245260204E-02, -2.026481683811085E-02, -1.219349370681412E-03,  1.152592780712960E-03,
2460029.500000000, A.D. 2023-Mar-26 00:00:00.0000, -5.977752703197927E-02,  7.167815584678305E-01,  1.329024841067972E-02, -2.022535339944563E-02, -1.789597800137458E-03,  1.142486552639453E-03,
2460030.500000000, A.D. 2023-Mar-27 00:00:00.0000, -7.997644317945905E-02,  7.147073293082580E-01,  1.442730168551207E-02, -2.016979960706959E-02, -2.358617279956390E-03,  1.131468733161442E-03,
2460031.500000000, A.D. 2023-Mar-28 00:00:00.0000, -1.001117740391230E-01,  7.120648871489106E-01,  1.555288477076263E-02, -2.009818964241139E-02, -2.925947063929081E-03,  1.119547620486995E-03,
2460032.500000000, A.D. 2023-Mar-29 00:00:00.0000, -1.201674861377053E-01,  7.088561517366663E-01,  1.666609884158578E-02, -2.001057114643389E-02, -3.491127219961079E-03,  1.106732278429770E-03,
2460033.500000000, A.D. 2023-Mar-30 00:00:00.0000, -1.401276003696077E-01,  7.050835021719463E-01,  1.776605451721815E-02, -1.990700521086235E-02, -4.053699041782980E-03,  1.093032530249869E-03,
2460034.500000000, A.D. 2023-Mar-31 00:00:00.0000, -1.599762054373952E-01,  7.007497754765943E-01,  1.885187261702229E-02, -1.978756635562905E-02, -4.613205461494872E-03,  1.078458951707507E-03,
2460035.500000000, A.D. 2023-Apr-01 00:00:00.0000, -1.796974712635917E-01,  6.958582647494361E-01,  1.992268490915589E-02, -1.965234249337943E-02, -5.169191461879660E-03,  1.063022863275462E-03,
2460036.500000000, A.D. 2023-Apr-02 00:00:00.0000, -1.992756623592951E-01,  6.904127169092092E-01,  2.097763485107986E-02, -1.950143487924892E-02, -5.721204488964901E-03,  1.046736321593072E-03,
2460037.500000000, A.D. 2023-Apr-03 00:00:00.0000, -2.186951511362054E-01,  6.844173300255822E-01,  2.201587832110727E-02, -1.933495804758249E-02, -6.268794863311978E-03,  1.029612110097154E-03,
2460038.500000000, A.D. 2023-Apr-04 00:00:00.0000, -2.379404311483173E-01,  6.778767502395193E-01,  2.303658434018467E-02, -1.915303973455888E-02, -6.811516189950522E-03,  1.011663728859318E-03,
2460039.500000000, A.D. 2023-Apr-05 00:00:00.0000, -2.569961302492350E-01,  6.707960682746030E-01,  2.403893578312482E-02, -1.895582078683436E-02, -7.348925766441651E-03,  9.929053836553953E-04,
2460040.500000000, A.D. 2023-Apr-06 00:00:00.0000, -2.758470236511968E-01,  6.631808155414444E-01,  2.502213007853370E-02, -1.874345505634201E-02, -7.880584988554285E-03,  9.733519742899502E-04,
2460041.500000000, A.D. 2023-Apr-07 00:00:00.0000, -2.944780468720408E-01,  6.550369598378246E-01,  2.598537989669950E-02, -1.851610928140041E-02, -8.406059753036793E-03,  9.530190821958512E-04,
2460042.500000000, A.D. 2023-Apr-08 00:00:00.0000, -3.128743085565026E-01,  6.463709006477373E-01,  2.692791382472464E-02, -1.827396295429975E-02, -8.924920856961385E-03,  9.319229573259058E-04,
2460043.500000000, A.D. 2023-Apr-09 00:00:00.0000, -3.310211031584128E-01,  6.371894640430178E-01,  2.784897702820163E-02, -1.801720817554464E-02, -9.436744393111256E-03,  9.100805043504136E-04,
2460044.500000000, A.D. 2023-Apr-10 00:00:00.0000, -3.489039234705427E-01,  6.274998971917907E-01,  2.874783189874478E-02, -1.774604949493996E-02, -9.941112140870307E-03,  8.875092681713380E-04,
2460045.500000000, A.D. 2023-Apr-11 00:00:00.0000, -3.665084729890370E-01,  6.173098624785039E-01,  2.962375868669685E-02, -1.746070373971036E-02, -1.043761195206229E-02,  8.642274187603974E-04,
2460046.500000000, A.D. 2023-Apr-12 00:00:00.0000, -3.838206780995626E-01,  6.066274312408881E-01,  3.047605611833738E-02, -1.716139982984474E-02, -1.092583813117073E-02,  8.402537353251320E-04,
2460047.500000000, A.D. 2023-Apr-13 00:00:00.0000, -4.008267000724922E-01,  5.954610771297464E-01,  3.130404199692235E-02, -1.684837858085364E-02, -1.140539180935260E-02,  8.156075898033572E-04,
2460048.500000000, A.D. 2023-Apr-14 00:00:00.0000, -4.175129468546294E-01,  5.838196690980885E-01,  3.210705378688043E-02, -1.652189249412205E-02, -1.187588131163757E-02,  7.903089296829445E-04,
2460049.500000000, A.D. 2023-Apr-15 00:00:00.0000, -4.338660846449118E-01,  5.717124640263560E-01,  3.288444918053576E-02, -1.618220553435450E-02, -1.233692251779001E-02,  7.643782602766669E-04,
2460050.500000000, A.D. 2023-Apr-16 00:00:00.0000, -4.498730492416805E-01,  5.591490989905605E-01,  3.363560664679573E-02, -1.582959289576922E-02, -1.278813921490614E-02,  7.378366263077166E-04,
2460051.500000000, A.D. 2023-Apr-17 00:00:00.0000, -4.655210571501653E-01,  5.461395831817786E-01,  3.435992596113149E-02, -1.546434075589970E-02, -1.322916344266542E-02,  7.107055929812542E-04,
2460052.500000000, A.D. 2023-Apr-18 00:00:00.0000, -4.807976164379531E-01,  5.326942894844175E-01,  3.505682871635680E-02, -1.508674601806106E-02, -1.365963583014736E-02,  6.830072264846599E-04,
2460053.500000000, A.D. 2023-Apr-19 00:00:00.0000, -4.956905373273204E-01,  5.188239457220238E-01,  3.572575881364465E-02, -1.469711604261105E-02, -1.407920592392999E-02,  6.547640739697820E-04,
2460054.500000000, A.D. 2023-Apr-20 00:00:00.0000, -5.101879425133636E-01,  5.045396255795174E-01,  3.636618293327335E-02, -1.429576836734407E-02, -1.448753250706994E-02,  6.259991430361227E-04,
2460055.500000000, A.D. 2023-Apr-21 00:00:00.0000, -5.242782771972397E-01,  4.898527392111789E-01,  3.697759098461777E-02, -1.388303041737846E-02, -1.488428390854689E-02,  5.967358807407221E-04,
2460056.500000000, A.D. 2023-Apr-22 00:00:00.0000, -5.379503188241956E-01,  4.747750235441278E-01,  3.755949653492442E-02, -1.345923920491138E-02, -1.526913830277499E-02,  5.669981521611459E-04,
2460057.500000000, A.D. 2023-Apr-23 00:00:00.0000, -5.511931865164483E-01,  4.593185322874120E-01,  3.811143721643734E-02, -1.302474101922923E-02, -1.564178399880321E-02,  5.368102185386258E-04,
2460058.500000000, A.D. 2023-Apr-24 00:00:00.0000, -5.639963501913688E-01,  4.434956256572056E-01,  3.863297511146883E-02, -1.257989110737524E-02, -1.600191971884634E-02,  5.061967150289962E-04,
2460059.500000000, A.D. 2023-Apr-25 00:00:00.0000, -5.763496393558359E-01,  4.273189598289495E-01,  3.912369711503669E-02, -1.212505334588924E-02, -1.634925486580805E-02,  4.751826280897877E-04,
2460060.500000000, A.D. 2023-Apr-26 00:00:00.0000, -5.882432515680420E-01,  4.108014761276080E-01,  3.958321527471861E-02, -1.166059990404798E-02, -1.668350977947681E-02,  4.437932725322674E-04,
2460061.500000000, A.D. 2023-Apr-27 00:00:00.0000, -5.996677605584749E-01,  3.939563899675188E-01,  4.001116710740340E-02, -1.118691089904742E-02, -1.700441598109553E-02,  4.120542682679832E-04,
2460062.500000000, A.D. 2023-Apr-28 00:00:00.0000, -6.106141240022402E-01,  3.767971795536033E-01,  4.040721589264857E-02, -1.070437404358151E-02, -1.731171640602492E-02,  3.799915167798009E-04,
2460063.500000000, A.D. 2023-Apr-29 00:00:00.0000, -6.210736909353559E-01,  3.593375743559759E-01,  4.077105094238367E-02, -1.021338428628474E-02, -1.760516562424063E-02,  3.476311773480573E-04,
2460064.500000000, A.D. 2023-Apr-30 00:00:00.0000, -6.310382088081196E-01,  3.415915433702406E-01,  4.110238784673067E-02, -9.714343445518457E-03, -1.788453004842372E-02,  3.149996430629485E-04,
2460065.500000000, A.D. 2023-May-01 00:00:00.0000, -6.404998301691267E-01,  3.235732831759773E-01,  4.140096869574134E-02, -9.207659836945822E-03, -1.814958812946789E-02,  2.821235166506938E-04,
2460066.500000000, A.D. 2023-May-02 00:00:00.0000, -6.494511189739610E-01,  3.052972058061204E-01,  4.166656227688149E-02, -8.693747895436848E-03, -1.840013053913686E-02,  2.490295861492267E-04,
2460067.500000000, A.D. 2023-May-03 00:00:00.0000, -6.578850565131946E-01,  2.867779264401406E-01,  4.189896424812972E-02, -8.173027791791092E-03, -1.863596033978644E-02,  2.157448004620662E-04,
2460068.500000000, A.D. 2023-May-04 00:00:00.0000, -6.657950469546633E-01,  2.680302509340713E-01,  4.209799728657879E-02, -7.645925044710872E-03, -1.885689314093399E-02,  1.822962448187643E-04,
2460069.500000000, A.D. 2023-May-05 00:00:00.0000, -6.731749224956129E-01,  2.490691632005688E-01,  4.226351121246686E-02, -7.112870128628179E-03, -1.906275724259538E-02,  1.487111161776696E-04,
2460070.500000000, A.D. 2023-May-06 00:00:00.0000, -6.800189481207807E-01,  2.299098124523066E-01,  4.239538308859399E-02, -6.574298077832795E-03, -1.925339376526637E-02,  1.150166985985191E-04,
2460071.500000000, A.D. 2023-May-07 00:00:00.0000, -6.863218259629689E-01,  2.105675003220994E-01,  4.249351729510862E-02, -6.030648087419675E-03, -1.942865676647064E-02,  8.124033861595982E-05,
2460072.500000000, A.D. 2023-May-08 00:00:00.0000, -6.920786992631922E-01,  1.910576678732204E-01,  4.255784557968137E-02, -5.482363111569887E-03, -1.958841334381742E-02,  4.740942064434680E-05,
2460073.500000000, A.D. 2023-May-09 00:00:00.0000, -6.972851559279847E-01,  1.713958825134216E-01,  4.258832708311116E-02, -4.929889459675625E-03, -1.973254372453375E-02,  1.355134244384358E-05,
2460074.500000000, A.D. 2023-May-10 00:00:00.0000, -7.019372316819651E-01,  1.515978248261915E-01,  4.258494834044077E-02, -4.373676390816015E-03, -1.986094134145700E-02, -2.030650932277900E-05,
2460075.500000000, A.D. 2023-May-11 00:00:00.0000, -7.060314128142633E-01,  1.316792753327874E-01,  4.254772325768658E-02, -3.814175707086604E-03, -1.997351289549541E-02, -5.413678341369393E-05,
2460076.500000000, A.D. 2023-May-12 00:00:00.0000, -7.095646385179110E-01,  1.116561011985627E-01,  4.247669306431620E-02, -3.251841346281720E-03, -2.007017840458522E-02, -8.791218818354165E-05,
2460077.500000000, A.D. 2023-May-13 00:00:00.0000, -7.125343028217983E-01,  9.154424289706861E-02,  4.237192624163652E-02, -2.687128974425016E-03, -2.015087123919447E-02, -1.216055155829969E-04,
2460078.500000000, A.D. 2023-May-14 00:00:00.0000, -7.149382561152888E-01,  7.135970084534947E-02,  4.223351842728145E-02, -2.120495578639798E-03, -2.021553814444509E-02, -1.551896649550134E-04,
2460079.500000000, A.D. 2023-May-15 00:00:00.0000, -7.167748062660799E-01,  5.111852202376940E-02,  4.206159229601635E-02, -1.552399060846951E-03, -2.026413924894602E-02, -1.886376666008384E-04,
2460080.500000000, A.D. 2023-May-16 00:00:00.0000, -7.180427193323745E-01,  3.083678659360366E-02,  4.185629741710249E-02, -9.832978327744492E-04, -2.029664806045151E-02, -2.219227050895189E-04,
2460081.500000000, A.D. 2023-May-17 00:00:00.0000, -7.187412198708971E-01,  1.053059452550964E-02,  4.161781008848989E-02, -4.136504126857024E-04, -2.031305144845592E-02, -2.550181422888201E-04,
2460082.500000000, A.D. 2023-May-18 00:00:00.0000, -7.188699908427115E-01, -9.783947748121215E-03,  4.134633314813011E-02,  1.560849756134282E-04, -2.031334961389499E-02, -2.878975400876524E-04,
2460083.500000000, A.D. 2023-May-19 00:00:00.0000, -7.184291731193601E-01, -3.009074064416592E-02,  4.104209576272962E-02,  7.254508011259004E-04, -2.029755604613388E-02, -3.205346827915652E-04,
2460084.500000000, A.D. 2023-May-20 00:00:00.0000, -7.174193645921479E-01, -5.037370469042434E-02,  4.070535319428090E-02,  1.293990620914622E-03, -2.026569746735696E-02, -3.529035991663327E-04,
2460085.500000000, A.D. 2023-May-21 00:00:00.0000, -7.158416188879180E-01, -7.061679372549894E-02,  4.033638654473524E-02,  1.861249471810506E-03, -2.021781376464547E-02, -3.849785841080982E-04,
2460086.500000000, A.D. 2023-May-22 00:00:00.0000, -7.136974436950514E-01, -9.080400802465954E-02,  3.993550247920057E-02,  2.426774258184022E-03, -2.015395790990802E-02, -4.167342199196213E-04,
2460087.500000000, A.D. 2023-May-23 00:00:00.0000, -7.109887987038349E-01, -1.109194073396635E-01,  3.950303292806829E-02,  2.990114135378398E-03, -2.007419586790181E-02, -4.481453971726834E-04,
2460088.500000000, A.D. 2023-May-24 00:00:00.0000, -7.077180931657234E-01, -1.309471238407457E-01,  3.903933476849267E-02,  3.550820888417932E-03, -1.997860649259280E-02, -4.791873351377736E-04,
2460089.500000000, A.D. 2023-May-25 00:00:00.0000, -7.038881830764132E-01, -1.508713749492450E-01,  3.854478948566425E-02,  4.108449305620182E-03, -1.986728141211416E-02, -5.098356017632157E-04,
2460090.500000000, A.D. 2023-May-26 00:00:00.0000, -6.995023679880003E-01, -1.706764760496015E-01,  3.801980281433657E-02,  4.662557546756173E-03, -1.974032490259233E-02, -5.400661331868838E-04,
2460091.500000000, A.D. 2023-May-27 00:00:00.0000, -6.945643874558459E-01, -1.903468530697287E-01,  3.746480436108142E-02,  5.212707505418022E-03, -1.959785375112118E-02, -5.698552527647247E-04,
2460092.500000000, A.D. 2023-May-28 00:00:00.0000, -6.890784171261088E-01, -2.098670549190554E-01,  3.688024720776344E-02,  5.758465165268809E-03, -1.943999710817510E-02, -5.991796896013193E-04,
2460093.500000000, A.D. 2023-May-29 00:00:00.0000, -6.830490644702135E-01, -2.292217657738247E-01,  3.626660749673882E-02,  6.299400949864752E-03, -1.926689632976244E-02, -6.280165965687391E-04,
2460094.500000000, A.D. 2023-May-30 00:00:00.0000, -6.764813641728362E-01, -2.483958171995472E-01,  3.562438399829638E-02,  6.835090065755225E-03, -1.907870480963165E-02, -6.563435678010214E-04,
2460095.500000000, A.D. 2023-May-31 00:00:00.0000, -6.693807731802670E-01, -2.673742001008199E-01,  3.495409766087143E-02,  7.365112838581382E-03, -1.887558780185255E-02, -6.841386556525686E-04,
2460096.500000000, A.D. 2023-Jun-01 00:00:00.0000, -6.617531654162858E-01, -2.861420764890524E-01,  3.425629114457328E-02,  7.889055041909607E-03, -1.865772223410635E-02, -7.113803871098412E-04,
2460097.500000000, A.D. 2023-Jun-02 00:00:00.0000, -6.536048261729318E-01, -3.046847910589611E-01,  3.353152833857879E-02,  8.406508218574752E-03, -1.842529651196598E-02, -7.380477796472891E-04,
2460098.500000000, A.D. 2023-Jun-03 00:00:00.0000, -6.449424461837892E-01, -3.229878825649946E-01,  3.278039386295183E-02,  8.917069994263289E-03, -1.817851031458525E-02, -7.641203565175915E-04,
2460099.500000000, A.D. 2023-Jun-04 00:00:00.0000, -6.357731153876298E-01, -3.410370949893006E-01,  3.200349255545701E-02,  9.420344383178385E-03, -1.791757438208767E-02, -7.895781614711999E-04,
2460100.500000000, A.D. 2023-Jun-05 00:00:00.0000, -6.261043163904647E-01, -3.588183884930436E-01,  3.120144894394444E-02,  9.915942085537291E-03, -1.764271029498098E-02, -8.144017728951906E-04,
2460101.500000000, A.D. 2023-Jun-06 00:00:00.0000, -6.159439176342318E-01, -3.763179501433314E-01,  3.037490670488587E-02,  1.040348077676443E-02, -1.735415024600194E-02, -8.385723173691283E-04,
2460102.500000000, A.D. 2023-Jun-07 00:00:00.0000, -6.053001662805232E-01, -3.935222044083263E-01,  2.952452810865002E-02,  1.088258538819726E-02, -1.705213680470187E-02, -8.620714826316274E-04,
2460103.500000000, A.D. 2023-Jun-08 00:00:00.0000, -5.941816808179089E-01, -4.104178234134625E-01,  2.865099345210688E-02,  1.135288837916050E-02, -1.673692267512963E-02, -8.848815299541016E-04,
2460104.500000000, A.D. 2023-Jun-09 00:00:00.0000, -5.825974434015591E-01, -4.269917369520408E-01,  2.775500047915615E-02,  1.181403000027972E-02, -1.640877044696544E-02, -9.069853059190899E-04,
2460105.500000000, A.D. 2023-Jun-10 00:00:00.0000, -5.705567919339791E-01, -4.432311422438304E-01,  2.683726378977572E-02,  1.226565854791930E-02, -1.606795234045590E-02, -9.283662536012494E-04,
2460106.500000000, A.D. 2023-Jun-11 00:00:00.0000, -5.580694118957883E-01, -4.591235134356492E-01,  2.589851423818843E-02,  1.270743060964486E-02, -1.571474994549741E-02, -9.490084231498878E-04,
2460107.500000000, A.D. 2023-Jun-12 00:00:00.0000, -5.451453279355601E-01, -4.746566108382475E-01,  2.493949832074588E-02,  1.313901130062367E-02, -1.534945395521243E-02, -9.688964817725690E-04,
2460108.500000000, A.D. 2023-Jun-13 00:00:00.0000, -5.317948952278231E-01, -4.898184898941543E-01,  2.396097755412729E-02,  1.356007449089102E-02, -1.497236389435966E-02, -9.880157231201077E-04,
2460109.500000000, A.D. 2023-Jun-14 00:00:00.0000, -5.180287906083884E-01, -5.045975098714944E-01,  2.296372784445346E-02,  1.397030302342360E-02, -1.458378784291684E-02, -1.006352076073875E-03,
2460110.500000000, A.D. 2023-Jun-15 00:00:00.0000, -5.038580034962192E-01, -5.189823422791128E-01,  2.194853884791073E-02,  1.436938892297442E-02, -1.418404215517161E-02, -1.023892112937047E-03,
2460111.500000000, A.D. 2023-Jun-16 00:00:00.0000, -4.892938266110992E-01, -5.329619789986826E-01,  2.091621332348094E-02,  1.475703359563699E-02, -1.377345117465334E-02, -1.040623057032050E-03,
2460112.500000000, A.D. 2023-Jun-17 00:00:00.0000, -4.743478464963799E-01, -5.465257401298050E-01,  1.986756647837012E-02,  1.513294801911883E-02, -1.335234694523598E-02, -1.056532789707071E-03,
2460113.500000000, A.D. 2023-Jun-18 00:00:00.0000, -4.590319338561135E-01, -5.596632815444191E-01,  1.880342530672461E-02,  1.549685292368910E-02, -1.292106891869834E-02, -1.071609856753349E-03,
2460114.500000000, A.D. 2023-Jun-19 00:00:00.0000, -4.433582337158980E-01, -5.723646021471439E-01,  1.772462792222368E-02,  1.584847896382622E-02, -1.247996365912185E-02, -1.085843474238793E-03,
2460115.500000000, A.D. 2023-Jun-20 00:00:00.0000, -4.273391554167118E-01, -5.846200508385804E-01,  1.663202288512583E-02,  1.618756688056765E-02, -1.202938454439862E-02, -1.099223533763638E-03,
2460116.500000000, A.D. 2023-Jun-21 00:00:00.0000, -4.109873624510681E-01, -5.964203331787696E-01,  1.552646852435104E-02,  1.651386765454205E-02, -1.156969146514949E-02, -1.111740607137720E-03,
2460117.500000000, A.D. 2023-Jun-22 00:00:00.0000, -3.943157621507589E-01, -6.077565177484515E-01,  1.440883225516675E-02,  1.682714264975781E-02, -1.110125052142861E-02, -1.123385950494055E-03,
2460118.500000000, A.D. 2023-Jun-23 00:00:00.0000, -3.773374952354241E-01, -6.186200422060187E-01,  1.327998989304300E-02,  1.712716374817329E-02, -1.062443371746474E-02, -1.134151507841337E-03,
2460119.500000000, A.D. 2023-Jun-24 00:00:00.0000, -3.600659252311377E-01, -6.290027190383682E-01,  1.214082496422955E-02,  1.741371347510393E-02, -1.013961865476902E-02, -1.144029914065878E-03,
2460120.500000000, A.D. 2023-Jun-25 00:00:00.0000, -3.425146277681350E-01, -6.388967410041726E-01,  1.099222801360247E-02,  1.768658511554769E-02, -9.647188223917452E-03, -1.153014497394611E-03,
2460121.500000000, A.D. 2023-Jun-26 00:00:00.0000, -3.246973797667132E-01, -6.482946862683928E-01,  9.835095910312775E-03,  1.794558282153066E-02, -9.147530295296030E-03, -1.161099281331230E-03,
2460122.500000000, A.D. 2023-Jun-27 00:00:00.0000, -3.066281485202293E-01, -6.571895232271286E-01,  8.670331151755386E-03,  1.819052171058967E-02, -8.641037409075510E-03, -1.168278986077713E-03,
2460123.500000000, A.D. 2023-Jun-28 00:00:00.0000, -2.883210806839927E-01, -6.655746150221641E-01,  7.498841166371067E-03,  1.842122795551920E-02, -8.128106464662494E-03, -1.174549029452976E-03,
2460124.500000000, A.D. 2023-Jun-29 00:00:00.0000, -2.697904911787254E-01, -6.734437237447943E-01,  6.321537615775034E-03,  1.863753886551360E-02, -7.609138409852930E-03, -1.179905527319573E-03,
2460125.500000000, A.D. 2023-Jun-30 00:00:00.0000, -2.510508520171271E-01, -6.807910143287470E-01,  5.139335696701479E-03,  1.883930295883534E-02, -7.084537929893994E-03, -1.184345293527949E-03,
2460126.500000000, A.D. 2023-Jul-01 00:00:00.0000, -2.321167810619564E-01, -6.876110581321954E-01,  3.953153443241585E-03,  1.902638002713356E-02, -6.554713136640091E-03, -1.187865839385920E-03,
2460127.500000000, A.D. 2023-Jul-02 00:00:00.0000, -2.130030307239217E-01, -6.938988362090459E-01,  2.763911029847428E-03,  1.919864119152566E-02, -6.020075257968733E-03, -1.190465372658705E-03,
2460128.500000000, A.D. 2023-Jul-03 00:00:00.0000, -1.937244766075677E-01, -6.996497422698330E-01,  1.572530075568533E-03,  1.935596895053763E-02, -5.481038327602186E-03, -1.192142796102010E-03,
2460129.500000000, A.D. 2023-Jul-04 00:00:00.0000, -1.742961061132673E-01, -7.048595853327213E-01,  3.799329499879383E-04,  1.949825721995790E-02, -4.938018875558382E-03, -1.192897705535764E-03,
2460130.500000000, A.D. 2023-Jul-05 00:00:00.0000, -1.547330070033495E-01, -7.095245920653498E-01, -8.129579186908006E-04,  1.962541136475517E-02, -4.391435619366322E-03, -1.192730387463244E-03,
2460131.500000000, A.D. 2023-Jul-06 00:00:00.0000, -1.350503559402449E-01, -7.136414088183320E-01, -2.005220732948267E-03,  1.973734822310017E-02, -3.841709156237511E-03, -1.191641816241056E-03,
2460132.500000000, A.D. 2023-Jul-07 00:00:00.0000, -1.152634070045321E-01, -7.172071033515057E-01, -3.195935012203889E-03,  1.983399612259308E-02, -3.289261656401138E-03, -1.189633650809502E-03,
2460133.500000000, A.D. 2023-Jul-08 00:00:00.0000, -9.538748020058453E-02, -7.202191662541590E-01, -4.384182275585760E-03,  1.991529488883891E-02, -2.734516557760389E-03, -1.186708230993745E-03,
2460134.500000000, A.D. 2023-Jul-09 00:00:00.0000, -7.543794995743294E-02, -7.226755120606571E-01, -5.569046720790541E-03,  1.998119584646498E-02, -2.177898262060032E-03, -1.182868573385207E-03,
2460135.500000000, A.D. 2023-Jul-10 00:00:00.0000, -5.543023363233222E-02, -7.245744800630575E-01, -6.749615898620462E-03,  2.003166181271764E-02, -1.619831832731766E-03, -1.178118366815167E-03,
2460136.500000000, A.D. 2023-Jul-11 00:00:00.0000, -3.537978002438363E-02, -7.259148348224790E-01, -7.924981382793784E-03,  2.006666708377714E-02, -1.060742694570965E-03, -1.172461967432126E-03,
2460137.500000000, A.D. 2023-Jul-12 00:00:00.0000, -1.530205790542572E-02, -7.266957663811192E-01, -9.094239434640021E-03,  2.008619741392967E-02, -5.010563353864537E-04, -1.165904393394128E-03,
2460138.500000000, A.D. 2023-Jul-13 00:00:00.0000,  4.787455424733766E-03, -7.269168901769639E-01, -1.025649166229974E-02,  2.009024998773560E-02,  5.880199024638851E-05, -1.158451319186805E-03,
2460139.500000000, A.D. 2023-Jul-14 00:00:00.0000,  2.487328555180962E-02, -7.265782466633524E-01, -1.141084567405826E-02,  2.007883338533174E-02,  6.184075550093415E-04, -1.150109069577527E-03,
2460140.500000000, A.D. 2023-Jul-15 00:00:00.0000,  4.493997232245714E-02, -7.256803006356755E-01, -1.255641572545752E-02,  2.005196754100406E-02,  1.177336450531796E-03, -1.140884613215606E-03,
2460141.500000000, A.D. 2023-Jul-16 00:00:00.0000,  6.497208117495382E-02, -7.242239402675938E-01, -1.369232335983324E-02,  2.000968369516434E-02,  1.735165876646802E-03, -1.130785555888106E-03,
2460142.500000000, A.D. 2023-Jul-17 00:00:00.0000,  8.495421441861423E-02, -7.222104758592556E-01, -1.481769804194156E-02,  1.995202433986151E-02,  2.291474428119759E-03, -1.119820133440381E-03,
2460143.500000000, A.D. 2023-Jul-18 00:00:00.0000,  1.048710224555365E-01, -7.196416383000840E-01, -1.593167778434022E-02,  1.987904315795424E-02,  2.845842378764215E-03, -1.107997204370033E-03,
2460144.500000000, A.D. 2023-Jul-19 00:00:00.0000,  1.247072149384033E-01, -7.165195772487911E-01, -1.703340976620554E-02,  1.979080495606659E-02,  3.397851962865891E-03, -1.095326242102569E-03,
2460145.500000000, A.D. 2023-Jul-20 00:00:00.0000,  1.444475718581754E-01, -7.128468590333469E-01, -1.812205094426821E-02,  1.968738559143625E-02,  3.947087653824136E-03, -1.081817326956645E-03,
2460146.500000000, A.D. 2023-Jul-21 00:00:00.0000,  1.640769545556365E-01, -7.086264642737294E-01, -1.919676865556266E-02,  1.956887189279380E-02,  4.493136439960314E-03, -1.067481137807491E-03,
2460147.500000000, A.D. 2023-Jul-22 00:00:00.0000,  1.835803166508737E-01, -7.038617852302950E-01, -2.025674121169305E-02,  1.943536157536380E-02,  5.035588097427293E-03, -1.052328943456052E-03,
2460148.500000000, A.D. 2023-Jul-23 00:00:00.0000,  2.029427148848654E-01, -6.985566228807438E-01, -2.130115848432267E-02,  1.928696315010371E-02,  5.574035460121792E-03, -1.036372593709672E-03,
2460149.500000000, A.D. 2023-Jul-24 00:00:00.0000,  2.221493198674744E-01, -6.927151837286695E-01, -2.232922248160407E-02,  1.912379582729001E-02,  6.108074686589931E-03, -1.019624510183641E-03,
2460150.500000000, A.D. 2023-Jul-25 00:00:00.0000,  2.411854267262415E-01, -6.863420763467419E-01, -2.334014791527344E-02,  1.894598941454993E-02,  6.637305523841290E-03, -1.002097676828940E-03,
2460151.500000000, A.D. 2023-Jul-26 00:00:00.0000,  2.600364656504752E-01, -6.794423076576432E-01, -2.433316275813893E-02,  1.875368420943856E-02,  7.161331568023389E-03, -9.838056301928950E-04,
2460152.500000000, A.D. 2023-Jul-27 00:00:00.0000,  2.786880123252318E-01, -6.720212789559191E-01, -2.530750879169807E-02,  1.854703088665735E-02,  7.679760521909061E-03, -9.647624494189232E-04,
2460153.500000000, A.D. 2023-Jul-28 00:00:00.0000,  2.971257982498725E-01, -6.640847816739540E-01, -2.626244214362709E-02,  1.832619038000651E-02,  8.192204449149800E-03, -9.449827459910951E-04,
2460154.500000000, A.D. 2023-Jul-29 00:00:00.0000,  3.153357209359781E-01, -6.556389928953323E-01, -2.719723381488970E-02,  1.809133375916073E-02,  8.698280025248733E-03, -9.244816532287012E-04,
2460155.500000000, A.D. 2023-Jul-30 00:00:00.0000,  3.333038539794867E-01, -6.466904706188832E-01, -2.811117019621723E-02,  1.784264210135391E-02,  9.197608785207603E-03, -9.032748155355711E-04,
2460156.500000000, A.D. 2023-Jul-31 00:00:00.0000,  3.510164570020047E-01, -6.372461487767611E-01, -2.900355357371738E-02,  1.758030635805552E-02,  9.689817367802714E-03, -8.813783774083430E-04,
2460157.500000000, A.D. 2023-Aug-01 00:00:00.0000,  3.684599854563240E-01, -6.273133320099558E-01, -2.987370262337124E-02,  1.730452721671735E-02,  1.017453775644549E-02, -8.588089722074053E-04,
2460158.500000000, A.D. 2023-Aug-02 00:00:00.0000,  3.856211002912514E-01, -6.168996902046645E-01, -3.072095289418643E-02,  1.701551495766641E-02,  1.065140751658403E-02, -8.355837106937544E-04,
2460159.500000000, A.D. 2023-Aug-03 00:00:00.0000,  4.024866774709355E-01, -6.060132527930133E-01, -3.154465727976796E-02,  1.671348930621632E-02,  1.112007002960283E-02, -8.117201693344542E-04,
2460160.500000000, A.D. 2023-Aug-04 00:00:00.0000,  4.190438173439429E-01, -5.946624028216454E-01, -3.234418647808260E-02,  1.639867928006560E-02,  1.158017472317830E-02, -7.872363783789503E-04,
2460161.500000000, A.D. 2023-Aug-05 00:00:00.0000,  4.352798538573968E-01, -5.828558707917550E-01, -3.311892943918442E-02,  1.607132303203843E-02,  1.203137729801350E-02, -7.621508097078760E-04,
2460162.500000000, A.D. 2023-Aug-06 00:00:00.0000,  4.511823636115719E-01, -5.706027282742057E-01, -3.386829380067474E-02,  1.573166768825030E-02,  1.247333995095299E-02, -7.364823644552722E-04,
2460163.500000000, A.D. 2023-Aug-07 00:00:00.0000,  4.667391747503483E-01, -5.579123813033680E-01, -3.459170631067735E-02,  1.537996918170022E-02,  1.290573159439082E-02, -7.102503604115948E-04,
2460164.500000000, A.D. 2023-Aug-08 00:00:00.0000,  4.819383756830497E-01, -5.447945635534317E-01, -3.528861323809875E-02,  1.501649208142324E-02,  1.332822807192290E-02, -6.834745191973842E-04,
2460165.500000000, A.D. 2023-Aug-09 00:00:00.0000,  4.967683236331843E-01, -5.312593293009549E-01, -3.595848076995667E-02,  1.464150941716506E-02,  1.374051237020806E-02, -6.561749532221377E-04,
2460166.500000000, A.D. 2023-Aug-10 00:00:00.0000,  5.112176530096617E-01, -5.173170461774741E-01, -3.660079539555674E-02,  1.425530249966685E-02,  1.414227482697199E-02, -6.283721524240085E-04,
2460167.500000000, A.D. 2023-Aug-11 00:00:00.0000,  5.252752835961142E-01, -5.029783877160646E-01, -3.721506427730074E-02,  1.385816073659167E-02,  1.453321333510013E-02, -6.000869707937048E-04,
2460168.500000000, A.D. 2023-Aug-12 00:00:00.0000,  5.389304285539770E-01, -4.882543256957828E-01, -3.780081560791304E-02,  1.345038144412355E-02,  1.491303354276437E-02, -5.713406126865271E-04,
2460169.500000000, A.D. 2023-Aug-13 00:00:00.0000,  5.521726022350175E-01, -4.731561222879907E-01, -3.835759895387416E-02,  1.303226965426963E-02,  1.528144904952788E-02, -5.421546189268305E-04,
2460170.500000000, A.D. 2023-Aug-14 00:00:00.0000,  5.649916277990299E-01, -4.576953220086094E-01, -3.888498558485760E-02,  1.260413791789526E-02,  1.563818159837117E-02, -5.125508527097931E-04,
2460171.500000000, A.D. 2023-Aug-15 00:00:00.0000,  5.773776446324445E-01, -4.418837434804093E-01, -3.938256878896910E-02,  1.216630610352138E-02,  1.598296126358189E-02, -4.825514853058156E-04,
2460172.500000000, A.D. 2023-Aug-16 00:00:00.0000,  5.893211155636262E-01, -4.257334710095038E-01, -3.984996417359378E-02,  1.171910119191296E-02,  1.631552663444977E-02, -4.521789815733003E-04,
2460173.500000000, A.D. 2023-Aug-17 00:00:00.0000,  6.008128338706712E-01, -4.092568459802697E-01, -4.028680995166323E-02,  1.126285706648696E-02,  1.663562499470730E-02, -4.214560852860970E-04,
2460174.500000000, A.D. 2023-Aug-18 00:00:00.0000,  6.118439300775298E-01, -3.924664580729794E-01, -4.069276721315976E-02,  1.079791429956723E-02,  1.694301249765578E-02, -3.904058042823714E-04,
2460175.500000000, A.D. 2023-Aug-19 00:00:00.0000,  6.224058785343216E-01, -3.753751363084895E-01, -4.106752018168381E-02,  1.032461993451390E-02,  1.723745433691578E-02, -3.590513954421101E-04,
2460176.500000000, A.D. 2023-Aug-20 00:00:00.0000,  6.324905037777274E-01, -3.579959399243931E-01, -4.141077645591555E-02,  9.843327263753688E-03,  1.751872491273958E-02, -3.274163495009702E-04,
2460177.500000000, A.D. 2023-Aug-21 00:00:00.0000,  6.420899866673911E-01, -3.403421490871126E-01, -4.172226723580845E-02,  9.354395602792435E-03,  1.778660799379791E-02, -2.955243756973039E-04,
2460178.500000000, A.D. 2023-Aug-22 00:00:00.0000,  6.511968702943182E-01, -3.224272554444917E-01, -4.200174753335520E-02,  8.858190060165649E-03,  1.804089687439777E-02, -2.633993862746366E-04,
2460179.500000000, A.D. 2023-Aug-23 00:00:00.0000,  6.598040656572285E-01, -3.042649525234910E-01, -4.224899636777516E-02,  8.355081303442579E-03,  1.828139452702775E-02, -2.310654808230903E-04,
2460180.500000000, A.D. 2023-Aug-24 00:00:00.0000,  6.679048571029526E-01, -2.858691259777089E-01, -4.246381694497663E-02,  7.845445321291571E-03,  1.850791375015727E-02, -1.985469304846704E-04,
2460181.500000000, A.D. 2023-Aug-25 00:00:00.0000,  6.754929075269379E-01, -2.672538436895114E-01, -4.264603682114829E-02,  7.329663181654632E-03,  1.872027731120144E-02, -1.658681620090392E-04,
2460182.500000000, A.D. 2023-Aug-26 00:00:00.0000,  6.825622633300104E-01, -2.484333457316536E-01, -4.279550805033707E-02,  6.808120786083595E-03,  1.891831808455603E-02, -1.330537416712911E-04,
2460183.500000000, A.D. 2023-Aug-27 00:00:00.0000,  6.891073591275695E-01, -2.294220341933739E-01, -4.291210731587554E-02,  6.281208620285579E-03,  1.910187918460292E-02, -1.001283590531653E-04,
2460184.500000000, A.D. 2023-Aug-28 00:00:00.0000,  6.951230222074561E-01, -2.102344628760386E-01, -4.299573604552284E-02,  5.749321500928489E-03,  1.927081409358156E-02, -6.711681068945089E-05,
2460185.500000000, A.D. 2023-Aug-29 00:00:00.0000,  7.006044767327784E-01, -1.908853268635296E-01, -4.304632051018580E-02,  5.212858318760287E-03,  1.942498678421721E-02, -3.404398358207965E-05,
2460186.500000000, A.D. 2023-Aug-30 00:00:00.0000,  7.055473476860356E-01, -1.713894519726713E-01, -4.306381190608897E-02,  4.672221778098809E-03,  1.956427183699200E-02, -9.348385847562527E-07,
2460187.500000000, A.D. 2023-Aug-31 00:00:00.0000,  7.099476645509439E-01, -1.517617840891149E-01, -4.304818642026600E-02,  4.127818132751897E-03,  1.968855455193984E-02,  3.218560633844087E-05,
2460188.500000000, A.D. 2023-Sep-01 00:00:00.0000,  7.138018647284227E-01, -1.320173783942171E-01, -4.299944527924847E-02,  3.580056918430669E-03,  1.979773105484180E-02,  6.529229297653847E-05,
2460189.500000000, A.D. 2023-Sep-02 00:00:00.0000,  7.171067966832664E-01, -1.121713884885762E-01, -4.291761478083148E-02,  3.029350681721701E-03,  1.989170839769366E-02,  9.836013985283725E-05,
2460190.500000000, A.D. 2023-Sep-03 00:00:00.0000,  7.198597228181001E-01, -9.223905541802020E-02, -4.280274630880199E-02,  2.476114705686978E-03,  1.997040465331290E-02,  1.313640593187423E-04,
2460191.500000000, A.D. 2023-Sep-04 00:00:00.0000,  7.220583220712750E-01, -7.223569660797470E-02, -4.265491633051859E-02,  1.920766732163440E-03,  2.003374900394755E-02,  1.642789747549233E-04,
2460192.500000000, A.D. 2023-Sep-05 00:00:00.0000,  7.237006922354465E-01, -5.217669471228027E-02, -4.247422637723928E-02,  1.363726680836967E-03,  2.008168182374501E-02,  1.970798378737746E-04,
2460193.500000000, A.D. 2023-Sep-06 00:00:00.0000,  7.247853519936566E-01, -3.207748638269461E-02, -4.226080300710598E-02,  8.054163651680763E-04,  2.011415475491326E-02,  2.297416461049764E-04,
2460194.500000000, A.D. 2023-Sep-07 00:00:00.0000,  7.253112426697171E-01, -1.195355096531502E-02, -4.201479775067361E-02,  2.462592051846138E-04,  2.013113077756684E-02,  2.622394600970183E-04,
2460195.500000000, A.D. 2023-Sep-08 00:00:00.0000,  7.252777296900530E-01,  8.179600869277229E-03, -4.173638703895922E-02, -3.133200625972412E-04,  2.013258427268008E-02,  2.945484212270767E-04,
2460196.500000000, A.D. 2023-Sep-09 00:00:00.0000,  7.246846037537544E-01,  2.830643855584262E-02, -4.142577211386844E-02, -8.728956784287024E-04,  2.011850107878259E-02,  3.266437692793128E-04,
2460197.500000000, A.D. 2023-Sep-10 00:00:00.0000,  7.235320817081071E-01,  4.841142311737125E-02, -4.108317892095737E-02, -1.432041155229072E-03,  2.008887854149106E-02,  3.585008601224439E-04,
2460198.500000000, A.D. 2023-Sep-11 00:00:00.0000,  7.218208071267779E-01,  6.847901869407891E-02, -4.070885798447335E-02, -1.990329577335164E-03,  2.004372555617029E-02,  3.900951834720717E-04,
2460199.500000000, A.D. 2023-Sep-12 00:00:00.0000,  7.195518505879119E-01,  8.849370411156961E-02, -4.030308426459553E-02, -2.547333901895268E-03,  1.998306260358134E-02,  4.214023807273863E-04,
2460200.500000000, A.D. 2023-Sep-13 00:00:00.0000,  7.167267096495952E-01,  1.084399844810788E-01, -3.986615699680613E-02, -3.102627262715913E-03,  1.990692177836895E-02,  4.523982628710170E-04,
2460201.500000000, A.D. 2023-Sep-14 00:00:00.0000,  7.133473085203185E-01,  1.283024028245589E-01, -3.939839951333535E-02, -3.655783276380453E-03,  1.981534681023276E-02,  4.830588284197588E-04,
2460202.500000000, A.D. 2023-Sep-15 00:00:00.0000,  7.094159974222595E-01,  1.480655517172109E-01, -3.890015904663555E-02, -4.206376350467489E-03,  1.970839307762046E-02,  5.133602814128101E-04,
2460203.500000000, A.D. 2023-Sep-16 00:00:00.0000,  7.049355516453655E-01,  1.677140849398993E-01, -3.837180651485473E-02, -4.753981993704546E-03,  1.958612761377205E-02,  5.432790494225757E-04,
2460204.500000000, A.D. 2023-Sep-17 00:00:00.0000,  6.999091702903811E-01,  1.872327291337129E-01, -3.781373628929462E-02, -5.298177127897999E-03,  1.944862910493676E-02,  5.727918015716164E-04,
2460205.500000000, A.D. 2023-Sep-18 00:00:00.0000,  6.943404746991219E-01,  2.066062954487505E-01, -3.722636594385627E-02, -5.838540401484224E-03,  1.929598788057446E-02,  6.018754665374298E-04,
2460206.500000000, A.D. 2023-Sep-19 00:00:00.0000,  6.882335065704512E-01,  2.258196911790191E-01, -3.661013598649540E-02, -6.374652504549160E-03,  1.912830589534390E-02,  6.305072505247161E-04,
2460207.500000000, A.D. 2023-Sep-20 00:00:00.0000,  6.815927257605665E-01,  2.448579313751266E-01, -3.596550957273101E-02, -6.906096485164009E-03,  1.894569670267005E-02,  6.586646551825876E-04,
2460208.500000000, A.D. 2023-Sep-21 00:00:00.0000,  6.744230077663539E-01,  2.637061504262417E-01, -3.529297220127459E-02, -7.432458066883645E-03,  1.874828541967156E-02,  6.863254954417683E-04,
2460209.500000000, A.D. 2023-Sep-22 00:00:00.0000,  6.667296408907423E-01,  2.823496136027578E-01, -3.459303139183775E-02, -7.953325967199741E-03,  1.853620868377843E-02,  7.134679173461231E-04,
2460210.500000000, A.D. 2023-Sep-23 00:00:00.0000,  6.585183230892921E-01,  3.007737285511108E-01, -3.386621634517077E-02, -8.468292216584423E-03,  1.830961460006898E-02,  7.400704156972466E-04,
2460211.500000000, A.D. 2023-Sep-24 00:00:00.0000,  6.497951584974683E-01,  3.189640567314703E-01, -3.311307758550618E-02, -8.976952478023045E-03,  1.806866267998538E-02,  7.661118516538456E-04,
2460212.500000000, A.D. 2023-Sep-25 00:00:00.0000,  6.405666536383159E-01,  3.369063247896788E-01, -3.233418658546281E-02, -9.478906366641837E-03,  1.781352377094687E-02,  7.915714701825831E-04,
2460213.500000000, A.D. 2023-Sep-26 00:00:00.0000,  6.308397133105449E-01,  3.545864358542532E-01, -3.153013537356805E-02, -9.973757769206126E-03,  1.754437997687455E-02,  8.164289173735314E-04,
2460214.500000000, A.D. 2023-Sep-27 00:00:00.0000,  6.206216361573121E-01,  3.719904807493334E-01, -3.070153612454072E-02, -1.046111516318468E-02,  1.726142456955590E-02,  8.406642575995560E-04,
2460215.500000000, A.D. 2023-Sep-28 00:00:00.0000,  6.099201099162622E-01,  3.891047491143979E-01, -2.984902073249801E-02, -1.094059193512498E-02,  1.696486189080358E-02,  8.642579905087312E-04,
2460216.500000000, A.D. 2023-Sep-29 00:00:00.0000,  5.987432063516431E-01,  4.059157404215120E-01, -2.897324036725811E-02, -1.141180669808627E-02,  1.665490724535293E-02,  8.871910678378093E-04,
2460217.500000000, A.D. 2023-Sep-30 00:00:00.0000,  5.870993758695663E-01,  4.224101748808169E-01, -2.807486501392405E-02, -1.187438360787542E-02,  1.633178678443531E-02,  9.094449100335526E-04,
2460218.500000000, A.D. 2023-Oct-01 00:00:00.0000,  5.749974418177364E-01,  4.385750042249019E-01, -2.715458299594872E-02, -1.232795267782649E-02,  1.599573737996006E-02,  9.310014226676045E-04,
2460219.500000000, A.D. 2023-Oct-02 00:00:00.0000,  5.624465944712417E-01,  4.543974223626348E-01, -2.621310048189420E-02, -1.277215009185600E-02,  1.564700648923580E-02,  9.518430126290886E-04,
2460220.500000000, A.D. 2023-Oct-03 00:00:00.0000,  5.494563847062667E-01,  4.698648758929536E-01, -2.525114097611698E-02, -1.320661851551509E-02,  1.528585201016325E-02,  9.719526040779623E-04,
2460221.500000000, A.D. 2023-Oct-04 00:00:00.0000,  5.360367173638756E-01,  4.849650744690617E-01, -2.426944479362728E-02, -1.363100740474466E-02,  1.491254212683529E-02,  9.913136541403510E-04,
2460222.500000000, A.D. 2023-Oct-05 00:00:00.0000,  5.221978443063187E-01,  4.996860010034001E-01, -2.326876851939011E-02, -1.404497331202147E-02,  1.452735514548676E-02,  1.009910168325923E-03,
2460223.500000000, A.D. 2023-Oct-06 00:00:00.0000,  5.079503571686348E-01,  5.140159217037260E-01, -2.224988445235680E-02, -1.444818018956165E-02,  1.413057932074610E-02,  1.027726715645361E-03,
2460224.500000000, A.D. 2023-Oct-07 00:00:00.0000,  4.933051798086698E-01,  5.279433959305765E-01, -2.121358003453927E-02, -1.484029968922365E-02,  1.372251267215259E-02,  1.044748443404565E-03,
2460225.500000000, A.D. 2023-Oct-08 00:00:00.0000,  4.782735604589762E-01,  5.414572858663984E-01, -2.016065726545825E-02, -1.522101145881132E-02,  1.330346279098821E-02,  1.060961091661131E-03,
2460226.500000000, A.D. 2023-Oct-09 00:00:00.0000,  4.628670635843534E-01,  5.545467659866439E-01, -1.909193210231393E-02, -1.559000343437361E-02,  1.287374663734213E-02,  1.076351007313452E-03,
2460227.500000000, A.D. 2023-Oct-10 00:00:00.0000,  4.470975614492728E-01,  5.672013323230751E-01, -1.800823384626124E-02, -1.594697212813985E-02,  1.243369032751022E-02,  1.090905157805919E-03,
2460228.500000000, A.D. 2023-Oct-11 00:00:00.0000,  4.309772253996484E-01,  5.794108115096505E-01, -1.691040451517770E-02, -1.629162291179025E-02,  1.198362891174513E-02,  1.104611144430753E-03,
2460229.500000000, A.D. 2023-Oct-12 00:00:00.0000,  4.145185168638673E-01,  5.911653696013556E-01, -1.579929820334196E-02, -1.662367029461665E-02,  1.152390614241359E-02,  1.117457215202413E-03,
2460230.500000000, A.D. 2023-Oct-13 00:00:00.0000,  3.977341780783448E-01,  6.024555206564309E-01, -1.467578042845941E-02, -1.694283819625424E-02,  1.105487423264525E-02,  1.129432277286868E-03,
2460231.500000000, A.D. 2023-Oct-14 00:00:00.0000,  3.806372225432170E-01,  6.132721350725305E-01, -1.354072746648857E-02, -1.724886021361128E-02,  1.057689360556386E-02,  1.140525908965629E-03,
2460232.500000000, A.D. 2023-Oct-15 00:00:00.0000,  3.632409252141592E-01,  6.236064476674479E-01, -1.239502567474499E-02, -1.754147988162647E-02,  1.009033263420802E-02,  1.150728371114745E-03,
2460233.500000000, A.D. 2023-Oct-16 00:00:00.0000,  3.455588124366872E-01,  6.334500654951576E-01, -1.123957080377700E-02, -1.782045092748602E-02,  9.595567372265117E-03,  1.160030618179365E-03,
2460234.500000000, A.D. 2023-Oct-17 00:00:00.0000,  3.276046516296630E-01,  6.427949753880551E-01, -1.007526729852599E-02, -1.808553751793497E-02,  9.092981275758128E-03,  1.168424308624816E-03,
2460235.500000000, A.D. 2023-Oct-18 00:00:00.0000,  3.093924407250939E-01,  6.516335512164236E-01, -8.903027589306167E-03, -1.833651449931936E-02,  8.582964915841266E-03,  1.175901814845506E-03,
2460236.500000000, A.D. 2023-Oct-19 00:00:00.0000,  2.909363973716755E-01,  6.599585608563246E-01, -7.723771373153976E-03, -1.857316762999772E-02,  8.065915682876963E-03,  1.182456232513288E-03,
2460237.500000000, A.D. 2023-Oct-20 00:00:00.0000,  2.722509479098869E-01,  6.677631728572794E-01, -6.538424886116416E-03, -1.879529380476265E-02,  7.542237481982615E-03,  1.188081389347208E-03,
2460238.500000000, A.D. 2023-Oct-21 00:00:00.0000,  2.533507161268096E-01,  6.750409628013218E-01, -5.347920167067083E-03, -1.900270127091459E-02,  7.012340420252018E-03,  1.192771853286929E-03,
2460239.500000000, A.D. 2023-Oct-22 00:00:00.0000,  2.342505117991950E-01,  6.817859193451977E-01, -4.153194313653802E-03, -1.919520983563154E-02,  6.476640485872590E-03,  1.196522940052326E-03,
2460240.500000000, A.D. 2023-Oct-23 00:00:00.0000,  2.149653190336610E-01,  6.879924499377295E-01, -2.955188731000630E-03, -1.937265106428018E-02,  5.935559219375784E-03,  1.199330720072084E-03,
2460241.500000000, A.D. 2023-Oct-24 00:00:00.0000,  1.955102844132365E-01,  6.936553862046074E-01, -1.754848373802938E-03, -1.953486846937428E-02,  5.389523377286342E-03,  1.201192024768322E-03,
2460242.500000000, A.D. 2023-Oct-25 00:00:00.0000,  1.759007049597755E-01,  6.987699889931271E-01, -5.531209824671774E-04, -1.968171768977185E-02,  4.838964588415809E-03,  1.202104452176506E-03,
2460243.500000000, A.D. 2023-Oct-26 00:00:00.0000,  1.561520159222035E-01,  7.033319530696943E-01,  6.490436860304707E-04, -1.981306665982332E-02,  4.284319003138100E-03,  1.202066371889178E-03,
2460244.500000000, A.D. 2023-Oct-27 00:00:00.0000,  1.362797784007332E-01,  7.073374114631786E-01,  1.850694631886750E-03, -1.992879576818561E-02,  3.726026935882100E-03,  1.201076929310213E-03,
2460245.500000000, A.D. 2023-Oct-28 00:00:00.0000,  1.162996668176055E-01,  7.107829394475392E-01,  3.050880390116229E-03, -2.002879800592425E-02,  3.164532501229944E-03,  1.199136049203042E-03,
2460246.500000000, A.D. 2023-Oct-29 00:00:00.0000,  9.622745624518673E-02,  7.136655581574746E-01,  4.248649811386397E-03, -2.011297910364988E-02,  2.600283243921573E-03,  1.196244438522399E-03,
2460247.500000000, A.D. 2023-Oct-30 00:00:00.0000,  7.607900960253433E-02,  7.159827378311756E-01,  5.443052845322396E-03, -2.018125765739533E-02,  2.033729763123079E-03,  1.192403588517560E-03,
2460248.500000000, A.D. 2023-Oct-31 00:00:00.0000,  5.587026473183299E-02,  7.177324006746356E-01,  6.633141325545284E-03, -2.023356524295451E-02,  1.465325331329243E-03,  1.187615776096101E-03,
2460249.500000000, A.D. 2023-Nov-01 00:00:00.0000,  3.561722136637032E-02,  7.189129233423380E-01,  7.817969755700050E-03, -2.026984651842041E-02,  8.955255082835553E-04,  1.181884064438277E-03,
2460250.500000000, A.D. 2023-Nov-02 00:00:00.0000,  1.533592800197924E-02,  7.195231390295366E-01,  8.996596095720353E-03, -2.029005931467461E-02,  3.247877503119303E-04,  1.175212302853168E-03,
2460251.500000000, A.D. 2023-Nov-03 00:00:00.0000, -4.957531315887794E-03,  7.195623391717467E-01,  1.016808254756633E-02, -2.029417471359625E-02, -2.464289845208414E-04,  1.167605125868846E-03,
2460252.500000000, A.D. 2023-Nov-04 00:00:00.0000, -2.524705027706243E-02,  7.190302747474809E-01,  1.133149633966690E-02, -2.028217711377396E-02, -8.176646350098899E-04,  1.159067951549847E-03,
2460253.500000000, A.D. 2023-Nov-05 00:00:00.0000, -4.551651365094279E-02,  7.179271571806866E-01,  1.248591050929086E-02, -2.025406428351979E-02, -1.388458438729456E-03,  1.149606979036344E-03,
2460254.500000000, A.D. 2023-Nov-06 00:00:00.0000, -6.574981067736323E-02,  7.162536588397916E-01,  1.363040468206655E-02, -2.020984740099944E-02, -1.958349336824695E-03,  1.139229185300439E-03,
2460255.500000000, A.D. 2023-Nov-07 00:00:00.0000, -8.593084849108061E-02,  7.140109131307136E-01,  1.476406584786368E-02, -2.014955108130885E-02, -2.526876381215403E-03,  1.127942321116103E-03,
2460256.500000000, A.D. 2023-Nov-08 00:00:00.0000, -1.060435655667454E-01,  7.112005141816546E-01,  1.588598913225199E-02, -2.007321339034263E-02, -3.093579143738103E-03,  1.115754906240358E-03,
2460257.500000000, A.D. 2023-Nov-09 00:00:00.0000, -1.260719451710978E-01,  7.078245161179755E-01,  1.699527856274674E-02, -1.998088584537027E-02, -3.657998126785926E-03,  1.102676223806964E-03,
2460258.500000000, A.D. 2023-Nov-10 00:00:00.0000, -1.460000288090221E-01,  7.038854319258826E-01,  1.809104782905219E-02, -1.987263340212920E-02, -4.219675174911374E-03,  1.088716313928744E-03,
2460259.500000000, A.D. 2023-Nov-11 00:00:00.0000, -1.658119296499381E-01,  6.993862319042691E-01,  1.917242103651537E-02, -1.974853442842325E-02, -4.778153886902248E-03,  1.073885966514778E-03,
2460260.500000000, A.D. 2023-Nov-12 00:00:00.0000, -1.854918459210005E-01,  6.943303417043845E-01,  2.023853345200241E-02, -1.960868066411422E-02, -5.332980027908970E-03,  1.058196713301827E-03,
2460261.500000000, A.D. 2023-Nov-13 00:00:00.0000, -2.050240742534700E-01,  6.887216399576267E-01,  2.128853224141761E-02, -1.945317716747251E-02, -5.883701941011109E-03,  1.041660819106247E-03,
2460262.500000000, A.D. 2023-Nov-14 00:00:00.0000, -2.243930229686026E-01,  6.825644554922264E-01,  2.232157719808551E-02, -1.928214224785944E-02, -6.429870957779428E-03,  1.024291272301006E-03,
2460263.500000000, A.D. 2023-Nov-15 00:00:00.0000, -2.435832252893846E-01,  6.758635641400890E-01,  2.333684146122584E-02, -1.909570738473608E-02, -6.971041807311959E-03,  1.006101774524669E-03,
2460264.500000000, A.D. 2023-Nov-16 00:00:00.0000, -2.625793524644449E-01,  6.686241851355792E-01,  2.433351222375667E-02, -1.889401713301673E-02, -7.506773023225029E-03,  9.871067296304912E-04,
2460265.500000000, A.D. 2023-Nov-17 00:00:00.0000, -2.813662267905102E-01,  6.608519771085545E-01,  2.531079142867023E-02, -1.867722901480653E-02, -8.036627348082283E-03,  9.673212318850220E-04,
2460266.500000000, A.D. 2023-Nov-18 00:00:00.0000, -2.999288345198137E-01,  6.525530336744626E-01,  2.626789645323704E-02, -1.844551339758604E-02, -8.560172134747145E-03,  9.467610534268680E-04,
2460267.500000000, A.D. 2023-Nov-19 00:00:00.0000, -3.182523386389470E-01,  6.437338786248408E-01,  2.720406078030353E-02, -1.819905335892716E-02, -9.076979744146368E-03,  9.254426309975335E-04,
2460268.500000000, A.D. 2023-Nov-20 00:00:00.0000, -3.363220915057375E-01,  6.344014607220557E-01,  2.811853465596175E-02, -1.793804453784786E-02, -9.586627938934611E-03,  9.033830519575483E-04,
2460269.500000000, A.D. 2023-Nov-21 00:00:00.0000, -3.541236473308521E-01,  6.245631481026439E-01,  2.901058573288417E-02, -1.766269497293493E-02, -1.008870027255219E-02,  8.806000396022520E-04,
2460270.500000000, A.D. 2023-Nov-22 00:00:00.0000, -3.716427744909705E-01,  6.142267222941042E-01,  2.987949969863041E-02, -1.737322492738681E-02, -1.058278647317055E-02,  8.571119377930163E-04,
2460271.500000000, A.D. 2023-Nov-23 00:00:00.0000, -3.888654676605334E-01,  6.034003718505145E-01,  3.072458088825007E-02, -1.706986670115055E-02, -1.106848282202209E-02,  8.329376949208127E-04,
2460272.500000000, A.D. 2023-Nov-24 00:00:00.0000, -4.057779597492547E-01,  5.920926856128327E-01,  3.154515288052263E-02, -1.675286443034956E-02, -1.154539252561338E-02,  8.080968472203451E-04,
2460273.500000000, A.D. 2023-Nov-25 00:00:00.0000, -4.223667336328000E-01,  5.803126456002254E-01,  3.234055907719439E-02, -1.642247387421918E-02, -1.201312608140323E-02,  7.826095014528227E-04,
2460274.500000000, A.D. 2023-Nov-26 00:00:00.0000, -4.386185336642354E-01,  5.680696195392090E-01,  3.311016326459110E-02, -1.607896218977636E-02, -1.247130163636347E-02,  7.564963169788636E-04,
2460275.500000000, A.D. 2023-Nov-27 00:00:00.0000, -4.545203769541653E-01,  5.553733530379805E-01,  3.385335015700893E-02, -1.572260769453086E-02, -1.291954533803289E-02,  7.297784872442375E-04,
2460276.500000000, A.D. 2023-Nov-28 00:00:00.0000, -4.700595644076516E-01,  5.422339614136089E-01,  3.456952592130326E-02, -1.535369961742637E-02, -1.335749167761762E-02,  7.024777206954491E-04,
2460277.500000000, A.D. 2023-Nov-29 00:00:00.0000, -4.852236915063717E-01,  5.286619211803233E-01,  3.525811868212163E-02, -1.497253783840804E-02, -1.378478382464275E-02,  6.746162211549966E-04,
2460278.500000000, A.D. 2023-Nov-30 00:00:00.0000, -5.000006588247601E-01,  5.146680612075337E-01,  3.591857900724916E-02, -1.457943261687989E-02, -1.420107395276468E-02,  6.462166676768913E-04,
2460279.500000000, A.D. 2023-Dec-01 00:00:00.0000, -5.143786822691951E-01,  5.002635535566345E-01,  3.655038037256143E-02, -1.417470430939684E-02, -1.460602355632369E-02,  6.173021939080232E-04,
2460280.500000000, A.D. 2023-Dec-02 00:00:00.0000, -5.283463030296452E-01,  4.854599040060544E-01,  3.715301960610170E-02, -1.375868307694961E-02, -1.499930375723359E-02,  5.878963669817076E-04,
2460281.500000000, A.D. 2023-Dec-03 00:00:00.0000, -5.418923972335500E-01,  4.702689422744089E-01,  3.772601731082951E-02, -1.333170858221554E-02, -1.538059560182302E-02,  5.580231659702978E-04,
2460282.500000000, A.D. 2023-Dec-04 00:00:00.0000, -5.550061852920956E-01,  4.547028119519904E-01,  3.826891826561221E-02, -1.289412967716228E-02, -1.574959034726042E-02,  5.277069599243634E-04,
2460283.500000000, A.D. 2023-Dec-05 00:00:00.0000, -5.676772409294383E-01,  4.387739601511879E-01,  3.878129180406134E-02, -1.244630408140631E-02, -1.610598973721216E-02,  4.969724855266368E-04,
2460284.500000000, A.D. 2023-Dec-06 00:00:00.0000, -5.798954998858362E-01,  4.224951268867713E-01,  3.926273217084194E-02, -1.198859805174319E-02, -1.644950626640152E-02,  4.658448243896036E-04,
2460285.500000000, A.D. 2023-Dec-07 00:00:00.0000, -5.916512682860765E-01,  4.058793341972980E-01,  3.971285885511390E-02, -1.152138604328176E-02, -1.677986343375340E-02,  4.343493800262761E-04,
2460286.500000000, A.D. 2023-Dec-08 00:00:00.0000, -6.029352306650247E-01,  3.889398750192073E-01,  4.013131690079268E-02, -1.104505036262995E-02, -1.709679598382786E-02,  4.025118545244467E-04,
2460287.500000000, A.D. 2023-Dec-09 00:00:00.0000, -6.137384576425793E-01,  3.716903018254527E-01,  4.051777719334951E-02, -1.055998081359603E-02, -1.740005013626317E-02,  3.703582249554116E-04,
2460288.500000000, A.D. 2023-Dec-10 00:00:00.0000, -6.240524132407823E-01,  3.541444150407966E-01,  4.087193672290045E-02, -1.006657433588469E-02, -1.768938380296734E-02,  3.379147195490105E-04,
2460289.500000000, A.D. 2023-Dec-11 00:00:00.0000, -6.338689618363114E-01,  3.363162512461218E-01,  4.119351882336584E-02, -9.565234637219292E-03, -1.796456679286807E-02,  3.052077936627175E-04,
2460290.500000000, A.D. 2023-Dec-12 00:00:00.0000, -6.431803747420225E-01,  3.182200711843360E-01,  4.148227338751021E-02, -9.056371819466327E-03, -1.822538100393227E-02,  2.722641055827313E-04,
2460291.500000000, A.D. 2023-Dec-13 00:00:00.0000, -6.519793364118504E-01,  2.998703475806431E-01,  4.173797705771221E-02, -8.540401999225315E-03, -1.847162060237061E-02,  2.391104921837854E-04,
2460292.500000000, A.D. 2023-Dec-14 00:00:00.0000, -6.602589502636834E-01,  2.812817527901525E-01,  4.196043339233606E-02, -8.017746923341392E-03, -1.870309218876868E-02,  2.057739444803074E-04,
2460293.500000000, A.D. 2023-Dec-15 00:00:00.0000, -6.680127441154905E-01,  2.624691462858856E-01,  4.214947300761333E-02, -7.488833579953702E-03, -1.891961495111864E-02,  1.722815830997425E-04,
2460294.500000000, A.D. 2023-Dec-16 00:00:00.0000, -6.752346752304390E-01,  2.434475620003804E-01,  4.230495369497127E-02, -6.954093805516804E-03, -1.912102080457958E-02,  1.386606337077769E-04,
2460295.500000000, A.D. 2023-Dec-17 00:00:00.0000, -6.819191349672408E-01,  2.242321955341933E-01,  4.242676051377423E-02, -6.413963888318433E-03, -1.930715451791591E-02,  1.049384024135524E-04,
2460296.500000000, A.D. 2023-Dec-18 00:00:00.0000, -6.880609530324719E-01,  2.048383912446416E-01,  4.251480585947142E-02, -5.868884168994747E-03, -1.947787382657181E-02,  7.114225118154360E-05,
2460297.500000000, A.D. 2023-Dec-19 00:00:00.0000, -6.936554013321103E-01,  1.852816292281673E-01,  4.256902950717077E-02, -5.319298638527301E-03, -1.963304953234853E-02,  3.729957327633157E-05,
2460298.500000000, A.D. 2023-Dec-20 00:00:00.0000, -6.986981974200069E-01,  1.655775122097330E-01,  4.258939863068485E-02, -4.765654534194380E-03, -1.977256558966083E-02,  3.437768766033861E-06,
2460299.500000000, A.D. 2023-Dec-21 00:00:00.0000, -7.031855075414819E-01,  1.457417523526775E-01,  4.257590779712026E-02, -4.208401933943273E-03, -1.989631917835806E-02, -3.041577988946577E-05,
2460300.500000000, A.D. 2023-Dec-22 00:00:00.0000, -7.071139492706952E-01,  1.257901580024710E-01,  4.252857893710901E-02, -3.647993349649216E-03, -2.000422076310526E-02, -6.423373213867098E-05,
2460301.500000000, A.D. 2023-Dec-23 00:00:00.0000, -7.104805937409173E-01,  1.057386203778066E-01,  4.244746129080678E-02, -3.084883319731322E-03, -2.009619413932984E-02, -9.798881349913784E-05,
2460302.500000000, A.D. 2023-Dec-24 00:00:00.0000, -7.132829674672921E-01,  8.560310022245753E-02,  4.233263132981295E-02, -2.519528001605806E-03, -2.017217646574946E-02, -1.316538395489307E-04,
2460303.500000000, A.D. 2023-Dec-25 00:00:00.0000, -7.155190537621788E-01,  6.539961443130360E-02,  4.218419265519650E-02, -1.952384764472105E-03, -2.023211828350771E-02, -1.652017397172398E-04,
2460304.500000000, A.D. 2023-Dec-26 00:00:00.0000, -7.171872937436595E-01,  4.514422266390425E-02,  4.200227587184623E-02, -1.383911782948188E-03, -2.027598352195479E-02, -1.986055808398437E-04,
2460305.500000000, A.D. 2023-Dec-27 00:00:00.0000, -7.182865869382995E-01,  2.485301395891920E-02,  4.178703843939315E-02, -8.145676319981289E-04, -2.030374949120713E-02, -2.318385904572404E-04,
2460306.500000000, A.D. 2023-Dec-28 00:00:00.0000, -7.188162914797123E-01,  4.542093362545745E-03,  4.153866449997846E-02, -2.448108837488216E-04, -2.031540686156296E-02, -2.648741798154450E-04,
2460307.500000000, A.D. 2023-Dec-29 00:00:00.0000, -7.187762239050814E-01, -1.577243141598877E-02,  4.125736468317812E-02,  3.249002933867511E-04, -2.031095962999251E-02, -2.976859665518663E-04,
2460308.500000000, A.D. 2023-Dec-30 00:00:00.0000, -7.181666585521486E-01, -3.607446330897424E-02,  4.094337588841186E-02,  8.941085327951830E-04, -2.029042507379116E-02, -3.302477970353767E-04,
2460309.500000000, A.D. 2023-Dec-31 00:00:00.0000, -7.169883265597109E-01, -5.634792914214758E-02,  4.059696104519216E-02,  1.462357664486239E-03, -2.025383369170812E-02, -3.625337683427244E-04,
2460310.500000000, A.D. 2024-Jan-01 00:00:00.0000, -7.152424144751042E-01, -7.657679282155083E-02,  4.021840885158845E-02,  2.029193106238079E-03, -2.020122913271596E-02, -3.945182498483849E-04,
2460311.500000000, A.D. 2024-Jan-02 00:00:00.0000, -7.129305624725462E-01, -9.674506844308307E-02,  3.980803349130234E-02,  2.594162250655212E-03, -2.013266811267015E-02, -4.261759044097586E-04,
2460312.500000000, A.D. 2024-Jan-03 00:00:00.0000, -7.100548621866327E-01, -1.168368333127623E-01,  3.936617432976732E-02,  3.156814847747275E-03, -2.004822031911271E-02, -4.574817091300770E-04,
2460313.500000000, A.D. 2024-Jan-04 00:00:00.0000, -7.066178541656504E-01, -1.368362408659715E-01,  3.889319558970378E-02,  3.716703382653005E-03, -1.994796830448052E-02, -4.884109756821052E-04,
2460314.500000000, A.D. 2024-Jan-05 00:00:00.0000, -7.026225249497441E-01, -1.567275334742259E-01,  3.838948600657677E-02,  4.273383448149329E-03, -1.983200736798538E-02, -5.189393701762710E-04,
2460315.500000000, A.D. 2024-Jan-06 00:00:00.0000, -6.980723037793267E-01, -1.764950551282711E-01,  3.785545846442005E-02,  4.826414111600337E-03, -1.970044542644047E-02, -5.490429325574810E-04,
2460316.500000000, A.D. 2024-Jan-07 00:00:00.0000, -6.929710589394584E-01, -1.961232639865977E-01,  3.729154961250526E-02,  5.375358276015023E-03, -1.955340287431656E-02, -5.786980955154667E-04,
2460317.500000000, A.D. 2024-Jan-08 00:00:00.0000, -6.873230937462482E-01, -2.155967447787488E-01,  3.669821946335013E-02,  5.919783034896140E-03, -1.939101243331994E-02, -6.078817028941711E-04,
2460318.500000000, A.D. 2024-Jan-09 00:00:00.0000, -6.811331421816359E-01, -2.349002210530911E-01,  3.607595097257338E-02,  6.459260020575107E-03, -1.921341899179444E-02, -6.365710275861684E-04,
2460319.500000000, A.D. 2024-Jan-10 00:00:00.0000, -6.744063641832213E-01, -2.540185672590317E-01,  3.542524960111872E-02,  6.993365745740039E-03, -1.902077943426037E-02, -6.647437888988446E-04,
2460320.500000000, A.D. 2024-Jan-11 00:00:00.0000, -6.671483405960855E-01, -2.729368206539745E-01,  3.474664286038169E-02,  7.521681937875085E-03, -1.881326246141465E-02, -6.923781693795264E-04,
2460321.500000000, A.D. 2024-Jan-12 00:00:00.0000, -6.593650677938163E-01, -2.916401930256297E-01,  3.404067984078628E-02,  8.043795866385503E-03, -1.859104840085723E-02, -7.194528310877474E-04,
2460322.500000000, A.D. 2024-Jan-13 00:00:00.0000, -6.510629519761739E-01, -3.101140822205349E-01,  3.330793072437580E-02,  8.559300662122253E-03, -1.835432900893422E-02, -7.459469313006444E-04,
2460323.500000000, A.D. 2024-Jan-14 00:00:00.0000, -6.422488031511342E-01, -3.283440834702062E-01,  3.254898628197026E-02,  9.067795629101339E-03, -1.810330726406788E-02, -7.718401376569473E-04,
2460324.500000000, A.D. 2024-Jan-15 00:00:00.0000, -6.329298288091786E-01, -3.463160005063374E-01,  3.176445735548779E-02,  9.568886548239281E-03, -1.783819715170488E-02, -7.971126427005324E-04,
2460325.500000000, A.D. 2024-Jan-16 00:00:00.0000, -6.231136272979386E-01, -3.640158564570545E-01,  3.095497432600298E-02,  1.006218597288162E-02, -1.755922344147787E-02, -8.217451778536114E-04,
2460326.500000000, A.D. 2024-Jan-17 00:00:00.0000, -6.128081809054798E-01, -3.814299045165020E-01,  3.012118656813070E-02,  1.054731351597308E-02, -1.726662145677443E-02, -8.457190267932415E-04,
2460327.500000000, A.D. 2024-Jan-18 00:00:00.0000, -6.020218486606546E-01, -3.985446383803591E-01,  2.926376189133053E-02,  1.102389612872300E-02, -1.696063683708404E-02, -8.690160382340133E-04,
2460328.500000000, A.D. 2024-Jan-19 00:00:00.0000, -5.907633588590994E-01, -4.153468024402432E-01,  2.838338596872455E-02,  1.149156837063010E-02, -1.664152529349077E-02, -8.916186381191249E-04,
2460329.500000000, A.D. 2024-Jan-20 00:00:00.0000, -5.790418013235815E-01, -4.318234017303320E-01,  2.748076175401883E-02,  1.194997267074193E-02, -1.630955235767677E-02, -9.135098412217587E-04,
2460330.500000000, A.D. 2024-Jan-21 00:00:00.0000, -5.668666194075153E-01, -4.479617116198952E-01,  2.655660888711803E-02,  1.239875958003464E-02, -1.596499312479896E-02, -9.346732621580245E-04,
2460331.500000000, A.D. 2024-Jan-22 00:00:00.0000, -5.542476017505819E-01, -4.637492872457903E-01,  2.561166308902091E-02,  1.283758801481000E-02, -1.560813199059834E-02, -9.550931258123812E-04,
2460332.500000000, A.D. 2024-Jan-23 00:00:00.0000, -5.411948737954838E-01, -4.791739726793313E-01,  2.464667554658387E-02,  1.326612549101689E-02, -1.523926238309884E-02, -9.747542771759083E-04,
2460333.500000000, A.D. 2024-Jan-24 00:00:00.0000, -5.277188890749491E-01, -4.942239098223004E-01,  2.366241228773971E-02,  1.368404834941582E-02, -1.485868648924950E-02, -9.936421905972911E-04,
2460334.500000000, A.D. 2024-Jan-25 00:00:00.0000, -5.138304202781798E-01, -5.088875470272182E-01,  2.265965354775975E-02,  1.409104197151543E-02, -1.446671497686126E-02, -1.011742978445960E-03,
2460335.500000000, A.D. 2024-Jan-26 00:00:00.0000, -4.995405501060032E-01, -5.231536474373446E-01,  2.163919312714664E-02,  1.448680098622095E-02, -1.406366671218649E-02, -1.029043399186307E-03,
2460336.500000000, A.D. 2024-Jan-27 00:00:00.0000, -4.848606619240401E-01, -5.370112970422239E-01,  2.060183774174831E-02,  1.487102946714526E-02, -1.364986847348677E-02, -1.045530864861358E-03,
2460337.500000000, A.D. 2024-Jan-28 00:00:00.0000, -4.698024302232208E-01, -5.504499124448786E-01,  1.954840636568684E-02,  1.524344112061876E-02, -1.322565466076769E-02, -1.061193447976789E-03,
2460338.500000000, A.D. 2024-Jan-29 00:00:00.0000, -4.543778108969742E-01, -5.634592483370298E-01,  1.847972956769539E-02,  1.560375946430181E-02, -1.279136700225393E-02, -1.076019887808579E-03,
2460339.500000000, A.D. 2024-Jan-30 00:00:00.0000, -4.385990313444622E-01, -5.760294046792286E-01,  1.739664884144098E-02,  1.595171799650753E-02, -1.234735425767748E-02, -1.089999596115835E-03,
2460340.500000000, A.D. 2024-Jan-31 00:00:00.0000, -4.224785804091628E-01, -5.881508335828342E-01,  1.630001593042690E-02,  1.628706035618467E-02, -1.189397191879346E-02, -1.103122662274972E-03,
2460341.500000000, A.D. 2024-Feb-01 00:00:00.0000, -4.060291981620970E-01, -5.998143458912492E-01,  1.519069214804725E-02,  1.660954047364829E-02, -1.143158190741408E-02, -1.115379857840275E-03,
2460342.500000000, A.D. 2024-Feb-02 00:00:00.0000, -3.892638655389460E-01, -6.110111174580647E-01,  1.406954769336555E-02,  1.691892271208181E-02, -1.096055227124212E-02, -1.126762640536931E-03,
2460343.500000000, A.D. 2024-Feb-03 00:00:00.0000, -3.721957938402541E-01, -6.217326951200614E-01,  1.293746096318123E-02,  1.721498199986993E-02, -1.048125687779686E-02, -1.137263157695084E-03,
2460344.500000000, A.D. 2024-Feb-04 00:00:00.0000, -3.548384141038572E-01, -6.319710023633003E-01,  1.179531786093638E-02,  1.749750395382802E-02, -9.994075106716797E-03, -1.146874249133519E-03,
2460345.500000000, A.D. 2024-Feb-05 00:00:00.0000, -3.372053663586038E-01, -6.417183446808207E-01,  1.064401110301202E-02,  1.776628499339993E-02, -9.499391540715158E-03, -1.155589449501810E-03,
2460346.500000000, A.D. 2024-Feb-06 00:00:00.0000, -3.193104887683615E-01, -6.509674146207327E-01,  9.484439522948309E-03,  1.802113244590232E-02, -8.997595655455513E-03, -1.163402990089755E-03,
2460347.500000000, A.D. 2024-Feb-07 00:00:00.0000, -3.011678066752216E-01, -6.597112965237516E-01,  8.317507374118039E-03,  1.826186464289993E-02, -8.489081508606635E-03, -1.170309800113159E-03,
2460348.500000000, A.D. 2024-Feb-08 00:00:00.0000, -2.827915215507243E-01, -6.679434709494838E-01,  7.144123631372759E-03,  1.848831100780243E-02, -7.974247428327041E-03, -1.176305507485064E-03,
2460349.500000000, A.D. 2024-Feb-09 00:00:00.0000, -2.641959998638375E-01, -6.756578187910115E-01,  5.965201292170658E-03,  1.870031213477974E-02, -7.453495701421425E-03, -1.181386439081672E-03,
2460350.500000000, A.D. 2024-Feb-10 00:00:00.0000, -2.453957618743171E-01, -6.828486250775684E-01,  4.781656677687668E-03,  1.889771985909891E-02, -6.927232261402451E-03, -1.185549620512369E-03,
2460351.500000000, A.D. 2024-Feb-11 00:00:00.0000, -2.264054703599757E-01, -6.895105824653233E-01,  3.594408734402301E-03,  1.908039731899199E-02, -6.395866376683234E-03, -1.188792775403276E-03,
2460352.500000000, A.D. 2024-Feb-12 00:00:00.0000, -2.072399192862682E-01, -6.956387944165141E-01,  2.404378336635829E-03,  1.924821900917051E-02, -5.859810339117109E-03, -1.191114324204002E-03,
2460353.500000000, A.D. 2024-Feb-13 00:00:00.0000, -1.879140224264999E-01, -7.012287780673730E-01,  1.212487590521683E-03,  1.940107082608107E-02, -5.319479153076169E-03, -1.192513382525704E-03,
2460354.500000000, A.D. 2024-Feb-14 00:00:00.0000, -1.684428019408505E-01, -7.062764667854980E-01,  1.965913986517326E-05,  1.953885010505671E-02, -4.775290225296982E-03, -1.192989759022660E-03,
2460355.500000000, A.D. 2024-Feb-15 00:00:00.0000, -1.488413769222437E-01, -7.107782124175097E-01, -1.173184525653163E-03,  1.966146564946835E-02, -4.227663055641372E-03, -1.192543952825459E-03,
2460356.500000000, A.D. 2024-Feb-16 00:00:00.0000, -1.291249519170306E-01, -7.147307872280273E-01, -2.365121759486932E-03,  1.976883775198774E-02, -3.677018928992958E-03, -1.191177150534644E-03,
2460357.500000000, A.D. 2024-Feb-17 00:00:00.0000, -1.093088054282817E-01, -7.181313855311611E-01, -3.555232444011880E-03,  1.986089820812124E-02, -3.123780608428307E-03, -1.188891222786534E-03,
2460358.500000000, A.D. 2024-Feb-18 00:00:00.0000, -8.940827840936567E-02, -7.209776250158895E-01, -4.742598672669619E-03,  1.993759032212377E-02, -2.568372029841346E-03, -1.185688720399704E-03,
2460359.500000000, A.D. 2024-Feb-19 00:00:00.0000, -6.943876275536845E-02, -7.232675477668521E-01, -5.926305428052033E-03,  1.999886890542719E-02, -2.011217998173311E-03, -1.181572870111929E-03,
2460360.500000000, A.D. 2024-Feb-20 00:00:00.0000, -4.941568979977102E-02, -7.249996209822359E-01, -7.105441255521787E-03,  2.004470026771655E-02, -1.452743885393359E-03, -1.176547569917270E-03,
2460361.500000000, A.D. 2024-Feb-21 00:00:00.0000, -2.935451882367180E-02, -7.261727373905734E-01, -8.279098931974314E-03,  2.007506220078682E-02, -8.933753303678607E-04, -1.170617384012839E-03,
2460362.500000000, A.D. 2024-Feb-22 00:00:00.0000, -9.270725584706801E-03, -7.267862153684123E-01, -9.446376129355068E-03,  2.008994395531235E-02, -3.335379407491925E-04, -1.163787537364651E-03,
2460363.500000000, A.D. 2024-Feb-23 00:00:00.0000,  1.082020912731058E-02, -7.268397987609327E-01, -1.060637607255606E-02,  2.008934621066017E-02,  2.263430029923666E-04, -1.156063909901824E-03,
2460364.500000000, A.D. 2024-Feb-24 00:00:00.0000,  3.090281090113957E-02, -7.263336564077189E-01, -1.175820819132494E-02,  2.007328103787786E-02,  7.858428412772697E-04, -1.147453030348244E-03,
2460365.500000000, A.D. 2024-Feb-25 00:00:00.0000,  5.096162307449118E-02, -7.252683813759955E-01, -1.290098876582739E-02,  2.004177185598567E-02,  1.344537826756828E-03, -1.137962069700664E-03,
2460366.500000000, A.D. 2024-Feb-26 00:00:00.0000,  7.098121805740568E-02, -7.236449899037533E-01, -1.403384156551545E-02,  1.999485338170227E-02,  1.902005413183093E-03, -1.127598834362057E-03,
2460367.500000000, A.D. 2024-Feb-27 00:00:00.0000,  9.094620860212570E-02, -7.214649200552764E-01, -1.515589848095987E-02,  1.993257157273214E-02,  2.457824541714160E-03, -1.116371758938885E-03,
2460368.500000000, A.D. 2024-Feb-28 00:00:00.0000,  1.108412590130915E-01, -7.187300300916876E-01, -1.626630014831539E-02,  1.985498356474270E-02,  3.011575924567936E-03, -1.104289898710796E-03,
2460369.500000000, A.D. 2024-Feb-29 00:00:00.0000,  1.306510962908022E-01, -7.154425965591986E-01, -1.736419656609487E-02,  1.976215760213269E-02,  3.562842325926865E-03, -1.091362921779655E-03,
2460370.500000000, A.D. 2024-Mar-01 00:00:00.0000,  1.503605212033999E-01, -7.116053120978678E-01, -1.844874770393647E-02,  1.965417296274746E-02,  4.111208840036950E-03, -1.077601100908075E-03,
2460371.500000000, A.D. 2024-Mar-02 00:00:00.0000,  1.699544192799876E-01, -7.072212829736746E-01, -1.951912410305560E-02,  1.953111987662617E-02,  4.656263166426805E-03, -1.063015305052524E-03,
2460372.500000000, A.D. 2024-Mar-03 00:00:00.0000,  1.894177717197524E-01, -7.022940263368711E-01, -2.057450746808225E-02,  1.939309943890325E-02,  5.197595882150510E-03, -1.047616990599597E-03,
2460373.500000000, A.D. 2024-Mar-04 00:00:00.0000,  2.087356662111228E-01, -6.968274672095780E-01, -2.161409124998697E-02,  1.924022351698203E-02,  5.734800711038245E-03, -1.031418192311920E-03,
2460374.500000000, A.D. 2024-Mar-05 00:00:00.0000,  2.278933076552703E-01, -6.908259352056629E-01, -2.263708121981182E-02,  1.907261465207094E-02,  6.267474789867384E-03, -1.014431513989836E-03,
2460375.500000000, A.D. 2024-Mar-06 00:00:00.0000,  2.468760287883734E-01, -6.842941609860093E-01, -2.364269603292275E-02,  1.889040595518631E-02,  6.795218931406632E-03, -9.966701188551077E-04,
2460376.500000000, A.D. 2024-Mar-07 00:00:00.0000,  2.656693006971567E-01, -6.772372724523241E-01, -2.463016778350915E-02,  1.869374099771636E-02,  7.317637884285297E-03, -9.781477196622035E-04,
2460377.500000000, A.D. 2024-Mar-08 00:00:00.0000,  2.842587432223110E-01, -6.696607906826832E-01, -2.559874254906053E-02,  1.848277369663231E-02,  7.834340589638977E-03, -9.588785685423690E-04,
2460378.500000000, A.D. 2024-Mar-09 00:00:00.0000,  3.026301352444822E-01, -6.615706256120646E-01, -2.654768092455589E-02,  1.825766819442686E-02,  8.344940434481396E-03, -9.388774465854715E-04,
2460379.500000000, A.D. 2024-Mar-10 00:00:00.0000,  3.207694248475929E-01, -6.529730714611673E-01, -2.747625854610584E-02,  1.801859873385508E-02,  8.849055501750093E-03, -9.181596531645874E-04,
2460380.500000000, A.D. 2024-Mar-11 00:00:00.0000,  3.386627393543365E-01, -6.438748019168717E-01, -2.838376660379320E-02,  1.776574952755015E-02,  9.346308816971250E-03, -8.967409950085378E-04,
2460381.500000000, A.D. 2024-Mar-12 00:00:00.0000,  3.562963952287553E-01, -6.342828650677488E-01, -2.926951234346150E-02,  1.749931462258520E-02,  9.836328591485631E-03, -8.746377750279628E-04,
2460382.500000000, A.D. 2024-Mar-13 00:00:00.0000,  3.736569078408815E-01, -6.242046780980883E-01, -3.013281955720985E-02,  1.721949776005298E-02,  1.031874846217416E-02, -8.518667809011636E-04,
2460383.500000000, A.D. 2024-Mar-14 00:00:00.0000,  3.907310010884991E-01, -6.136480217439785E-01, -3.097302906235604E-02,  1.692651222973753E-02,  1.079320772761739E-02, -8.284452734267124E-04,
2460384.500000000, A.D. 2024-Mar-15 00:00:00.0000,  4.075056168711547E-01, -6.026210345150399E-01, -3.178949916863855E-02,  1.662058071995596E-02,  1.125935158061828E-02, -8.043909746508955E-04,
2460385.500000000, A.D. 2024-Mar-16 00:00:00.0000,  4.239679244116351E-01, -5.911322066854805E-01, -3.258160613343786E-02,  1.630193516267229E-02,  1.171683133702006E-02, -7.797220557786025E-04,
2460386.500000000, A.D. 2024-Mar-17 00:00:00.0000,  4.401053294202426E-01, -5.791903740582085E-01, -3.334874460480340E-02,  1.597081657397302E-02,  1.216530466078913E-02, -7.544571248756843E-04,
2460387.500000000, A.D. 2024-Mar-18 00:00:00.0000,  4.559054830972403E-01, -5.668047115057345E-01, -3.409032805208030E-02,  1.562747488998704E-02,  1.260443578530578E-02, -7.286152143690072E-04,
2460388.500000000, A.D. 2024-Mar-19 00:00:00.0000,  4.713562909690229E-01, -5.539847262917165E-01, -3.480578918394098E-02,  1.527216879839196E-02,  1.303389573083034E-02, -7.022157683543156E-04,
2460389.500000000, A.D. 2024-Mar-20 00:00:00.0000,  4.864459215535769E-01, -5.407402511769216E-01, -3.549458035362593E-02,  1.490516556552101E-02,  1.345336251817313E-02, -6.752786297080836E-04,
2460390.500000000, A.D. 2024-Mar-21 00:00:00.0000,  5.011628148509037E-01, -5.270814373134427E-01, -3.615617395120187E-02,  1.452674085918455E-02,  1.386252137852662E-02, -6.478240270112985E-04,
2460391.500000000, A.D. 2024-Mar-22 00:00:00.0000,  5.154956906541317E-01, -5.130187469309928E-01, -3.679006278264877E-02,  1.413717856723416E-02,  1.426106495947462E-02, -6.198725612819393E-04,
2460392.500000000, A.D. 2024-Mar-23 00:00:00.0000,  5.294335566770735E-01, -4.985629458191037E-01, -3.739576043558233E-02,  1.373677061188738E-02,  1.464869352717051E-02, -5.914451925138330E-04,
2460393.500000000, A.D. 2024-Mar-24 00:00:00.0000,  5.429657164939916E-01, -4.837250956090748E-01, -3.797280163141806E-02,  1.332581675982410E-02,  1.502511516465626E-02, -5.625632260203488E-04,
2460394.500000000, A.D. 2024-Mar-25 00:00:00.0000,  5.560817772873499E-01, -4.685165458595488E-01, -3.852074256378108E-02,  1.290462442806165E-02,  1.539004596627678E-02, -5.332482985823961E-04,
2460395.500000000, A.D. 2024-Mar-26 00:00:00.0000,  5.687716573993319E-01, -4.529489259496511E-01, -3.903916122296618E-02,  1.247350848561501E-02,  1.574321022812969E-02, -5.035223644011622E-04,
2460396.500000000, A.D. 2024-Mar-27 00:00:00.0000,  5.810255936829163E-01, -4.370341367836903E-01, -3.952765770625389E-02,  1.203279105095133E-02,  1.608434063447882E-02, -4.734076808570732E-04,
2460397.500000000, A.D. 2024-Mar-28 00:00:00.0000,  5.928341486483087E-01, -4.207843423114975E-01, -3.998585451388911E-02,  1.158280128525382E-02,  1.641317844005142E-02, -4.429267940776020E-04,
2460398.500000000, A.D. 2024-Mar-29 00:00:00.0000,  6.041882174005530E-01, -4.042119608685610E-01, -4.041339683053401E-02,  1.112387518151913E-02,  1.672947364813284E-02, -4.121025243177214E-04,
2460399.500000000, A.D. 2024-Mar-30 00:00:00.0000,  6.150790343641700E-01, -3.873296563402058E-01, -4.080995279200943E-02,  1.065635534952474E-02,  1.703298518436969E-02, -3.809579511581081E-04,
2460400.500000000, A.D. 2024-Mar-31 00:00:00.0000,  6.254981797907206E-01, -3.701503291541517E-01, -4.117521373714624E-02,  1.018059079671850E-02,  1.732348106619222E-02, -3.495163985273785E-04,
2460401.500000000, A.D. 2024-Apr-01 00:00:00.0000,  6.354375860452303E-01, -3.526871071058744E-01, -4.150889444457152E-02,  9.696936705046458E-03,  1.760073856777924E-02, -3.178014195490043E-04,
2460402.500000000, A.D. 2024-Apr-02 00:00:00.0000,  6.448895436674306E-01, -3.349533360212624E-01, -4.181073335425659E-02,  9.205754203781615E-03,  1.786454438047607E-02, -2.858367812212763E-04,
2460403.500000000, A.D. 2024-Apr-03 00:00:00.0000,  6.538467072038405E-01, -3.169625702611719E-01, -4.208049277366274E-02,  8.707410138377551E-03,  1.811469476857714E-02, -2.536464489316951E-04,
2460404.500000000, A.D. 2024-Apr-04 00:00:00.0000,  6.623021008067493E-01, -2.987285630725444E-01, -4.231795906832150E-02,  8.202276835419171E-03,  1.835099572039844E-02, -2.212545708120561E-04,
2460405.500000000, A.D. 2024-Apr-05 00:00:00.0000,  6.702491235961967E-01, -2.802652567908483E-01, -4.252294283669015E-02,  7.690731863676368E-03,  1.857326309454142E-02, -1.886854619357575E-04,
2460406.500000000, A.D. 2024-Apr-06 00:00:00.0000,  6.776815547810846E-01, -2.615867728986981E-01, -4.269527906912837E-02,  7.173157791323451E-03,  1.878132276126256E-02, -1.559635883622272E-04,
2460407.500000000, A.D. 2024-Apr-07 00:00:00.0000,  6.845935585356083E-01, -2.427074019455881E-01, -4.283482729084404E-02,  6.649941939362429E-03,  1.897501073885395E-02, -1.231135510318942E-04,
2460408.500000000, A.D. 2024-Apr-08 00:00:00.0000,  6.909796886272295E-01, -2.236415933337829E-01, -4.294147168866060E-02,  6.121476131291268E-03,  1.915417332493601E-02, -9.016006951531071E-05,
2460409.500000000, A.D. 2024-Apr-09 00:00:00.0000,  6.968348927924579E-01, -2.044039449755009E-01, -4.301512122146267E-02,  5.588156439060788E-03,  1.931866722255958E-02, -5.712796562021534E-05,
2460410.500000000, A.D. 2024-Apr-10 00:00:00.0000,  7.021545168567540E-01, -1.850091928266357E-01, -4.305570971417887E-02,  5.050382925367067E-03,  1.946835966101028E-02, -2.404214686057022E-05,
2460411.500000000, A.D. 2024-Apr-11 00:00:00.0000,  7.069343085949112E-01, -1.654722003023678E-01, -4.306319593516678E-02,  4.508559382329259E-03,  1.960312851120443E-02,  9.072410208116019E-06,
2460412.500000000, A.D. 2024-Apr-12 00:00:00.0000,  7.111704213283333E-01, -1.458079475801329E-01, -4.303756365686798E-02,  3.963093066606036E-03,  1.972286239556112E-02,  4.219067678267417E-05,
2460413.500000000, A.D. 2024-Apr-13 00:00:00.0000,  7.148594172556678E-01, -1.260315207955287E-01, -4.297882169960693E-02,  3.414394431007284E-03,  1.982746079223154E-02,  7.528758873054631E-05,
2460414.500000000, A.D. 2024-Apr-14 00:00:00.0000,  7.179982705133265E-01, -1.061581011368661E-01, -4.288700395841107E-02,  2.862876852661302E-03,  1.991683413356226E-02,  1.083380636273911E-04,
2460415.500000000, A.D. 2024-Apr-15 00:00:00.0000,  7.205843699624752E-01, -8.620295384419173E-02, -4.276216941273634E-02,  2.308956357801428E-03,  1.999090389866522E-02,  1.413170179085624E-04,
2460416.500000000, A.D. 2024-Apr-16 00:00:00.0000,  7.226155216991490E-01, -6.618141711874234E-02, -4.260440211898611E-02,  1.753051343239935E-03,  2.004960269996308E-02,  1.741993841289209E-04,
2460417.500000000, A.D. 2024-Apr-17 00:00:00.0000,  7.240899512842234E-01, -4.610889094892091E-02, -4.241381118571960E-02,  1.195582294625365E-03,  2.009287436358263E-02,  2.069601283235826E-04,
2460418.500000000, A.D. 2024-Apr-18 00:00:00.0000,  7.250063056900585E-01, -2.600082585900663E-02, -4.219053073145081E-02,  6.369715015311844E-04,  2.012067400345599E-02,  2.395742674650622E-04,
2460419.500000000, A.D. 2024-Apr-19 00:00:00.0000,  7.253636549606878E-01, -5.872711586986045E-03, -4.193471982494558E-02,  7.764276948887068E-05,  2.013296808897699E-02,  2.720168870082327E-04,
2460420.500000000, A.D. 2024-Apr-20 00:00:00.0000,  7.251614935825567E-01,  1.425993430202085E-02, -4.164656240793279E-02, -4.819788709404893E-04,  2.012973450611054E-02,  3.042631585160912E-04,
2460421.500000000, A.D. 2024-Apr-21 00:00:00.0000,  7.243997415628850E-01,  3.438157786008366E-02, -4.132626720015244E-02, -1.041467457969065E-03,  2.011096261176660E-02,  3.362883573589587E-04,
2460422.500000000, A.D. 2024-Apr-22 00:00:00.0000,  7.230787452128402E-01,  5.447668025174394E-02, -4.097406758667137E-02, -1.600396395140243E-03,  2.007665328132005E-02,  3.680678804785225E-04,
2460423.500000000, A.D. 2024-Apr-23 00:00:00.0000,  7.211992776328210E-01,  7.452970929332796E-02, -4.059022148740601E-02, -2.158338750527582E-03,  2.002681894912652E-02,  3.995772642080425E-04,
2460424.500000000, A.D. 2024-Apr-24 00:00:00.0000,  7.187625388972736E-01,  9.452515102921119E-02, -4.017501120880081E-02, -2.714867558452056E-03,  1.996148364188537E-02,  4.307922021396719E-04,
2460425.500000000, A.D. 2024-Apr-25 00:00:00.0000,  7.157701559365853E-01,  1.144475213378075E-01, -3.972874327761951E-02, -3.269556123586326E-03,  1.988068300470146E-02,  4.616885630292425E-04,
2460426.500000000, A.D. 2024-Apr-26 00:00:00.0000,  7.122241821137382E-01,  1.342813775599081E-01, -3.925174825681740E-02, -3.821978327306151E-03,  1.978446431969808E-02,  4.922424087284082E-04,
2460427.500000000, A.D. 2024-Apr-27 00:00:00.0000,  7.081270964935497E-01,  1.540113301418475E-01, -3.874438054347178E-02, -4.371708936140512E-03,  1.967288651703439E-02,  5.224300121336298E-04,
2460428.500000000, A.D. 2024-Apr-28 00:00:00.0000,  7.034818028024780E-01,  1.736220542858287E-01, -3.820701814876003E-02, -4.918323912163432E-03,  1.954602017818128E-02,  5.522278751408504E-04,
2460429.500000000, A.D. 2024-Apr-29 00:00:00.0000,  6.982916280771343E-01,  1.930983015995925E-01, -3.764006245998445E-02, -5.461400725161884E-03,  1.940394753131018E-02,  5.816127465943824E-04,
2460430.500000000, A.D. 2024-Apr-30 00:00:00.0000,  6.925603209998116E-01,  2.124249117374725E-01, -3.704393798465665E-02, -6.000518666405632E-03,  1.924676243865042E-02,  6.105616402179205E-04,
2460431.500000000, A.D. 2024-May-01 00:00:00.0000,  6.862920499195161E-01,  2.315868240247302E-01, -3.641909207666454E-02, -6.535259163836253E-03,  1.907457037567113E-02,  6.390518525151789E-04,
2460432.500000000, A.D. 2024-May-02 00:00:00.0000,  6.794914005571826E-01,  2.505690890569265E-01, -3.576599464455969E-02, -7.065206098484056E-03,  1.888748840194479E-02,  6.670609806271182E-04,
2460433.500000000, A.D. 2024-May-03 00:00:00.0000,  6.721633733939455E-01,  2.693568802659471E-01, -3.508513784201468E-02, -7.589946121899134E-03,  1.868564512358179E-02,  6.945669401320463E-04,
2460434.500000000, A.D. 2024-May-04 00:00:00.0000,  6.643133807415477E-01,  2.879355054441882E-01, -3.437703574051425E-02, -8.109068974410072E-03,  1.846918064706603E-02,  7.215479827751898E-04,
2460435.500000000, A.D. 2024-May-05 00:00:00.0000,  6.559472434941898E-01,  3.062904182182116E-01, -3.364222398435943E-02, -8.622167803954389E-03,  1.823824652437690E-02,  7.479827141117942E-04,
2460436.500000000, A.D. 2024-May-06 00:00:00.0000,  6.470711875613325E-01,  3.244072294631460E-01, -3.288125942807637E-02, -9.128839485289987E-03,  1.799300568930752E-02,  7.738501110511535E-04,
2460437.500000000, A.D. 2024-May-07 00:00:00.0000,  6.376918399812177E-01,  3.422717186489218E-01, -3.209471975633824E-02, -9.628684939314597E-03,  1.773363238480825E-02,  7.991295392836512E-04,
2460438.500000000, A.D. 2024-May-08 00:00:00.0000,  6.278162247151096E-01,  3.598698451093332E-01, -3.128320308652503E-02, -1.012130945226137E-02,  1.746031208127697E-02,  8.238007705763178E-04,
2460439.500000000, A.D. 2024-May-09 00:00:00.0000,  6.174517581225100E-01,  3.771877592248165E-01, -3.044732755405991E-02, -1.060632299451032E-02,  1.717324138568619E-02,  8.478439999203529E-04,
2460440.500000000, A.D. 2024-May-10 00:00:00.0000,  6.066062441178671E-01,  3.942118135097329E-01, -2.958773088067934E-02, -1.108334053874737E-02,  1.687262794144645E-02,  8.712398625137432E-04,
2460441.500000000, A.D. 2024-May-11 00:00:00.0000,  5.952878690095644E-01,  4.109285735948439E-01, -2.870506992581016E-02, -1.155198237719447E-02,  1.655869031891528E-02,  8.939694505618163E-04,
2460442.500000000, A.D. 2024-May-12 00:00:00.0000,  5.835051960222641E-01,  4.273248290955841E-01, -2.780002022124433E-02, -1.201187443762617E-02,  1.623165789647015E-02,  9.160143298780714E-04,
2460443.500000000, A.D. 2024-May-13 00:00:00.0000,  5.712671595039605E-01,  4.433876043566590E-01, -2.687327548932036E-02, -1.246264859787996E-02,  1.589177073207378E-02,  9.373565562675451E-04,
2460444.500000000, A.D. 2024-May-14 00:00:00.0000,  5.585830588194027E-01,  4.591041690634279E-01, -2.592554714483749E-02, -1.290394299855945E-02,  1.553927942526952E-02,  9.579786916743785E-04,
2460445.500000000, A.D. 2024-May-15 00:00:00.0000,  5.454625519318457E-01,  4.744620487104742E-01, -2.495756378094797E-02, -1.333540235362137E-02,  1.517444496955421E-02,  9.778638200750641E-04,
2460446.500000000, A.D. 2024-May-16 00:00:00.0000,  5.319156486754032E-01,  4.894490349177203E-01, -2.397007063929108E-02, -1.375667825852925E-02,  1.479753859508520E-02,  9.969955630984705E-04,
2460447.500000000, A.D. 2024-May-17 00:00:00.0000,  5.179527037206013E-01,  5.040531955844008E-01, -2.296382906465199E-02, -1.416742949564831E-02,  1.440884160168831E-02,  1.015358095353406E-03,
2460448.500000000, A.D. 2024-May-18 00:00:00.0000,  5.035844092360521E-01,  5.182628848711844E-01, -2.193961594444702E-02, -1.456732233654823E-02,  1.400864518214249E-02,  1.032936159444141E-03,
2460449.500000000, A.D. 2024-May-19 00:00:00.0000,  4.888217872495099E-01,  5.320667530007267E-01, -2.089822313335753E-02, -1.495603084089290E-02,  1.359725023576853E-02,  1.049715080655576E-03,
2460450.500000000, A.D. 2024-May-20 00:00:00.0000,  4.736761817118796E-01,  5.454537558669501E-01, -1.984045686345175E-02, -1.533323715155660E-02,  1.317496717227073E-02,  1.065680781286910E-03,
2460451.500000000, A.D. 2024-May-21 00:00:00.0000,  4.581592502681728E-01,  5.584131644433068E-01, -1.876713714015866E-02, -1.569863178560223E-02,  1.274211570589557E-02,  1.080819794613426E-03,
2460452.500000000, A.D. 2024-May-22 00:00:00.0000,  4.422829557396463E-01,  5.709345739803787E-01, -1.767909712447107E-02, -1.605191392083622E-02,  1.229902463993529E-02,  1.095119278460130E-03,
2460453.500000000, A.D. 2024-May-23 00:00:00.0000,  4.260595573217972E-01,  5.830079129831615E-01, -1.657718250178083E-02, -1.639279167750025E-02,  1.184603164160635E-02,  1.108567028362662E-03,
2460454.500000000, A.D. 2024-May-24 00:00:00.0000,  4.095016015032230E-01,  5.946234519584457E-01, -1.546225083776557E-02, -1.672098239478711E-02,  1.138348300738092E-02,  1.121151490298352E-03,
2460455.500000000, A.D. 2024-May-25 00:00:00.0000,  3.926219127107076E-01,  6.057718119227906E-01, -1.433517092176856E-02, -1.703621290181086E-02,  1.091173341884764E-02,  1.132861772967166E-03,
2460456.500000000, A.D. 2024-May-26 00:00:00.0000,  3.754335836862646E-01,  6.164439726616577E-01, -1.319682209813030E-02, -1.733821978266258E-02,  1.043114568919476E-02,  1.143687659602640E-03,
2460457.500000000, A.D. 2024-May-27 00:00:00.0000,  3.579499656022338E-01,  6.266312807303863E-01, -1.204809358595300E-02, -1.762674963518397E-02,  9.942090500426095E-03,  1.153619619293219E-03,
2460458.500000000, A.D. 2024-May-28 00:00:00.0000,  3.401846579208995E-01,  6.363254571878031E-01, -1.088988378779594E-02, -1.790155932309235E-02,  9.444946131437801E-03,  1.162648817794771E-03,
2460459.500000000, A.D. 2024-May-29 00:00:00.0000,  3.221514980054591E-01,  6.455186050533984E-01, -9.723099587821100E-03, -1.816241622109246E-02,  8.940098177100859E-03,  1.170767127815475E-03,
2460460.500000000, A.D. 2024-May-30 00:00:00.0000,  3.038645504895379E-01,  6.542032164791558E-01, -8.548655639924806E-03, -1.840909845261220E-02,  8.427939258511315E-03,  1.177967138754622E-03,
2460461.500000000, A.D. 2024-May-31 00:00:00.0000,  2.853380964128073E-01,  6.623721796272881E-01, -7.367473646412049E-03, -1.864139511980169E-02,  7.908868724587445E-03,  1.184242165877327E-03,
2460462.500000000, A.D. 2024-Jun-01 00:00:00.0000,  2.665866221306205E-01,  6.700187852453259E-01, -6.180481627784570E-03, -1.885910652543770E-02,  7.383292345209959E-03,  1.189586258907623E-03,
2460463.500000000, A.D. 2024-Jun-02 00:00:00.0000,  2.476248080059397E-01,  6.771367329302068E-01, -4.988613184234191E-03, -1.906204438637797E-02,  6.851621996118244E-03,  1.193994210022766E-03,
2460464.500000000, A.D. 2024-Jun-03 00:00:00.0000,  2.284675168921813E-01,  6.837201370732318E-01, -3.792806749448190E-03, -1.925003203821319E-02,  6.314275335792554E-03,  1.197461561232220E-03,
2460465.500000000, A.D. 2024-Jun-04 00:00:00.0000,  2.091297824159542E-01,  6.897635324779698E-01, -2.594004837347514E-03, -1.942290463081738E-02,  5.771675474552750E-03,  1.199984611130490E-03,
2460466.500000000, A.D. 2024-Jun-05 00:00:00.0000,  1.896267970688373E-01,  6.952618796436837E-01, -1.393153282402672E-03, -1.958050931449035E-02,  5.224250636324568E-03,  1.201560420989578E-03,
2460467.500000000, A.D. 2024-Jun-06 00:00:00.0000,  1.699739001181583E-01,  7.002105697064122E-01, -1.912004741654719E-04, -1.972270541608291E-02,  4.672433812684272E-03,  1.202186820222958E-03,
2460468.500000000, A.D. 2024-Jun-07 00:00:00.0000,  1.501865653463043E-01,  7.046054290311906E-01,  1.010903413302302E-03, -1.984936460544288E-02,  4.116662410688693E-03,  1.201862411135197E-03,
2460469.500000000, A.D. 2024-Jun-08 00:00:00.0000,  1.302803886289960E-01,  7.084427234483909E-01,  2.212207196418337E-03, -1.996037105113730E-02,  3.557377893541122E-03,  1.200586573002037E-03,
2460470.500000000, A.D. 2024-Jun-09 00:00:00.0000,  1.102710753631078E-01,  7.117191621276076E-01,  3.411759460797277E-03, -2.005562156557569E-02,  2.995025415057965E-03,  1.198359465444239E-03,
2460471.500000000, A.D. 2024-Jun-10 00:00:00.0000,  9.017442775481871E-02,  7.144319010830182E-01,  4.608609342980839E-03, -2.013502573916583E-02,  2.430053448197700E-03,  1.195182031074572E-03,
2460472.500000000, A.D. 2024-Jun-11 00:00:00.0000,  7.000633197923931E-02,  7.165785463044245E-01,  5.801807314443347E-03, -2.019850606314758E-02,  1.862913407940852E-03,  1.191055997400000E-03,
2460473.500000000, A.D. 2024-Jun-12 00:00:00.0000,  4.978274522300689E-02,  7.181571565084766E-01,  6.990405967121506E-03, -2.024599804076842E-02,  1.294059268836238E-03,  1.185983877964239E-03,
2460474.500000000, A.D. 2024-Jun-13 00:00:00.0000,  2.951968262166543E-02,  7.191662455049208E-01,  8.173460799701101E-03, -2.027745028648887E-02,  7.239471775550485E-04,  1.179968972719445E-03,
2460475.500000000, A.D. 2024-Jun-14 00:00:00.0000,  9.233204103944124E-03,  7.196047841730553E-01,  9.350031003887560E-03, -2.029282461293548E-02,  1.530350608200348E-04,  1.173015367619812E-03,
2460476.500000000, A.D. 2024-Jun-15 00:00:00.0000, -1.106059884468611E-02,  7.194722020439662E-01,  1.051918024987950E-02, -2.029209610535379E-02, -4.182177708975713E-04,  1.165127933434371E-03,
2460477.500000000, A.D. 2024-Jun-16 00:00:00.0000, -3.134561648657096E-02,  7.187683884845166E-01,  1.167997747026485E-02, -2.027525318335422E-02, -9.893510234958950E-04,  1.156312323781222E-03,
2460478.500000000, A.D. 2024-Jun-17 00:00:00.0000, -5.160573419175397E-02,  7.174936934794944E-01,  1.283149764156608E-02, -2.024229764978933E-02, -1.559903822733059E-03,  1.146574972390839E-03,
2460479.500000000, A.D. 2024-Jun-18 00:00:00.0000, -7.182484584025260E-02,  7.156489280087752E-01,  1.397282256266733E-02, -2.019324472665202E-02, -2.129415120624664E-03,  1.135923089611962E-03,
2460480.500000000, A.D. 2024-Jun-19 00:00:00.0000, -9.198686725371792E-02,  7.132353640168380E-01,  1.510304162937759E-02, -2.012812307794080E-02, -2.697424104258600E-03,  1.124364658179915E-03,
2460481.500000000, A.D. 2024-Jun-20 00:00:00.0000, -1.120757496434716E-01,  7.102547339728090E-01,  1.622125260435593E-02, -2.004697481955017E-02, -3.263470605566880E-03,  1.111908428133083E-03,
2460482.500000000, A.D. 2024-Jun-21 00:00:00.0000, -1.320754930616936E-01,  7.067092300199634E-01,  1.732656238156577E-02, -1.994985551554689E-02, -3.827095513045423E-03,  1.098563911018223E-03,
2460483.500000000, A.D. 2024-Jun-22 00:00:00.0000, -1.519701598422011E-01,  7.026015027133400E-01,  1.841808774453003E-02, -1.983683416119179E-02, -4.387841183335140E-03,  1.084341373234168E-03,
2460484.500000000, A.D. 2024-Jun-23 00:00:00.0000, -1.717438880174928E-01,  6.979346593455185E-01,  1.949495611754128E-02, -1.970799315234919E-02, -4.945251853348557E-03,  1.069251828614856E-03,
2460485.500000000, A.D. 2024-Jun-24 00:00:00.0000, -1.913809046983628E-01,  6.927122618604955E-01,  2.055630630904729E-02, -1.956342824123185E-02, -5.498874051904220E-03,  1.053307030201156E-03,
2460486.500000000, A.D. 2024-Jun-25 00:00:00.0000, -2.108655394024297E-01,  6.869383243562183E-01,  2.160128924642118E-02, -1.940324847848325E-02, -6.048257010698463E-03,  1.036519461237935E-03,
2460487.500000000, A.D. 2024-Jun-26 00:00:00.0000, -2.301822373179131E-01,  6.806173101766797E-01,  2.262906870134372E-02, -1.922757614159358E-02, -6.592953074120244E-03,  1.018902325402842E-03,
2460488.500000000, A.D. 2024-Jun-27 00:00:00.0000, -2.493155724889990E-01,  6.737541285949905E-01,  2.363882200503232E-02, -1.903654664966269E-02, -7.132518107408637E-03,  1.000469536274255E-03,
2460489.500000000, A.D. 2024-Jun-28 00:00:00.0000, -2.682502609091535E-01,  6.663541310893294E-01,  2.462974075256287E-02, -1.883030846454118E-02, -7.666511902647304E-03,  9.812357060468605E-04,
2460490.500000000, A.D. 2024-Jun-29 00:00:00.0000, -2.869711735087859E-01,  6.584231072141931E-01,  2.560103149553306E-02, -1.860902297839908E-02, -8.194498582085721E-03,  9.612161335042552E-04,
2460491.500000000, A.D. 2024-Jun-30 00:00:00.0000, -3.054633490237226E-01,  6.499672800698776E-01,  2.655191642233238E-02, -1.837286438779046E-02, -8.716046998273252E-03,  9.404267912590418E-04,
2460492.500000000, A.D. 2024-Jul-01 00:00:00.0000, -3.237120067310298E-01,  6.409933013736316E-01,  2.748163402529000E-02, -1.812201955430233E-02, -9.230731130489190E-03,  9.188843122717776E-04,
2460493.500000000, A.D. 2024-Jul-02 00:00:00.0000, -3.417025590388204E-01,  6.315082461364512E-01,  2.838943975398646E-02, -1.785668785189655E-02, -9.738130476949656E-03,  8.966059756611896E-04,
2460494.500000000, A.D. 2024-Jul-03 00:00:00.0000, -3.594206239168040E-01,  6.215196069499930E-01,  2.927460665402644E-02, -1.757708100107444E-02, -1.023783044227103E-02,  8.736096918190210E-04,
2460495.500000000, A.D. 2024-Jul-04 00:00:00.0000, -3.768520371544741E-01,  6.110352878886144E-01,  3.013642599058515E-02, -1.728342289001578E-02, -1.072942271966875E-02,  8.499139868438748E-04,
2460496.500000000, A.D. 2024-Jul-05 00:00:00.0000, -3.939828644339934E-01,  6.000635980320644E-01,  3.097420785605366E-02, -1.697594938286636E-02, -1.121250566737076E-02,  8.255379863093869E-04,
2460497.500000000, A.D. 2024-Jul-06 00:00:00.0000, -4.107994132050412E-01,  5.886132446148011E-01,  3.178728176113384E-02, -1.665490811541965E-02, -1.168668467892646E-02,  8.005013984017669E-04,
2460498.500000000, A.D. 2024-Jul-07 00:00:00.0000, -4.272882443490894E-01,  5.766933258083473E-01,  3.257499720875164E-02, -1.632055827832000E-02, -1.215157254660760E-02,  7.748244964132825E-04,
2460499.500000000, A.D. 2024-Jul-08 00:00:00.0000, -4.434361836208114E-01,  5.643133231438300E-01,  3.333672425016348E-02, -1.597317038815996E-02, -1.260678981771015E-02,  7.485281006469893E-04,
2460500.500000000, A.D. 2024-Jul-09 00:00:00.0000, -4.592303328545670E-01,  5.514830935819706E-01,  3.407185402267173E-02, -1.561302604660529E-02, -1.305196514318757E-02,  7.216335597307778E-04,
2460501.500000000, A.D. 2024-Jul-10 00:00:00.0000, -4.746580809242063E-01,  5.382128612384864E-01,  3.477979926837463E-02, -1.524041768794149E-02, -1.348673561814252E-02,  6.941627313755423E-04,
2460502.500000000, A.D. 2024-Jul-11 00:00:00.0000, -4.897071144447295E-01,  5.245132087732390E-01,  3.545999483340312E-02, -1.485564831529399E-02, -1.391074711377592E-02,  6.661379625967961E-04,
2460503.500000000, A.D. 2024-Jul-12 00:00:00.0000, -5.043654282046429E-01,  5.103950684518818E-01,  3.611189814712279E-02, -1.445903122585486E-02, -1.432365460036256E-02,  6.375820694249468E-04,
2460504.500000000, A.D. 2024-Jul-13 00:00:00.0000, -5.186213353181871E-01,  4.958697128891912E-01,  3.673498968080022E-02, -1.405088972546342E-02, -1.472512246084081E-02,  6.085183161299779E-04,
2460505.500000000, A.D. 2024-Jul-14 00:00:00.0000, -5.324634770869749E-01,  4.809487454836701E-01,  3.732877338526242E-02, -1.363155683290332E-02, -1.511482479462137E-02,  5.789703939869244E-04,
2460506.500000000, A.D. 2024-Jul-15 00:00:00.0000, -5.458808325609404E-01,  4.656440905533870E-01,  3.789277710710345E-02, -1.320137497429309E-02, -1.549244571123804E-02,  5.489623996091431E-04,
2460507.500000000, A.D. 2024-Jul-16 00:00:00.0000, -5.588627277888876E-01,  4.499679831833948E-01,  3.842655298301968E-02, -1.276069566796252E-02, -1.585767961348129E-02,  5.185188128769521E-04,
2460508.500000000, A.D. 2024-Jul-17 00:00:00.0000, -5.713988447493281E-01,  4.339329587954192E-01,  3.892967781188280E-02, -1.230987920022165E-02, -1.621023146967292E-02,  4.876644744898249E-04,
2460509.500000000, A.D. 2024-Jul-18 00:00:00.0000, -5.834792299527094E-01,  4.175518424508359E-01,  3.940175340418935E-02, -1.184929429244428E-02, -1.654981707475806E-02,  4.564245631709627E-04,
2460510.500000000, A.D. 2024-Jul-19 00:00:00.0000, -5.950943027065640E-01,  4.008377378982757E-01,  3.984240690855262E-02, -1.137931775990259E-02, -1.687616329990845E-02,  4.248245725536530E-04,
2460511.500000000, A.D. 2024-Jul-20 00:00:00.0000, -6.062348630355574E-01,  3.838040163774923E-01,  4.025129111493464E-02, -1.090033416280449E-02, -1.718900833034856E-02,  3.928902877794383E-04,
2460512.500000000, A.D. 2024-Jul-21 00:00:00.0000, -6.168920992488680E-01,  3.664643051914058E-01,  4.062808473434504E-02, -1.041273545000003E-02, -1.748810189113365E-02,  3.606477618387238E-04,
2460513.500000000, A.D. 2024-Jul-22 00:00:00.0000, -6.270575951477887E-01,  3.488324760584794E-01,  4.097249265476305E-02, -9.916920595773692E-03, -1.777320546067787E-02,  3.281232916806619E-04,
2460514.500000000, A.D. 2024-Jul-23 00:00:00.0000, -6.367233368668702E-01,  3.309226332578157E-01,  4.128424617306792E-02, -9.413295230277560E-03, -1.804409247173028E-02,  2.953433941285301E-04,
2460515.500000000, A.D. 2024-Jul-24 00:00:00.0000, -6.458817193425469E-01,  3.127491015796036E-01,  4.156310320280134E-02, -8.902271264059040E-03, -1.830054849968134E-02,  2.623347816282734E-04,
2460516.500000000, A.D. 2024-Jul-25 00:00:00.0000, -6.545255524034788E-01,  2.943264140936999E-01,  4.180884845760419E-02, -8.384266507117067E-03, -1.854237143795759E-02,  2.291243378587427E-04,
2460517.500000000, A.D. 2024-Jul-26 00:00:00.0000, -6.626480664774852E-01,  2.756692997493183E-01,  4.202129361021138E-02, -7.859704283082226E-03, -1.876937166038306E-02,  1.957390932395477E-04,
2460518.500000000, A.D. 2024-Jul-27 00:00:00.0000, -6.702429179103966E-01,  2.567926708189403E-01,  4.220027742691380E-02, -7.329013038961195E-03, -1.898137217035713E-02,  1.622062003640003E-04,
2460519.500000000, A.D. 2024-Jul-28 00:00:00.0000, -6.773041938926478E-01,  2.377116101996860E-01,  4.234566587742895E-02, -6.792625950959706E-03, -1.917820873673718E-02,  1.285529093883915E-04,
2460520.500000000, A.D. 2024-Jul-29 00:00:00.0000, -6.838264169899463E-01,  2.184413585854887E-01,  4.245735222015213E-02, -6.250980526896094E-03, -1.935973001633599E-02,  9.480654340837796E-05,
2460521.500000000, A.D. 2024-Jul-30 00:00:00.0000, -6.898045492748625E-01,  1.989973015234943E-01,  4.253525706278980E-02, -5.704518205715334E-03, -1.952579766296555E-02,  6.099447385281620E-05,
2460522.500000000, A.D. 2024-Jul-31 00:00:00.0000, -6.952339960566953E-01,  1.793949563681642E-01,  4.257932839840833E-02, -5.153683954611198E-03, -1.967628642298080E-02,  2.714409592497043E-05,
2460523.500000000, A.D. 2024-Aug-01 00:00:00.0000, -7.001106092074760E-01,  1.596499591465949E-01,  4.258954161695978E-02, -4.598925864262061E-03, -1.981108421729831E-02, -6.717195879364407E-06,
2460524.500000000, A.D. 2024-Aug-02 00:00:00.0000, -7.044306900824724E-01,  1.397780513485843E-01,  4.256589949237651E-02, -4.040694742683594E-03, -1.993009220988683E-02, -4.056203214777944E-05,
2460525.500000000, A.D. 2024-Aug-03 00:00:00.0000, -7.081909920340648E-01,  1.197950666549652E-01,  4.250843214535462E-02, -3.479443708199500E-03, -2.003322486274821E-02, -7.436309279256327E-05,
2460526.500000000, A.D. 2024-Aug-04 00:00:00.0000, -7.113887225183591E-01,  9.971691761769522E-02,  4.241719698197542E-02, -2.915627782029145E-03, -2.012040997742892E-02, -1.080931311291262E-04,
2460527.500000000, A.D. 2024-Aug-05 00:00:00.0000, -7.140215447944023E-01,  7.955958230514693E-02,  4.229227860834135E-02, -2.349703480988807E-03, -2.019158872312429E-02, -1.417249977637702E-04,
2460528.500000000, A.D. 2024-Aug-06 00:00:00.0000, -7.160875792163639E-01,  5.933909092596184E-02,  4.213378872143082E-02, -1.782128410801073E-03, -2.024671565145898E-02, -1.752316642634384E-04,
2460529.500000000, A.D. 2024-Aug-07 00:00:00.0000, -7.175854041195093E-01,  3.907151244474818E-02,  4.194186597640254E-02, -1.213360860430082E-03, -2.028575869803095E-02, -2.085862465845182E-04,
2460530.500000000, A.D. 2024-Aug-08 00:00:00.0000, -7.185140563012455E-01,  1.877294120280995E-02,  4.171667583060325E-02, -6.438593980160239E-04, -2.030869917085229E-02, -2.417620282294625E-04,
2460531.500000000, A.D. 2024-Aug-09 00:00:00.0000, -7.188730310990805E-01, -1.540516443102393E-03,  4.145841036456460E-02, -7.408246878921980E-05, -2.031553172584689E-02, -2.747324831114461E-04,
2460532.500000000, A.D. 2024-Aug-10 00:00:00.0000, -7.186622820676649E-01, -2.185275545107744E-02,  4.116728808029109E-02,  4.955120045703234E-04, -2.030626432949162E-02, -3.074712981015155E-04,
2460533.500000000, A.D. 2024-Aug-11 00:00:00.0000, -7.178822202576204E-01, -4.214768538066430E-02,  4.084355367717004E-02,  1.064467018659325E-03, -2.028091820886047E-02, -3.399523952345864E-04,
2460534.500000000, A.D. 2024-Aug-12 00:00:00.0000, -7.165337130992636E-01, -6.240924362329359E-02,  4.048747780585477E-02,  1.632326882757755E-03, -2.023952778921384E-02, -3.721499535529258E-04,
2460535.500000000, A.D. 2024-Aug-13 00:00:00.0000, -7.146180828947633E-01, -8.262140856414905E-02,  4.009935680049459E-02,  2.198637608494285E-03, -2.018214061934752E-02, -4.040384305658156E-04,
2460536.500000000, A.D. 2024-Aug-14 00:00:00.0000, -7.121371049226687E-01, -1.027682126633618E-01,  3.967951238970557E-02,  2.762947295364289E-03, -2.010881728492736E-02, -4.355925833049779E-04,
2460537.500000000, A.D. 2024-Aug-15 00:00:00.0000, -7.090930051591603E-01, -1.228337554446308E-01,  3.922829138669604E-02,  3.324806511708729E-03, -2.001963131004828E-02, -4.667874889565187E-04,
2460538.500000000, A.D. 2024-Aug-16 00:00:00.0000, -7.054884576207473E-01, -1.428022163796183E-01,  3.874606535897966E-02,  3.883768670777121E-03, -1.991466904726728E-02, -4.975985650510399E-04,
2460539.500000000, A.D. 2024-Aug-17 00:00:00.0000, -7.013265813335123E-01, -1.626578676567243E-01,  3.823323027812636E-02,  4.439390401512414E-03, -1.979402955637267E-02, -5.280015891946804E-04,
2460540.500000000, A.D. 2024-Aug-18 00:00:00.0000, -6.966109369343549E-01, -1.823850868231106E-01,  3.769020615001879E-02,  4.991231913710497E-03, -1.965782447216296E-02, -5.579727183247521E-04,
2460541.500000000, A.D. 2024-Aug-19 00:00:00.0000, -6.913455229100287E-01, -2.019683692891289E-01,  3.711743662609709E-02,  5.538857357221746E-03, -1.950617786152101E-02, -5.874885074747561E-04,
2460542.500000000, A.D. 2024-Aug-20 00:00:00.0000, -6.855347714800873E-01, -2.213923406845922E-01,  3.651538859609007E-02,  6.081835174876787E-03, -1.933922607008048E-02, -6.165259280344452E-04,
2460543.500000000, A.D. 2024-Aug-21 00:00:00.0000, -6.791835441301707E-01, -2.406417690566384E-01,  3.588455176274429E-02,  6.619738448833411E-03, -1.915711755879337E-02, -6.450623854917196E-04,
2460544.500000000, A.D. 2024-Aug-22 00:00:00.0000, -6.722971268023544E-01, -2.597015768992439E-01,  3.522543819907546E-02,  7.152145240056367E-03, -1.896001273071902E-02, -6.730757366440240E-04,
2460545.500000000, A.D. 2024-Aug-23 00:00:00.0000, -6.648812247495550E-01, -2.785568530047559E-01,  3.453858188867832E-02,  7.678638920684344E-03, -1.874808374830560E-02, -7.005443062685933E-04,
2460546.500000000, A.D. 2024-Aug-24 00:00:00.0000, -6.569419570612551E-01, -2.971928641281043E-01,  3.382453824964177E-02,  8.198808498983455E-03, -1.852151434156978E-02, -7.274469032399771E-04,
2460547.500000000, A.D. 2024-Aug-25 00:00:00.0000, -6.484858508680451E-01, -3.155950664547827E-01,  3.308388364262522E-02,  8.712248936709670E-03, -1.828049960745435E-02, -7.537628360877905E-04,
2460548.500000000, A.D. 2024-Aug-26 00:00:00.0000, -6.395198352327308E-01, -3.337491168638907E-01,  3.231721486366282E-02,  9.218561458598217E-03, -1.802524580068735E-02, -7.794719279830810E-04,
2460549.500000000, A.D. 2024-Aug-27 00:00:00.0000, -6.300512347359427E-01, -3.516408839779556E-01,  3.152514862226830E-02,  9.717353853826417E-03, -1.775597011652677E-02, -8.045545311489944E-04,
2460550.500000000, A.D. 2024-Aug-28 00:00:00.0000, -6.200877627643925E-01, -3.692564589915703E-01,  3.070832100542062E-02,  1.020824076922710E-02, -1.747290046570461E-02, -8.289915406871108E-04,
2460551.500000000, A.D. 2024-Aug-29 00:00:00.0000, -6.096375145101111E-01, -3.865821662712193E-01,  2.986738692801817E-02,  1.069084399408376E-02, -1.717627524191791E-02, -8.527644078139519E-04,
2460552.500000000, A.D. 2024-Aug-30 00:00:00.0000, -5.987089596891694E-01, -4.036045737190146E-01,  2.900301957039288E-02,  1.116479273634741E-02, -1.686634308221502E-02, -8.758551525027340E-04,
2460553.500000000, A.D. 2024-Aug-31 00:00:00.0000, -5.873109349885318E-01, -4.203105028934108E-01,  2.811590980348237E-02,  1.162972389012611E-02, -1.654336262062743E-02, -8.982463755261143E-04,
2460554.500000000, A.D. 2024-Sep-01 00:00:00.0000, -5.754526362498432E-01, -4.366870388803218E-01,  2.720676560225989E-02,  1.208528229431008E-02, -1.620760223539932E-02, -9.199212698965706E-04,
2460555.500000000, A.D. 2024-Sep-02 00:00:00.0000, -5.631436103990737E-01, -4.527215399084141E-01,  2.627631144802618E-02,  1.253112098221000E-02, -1.585933979016950E-02, -9.408636317021507E-04,
2460556.500000000, A.D. 2024-Sep-03 00:00:00.0000, -5.503937471310639E-01, -4.684016467027063E-01,  2.532528772016820E-02,  1.296690142210192E-02, -1.549886236946414E-02, -9.610578703366894E-04,
2460557.500000000, A.D. 2024-Sep-04 00:00:00.0000, -5.372132703581106E-01, -4.837152915709678E-01,  2.435445007799071E-02,  1.339229374858999E-02, -1.512646600886142E-02, -9.804890181250099E-04,
2460558.500000000, A.D. 2024-Sep-05 00:00:00.0000, -5.236127294318081E-01, -4.986507072177702E-01,  2.336456883322357E-02,  1.380697698471759E-02, -1.474245542019419E-02, -9.991427393454501E-04,
2460559.500000000, A.D. 2024-Sep-06 00:00:00.0000, -5.096029901474289E-01, -5.131964352814149E-01,  2.235642831380689E-02,  1.421063925477925E-02, -1.434714371216087E-02, -1.017005338653864E-03,
2460560.500000000, A.D. 2024-Sep-07 00:00:00.0000, -4.951952255401496E-01, -5.273413345893314E-01,  2.133082621954843E-02,  1.460297798780808E-02, -1.394085210672016E-02, -1.034063768915480E-03,
2460561.500000000, A.D. 2024-Sep-08 00:00:00.0000, -4.804009064824571E-01, -5.410745891278931E-01,  2.028857297024279E-02,  1.498370011173312E-02, -1.352390965157017E-02, -1.050305638450144E-03,
2460562.500000000, A.D. 2024-Sep-09 00:00:00.0000, -4.652317920920490E-01, -5.543857157229212E-01,  1.923049104683487E-02,  1.535252223824364E-02, -1.309665292912983E-02, -1.065719217701175E-03,
2460563.500000000, A.D. 2024-Sep-10 00:00:00.0000, -4.496999199594984E-01, -5.672645714275313E-01,  1.815741432620007E-02,  1.570917083839652E-02, -1.265942576227795E-02, -1.080293445334146E-03,
2460564.500000000, A.D. 2024-Sep-11 00:00:00.0000, -4.338175962049285E-01, -5.797013606142406E-01,  1.707018741010668E-02,  1.605338240900057E-02, -1.221257891717464E-02, -1.094017933773351E-03,
2460565.500000000, A.D. 2024-Sep-12 00:00:00.0000, -4.175973853728868E-01, -5.916866417685375E-01,  1.596966494892270E-02,  1.638490362984206E-02, -1.175646980342503E-02, -1.106882974178894E-03,
2460566.500000000, A.D. 2024-Sep-13 00:00:00.0000, -4.010521001745520E-01, -6.032113339814081E-01,  1.485671096062098E-02,  1.670349151180116E-02, -1.129146217186439E-02, -1.118879540871776E-03,
2460567.500000000, A.D. 2024-Sep-14 00:00:00.0000, -3.841947910863658E-01, -6.142667231385570E-01,  1.373219814563629E-02,  1.700891353588931E-02, -1.081792581020348E-02, -1.129999295207432E-03,
2460568.500000000, A.D. 2024-Sep-15 00:00:00.0000, -3.670387358141553E-01, -6.248444678043077E-01,  1.259700719812290E-02,  1.730094778323688E-02, -1.033623623678448E-02, -1.140234588899300E-03,
2460569.500000000, A.D. 2024-Sep-16 00:00:00.0000, -3.495974286317786E-01, -6.349366047984215E-01,  1.145202611416327E-02,  1.757938305606286E-02, -9.846774392707289E-03, -1.149578466795376E-03,
2460570.500000000, A.D. 2024-Sep-17 00:00:00.0000, -3.318845696032955E-01, -6.445355544643396E-01,  1.029814949747110E-02,  1.784401898966388E-02, -9.349926332592047E-03, -1.158024669112003E-03,
2460571.500000000, A.D. 2024-Sep-18 00:00:00.0000, -3.139140536976204E-01, -6.536341256276168E-01,  9.136277863130763E-03,  1.809466615546804E-02, -8.846082914246857E-03, -1.165567633130485E-03,
2460572.500000000, A.D. 2024-Sep-19 00:00:00.0000, -2.956999598045654E-01, -6.622255202435879E-01,  7.967316939904509E-03,  1.833114615521146E-02, -8.335639487510095E-03, -1.172202494363658E-03,
2460573.500000000, A.D. 2024-Sep-20 00:00:00.0000, -2.772565396611166E-01, -6.703033377335761E-01,  6.792176971636165E-03,  1.855329170630978E-02, -7.818995582533980E-03, -1.177925087200887E-03,
2460574.500000000, A.D. 2024-Sep-21 00:00:00.0000, -2.585982066967035E-01, -6.778615790092132E-01,  5.611772018265036E-03,  1.876094671851504E-02, -7.296554597770520E-03, -1.182731945041593E-03,
2460575.500000000, A.D. 2024-Sep-22 00:00:00.0000, -2.397395248061251E-01, -6.848946501847041E-01,  4.427019256958016E-03,  1.895396636196975E-02, -6.768723487912449E-03, -1.186620299928942E-03,
2460576.500000000, A.D. 2024-Sep-23 00:00:00.0000, -2.206951970586656E-01, -6.913973659771095E-01,  3.238838283852651E-03,  1.913221712679387E-02, -6.235912452030341E-03, -1.189588081696929E-03,
2460577.500000000, A.D. 2024-Sep-24 00:00:00.0000, -2.014800543518275E-01, -6.973649527949483E-01,  2.048150416893311E-03,  1.929557687425551E-02, -5.698534622101852E-03, -1.191633916634809E-03,
2460578.500000000, A.D. 2024-Sep-25 00:00:00.0000, -1.821090440180326E-01, -7.027930515156293E-01,  8.558780002380617E-04,  1.944393487974662E-02, -5.157005752186585E-03, -1.192757125689460E-03,
2460579.500000000, A.D. 2024-Sep-26 00:00:00.0000, -1.625972183923885E-01, -7.076777199524420E-01, -3.370562893101580E-04,  1.957719186763408E-02, -4.611743908396622E-03, -1.192957722209545E-03,
2460580.500000000, A.D. 2024-Sep-27 00:00:00.0000, -1.429597233496289E-01, -7.120154350120164E-01, -1.529730133390137E-03,  1.969526003812089E-02, -4.063169159889892E-03, -1.192236409244104E-03,
2460581.500000000, A.D. 2024-Sep-28 00:00:00.0000, -1.232117868181134E-01, -7.158030945433428E-01, -2.721222260251418E-03,  1.979806308627714E-02, -3.511703271031052E-03, -1.190594576406380E-03,
2460582.500000000, A.D. 2024-Sep-29 00:00:00.0000, -1.033687072786655E-01, -7.190380188796155E-01, -3.910613129572155E-03,  1.988553621335420E-02, -2.957769394901330E-03, -1.188034296312046E-03,
2460583.500000000, A.D. 2024-Sep-30 00:00:00.0000, -8.344584225589910E-02, -7.217179520743238E-01, -5.096985613507057E-03,  1.995762613051798E-02, -2.401791768312439E-03, -1.184558320601719E-03,
2460584.500000000, A.D. 2024-Oct-01 00:00:00.0000, -6.345859680954519E-02, -7.238410628331721E-01, -6.279425673554181E-03,  2.001429105513584E-02, -1.844195408472713E-03, -1.180170075557409E-03,
2460585.500000000, A.D. 2024-Oct-02 00:00:00.0000, -4.342241203315976E-02, -7.254059451435515E-01, -7.457023032839054E-03,  2.005550069975024E-02, -1.285405811446659E-03, -1.174873657322427E-03,
2460586.500000000, A.D. 2024-Oct-03 00:00:00.0000, -2.335275356745956E-02, -7.264116186034235E-01, -8.628871843423515E-03,  2.008123625387117E-02, -7.258486525421468E-04, -1.168673826734057E-03,
2460587.500000000, A.D. 2024-Oct-04 00:00:00.0000, -3.265100135401397E-03, -7.268575284516071E-01, -9.794071348259287E-03,  2.009149035871816E-02, -1.659494887525309E-04, -1.161576003778194E-03,
2460588.500000000, A.D. 2024-Oct-05 00:00:00.0000,  1.682506789400954E-02, -7.267435453015886E-01, -1.095172653740854E-02,  2.008626707504201E-02,  3.938665366259956E-04, -1.153586261674972E-03,
2460589.500000000, A.D. 2024-Oct-06 00:00:00.0000,  3.690227990632685E-02, -7.260699645810803E-01, -1.210094879817140E-02,  2.006558184415544E-02,  9.531749870884755E-04, -1.144711320604304E-03,
2460590.500000000, A.D. 2024-Oct-07 00:00:00.0000,  5.695108639995867E-02, -7.248375056796773E-01, -1.324085655876150E-02,  2.002946144230119E-02,  1.511552423620309E-03, -1.134958541080137E-03,
2460591.500000000, A.D. 2024-Oct-08 00:00:00.0000,  7.695607029555401E-02, -7.230473108070523E-01, -1.437057592518373E-02,  1.997794392848593E-02,  2.068576692902020E-03, -1.124335916982129E-03,
2460592.500000000, A.D. 2024-Oct-09 00:00:00.0000,  9.690185819000872E-02, -7.207009435642321E-01, -1.548924131097690E-02,  1.991107858590769E-02,  2.623827212927237E-03, -1.112852068253348E-03,
2460593.500000000, A.D. 2024-Oct-10 00:00:00.0000,  1.167731315487402E-01, -7.178003872305906E-01, -1.659599605948900E-02,  1.982892585707774E-02,  3.176885255932072E-03, -1.100516233271265E-03,
2460594.500000000, A.D. 2024-Oct-11 00:00:00.0000,  1.365546378299921E-01, -7.143480427692905E-01, -1.768999305836502E-02,  1.973155727279497E-02,  3.727334228571666E-03, -1.087338260901617E-03,
2460595.500000000, A.D. 2024-Oct-12 00:00:00.0000,  1.562312015350795E-01, -7.103467265539475E-01, -1.877039534593212E-02,  1.961905537505575E-02,  4.274759949261618E-03, -1.073328602241754E-03,
2460596.500000000, A.D. 2024-Oct-13 00:00:00.0000,  1.757877351785638E-01, -7.057996678194213E-01, -1.983637670917669E-02,  1.949151363403074E-02,  4.818750922589067E-03, -1.058498302061573E-03,
2460597.500000000, A.D. 2024-Oct-14 00:00:00.0000,  1.952092501724847E-01, -7.007105058396709E-01, -2.088712227301453E-02,  1.934903635921788E-02,  5.358898610757776E-03, -1.042858989949340E-03,
2460598.500000000, A.D. 2024-Oct-15 00:00:00.0000,  2.144808676188769E-01, -6.950832868356834E-01, -2.192182908056080E-02,  1.919173860487846E-02,  5.894797701982741E-03, -1.026422871169524E-03,
2460599.500000000, A.D. 2024-Oct-16 00:00:00.0000,  2.335878290049100E-01, -6.889224606165580E-01, -2.293970666411923E-02,  1.901974606986250E-02,  6.426046375776808E-03, -1.009202717239582E-03,
2460600.500000000, A.D. 2024-Oct-17 00:00:00.0000,  2.525155067950898E-01, -6.822328769568812E-01, -2.393997760660724E-02,  1.883319499192498E-02,  6.952246565073869E-03, -9.912118562323000E-04,
2460601.500000000, A.D. 2024-Oct-18 00:00:00.0000,  2.712494149150633E-01, -6.750197817135816E-01, -2.492187809315222E-02,  1.863223203663155E-02,  7.473004215135432E-03, -9.724641628101105E-04,
2460602.500000000, A.D. 2024-Oct-19 00:00:00.0000,  2.897752191216632E-01, -6.672888126855093E-01, -2.588465845258734E-02,  1.841701418094813E-02,  7.987929539189432E-03, -9.529740479975560E-04,
2460603.500000000, A.D. 2024-Oct-20 00:00:00.0000,  3.080787472539221E-01, -6.590459952190293E-01, -2.682758368859410E-02,  1.818770859160562E-02,  8.496637270752314E-03, -9.327564486977915E-04,
2460604.500000000, A.D. 2024-Oct-21 00:00:00.0000,  3.261459993598760E-01, -6.502977375629718E-01, -2.774993400023431E-02,  1.794449249832664E-02,  8.998746912587620E-03, -9.118268169588252E-04,
2460605.500000000, A.D. 2024-Oct-22 00:00:00.0000,  3.439631576940596E-01, -6.410508259763241E-01, -2.865100529162587E-02,  1.768755306199832E-02,  9.493882982256358E-03, -8.902011089948936E-04,
2460606.500000000, A.D. 2024-Oct-23 00:00:00.0000,  3.615165965806814E-01, -6.313124195920943E-01, -2.953010967051963E-02,  1.741708723787061E-02,  9.981675254216690E-03, -8.678957739681896E-04,
2460607.500000000, A.D. 2024-Oct-24 00:00:00.0000,  3.787928921375420E-01, -6.210900450408169E-01, -3.038657593553995E-02,  1.713330163385670E-02,  1.046175899843255E-02, -8.449277425358581E-04,
2460608.500000000, A.D. 2024-Oct-25 00:00:00.0000,  3.957788318558341E-01, -6.103915908372114E-01, -3.121975005185771E-02,  1.683641236400775E-02,  1.093377521545302E-02, -8.213144151669536E-04,
2460609.500000000, A.D. 2024-Oct-26 00:00:00.0000,  4.124614240310316E-01, -5.992253015335502E-01, -3.202899561506577E-02,  1.652664489722962E-02,  1.139737086790217E-02, -7.970736502340046E-04,
2460610.500000000, A.D. 2024-Oct-27 00:00:00.0000,  4.288279070401484E-01, -5.875997716433411E-01, -3.281369430303709E-02,  1.620423390131116E-02,  1.185219910836974E-02, -7.722237518838434E-04,
2460611.500000000, A.D. 2024-Oct-28 00:00:00.0000,  4.448657584606996E-01, -5.755239393389323E-01, -3.357324631554223E-02,  1.586942308231769E-02,  1.229791950364483E-02, -7.467834576897017E-04,
2460612.500000000, A.D. 2024-Oct-29 00:00:00.0000,  4.605627040267721E-01, -5.630070799267448E-01, -3.430707080141421E-02,  1.552246501942074E-02,  1.273419825523888E-02, -7.207719260927455E-04,
2460613.500000000, A.D. 2024-Oct-30 00:00:00.0000,  4.759067264176601E-01, -5.500587991038377E-01, -3.501460627304929E-02,  1.516362099520716E-02,  1.316070841618312E-02, -6.942087236321401E-04,
2460614.500000000, A.D. 2024-Oct-31 00:00:00.0000,  4.908860738745733E-01, -5.366890259995655E-01, -3.569531100803380E-02,  1.479316082152780E-02,  1.357713010403939E-02, -6.671138119697499E-04,
2460615.500000000, A.D. 2024-Nov-01 00:00:00.0000,  5.054892686409855E-01, -5.229080060061354E-01, -3.634866343769511E-02,  1.441136266093419E-02,  1.398315071008246E-02, -6.395075347125957E-04,
2460616.500000000, A.D. 2024-Nov-02 00:00:00.0000,  5.197051152222333E-01, -5.087262934019159E-01, -3.697416252237457E-02,  1.401851284375013E-02,  1.437846510460881E-02, -6.114106040360690E-04,
2460617.500000000, A.D. 2024-Nov-03 00:00:00.0000,  5.335227084600215E-01, -4.941547437713916E-01, -3.757132811322602E-02,  1.361490568082329E-02,  1.476277583832383E-02, -5.828440871110059E-04,
2460618.500000000, A.D. 2024-Nov-04 00:00:00.0000,  5.469314414175396E-01, -4.792045062257146E-01, -3.813970130034387E-02,  1.320084327199991E-02,  1.513579333975644E-02, -5.538293923376848E-04,
2460619.500000000, A.D. 2024-Nov-05 00:00:00.0000,  5.599210130709308E-01, -4.638870154278483E-01, -3.867884474703038E-02,  1.277663531036402E-02,  1.549723610864724E-02, -5.243882553897521E-04,
2460620.500000000, A.D. 2024-Nov-06 00:00:00.0000,  5.724814358029000E-01, -4.482139834263614E-01, -3.918834301001291E-02,  1.234259888228091E-02,  1.584683090525307E-02, -4.945427250712079E-04,
2460621.500000000, A.D. 2024-Nov-07 00:00:00.0000,  5.846030426942828E-01, -4.321973913019829E-01, -3.966780284542602E-02,  1.189905826328243E-02,  1.618431293550806E-02, -4.643151489894508E-04,
2460622.500000000, A.D. 2024-Nov-08 00:00:00.0000,  5.962764946094350E-01, -4.158494806310939E-01, -4.011685350037583E-02,  1.144634470983039E-02,  1.650942603197827E-02, -4.337281590474465E-04,
2460623.500000000, A.D. 2024-Nov-09 00:00:00.0000,  6.074927870713404E-01, -3.991827447703965E-01, -4.053514698990770E-02,  1.098479624699214E-02,  1.682192283054391E-02, -4.028046567581121E-04,
2460624.500000000, A.D. 2024-Nov-10 00:00:00.0000,  6.182432569223627E-01, -3.822099199670639E-01, -4.092235835920000E-02,  1.051475745206077E-02,  1.712156494274017E-02, -3.715677983839042E-04,
2460625.500000000, A.D. 2024-Nov-11 00:00:00.0000,  6.285195887666193E-01, -3.649439762987596E-01, -4.127818593081181E-02,  1.003657923416610E-02,  1.740812312366172E-02, -3.400409799072898E-04,
2460626.500000000, A.D. 2024-Nov-12 00:00:00.0000,  6.383138211898822E-01, -3.473981084479829E-01, -4.160235153682661E-02,  9.550618609810643E-03,  1.768137743540122E-02, -3.082478218407581E-04,
2460627.500000000, A.D. 2024-Nov-13 00:00:00.0000,  6.476183527532222E-01, -3.295857263152792E-01, -4.189460073570114E-02,  9.057238474638412E-03,  1.794111740586054E-02, -2.762121538536530E-04,
2460628.500000000, A.D. 2024-Nov-14 00:00:00.0000,  6.564259477562018E-01, -3.115204454759410E-01, -4.215470301369299E-02,  8.556807370959440E-03,  1.818714218294949E-02, -2.439579992771240E-04,
2460629.500000000, A.D. 2024-Nov-15 00:00:00.0000,  6.647297417657838E-01, -2.932160774848811E-01, -4.238245197069536E-02,  8.049699251568971E-03,  1.841926068402401E-02, -2.115095594267049E-04,
2460630.500000000, A.D. 2024-Nov-16 00:00:00.0000,  6.725232469070742E-01, -2.746866200344750E-01, -4.257766549032447E-02,  7.536293239607240E-03,  1.863729174049791E-02, -1.788911977845527E-04,
2460631.500000000, A.D. 2024-Nov-17 00:00:00.0000,  6.798003569119699E-01, -2.559462469702343E-01, -4.274018589411682E-02,  7.016973384523337E-03,  1.884106423756223E-02, -1.461274240364025E-04,
2460632.500000000, A.D. 2024-Nov-18 00:00:00.0000,  6.865553519218522E-01, -2.370092981692347E-01, -4.286988007968956E-02,  6.492128414208701E-03,  1.903041724893546E-02, -1.132428779600525E-04,
2460633.500000000, A.D. 2024-Nov-19 00:00:00.0000,  6.927829030405238E-01, -2.178902692863182E-01, -4.296663964271433E-02,  5.962151483367532E-03,  1.920520016655696E-02, -8.026231316380133E-05,
2460634.500000000, A.D. 2024-Nov-20 00:00:00.0000,  6.984780766336653E-01, -1.986038013731684E-01, -4.303038098255435E-02,  5.427439918192882E-03,  1.936527282512488E-02, -4.721058067494851E-05,
2460635.500000000, A.D. 2024-Nov-21 00:00:00.0000,  7.036363383711491E-01, -1.791646703754718E-01, -4.306104539141586E-02,  4.888394957418465E-03,  1.951050562136862E-02, -1.411261238003046E-05,
2460636.500000000, A.D. 2024-Nov-22 00:00:00.0000,  7.082535570086215E-01, -1.595877765134897E-01, -4.305859912686691E-02,  4.345421489817035E-03,  1.964077962793517E-02,  1.900659567986690E-05,
2460637.500000000, A.D. 2024-Nov-23 00:00:00.0000,  7.123260079048384E-01, -1.398881335514906E-01, -4.302303346758090E-02,  3.798927788216887E-03,  1.975598670175698E-02,  5.212200015383406E-05,
2460638.500000000, A.D. 2024-Nov-24 00:00:00.0000,  7.158503762713045E-01, -1.200808579616337E-01, -4.295436475216820E-02,  3.249325240108400E-03,  1.985602958675799E-02,  8.520852735950685E-05,
2460639.500000000, A.D. 2024-Nov-25 00:00:00.0000,  7.188237601508448E-01, -1.001811579880413E-01, -4.285263440096550E-02,  2.697028074912497E-03,  1.994082201074301E-02,  1.182410903870332E-04,
2460640.500000000, A.D. 2024-Nov-26 00:00:00.0000,  7.212436731218059E-01, -8.020432261695881E-02, -4.271790892066270E-02,  2.142453087982859E-03,  2.001028877630426E-02,  1.511946063191432E-04,
2460641.500000000, A.D. 2024-Nov-27 00:00:00.0000,  7.231080467245481E-01, -6.016571045902071E-02, -4.255027989166261E-02,  1.586019361109727E-03,  2.006436584573539E-02,  1.840440135388117E-04,
2460642.500000000, A.D. 2024-Nov-28 00:00:00.0000,  7.244152326068788E-01, -4.008073854967588E-02, -4.234986393807496E-02,  1.028147980083657E-03,  2.010300041965390E-02,  2.167642891633595E-04,
2460643.500000000, A.D. 2024-Nov-29 00:00:00.0000,  7.251640043854370E-01, -1.996487107421731E-02, -4.211680268023613E-02,  4.692617488789602E-04,  2.012615100930181E-02,  2.493304665481969E-04,
2460644.500000000, A.D. 2024-Nov-30 00:00:00.0000,  7.253535592197075E-01,  1.663919763458042E-04, -4.185126266967658E-02, -9.021509918688210E-05,  2.013378750242003E-02,  2.817176528892362E-04,
2460645.500000000, A.D. 2024-Dec-01 00:00:00.0000,  7.249835190956682E-01,  2.029752621193174E-02, -4.155343530644862E-02, -6.498571933383368E-04,  2.012589122242979E-02,  3.139010468993911E-04,
2460646.500000000, A.D. 2024-Dec-02 00:00:00.0000,  7.240539318160871E-01,  4.041299430585264E-02, -4.122353673874000E-02, -1.209238320141701E-03,  2.010245498086278E-02,  3.458559565587808E-04,
2460647.500000000, A.D. 2024-Dec-03 00:00:00.0000,  7.225652716946064E-01,  6.049725750625377E-02, -4.086180774470494E-02, -1.767931721110561E-03,  2.006348312284594E-02,  3.775578169278392E-04,
2460648.500000000, A.D. 2024-Dec-04 00:00:00.0000,  7.205184399508736E-01,  8.053478718948953E-02, -4.046851359645558E-02, -2.325510392981045E-03,  2.000899156546112E-02,  4.089822080112029E-04,
2460649.500000000, A.D. 2024-Dec-05 00:00:00.0000,  7.179147648041270E-01,  1.005100764482267E-01, -4.004394390616944E-02, -2.881547390499936E-03,  1.993900782881347E-02,  4.401048726595683E-04,
2460650.500000000, A.D. 2024-Dec-06 00:00:00.0000,  7.147560012628088E-01,  1.204076517069062E-01, -3.958841245428150E-02, -3.435616131552830E-03,  1.985357105965529E-02,  4.709017344964705E-04,
2460651.500000000, A.D. 2024-Dec-07 00:00:00.0000,  7.110443306079565E-01,  1.402120843570470E-01, -3.910225699974253E-02, -3.987290704449182E-03,  1.975273204742435E-02,  5.013489158569669E-04,
2460652.500000000, A.D. 2024-Dec-08 00:00:00.0000,  7.067823595683062E-01,  1.599080024047416E-01, -3.858583907233784E-02, -4.536146177175987E-03,  1.963655323256813E-02,  5.314227557259335E-04,
2460653.500000000, A.D. 2024-Dec-09 00:00:00.0000,  7.019731191852411E-01,  1.794801021225688E-01, -3.803954374707281E-02, -5.081758908432217E-03,  1.950510870703554E-02,  5.610998276646519E-04,
2460654.500000000, A.D. 2024-Dec-10 00:00:00.0000,  6.966200633658868E-01,  1.989131596980377E-01, -3.746377940064172E-02, -5.623706860261890E-03,  1.935848420682937E-02,  5.903569577158528E-04,
2460655.500000000, A.D. 2024-Dec-11 00:00:00.0000,  6.907270671228495E-01,  2.181920428705723E-01, -3.685897745000591E-02, -6.161569912114761E-03,  1.919677709652186E-02,  6.191712422793736E-04,
2460656.500000000, A.D. 2024-Dec-12 00:00:00.0000,  6.842984244992428E-01,  2.373017225489572E-01, -3.622559207311307E-02, -6.694930176180110E-03,  1.902009634564577E-02,  6.475200659528712E-04,
2460657.500000000, A.D. 2024-Dec-13 00:00:00.0000,  6.773388461778179E-01,  2.562272844010603E-01, -3.556409991179741E-02, -7.223372313811960E-03,  1.882856249682538E-02,  6.753811193263956E-04,
2460658.500000000, A.D. 2024-Dec-14 00:00:00.0000,  6.698534567731845E-01,  2.749539404074995E-01, -3.487499975691325E-02, -7.746483852901088E-03,  1.862230762551712E-02,  7.027324167214961E-04,
2460659.500000000, A.D. 2024-Dec-15 00:00:00.0000,  6.618477918062760E-01,  2.934670403707926E-01, -3.415881221576084E-02, -8.263855505986031E-03,  1.840147529122564E-02,  7.295523138642943E-04,
2460660.500000000, A.D. 2024-Dec-16 00:00:00.0000,  6.533277943603929E-01,  3.117520833714291E-01, -3.341607936187736E-02, -8.775081488940560E-03,  1.816622048008358E-02,  7.558195254793562E-04,
2460661.500000000, A.D. 2024-Dec-17 00:00:00.0000,  6.442998114183816E-01,  3.297947291621096E-01, -3.264736436728138E-02, -9.279759839984735E-03,  1.791670953859963E-02,  7.815131427865868E-04,
2460662.500000000, A.D. 2024-Dec-18 00:00:00.0000,  6.347705898807248E-01,  3.475808094912798E-01, -3.185325111727500E-02, -9.777492738808272E-03,  1.765312009847113E-02,  8.066126508865267E-04,
2460663.500000000, A.D. 2024-Dec-19 00:00:00.0000,  6.247472722645604E-01,  3.650963393469506E-01, -3.103434380792375E-02, -1.026788682554833E-02,  1.737564099232536E-02,  8.310979460155935E-04,
2460664.500000000, A.D. 2024-Dec-20 00:00:00.0000,  6.142373920839065E-01,  3.823275281116729E-01, -3.019126652635446E-02, -1.075055351935351E-02,  1.708447216026826E-02,  8.549493526528189E-04,
2460665.500000000, A.D. 2024-Dec-21 00:00:00.0000,  6.032488689116424E-01,  3.992607906194201E-01, -2.932466281402782E-02, -1.122510933625611E-02,  1.677982454713376E-02,  8.781476404595691E-04,
2460666.500000000, A.D. 2024-Dec-22 00:00:00.0000,  5.917900031240871E-01,  4.158827581050306E-01, -2.843519521316302E-02, -1.169117620606594E-02,  1.646191999033987E-02,  9.006740410336218E-04,
2460667.500000000, A.D. 2024-Dec-23 00:00:00.0000,  5.798694703292908E-01,  4.321802890367752E-01, -2.752354479650839E-02, -1.214838178799056E-02,  1.613099109827050E-02,  9.225102644589560E-04,
2460668.500000000, A.D. 2024-Dec-24 00:00:00.0000,  5.674963154804721E-01,  4.481404798225402E-01, -2.659041068067270E-02, -1.259635978467905E-02,  1.578728111911328E-02,  9.436385156324849E-04,
2460669.500000000, A.D. 2024-Dec-25 00:00:00.0000,  5.546799466763270E-01,  4.637506753800507E-01, -2.563650952324863E-02, -1.303475025437966E-02,  1.543104380009514E-02,  9.640415103489569E-04,
2460670.500000000, A.D. 2024-Dec-26 00:00:00.0000,  5.414301286502559E-01,  4.789984795615086E-01, -2.466257500398047E-02, -1.346319992089524E-02,  1.506254323706709E-02,  9.837024911250659E-04,
2460671.500000000, A.D. 2024-Dec-27 00:00:00.0000,  5.277569759508680E-01,  4.938717654229731E-01, -2.366935729024593E-02, -1.388136248101478E-02,  1.468205371439912E-02,  1.002605242743817E-03,
2460672.500000000, A.D. 2024-Dec-28 00:00:00.0000,  5.136709458164550E-01,  5.083586853287783E-01, -2.265762248714126E-02, -1.428889890909417E-02,  1.428985953515513E-02,  1.020734107500066E-03,
2460673.500000000, A.D. 2024-Dec-29 00:00:00.0000,  4.991828307464449E-01,  5.224476808812694E-01, -2.162815207247823E-02, -1.468547775845886E-02,  1.388625484156829E-02,  1.038074000128408E-03,
2460674.500000000, A.D. 2024-Dec-30 00:00:00.0000,  4.843037507731769E-01,  5.361274926661509E-01, -2.058174231702016E-02, -1.507077545928430E-02,  1.347154342575868E-02,  1.054610422393273E-03,
2460675.500000000, A.D. 2024-Dec-31 00:00:00.0000,  4.690451454377303E-01,  5.493871698036824E-01, -1.951920369030587E-02, -1.544447661258788E-02,  1.304603853074865E-02,  1.070329477321055E-03,
2460676.500000000, A.D. 2025-Jan-01 00:00:00.0000,  4.534187654737982E-01,  5.622160792960551E-01, -1.844136025242647E-02, -1.580627428004959E-02,  1.261006264179427E-02,  1.085217883057661E-03,
