2459945.500000000, A.D. 2023-Jan-01 00:00:00.0000, -1.702295333027827E-01,  9.685028539936553E-01, -4.926004654056798E-05, -1.722398845424697E-02, -3.043571991474469E-03,  2.467344503421580E-07,
2459946.500000000, A.D. 2023-Jan-02 00:00:00.0000, -1.874261414727889E-01,  9.653087410874784E-01, -4.900562463014807E-05, -1.716833555347243E-02, -3.344490209631560E-03,  2.620958977008668E-07,
2459947.500000000, A.D. 2023-Jan-03 00:00:00.0000, -2.045644227986436E-01,  9.618142171804720E-01, -4.873588239587266E-05, -1.710733788337379E-02, -3.644377621285935E-03,  2.773743940473502E-07,
2459948.500000000, A.D. 2023-Jan-04 00:00:00.0000, -2.216390421825389E-01,  9.580203621339398E-01, -4.845090489958159E-05, -1.704101510592739E-02, -3.943136178951974E-03,  2.925657160861739E-07,
2459949.500000000, A.D. 2023-Jan-05 00:00:00.0000, -2.386446851440014E-01,  9.539283536634318E-01, -4.815078144378059E-05, -1.696938879231256E-02, -4.240668228523281E-03,  3.076655942213394E-07,
2459950.500000000, A.D. 2023-Jan-06 00:00:00.0000, -2.555760597243617E-01,  9.495394669246189E-01, -4.783560564848893E-05, -1.689248241325430E-02, -4.536876550804998E-03,  3.226696559799860E-07,
2459951.500000000, A.D. 2023-Jan-07 00:00:00.0000, -2.724278983810108E-01,  9.448550740575395E-01, -4.750547556907581E-05, -1.681032132827077E-02, -4.831664403210416E-03,  3.375734020991999E-07,
2459952.500000000, A.D. 2023-Jan-08 00:00:00.0000, -2.891949598704072E-01,  9.398766436891492E-01, -4.716049381992381E-05, -1.672293277395521E-02, -5.124935561416878E-03,  3.523722190575164E-07,
2459953.500000000, A.D. 2023-Jan-09 00:00:00.0000, -3.058720311189323E-01,  9.346057403943019E-01, -4.680076767000293E-05, -1.663034585138710E-02, -5.416594360855273E-03,  3.670614185412383E-07,
2459954.500000000, A.D. 2023-Jan-10 00:00:00.0000, -3.224539290807320E-01,  9.290440241153914E-01, -4.642640908953692E-05, -1.653259151271281E-02, -5.706545737815734E-03,  3.816362998049382E-07,
2459955.500000000, A.D. 2023-Jan-11 00:00:00.0000, -3.389355025817861E-01,  9.231932495411691E-01, -4.603753472540013E-05, -1.642970254706353E-02, -5.994695269994345E-03,  3.960922203135401E-07,
2459956.500000000, A.D. 2023-Jan-12 00:00:00.0000, -3.553116341495602E-01,  9.170552654453387E-01, -4.563426580982665E-05, -1.632171356574303E-02, -6.280949216382337E-03,  4.104246640629732E-07,
2459957.500000000, A.D. 2023-Jan-13 00:00:00.0000, -3.715772418274807E-01,  9.106320139856312E-01, -4.521672800417498E-05, -1.620866098673559E-02, -6.565214556381625E-03,  4.246292940412007E-07,
2459958.500000000, A.D. 2023-Jan-14 00:00:00.0000, -3.877272809735982E-01,  9.039255299641986E-01, -4.478505120638559E-05, -1.609058301855229E-02, -6.847399028048698E-03,  4.387019766705347E-07,
2459959.500000000, A.D. 2023-Jan-15 00:00:00.0000, -4.037567460427245E-01,  8.969379400502059E-01, -4.433936934783014E-05, -1.596751964332050E-02, -7.127411165451671E-03,  4.526387735109250E-07,
2459960.500000000, A.D. 2023-Jan-16 00:00:00.0000, -4.196606723512606E-01,  8.896714619655204E-01, -4.387982021820047E-05, -1.583951259906689E-02, -7.405160335115500E-03,  4.664358961953864E-07,
2459961.500000000, A.D. 2023-Jan-17 00:00:00.0000, -4.354341378238706E-01,  8.821284036344128E-01, -4.340654535285175E-05, -1.570660536110997E-02, -7.680556771557904E-03,  4.800896255596326E-07,
2459962.500000000, A.D. 2023-Jan-18 00:00:00.0000, -4.510722647210483E-01,  8.743111622981511E-01, -4.291969001566996E-05, -1.556884312242225E-02, -7.953511611986885E-03,  4.935962041598052E-07,
2459963.500000000, A.D. 2023-Jan-19 00:00:00.0000, -4.665702213464576E-01,  8.662222235952496E-01, -4.241940329554233E-05, -1.542627277278810E-02, -8.223936930329336E-03,  5.069517210772474E-07,
2459964.500000000, A.D. 2023-Jan-20 00:00:00.0000, -4.819232237327614E-01,  8.578641606079159E-01, -4.190583831055392E-05, -1.527894287660255E-02, -8.491745770863757E-03,  5.201520164145008E-07,
2459965.500000000, A.D. 2023-Jan-21 00:00:00.0000, -4.971265373045362E-01,  8.492396328749189E-01, -4.137915248469900E-05, -1.512690364924212E-02, -8.756852181798790E-03,  5.331926367313879E-07,
2459966.500000000, A.D. 2023-Jan-22 00:00:00.0000, -5.121754785168714E-01,  8.403513853707678E-01, -4.083950783191357E-05, -1.497020693209470E-02, -9.019171249118980E-03,  5.460688676742640E-07,
2459967.500000000, A.D. 2023-Jan-23 00:00:00.0000, -5.270654164684426E-01,  8.312022474508415E-01, -4.028707116555117E-05, -1.480890616654688E-02, -9.278619130841000E-03,  5.587758510163826E-07,
2459968.500000000, A.D. 2023-Jan-24 00:00:00.0000, -5.417917744882648E-01,  8.217951317621416E-01, -3.972201415849645E-05, -1.464305636746713E-02, -9.535113091404465E-03,  5.713087545122097E-07,
2459969.500000000, A.D. 2023-Jan-25 00:00:00.0000, -5.563500316958846E-01,  8.121330331198418E-01, -3.914451323135501E-05, -1.447271409659637E-02, -9.788571535649875E-03,  5.836629437389696E-07,
2459970.500000000, A.D. 2023-Jan-26 00:00:00.0000, -5.707357245349550E-01,  8.022190273502544E-01, -3.855474928171856E-05, -1.429793743601585E-02, -1.003891404182478E-02,  5.958341134477343E-07,
2459971.500000000, A.D. 2023-Jan-27 00:00:00.0000, -5.849444482803678E-01,  7.920562701015638E-01, -3.795290732452985E-05, -1.411878596169834E-02, -1.028606139305005E-02,  6.078183350312413E-07,
2459972.500000000, A.D. 2023-Jan-28 00:00:00.0000, -5.989718585188230E-01,  7.816479956238837E-01, -3.733917612393113E-05, -1.393532071679506E-02, -1.052993560719650E-02,  6.196120286339353E-07,
2459973.500000000, A.D. 2023-Jan-29 00:00:00.0000, -6.128136726024281E-01,  7.709975155202008E-01, -3.671374788383148E-05, -1.374760418436723E-02, -1.077045996526566E-02,  6.312118775112741E-07,
2459974.500000000, A.D. 2023-Jan-30 00:00:00.0000, -6.264656710746507E-01,  7.601082174695805E-01, -3.607681803992512E-05, -1.355570025931783E-02, -1.100755903853561E-02,  6.426147145950016E-07,
2459975.500000000, A.D. 2023-Jan-31 00:00:00.0000, -6.399236990677397E-01,  7.489835639237266E-01, -3.542858516820140E-05, -1.335967421939648E-02, -1.124115871474636E-02,  6.538174089214574E-07,
2459976.500000000, A.D. 2023-Feb-01 00:00:00.0000, -6.531836676706781E-01,  7.376270907777521E-01, -3.476925099809296E-05, -1.315959269524965E-02, -1.147118622352177E-02,  6.648167709975656E-07,
2459977.500000000, A.D. 2023-Feb-02 00:00:00.0000, -6.662415552667162E-01,  7.260424060158516E-01, -3.409902050585846E-05, -1.295552363954673E-02, -1.169757016115731E-02,  6.756094888165376E-07,
2459978.500000000, A.D. 2023-Feb-03 00:00:00.0000, -6.790934088395955E-01,  7.142331883324708E-01, -3.341810205438247E-05, -1.274753629524371E-02, -1.192024051484839E-02,  6.861921000176710E-07,
2459979.500000000, A.D. 2023-Feb-04 00:00:00.0000, -6.917353452476377E-01,  7.022031857295135E-01, -3.272670754154180E-05, -1.253570116306419E-02, -1.213912868639140E-02,  6.965610007591222E-07,
2459980.500000000, A.D. 2023-Feb-05 00:00:00.0000, -7.041635524649609E-01,  6.899562140901072E-01, -3.202505252371952E-05, -1.232008996828956E-02, -1.235416751535922E-02,  7.067124877754715E-07,
2459981.500000000, A.D. 2023-Feb-06 00:00:00.0000, -7.163742907891822E-01,  6.774961557294664E-01, -3.131335628254245E-05, -1.210077562696226E-02, -1.256529130173015E-02,  7.166428269879473E-07,
2459982.500000000, A.D. 2023-Feb-07 00:00:00.0000, -7.283638940150808E-01,  6.648269579234141E-01, -3.059184181362537E-05, -1.187783221161819E-02, -1.277243582793030E-02,  7.263483394780337E-07,
2459983.500000000, A.D. 2023-Feb-08 00:00:00.0000, -7.401287705738072E-01,  6.519526314151801E-01, -2.986073572566806E-05, -1.165133491667533E-02, -1.297553838022721E-02,  7.358254934202038E-07,
2459984.500000000, A.D. 2023-Feb-09 00:00:00.0000, -7.516654046373663E-01,  6.388772489011679E-01, -2.912026804980536E-05, -1.142136002360791E-02, -1.317453776937902E-02,  7.450709884124980E-07,
2459985.500000000, A.D. 2023-Feb-10 00:00:00.0000, -7.629703571882170E-01,  6.256049434964865E-01, -2.837067197375312E-05, -1.118798486602392E-02, -1.336937435043921E-02,  7.540818204729023E-07,
2459986.500000000, A.D. 2023-Feb-11 00:00:00.0000, -7.740402670539464E-01,  6.121399071811418E-01, -2.761218352512912E-05, -1.095128779477635E-02, -1.355999004163676E-02,  7.628553153405846E-07,
2459987.500000000, A.D. 2023-Feb-12 00:00:00.0000, -7.848718519071038E-01,  5.984863892278641E-01, -2.684504124020630E-05, -1.071134814312272E-02, -1.374632834214028E-02,  7.713891285066733E-07,
2459988.500000000, A.D. 2023-Feb-13 00:00:00.0000, -7.954619092302423E-01,  5.846486946127636E-01, -2.606948585109347E-05, -1.046824619206099E-02, -1.392833434870715E-02,  7.796811997398251E-07,
2459989.500000000, A.D. 2023-Feb-14 00:00:00.0000, -8.058073172464001E-01,  5.706311824099345E-01, -2.528576004244256E-05, -1.022206313581326E-02, -1.410595477105783E-02,  7.877296687638537E-07,
2459990.500000000, A.D. 2023-Feb-15 00:00:00.0000, -8.159050358150776E-01,  5.564382641713719E-01, -2.449410830348067E-05, -9.972881047332949E-03, -1.427913794589770E-02,  7.955327668413486E-07,
2459991.500000000, A.D. 2023-Feb-16 00:00:00.0000, -8.257521072937107E-01,  5.420744022935268E-01, -2.369477689753011E-05, -9.720782843768361E-03, -1.444783384961514E-02,  8.030886937582823E-07,
2459992.500000000, A.D. 2023-Feb-17 00:00:00.0000, -8.353456573644934E-01,  5.275441083718199E-01, -2.288801395155599E-05, -9.465852251643089E-03, -1.461199410967936E-02,  8.103955065924706E-07,
2459993.500000000, A.D. 2023-Feb-18 00:00:00.0000, -8.446828958261041E-01,  5.128519415443479E-01, -2.207406963760246E-05, -9.208173771431892E-03, -1.477157201489770E-02,  8.174510524657881E-07,
2459994.500000000, A.D. 2023-Feb-19 00:00:00.0000, -8.537611173495856E-01,  4.980025068257823E-01, -2.125319638757264E-05, -8.947832641254368E-03, -1.492652252483317E-02,  8.242529710474409E-07,
2459995.500000000, A.D. 2023-Feb-20 00:00:00.0000, -8.625777021974217E-01,  4.830004534321180E-01, -2.042564906704483E-05, -8.684914799578879E-03, -1.507680227874116E-02,  8.307987753512361E-07,
2459996.500000000, A.D. 2023-Feb-21 00:00:00.0000, -8.711301169048757E-01,  4.678504730966010E-01, -1.959168503359302E-05, -8.419506847089151E-03, -1.522236960431665E-02,  8.370859958215642E-07,
2459997.500000000, A.D. 2023-Feb-22 00:00:00.0000, -8.794159149229456E-01,  4.525572983769479E-01, -1.875156403488781E-05, -8.151696008144334E-03, -1.536318452635601E-02,  8.431123491268998E-07,
2459998.500000000, A.D. 2023-Feb-23 00:00:00.0000, -8.874327372228299E-01,  4.371257009539990E-01, -1.790554794754884E-05, -7.881570092451917E-03, -1.549920877518077E-02,  8.488758792008192E-07,
2459999.500000000, A.D. 2023-Feb-24 00:00:00.0000, -8.951783128624263E-01,  4.215604899222202E-01, -1.705390040874419E-05, -7.609217457528230E-03, -1.563040579444538E-02,  8.543750255423921E-07,
2460000.500000000, A.D. 2023-Feb-25 00:00:00.0000, -9.026504595157643E-01,  4.058665100728867E-01, -1.619688641887854E-05, -7.334726972063607E-03, -1.575674074790077E-02,  8.596086172370497E-07,
2460001.500000000, A.D. 2023-Feb-26 00:00:00.0000, -9.098470839661804E-01,  3.900486401711276E-01, -1.533477197867101E-05, -7.058187980140341E-03, -1.587818052489141E-02,  8.645758039698450E-07,
2460002.500000000, A.D. 2023-Feb-27 00:00:00.0000, -9.167661825641953E-01,  3.741117912281551E-01, -1.446782382895391E-05, -6.779690266186278E-03, -1.599469374448347E-02,  8.692759396396319E-07,
2460003.500000000, A.D. 2023-Feb-28 00:00:00.0000, -9.234058416504107E-01,  3.580609047700298E-01, -1.359630930188306E-05, -6.499324020168261E-03, -1.610625075827808E-02,  8.737084672987482E-07,
2460004.500000000, A.D. 2023-Mar-01 00:00:00.0000, -9.297642379437263E-01,  3.419009511042160E-01, -1.272049628694659E-05, -6.217179802940150E-03, -1.621282365205118E-02,  8.778728139457491E-07,
2460005.500000000, A.D. 2023-Mar-02 00:00:00.0000, -9.358396388948873E-01,  3.256369275850238E-01, -1.184065328801542E-05, -5.933348511547815E-03, -1.631438624635410E-02,  8.817683137836474E-07,
2460006.500000000, A.D. 2023-Mar-03 00:00:00.0000, -9.416304030052837E-01,  3.092738568789216E-01, -1.095704954025833E-05, -5.647921344422787E-03, -1.641091409619561E-02,  8.853941661228489E-07,
2460007.500000000, A.D. 2023-Mar-04 00:00:00.0000, -9.471349801108754E-01,  2.928167852305824E-01, -1.006995515103763E-05, -5.360989766437774E-03, -1.650238448990445E-02,  8.887494287874888E-07,
2460008.500000000, A.D. 2023-Mar-05 00:00:00.0000, -9.523519116311026E-01,  2.762707807304449E-01, -9.179641230756835E-06, -5.072645473821418E-03, -1.658877644724843E-02,  8.918330452236293E-07,
2460009.500000000, A.D. 2023-Mar-06 00:00:00.0000, -9.572798307826454E-01,  2.596409315844994E-01, -8.286379981125906E-06, -4.782980358948552E-03, -1.667007071687676E-02,  8.946439006505670E-07,
2460010.500000000, A.D. 2023-Mar-07 00:00:00.0000, -9.619174627579276E-01,  2.429323443869444E-01, -7.390444716103881E-06, -4.492086475043669E-03, -1.674624977314743E-02,  8.971808997269563E-07,
2460011.500000000, A.D. 2023-Mar-08 00:00:00.0000, -9.662636248683050E-01,  2.261501423962984E-01, -6.492109798336426E-06, -4.200056000863765E-03, -1.681729781239637E-02,  8.994430553934364E-07,
2460012.500000000, A.D. 2023-Mar-09 00:00:00.0000, -9.703172266519674E-01,  2.092994638155023E-01, -5.591650486556218E-06, -3.906981205461952E-03, -1.688320074869569E-02,  9.014295763753904E-07,
2460013.500000000, A.D. 2023-Mar-10 00:00:00.0000, -9.740772699467038E-01,  1.923854600765047E-01, -4.689342701765359E-06, -3.612954413171533E-03, -1.694394620913120E-02,  9.031399393788010E-07,
2460014.500000000, A.D. 2023-Mar-11 00:00:00.0000, -9.775428489278276E-01,  1.754132941298069E-01, -3.785462734686351E-06, -3.318067968983545E-03, -1.699952352860533E-02,  9.045739324153554E-07,
2460015.500000000, A.D. 2023-Mar-12 00:00:00.0000, -9.807131501117611E-01,  1.583881387394508E-01, -2.880286929033214E-06, -3.022414204507419E-03, -1.704992374414064E-02,  9.057316584137253E-07,
2460016.500000000, A.D. 2023-Mar-13 00:00:00.0000, -9.835874523259412E-01,  1.413151747839766E-01, -1.974091383409308E-06, -2.726085404688139E-03, -1.709513958862448E-02,  9.066134942951432E-07,
2460017.500000000, A.D. 2023-Mar-14 00:00:00.0000, -9.861651266458847E-01,  1.241995895639519E-01, -1.067151715491362E-06, -2.429173775420896E-03, -1.713516548391407E-02,  9.072200069577848E-07,
2460018.500000000, A.D. 2023-Mar-15 00:00:00.0000, -9.884456363003518E-01,  1.070465751167513E-01, -1.597429288534280E-07, -2.131771412153063E-03, -1.716999753316923E-02,  9.075518387489116E-07,
2460019.500000000, A.D. 2023-Mar-16 00:00:00.0000, -9.904285365455926E-01,  8.986132653944745E-02,  7.478605984506968E-07, -1.833970269404787E-03, -1.719963351236883E-02,  9.076095739531674E-07,
2460020.500000000, A.D. 2023-Mar-17 00:00:00.0000, -9.921134745095458E-01,  7.264904032063403E-02,  1.655384992764009E-06, -1.535862131155073E-03, -1.722407286080341E-02,  9.073936215921687E-07,
2460021.500000000, A.D. 2023-Mar-18 00:00:00.0000, -9.935001890067257E-01,  5.541491268231700E-02,  2.562556667609027E-06, -1.237538581757293E-03, -1.724331667051961E-02,  9.069041377532497E-07,
2460022.500000000, A.D. 2023-Mar-19 00:00:00.0000, -9.945885103241565E-01,  3.816413793284874E-02,  3.469102054861061E-06, -9.390909770649893E-04, -1.725736767476634E-02,  9.061410062988652E-07,
2460023.500000000, A.D. 2023-Mar-20 00:00:00.0000, -9.953783599783835E-01,  2.090190683191335E-02,  4.374747355643896E-06, -6.406104153910074E-04, -1.726623023547603E-02,  9.051038981541698E-07,
2460024.500000000, A.D. 2023-Mar-21 00:00:00.0000, -9.958697504432182E-01,  3.633404968411368E-03,  5.279218386487401E-06, -3.421877079883375E-04, -1.726991033003663E-02,  9.037923985615619E-07,
2460025.500000000, A.D. 2023-Mar-22 00:00:00.0000, -9.960627848476992E-01, -1.363618884820676E-02,  6.182240573703561E-06, -4.391334902314202E-05, -1.726841553767426E-02,  9.022061697206452E-07,
2460026.500000000, A.D. 2023-Mar-23 00:00:00.0000, -9.959576566438791E-01, -3.090170418291225E-02,  7.083539110608538E-06,  2.541225146799601E-04, -1.726175502571682E-02,  9.003451066642211E-07,
2460027.500000000, A.D. 2023-Mar-24 00:00:00.0000, -9.955546492444419E-01, -4.815798055634183E-02,  7.982839250949490E-06,  5.518301136312610E-04, -1.724993953588810E-02,  8.982094485965245E-07,
2460028.500000000, A.D. 2023-Mar-25 00:00:00.0000, -9.948541356306817E-01, -6.539986901235796E-02,  8.879866681463027E-06,  8.491200848773430E-04, -1.723298137063420E-02,  8.957998239829319E-07,
2460029.500000000, A.D. 2023-Mar-26 00:00:00.0000, -9.938565779318510E-01, -8.262223367190159E-02,  9.774347905806111E-06,  1.145903500011361E-03, -1.721089437935241E-02,  8.931172302867797E-07,
2460030.500000000, A.D. 2023-Mar-27 00:00:00.0000, -9.925625269771686E-01, -9.981995327294160E-02,  1.066601058412789E-05,  1.442091891842193E-03, -1.718369394432048E-02,  8.901629704580231E-07,
2460031.500000000, A.D. 2023-Mar-28 00:00:00.0000, -9.909726218217959E-01, -1.169879226961273E-01,  1.155458380029490E-05,  1.737597279822220E-03, -1.715139696615453E-02,  8.869385765290078E-07,
2460032.500000000, A.D. 2023-Mar-29 00:00:00.0000, -9.890875892479269E-01, -1.341210544756531E-01,  1.243979825312930E-05,  2.032332194406076E-03, -1.711402184880014E-02,  8.834457318601154E-07,
2460033.500000000, A.D. 2023-Mar-30 00:00:00.0000, -9.869082432419859E-01, -1.512142802948866E-01,  1.332138637127262E-05,  2.326209700565606E-03, -1.707158848399294E-02,  8.796862090821683E-07,
2460034.500000000, A.D. 2023-Mar-31 00:00:00.0000, -9.844354844485754E-01, -1.682625524661309E-01,  1.419908238843964E-05,  2.619143420721598E-03, -1.702411823517095E-02,  8.756618389737579E-07,
2460035.500000000, A.D. 2023-Apr-01 00:00:00.0000, -9.816702996017889E-01, -1.852608453941196E-01,  1.507262239080075E-05,  2.911047557209345E-03, -1.697163392096491E-02,  8.713744951728077E-07,
2460036.500000000, A.D. 2023-Apr-02 00:00:00.0000, -9.786137609341675E-01, -2.022041570227653E-01,  1.594174436072235E-05,  3.201836914467633E-03, -1.691415979823454E-02,  8.668260995709231E-07,
2460037.500000000, A.D. 2023-Apr-03 00:00:00.0000, -9.752670255636001E-01, -2.190875102647155E-01,  1.680618823663134E-05,  3.491426921019179E-03, -1.685172154465193E-02,  8.620186476180025E-07,
2460038.500000000, A.D. 2023-Apr-04 00:00:00.0000, -9.716313348582825E-01, -2.359059544132799E-01,  1.766569600410049E-05,  3.779733651372839E-03, -1.678434624085988E-02,  8.569542452516824E-07,
2460039.500000000, A.D. 2023-Apr-05 00:00:00.0000, -9.677080137797999E-01, -2.526545665363015E-01,  1.852001182872568E-05,  4.066673847879496E-03, -1.671206235220207E-02,  8.516351545389971E-07,
2460040.500000000, A.D. 2023-Apr-06 00:00:00.0000, -9.634984702043696E-01, -2.693284528515530E-01,  1.936888223657843E-05,  4.352164942562968E-03, -1.663489971005308E-02,  8.460638423332514E-07,
2460041.500000000, A.D. 2023-Apr-07 00:00:00.0000, -9.590041942222690E-01, -2.859227500832927E-01,  2.021205634102602E-05,  4.636125078898305E-03, -1.655288949282001E-02,  8.402430221587179E-07,
2460042.500000000, A.D. 2023-Apr-08 00:00:00.0000, -9.542267574155536E-01, -3.024326267997005E-01,  2.104928610289543E-05,  4.918473133440081E-03, -1.646606420672605E-02,  8.341756767370237E-07,
2460043.500000000, A.D. 2023-Apr-09 00:00:00.0000, -9.491678121142867E-01, -3.188532847310445E-01,  2.188032659798335E-05,  5.199128737129695E-03, -1.637445766650547E-02,  8.278650490646206E-07,
2460044.500000000, A.D. 2023-Apr-10 00:00:00.0000, -9.438290906317196E-01, -3.351799600685487E-01,  2.270493625722382E-05,  5.478012296050412E-03, -1.627810497613238E-02,  8.213145942658000E-07,
2460045.500000000, A.D. 2023-Apr-11 00:00:00.0000, -9.382124044790993E-01, -3.514079247440453E-01,  2.352287703731688E-05,  5.755045011368629E-03, -1.617704250966982E-02,  8.145278920909595E-07,
2460046.500000000, A.D. 2023-Apr-12 00:00:00.0000, -9.323196435610479E-01, -3.675324876905499E-01,  2.433391448930879E-05,  6.030148898216246E-03, -1.607130789226470E-02,  8.075085295766655E-07,
2460047.500000000, A.D. 2023-Apr-13 00:00:00.0000, -9.261527753526627E-01, -3.835489960838869E-01,  2.513781770098119E-05,  6.303246803348516E-03, -1.596093998123814E-02,  8.002599725199789E-07,
2460048.500000000, A.D. 2023-Apr-14 00:00:00.0000, -9.197138440595823E-01, -3.994528365654018E-01,  2.593435911586311E-05,  6.574262421570498E-03, -1.584597884714219E-02,  7.927854492342139E-07,
2460049.500000000, A.D. 2023-Apr-15 00:00:00.0000, -9.130049697622097E-01, -4.152394364456324E-01,  2.672331425392990E-05,  6.843120310985872E-03, -1.572646575458385E-02,  7.850878780083694E-07,
2460050.500000000, A.D. 2023-Apr-16 00:00:00.0000, -9.060283475451951E-01, -4.309042648886180E-01,  2.750446139004331E-05,  7.109745907356236E-03, -1.560244314265289E-02,  7.771698523788499E-07,
2460051.500000000, A.D. 2023-Apr-17 00:00:00.0000, -8.987862466128375E-01, -4.464428340763595E-01,  2.827758125086893E-05,  7.374065537874577E-03, -1.547395460477287E-02,  7.690336980071316E-07,
2460052.500000000, A.D. 2023-Apr-18 00:00:00.0000, -8.912810093908511E-01, -4.618507003528123E-01,  2.904245680066890E-05,  7.636006434804648E-03, -1.534104486791305E-02,  7.606815873091877E-07,
2460053.500000000, A.D. 2023-Apr-19 00:00:00.0000, -8.835150506144167E-01, -4.771234653467958E-01,  2.979887316116726E-05,  7.895496749265809E-03, -1.520375977123295E-02,  7.521156887029347E-07,
2460054.500000000, A.D. 2023-Apr-20 00:00:00.0000, -8.754908564023156E-01, -4.922567770733362E-01,  3.054661768386539E-05,  8.152465565315176E-03, -1.506214624434690E-02,  7.433383162537403E-07,
2460055.500000000, A.D. 2023-Apr-21 00:00:00.0000, -8.672109833168219E-01, -5.072463310132019E-01,  3.128548015605650E-05,  8.406842914316112E-03, -1.491625228549595E-02,  7.343520414425245E-07,
2460056.500000000, A.D. 2023-Apr-22 00:00:00.0000, -8.586780574091899E-01, -5.220878711706889E-01,  3.201525308929070E-05,  8.658559789325128E-03, -1.476612693991723E-02,  7.251597442776886E-07,
2460057.500000000, A.D. 2023-Apr-23 00:00:00.0000, -8.498947732508919E-01, -5.367771911099605E-01,  3.273573202614310E-05,  8.907548159148839E-03, -1.461182027860893E-02,  7.157645995650670E-07,
2460058.500000000, A.D. 2023-Apr-24 00:00:00.0000, -8.408638929510950E-01, -5.513101349703879E-01,  3.344671580529587E-05,  9.153740981758956E-03, -1.445338337756507E-02,  7.061700099084185E-07,
2460059.500000000, A.D. 2023-Apr-25 00:00:00.0000, -8.315882451611395E-01, -5.656825984613462E-01,  3.414800674140564E-05,  9.397072216854815E-03, -1.429086829744172E-02,  6.963795071799499E-07,
2460060.500000000, A.D. 2023-Apr-26 00:00:00.0000, -8.220707240669195E-01, -5.798905298368485E-01,  3.483941070117909E-05,  9.637476837487287E-03, -1.412432806354360E-02,  6.863966465825856E-07,
2460061.500000000, A.D. 2023-Apr-27 00:00:00.0000, -8.123142883701042E-01, -5.939299308502717E-01,  3.552073707864535E-05,  9.874890840770022E-03, -1.395381664599621E-02,  6.762249136984838E-07,
2460062.500000000, A.D. 2023-Apr-28 00:00:00.0000, -8.023219602590623E-01, -6.077968576892946E-01,  3.619179868919780E-05,  1.010925125777876E-02, -1.377938893998660E-02,  6.658676567641932E-07,
2460063.500000000, A.D. 2023-Apr-29 00:00:00.0000, -7.920968243702433E-01, -6.214874218910779E-01,  3.685241161076896E-05,  1.034049616275860E-02, -1.360110074599096E-02,  6.553280494047006E-07,
2460064.500000000, A.D. 2023-Apr-30 00:00:00.0000, -7.816420267406620E-01, -6.349977912376349E-01,  3.750239500533276E-05,  1.056856468171462E-02, -1.341900874991703E-02,  6.446090893407579E-07,
2460065.500000000, A.D. 2023-May-01 00:00:00.0000, -7.709607737520633E-01, -6.483241906312750E-01,  3.814157095748959E-05,  1.079339700050773E-02, -1.323317050311068E-02,  6.337136304861879E-07,
2460066.500000000, A.D. 2023-May-02 00:00:00.0000, -7.600563310671683E-01, -6.614629029499834E-01,  3.876976435687895E-05,  1.101493437256929E-02, -1.304364440218646E-02,  6.226444426540434E-07,
2460067.500000000, A.D. 2023-May-03 00:00:00.0000, -7.489320225583936E-01, -6.744102698825075E-01,  3.938680285487478E-05,  1.123311912629621E-02, -1.285048966864913E-02,  6.114042941605433E-07,
2460068.500000000, A.D. 2023-May-04 00:00:00.0000, -7.375912292292685E-01, -6.871626927429547E-01,  3.999251691110247E-05,  1.144789467225569E-02, -1.265376632824255E-02,  5.999960499128834E-07,
2460069.500000000, A.D. 2023-May-05 00:00:00.0000, -7.260373881286972E-01, -6.997166332645891E-01,  4.058673993926515E-05,  1.165920551031862E-02, -1.245353519003304E-02,  5.884227685080512E-07,
2460070.500000000, A.D. 2023-May-06 00:00:00.0000, -7.142739912580816E-01, -7.120686143726098E-01,  4.116930854216902E-05,  1.186699723682081E-02, -1.224985782528864E-02,  5.766877800215478E-07,
2460071.500000000, A.D. 2023-May-07 00:00:00.0000, -7.023045844712371E-01, -7.242152209357346E-01,  4.174006280840607E-05,  1.207121655181372E-02, -1.204279654624158E-02,  5.647947293109496E-07,
2460072.500000000, A.D. 2023-May-08 00:00:00.0000, -6.901327663670194E-01, -7.361531004965758E-01,  4.229884662796242E-05,  1.227181126638865E-02, -1.183241438494201E-02,  5.527475682378046E-07,
2460073.500000000, A.D. 2023-May-09 00:00:00.0000, -6.777621871746374E-01, -7.478789639810176E-01,  4.284550797132022E-05,  1.246873030994207E-02, -1.161877507246291E-02,  5.405504910154551E-07,
2460074.500000000, A.D. 2023-May-10 00:00:00.0000, -6.651965476318250E-01, -7.593895863870800E-01,  4.337989907936054E-05,  1.266192373715299E-02, -1.140194301869430E-02,  5.282078218966790E-07,
2460075.500000000, A.D. 2023-May-11 00:00:00.0000, -6.524395978562902E-01, -7.706818074539392E-01,  4.390187652517017E-05,  1.285134273440224E-02, -1.118198329287691E-02,  5.157238780773815E-07,
2460076.500000000, A.D. 2023-May-12 00:00:00.0000, -6.394951362111294E-01, -7.817525323118601E-01,  4.441130113963437E-05,  1.303693962539573E-02, -1.095896160488820E-02,  5.031028386050665E-07,
2460077.500000000, A.D. 2023-May-13 00:00:00.0000, -6.263670081650756E-01, -7.925987321137421E-01,  4.490803782243049E-05,  1.321866787585456E-02, -1.073294428713812E-02,  4.903486503511488E-07,
2460078.500000000, A.D. 2023-May-14 00:00:00.0000, -6.130591051485292E-01, -8.032174446487508E-01,  4.539195528693162E-05,  1.339648209728087E-02, -1.050399827679837E-02,  4.774649938156188E-07,
2460079.500000000, A.D. 2023-May-15 00:00:00.0000, -5.995753634062234E-01, -8.136057749382072E-01,  4.586292580476154E-05,  1.357033804995445E-02, -1.027219109803017E-02,  4.644553163241463E-07,
2460080.500000000, A.D. 2023-May-16 00:00:00.0000, -5.859197628471796E-01, -8.237608958135901E-01,  4.632082501384992E-05,  1.374019264539653E-02, -1.003759084395520E-02,  4.513229208291576E-07,
2460081.500000000, A.D. 2023-May-17 00:00:00.0000, -5.720963258923569E-01, -8.336800484763039E-01,  4.676553183311798E-05,  1.390600394857931E-02, -9.800266158157569E-03,  4.380710890267956E-07,
2460082.500000000, A.D. 2023-May-18 00:00:00.0000, -5.581091163200900E-01, -8.433605430386401E-01,  4.719692850730214E-05,  1.406773118015726E-02, -9.560286215627925E-03,  4.247032106443472E-07,
2460083.500000000, A.D. 2023-May-19 00:00:00.0000, -5.439622381092252E-01, -8.527997590454849E-01,  4.761490076936502E-05,  1.422533471887787E-02, -9.317720703280134E-03,  4.112228861339775E-07,
2460084.500000000, A.D. 2023-May-20 00:00:00.0000, -5.296598342797119E-01, -8.619951459763818E-01,  4.801933808403730E-05,  1.437877610425316E-02, -9.072639800225329E-03,  3.976339840289919E-07,
2460085.500000000, A.D. 2023-May-21 00:00:00.0000, -5.152060857304100E-01, -8.709442237278692E-01,  4.841013392218823E-05,  1.452801803944238E-02, -8.825114158072175E-03,  3.839406438261926E-07,
2460086.500000000, A.D. 2023-May-22 00:00:00.0000, -5.006052100739597E-01, -8.796445830762314E-01,  4.878718601163888E-05,  1.467302439421784E-02, -8.575214881503450E-03,  3.701472284093110E-07,
2460087.500000000, A.D. 2023-May-23 00:00:00.0000, -4.858614604687154E-01, -8.880938861210569E-01,  4.915039652118810E-05,  1.481376020784258E-02, -8.323013509333234E-03,  3.562582410054618E-07,
2460088.500000000, A.D. 2023-May-24 00:00:00.0000, -4.709791244479129E-01, -8.962898667101349E-01,  4.949967215175396E-05,  1.495019169170056E-02, -8.068581996137860E-03,  3.422782258251751E-07,
2460089.500000000, A.D. 2023-May-25 00:00:00.0000, -4.559625227463828E-01, -9.042303308462784E-01,  4.983492412770783E-05,  1.508228623156206E-02, -7.811992694468443E-03,  3.282116706245123E-07,
2460090.500000000, A.D. 2023-May-26 00:00:00.0000, -4.408160081252094E-01, -9.119131570766273E-01,  5.015606809856119E-05,  1.521001238941665E-02, -7.553318337594627E-03,  3.140629257539076E-07,
2460091.500000000, A.D. 2023-May-27 00:00:00.0000, -4.255439641947849E-01, -9.193362968649322E-01,  5.046302397117575E-05,  1.533333990485087E-02, -7.292632022695720E-03,  2.998361493580146E-07,
2460092.500000000, A.D. 2023-May-28 00:00:00.0000, -4.101508042367107E-01, -9.264977749472071E-01,  5.075571570327583E-05,  1.545223969597878E-02, -7.030007194402729E-03,  2.855352838731448E-07,
2460093.500000000, A.D. 2023-May-29 00:00:00.0000, -3.946409700249818E-01, -9.333956896710639E-01,  5.103407108973921E-05,  1.556668385994953E-02, -6.765517628595086E-03,  2.711640651021484E-07,
2460094.500000000, A.D. 2023-May-30 00:00:00.0000, -3.790189306468641E-01, -9.400282133189297E-01,  5.129802157329187E-05,  1.567664567306056E-02, -6.499237416359186E-03,  2.567260622883415E-07,
2460095.500000000, A.D. 2023-May-31 00:00:00.0000, -3.632891813238412E-01, -9.463935924152642E-01,  5.154750210968841E-05,  1.578209959050906E-02, -6.231240948009281E-03,  2.422247452414612E-07,
2460096.500000000, A.D. 2023-Jun-01 00:00:00.0000, -3.474562422329714E-01, -9.524901480177757E-01,  5.178245111063665E-05,  1.588302124583418E-02, -5.961602897039094E-03,  2.276635716847413E-07,
2460097.500000000, A.D. 2023-Jun-02 00:00:00.0000, -3.315246573289258E-01, -9.583162759924950E-01,  5.200281047945725E-05,  1.597938745011702E-02, -5.690398203872844E-03,  2.130460838074163E-07,
2460098.500000000, A.D. 2023-Jun-03 00:00:00.0000, -3.154989931669141E-01, -9.638704472724551E-01,  5.220852574147084E-05,  1.607117619105291E-02, -5.417702059288061E-03,  1.983759943781130E-07,
2460099.500000000, A.D. 2023-Jun-04 00:00:00.0000, -2.993838377265347E-01, -9.691512080995729E-01,  5.239954624704904E-05,  1.615836663200847E-02, -5.143589887406467E-03,  1.836572498612080E-07,
2460100.500000000, A.D. 2023-Jun-05 00:00:00.0000, -2.831837992365078E-01, -9.741571802493130E-01,  5.257582541759678E-05,  1.624093911128009E-02, -4.868137328268679E-03,  1.688940413565968E-07,
2460101.500000000, A.D. 2023-Jun-06 00:00:00.0000, -2.669035049999907E-01, -9.788870612377869E-01,  5.273732097001910E-05,  1.631887514164775E-02, -4.591420220181909E-03,  1.540907570015814E-07,
2460102.500000000, A.D. 2023-Jun-07 00:00:00.0000, -2.505476002201814E-01, -9.833396245112114E-01,  5.288399506787650E-05,  1.639215741025881E-02, -4.313514582149599E-03,  1.392518800340192E-07,
2460103.500000000, A.D. 2023-Jun-08 00:00:00.0000, -2.341207468258877E-01, -9.875137196180119E-01,  5.301581434763170E-05,  1.646076977878441E-02, -4.034496596804901E-03,  1.243818492573732E-07,
2460104.500000000, A.D. 2023-Jun-09 00:00:00.0000, -2.176276222968953E-01, -9.914082723642657E-01,  5.313274980310416E-05,  1.652469728362030E-02, -3.754442594196441E-03,  1.094849188994382E-07,
2460105.500000000, A.D. 2023-Jun-10 00:00:00.0000, -2.010729184892253E-01, -9.950222849534212E-01,  5.323477654441852E-05,  1.658392613586509E-02, -3.473429036563037E-03,  9.456505435483028E-08,
2460106.500000000, A.D. 2023-Jun-11 00:00:00.0000, -1.844613404606187E-01, -9.983548361112571E-01,  5.332187348130059E-05,  1.663844372085883E-02, -3.191532503995489E-03,  7.962588771263341E-08,
2460107.500000000, A.D. 2023-Jun-12 00:00:00.0000, -1.677976052967566E-01, -1.001405081196828E+00,  5.339402299541645E-05,  1.668823859716245E-02, -2.908829680696374E-03,  6.467073945011474E-08,
2460108.500000000, A.D. 2023-Jun-13 00:00:00.0000, -1.510864409387875E-01, -1.004172252299815E+00,  5.345121066311331E-05,  1.673330049497205E-02, -2.625397341458160E-03,  4.970269584044215E-08,
2460109.500000000, A.D. 2023-Jun-14 00:00:00.0000, -1.343325850126884E-01, -1.006655658324305E+00,  5.349342507612489E-05,  1.677362031406112E-02, -2.341312337997916E-03,  3.472471949325810E-08,
2460110.500000000, A.D. 2023-Jun-15 00:00:00.0000, -1.175407836608536E-01, -1.008854685058725E+00,  5.352065777523244E-05,  1.680919012140817E-02, -2.056651584892385E-03,  1.973976544182601E-08,
2460111.500000000, A.D. 2023-Jun-16 00:00:00.0000, -1.007157903761434E-01, -1.010768795231457E+00,  5.353290329424169E-05,  1.684000314867943E-02, -1.771492044995888E-03,  4.750878232995411E-09,
2460112.500000000, A.D. 2023-Jun-17 00:00:00.0000, -8.386236483846742E-02, -1.012397528551593E+00,  5.353015928469223E-05,  1.686605378968575E-02, -1.485910714308213E-03, -1.023874418615786E-08,
2460113.500000000, A.D. 2023-Jun-18 00:00:00.0000, -6.698527175388255E-02, -1.013740501734316E+00,  5.351242668329872E-05,  1.688733759793909E-02, -1.199984606396947E-03, -2.522572875275127E-08,
2460114.500000000, A.D. 2023-Jun-19 00:00:00.0000, -5.008927969602948E-02, -1.014797408510577E+00,  5.347970988148392E-05,  1.690385128438273E-02, -9.137907365801035E-04, -4.020654654368357E-08,
2460115.500000000, A.D. 2023-Jun-20 00:00:00.0000, -3.317915994978340E-02, -1.015568019620896E+00,  5.343201685706059E-05,  1.691559271527135E-02, -6.274061060249450E-04, -5.517756250489546E-08,
2460116.500000000, A.D. 2023-Jun-21 00:00:00.0000, -1.625968535693715E-02, -1.016052182793302E+00,  5.336935925038191E-05,  1.692256091018909E-02, -3.409076859804175E-04, -7.013509768388694E-08,
2460117.500000000, A.D. 2023-Jun-22 00:00:00.0000,  6.643708361624121E-04, -1.016249822705666E+00,  5.329175237534816E-05,  1.692475604012620E-02, -5.437240234728563E-05, -8.507549431775593E-08,
2460118.500000000, A.D. 2023-Jun-23 00:00:00.0000,  1.758823612906326E-02, -1.016160940932806E+00,  5.319921517089756E-05,  1.692217942555743E-02,  2.321228793543250E-04, -9.999516696207047E-08,
2460119.500000000, A.D. 2023-Jun-24 00:00:00.0000,  3.450713991570290E-02, -1.015785615878791E+00,  5.309177011215587E-05,  1.691483353444498E-02,  5.185013685194219E-04, -1.148906307799636E-07,
2460120.500000000, A.D. 2023-Jun-25 00:00:00.0000,  5.141631463084663E-02, -1.015124002694978E+00,  5.296944310714276E-05,  1.690272198011656E-02,  8.046863634676747E-04, -1.297585037832818E-07,
2460121.500000000, A.D. 2023-Jun-26 00:00:00.0000,  6.831099689433028E-02, -1.014176333184297E+00,  5.283226340274174E-05,  1.688584951899361E-02,  1.090601264941464E-03, -1.445954835104590E-07,
2460122.500000000, A.D. 2023-Jun-27 00:00:00.0000,  8.518642865295123E-02, -1.012942915692279E+00,  5.268026352707691E-05,  1.686422204815884E-02,  1.376169589133913E-03, -1.593983012536186E-07,
2460123.500000000, A.D. 2023-Jun-28 00:00:00.0000,  1.020378583198443E-01, -1.011424134985260E+00,  5.251347928572778E-05,  1.683784660275668E-02,  1.661314980318132E-03, -1.741636591830046E-07,
2460124.500000000, A.D. 2023-Jun-29 00:00:00.0000,  1.188605419111700E-01, -1.009620452116110E+00,  5.233194982657425E-05,  1.680673135321524E-02,  1.945961223188328E-03, -1.888881579593097E-07,
2460125.500000000, A.D. 2023-Jun-30 00:00:00.0000,  1.356497441799276E-01, -1.007532404277710E+00,  5.213571777780355E-05,  1.677088560227040E-02,  2.230032255074339E-03, -2.035682248512419E-07,
2460126.500000000, A.D. 2023-Jul-01 00:00:00.0000,  1.524007397466844E-01, -1.005160604644171E+00,  5.192482945285398E-05,  1.673031978177021E-02,  2.513452178248612E-03, -2.182000548753096E-07,
2460127.500000000, A.D. 2023-Jul-02 00:00:00.0000,  1.691088142269949E-01, -1.002505742199608E+00,  5.169933510028185E-05,  1.668504544925364E-02,  2.796145272598004E-03, -2.327795796995045E-07,
2460128.500000000, A.D. 2023-Jul-03 00:00:00.0000,  1.857692653553016E-01, -9.995685815539150E-01,  5.145928916597981E-05,  1.663507528434753E-02,  3.078036008964515E-03, -2.473024804382113E-07,
2460129.500000000, A.D. 2023-Jul-04 00:00:00.0000,  2.023774041051917E-01, -9.963499627448149E-01,  5.120475051256373E-05,  1.658042308511087E-02,  3.359049063263517E-03, -2.617642601017249E-07,
2460130.500000000, A.D. 2023-Jul-05 00:00:00.0000,  2.189285558060557E-01, -9.928508010253952E-01,  5.093578253676086E-05,  1.652110376453058E-02,  3.639109331391574E-03, -2.761603709883973E-07,
2460131.500000000, A.D. 2023-Jul-06 00:00:00.0000,  2.354180612564109E-01, -9.890720866364464E-01,  5.065245314017483E-05,  1.645713334739395E-02,  3.918141944636592E-03, -2.904863824152728E-07,
2460132.500000000, A.D. 2023-Jul-07 00:00:00.0000,  2.518412778343374E-01, -9.850148845633508E-01,  5.035483452578632E-05,  1.638852896763585E-02,  4.196072285053727E-03, -3.047381464895790E-07,
2460133.500000000, A.D. 2023-Jul-08 00:00:00.0000,  2.681935806054914E-01, -9.806803342778270E-01,  5.004300284773088E-05,  1.631530886613746E-02,  4.472826000332985E-03, -3.189119249000622E-07,
2460134.500000000, A.D. 2023-Jul-09 00:00:00.0000,  2.844703634290675E-01, -9.760696494651988E-01,  4.971703776649898E-05,  1.623749238877225E-02,  4.748329017833759E-03, -3.330044467410749E-07,
2460135.500000000, A.D. 2023-Jul-10 00:00:00.0000,  3.006670400618048E-01, -9.711841177380846E-01,  4.937702198506100E-05,  1.615509998440551E-02,  5.022507557737299E-03, -3.470128886164221E-07,
2460136.500000000, A.D. 2023-Jul-11 00:00:00.0000,  3.167790452598667E-01, -9.660251003372854E-01,  4.902304083798380E-05,  1.606815320260456E-02,  5.295288145539884E-03, -3.609347926184122E-07,
2460137.500000000, A.D. 2023-Jul-12 00:00:00.0000,  3.328018358782173E-01, -9.605940318203765E-01,  4.865518198374124E-05,  1.597667469090693E-02,  5.566597624213992E-03, -3.747679488135110E-07,
2460138.500000000, A.D. 2023-Jul-13 00:00:00.0000,  3.487308919670182E-01, -9.548924197381667E-01,  4.827353521859646E-05,  1.588068819159186E-02,  5.836363166359312E-03, -3.885102705698124E-07,
2460139.500000000, A.D. 2023-Jul-14 00:00:00.0000,  3.645617178645588E-01, -9.489218442989023E-01,  4.787819241041225E-05,  1.578021853798337E-02,  6.104512286597140E-03, -4.021596866374640E-07,
2460140.500000000, A.D. 2023-Jul-15 00:00:00.0000,  3.802898432862870E-01, -9.426839580198841E-01,  4.746924752310489E-05,  1.567529165036833E-02,  6.370972854367576E-03, -4.157140662246025E-07,
2460141.500000000, A.D. 2023-Jul-16 00:00:00.0000,  3.959108244096115E-01, -9.361804853660561E-01,  4.704679669727687E-05,  1.556593453163743E-02,  6.635673107195591E-03, -4.291711846422279E-07,
2460142.500000000, A.D. 2023-Jul-17 00:00:00.0000,  4.114202449542511E-01, -9.294132223750942E-01,  4.661093834459558E-05,  1.545217526275653E-02,  6.898541664416066E-03, -4.425287290760965E-07,
2460143.500000000, A.D. 2023-Jul-18 00:00:00.0000,  4.268137172580118E-01, -9.223840362685637E-01,  4.616177321786766E-05,  1.533404299816707E-02,  7.159507541295258E-03, -4.557843379586537E-07,
2460144.500000000, A.D. 2023-Jul-19 00:00:00.0000,  4.420868833479724E-01, -9.150948650487991E-01,  4.569940443066176E-05,  1.521156796122251E-02,  7.418500163453303E-03, -4.689356637355492E-07,
2460145.500000000, A.D. 2023-Jul-20 00:00:00.0000,  4.572354160071617E-01, -9.075477170812604E-01,  4.522393740670761E-05,  1.508478143973487E-02,  7.675449381453806E-03, -4.819804455005908E-07,
2460146.500000000, A.D. 2023-Jul-21 00:00:00.0000,  4.722550198368378E-01, -8.997446706622765E-01,  4.473547975827453E-05,  1.495371578163798E-02,  7.930285485436145E-03, -4.949165783102699E-07,
2460147.500000000, A.D. 2023-Jul-22 00:00:00.0000,  4.871414323145227E-01, -8.916878735721793E-01,  4.423414110144823E-05,  1.481840439086154E-02,  8.182939219663348E-03, -5.077421651066890E-07,
2460148.500000000, A.D. 2023-Jul-23 00:00:00.0000,  5.018904248479970E-01, -8.833795426139754E-01,  4.372003283305837E-05,  1.467888172333079E-02,  8.433341796902777E-03, -5.204555444756892E-07,
2460149.500000000, A.D. 2023-Jul-24 00:00:00.0000,  5.164978038253479E-01, -8.748219631377497E-01,  4.319326789361132E-05,  1.453518328310391E-02,  8.681424912564168E-03, -5.330552869811945E-07,
2460150.500000000, A.D. 2023-Jul-25 00:00:00.0000,  5.309594116612250E-01, -8.660174885510782E-01,  4.265396055208681E-05,  1.438734561862612E-02,  8.927120758533887E-03, -5.455401547855582E-07,
2460151.500000000, A.D. 2023-Jul-26 00:00:00.0000,  5.452711278393643E-01, -8.569685398157639E-01,  4.210222624900536E-05,  1.423540631900445E-02,  9.170362036699393E-03, -5.579090283344156E-07,
2460152.500000000, A.D. 2023-Jul-27 00:00:00.0000,  5.594288699513749E-01, -8.476776049312045E-01,  4.153818152695162E-05,  1.407940401024021E-02,  9.411081972161424E-03, -5.701608033767152E-07,
2460153.500000000, A.D. 2023-Jul-28 00:00:00.0000,  5.734285947316968E-01, -8.381472384046954E-01,  4.096194407694194E-05,  1.391937835132795E-02,  9.649214326155404E-03, -5.822942658138490E-07,
2460154.500000000, A.D. 2023-Jul-29 00:00:00.0000,  5.872662990885388E-01, -8.283800607089300E-01,  4.037363291473075E-05,  1.375537003008244E-02,  9.884693408755628E-03, -5.943079579981524E-07,
2460155.500000000, A.D. 2023-Jul-30 00:00:00.0000,  6.009380211304343E-01, -8.183787577268463E-01,  3.977336868730468E-05,  1.358742075852357E-02,  1.011745409151012E-02, -6.062000559237233E-07,
2460156.500000000, A.D. 2023-Jul-31 00:00:00.0000,  6.144398411878927E-01, -8.081460801837801E-01,  3.916127408859703E-05,  1.341557326765688E-02,  1.034743182023479E-02, -6.179682797636202E-07,
2460157.500000000, A.D. 2023-Aug-01 00:00:00.0000,  6.277678828294847E-01, -7.976848430666273E-01,  3.853747433765651E-05,  1.323987130155073E-02,  1.057456262825297E-02, -6.296098583408133E-07,
2460158.500000000, A.D. 2023-Aug-02 00:00:00.0000,  6.409183138716534E-01, -7.869979250294243E-01,  3.790209766045163E-05,  1.306035961073564E-02,  1.079878315036115E-02, -6.411215590412817E-07,
2460159.500000000, A.D. 2023-Aug-03 00:00:00.0000,  6.538873473816691E-01, -7.760882677845224E-01,  3.725527571116326E-05,  1.287708394513426E-02,  1.102003063768012E-02, -6.524997766371475E-07,
2460160.500000000, A.D. 2023-Aug-04 00:00:00.0000,  6.666712426734458E-01, -7.649588754785107E-01,  3.659714388809170E-05,  1.269009104695951E-02,  1.123824297324941E-02, -6.637406452963841E-07,
2460161.500000000, A.D. 2023-Aug-05 00:00:00.0000,  6.792663062964328E-01, -7.536128140523427E-01,  3.592784154617062E-05,  1.249942864396760E-02,  1.145335868798191E-02, -6.748401323196503E-07,
2460162.500000000, A.D. 2023-Aug-06 00:00:00.0000,  6.916688930179890E-01, -7.420532105854833E-01,  3.524751213397798E-05,  1.230514544325709E-02,  1.166531697654286E-02, -6.857940829591533E-07,
2460163.500000000, A.D. 2023-Aug-07 00:00:00.0000,  7.038754067998929E-01, -7.302832526244396E-01,  3.455630332432230E-05,  1.210729112566555E-02,  1.187405771268518E-02, -6.965981942773895E-07,
2460164.500000000, A.D. 2023-Aug-08 00:00:00.0000,  7.158823017694133E-01, -7.183061874962722E-01,  3.385436719792000E-05,  1.190591634045861E-02,  1.207952146394786E-02, -7.072479372296675E-07,
2460165.500000000, A.D. 2023-Aug-09 00:00:00.0000,  7.276860831850905E-01, -7.061253216077094E-01,  3.314186052105299E-05,  1.170107270001094E-02,  1.228164950576934E-02, -7.177384518738825E-07,
2460166.500000000, A.D. 2023-Aug-10 00:00:00.0000,  7.392833083970716E-01, -6.937440197303569E-01,  3.241894512851207E-05,  1.149281277418711E-02,  1.248038383522910E-02, -7.280644463121183E-07,
2460167.500000000, A.D. 2023-Aug-11 00:00:00.0000,  7.506705878015898E-01, -6.811657042722450E-01,  3.168578839454407E-05,  1.128119008423019E-02,  1.267566718467222E-02, -7.382201246686873E-07,
2460168.500000000, A.D. 2023-Aug-12 00:00:00.0000,  7.618445857890477E-01, -6.683938545357205E-01,  3.094256375489795E-05,  1.106625909606920E-02,  1.286744303542066E-02, -7.481991586682264E-07,
2460169.500000000, A.D. 2023-Aug-13 00:00:00.0000,  7.728020216851058E-01, -6.554320059615216E-01,  3.018945123350271E-05,  1.084807521302768E-02,  1.305565563172040E-02, -7.579947086903837E-07,
2460170.500000000, A.D. 2023-Aug-14 00:00:00.0000,  7.835396706841926E-01, -6.422837493587444E-01,  2.942663792227962E-05,  1.062669476796219E-02,  1.324024999501982E-02, -7.675994931299985E-07,
2460171.500000000, A.D. 2023-Aug-15 00:00:00.0000,  7.940543647748906E-01, -6.289527301203440E-01,  2.865431837120757E-05,  1.040217501489112E-02,  1.342117193862850E-02, -7.770058994542322E-07,
2460172.500000000, A.D. 2023-Aug-16 00:00:00.0000,  8.043429936567303E-01, -6.154426474237811E-01,  2.787269484959523E-05,  1.017457412019498E-02,  1.359836808276616E-02, -7.862061262069340E-07,
2460173.500000000, A.D. 2023-Aug-17 00:00:00.0000,  8.144025056480098E-01, -6.017572534164308E-01,  2.708197745704436E-05,  9.943951153482521E-03,  1.377178586998110E-02, -7.951923425236152E-07,
2460174.500000000, A.D. 2023-Aug-18 00:00:00.0000,  8.242299085843542E-01, -5.879003523854093E-01,  2.628238407058290E-05,  9.710366078225818E-03,  1.394137358089264E-02, -8.039568502286920E-07,
2460175.500000000, A.D. 2023-Aug-19 00:00:00.0000,  8.338222707078408E-01, -5.738757999115197E-01,  2.547414013593614E-05,  9.473879742269114E-03,  1.410708035018876E-02, -8.124922336225719E-07,
2460176.500000000, A.D. 2023-Aug-20 00:00:00.0000,  8.431767215466097E-01, -5.596875020071149E-01,  2.465747832001892E-05,  9.234553868309880E-03,  1.426885618278277E-02, -8.207914835999239E-07,
2460177.500000000, A.D. 2023-Aug-21 00:00:00.0000,  8.522904527849758E-01, -5.453394142377631E-01,  2.383263805776856E-05,  8.992451044424966E-03,  1.442665197003123E-02, -8.288480855597326E-07,
2460178.500000000, A.D. 2023-Aug-22 00:00:00.0000,  8.611607191241122E-01, -5.308355408277041E-01,  2.299986503029792E-05,  8.747634714717376E-03,  1.458041950594012E-02, -8.366560626349919E-07,
2460179.500000000, A.D. 2023-Aug-23 00:00:00.0000,  8.697848391334516E-01, -5.161799337491542E-01,  2.215941062457127E-05,  8.500169170055466E-03,  1.473011150318824E-02, -8.442099801370420E-07,
2460180.500000000, A.D. 2023-Aug-24 00:00:00.0000,  8.781601960928728E-01, -5.013766917957033E-01,  2.131153140635283E-05,  8.250119538964047E-03,  1.487568160897949E-02, -8.515049027875450E-07,
2460181.500000000, A.D. 2023-Aug-25 00:00:00.0000,  8.862842388258492E-01, -4.864299596399823E-01,  2.045648865829908E-05,  7.997551778599423E-03,  1.501708442058496E-02, -8.585363186148555E-07,
2460182.500000000, A.D. 2023-Aug-26 00:00:00.0000,  8.941544825235409E-01, -4.713439268759856E-01,  1.959454800015302E-05,  7.742532665653216E-03,  1.515427550050279E-02, -8.653000492670520E-07,
2460183.500000000, A.D. 2023-Aug-27 00:00:00.0000,  9.017685095597173E-01, -4.561228270464130E-01,  1.872597910264481E-05,  7.485129787080436E-03,  1.528721139126201E-02, -8.717921567978140E-07,
2460184.500000000, A.D. 2023-Aug-28 00:00:00.0000,  9.091239702962189E-01, -4.407709366553845E-01,  1.785105548538686E-05,  7.225411530400620E-03,  1.541584962987630E-02, -8.780088725744695E-07,
2460185.500000000, A.D. 2023-Aug-29 00:00:00.0000,  9.162185838783736E-01, -4.252925741668349E-01,  1.697005436422445E-05,  6.963447073244669E-03,  1.554014876206387E-02, -8.839465740426895E-07,
2460186.500000000, A.D. 2023-Aug-30 00:00:00.0000,  9.230501390194527E-01, -4.096920989887093E-01,  1.608325649104098E-05,  6.699306371856678E-03,  1.566006835647342E-02, -8.896018233497463E-07,
2460187.500000000, A.D. 2023-Aug-31 00:00:00.0000,  9.296164947730440E-01, -3.939739104428046E-01,  1.519094592513242E-05,  6.433060148415335E-03,  1.577556901921560E-02, -8.949714633625084E-07,
2460188.500000000, A.D. 2023-Sep-01 00:00:00.0000,  9.359155812921889E-01, -3.781424467198153E-01,  1.429340968933525E-05,  6.164779877283017E-03,  1.588661240895423E-02, -9.000527462567216E-07,
2460189.500000000, A.D. 2023-Sep-02 00:00:00.0000,  9.419454005743775E-01, -3.622021838189575E-01,  1.339093729770968E-05,  5.894537770556574E-03,  1.599316125266162E-02, -9.048434542148211E-07,
2460190.500000000, A.D. 2023-Sep-03 00:00:00.0000,  9.477040271919757E-01, -3.461576344715415E-01,  1.248382018555717E-05,  5.622406763479322E-03,  1.609517936192663E-02, -9.093419680217927E-07,
2460191.500000000, A.D. 2023-Sep-04 00:00:00.0000,  9.531896090082240E-01, -3.300133470480867E-01,  1.157235110955544E-05,  5.348460500240641E-03,  1.619263164949733E-02, -9.135472551438429E-07,
2460192.500000000, A.D. 2023-Sep-05 00:00:00.0000,  9.584003678793059E-01, -3.137739044489445E-01,  1.065682359650233E-05,  5.072773320263287E-03,  1.628548414566088E-02, -9.174587932800568E-07,
2460193.500000000, A.D. 2023-Sep-06 00:00:00.0000,  9.633346003428616E-01, -2.974439229787254E-01,  9.737531486475641E-06,  4.795420244898798E-03,  1.637370401424464E-02, -9.210764507551498E-07,
2460194.500000000, A.D. 2023-Sep-07 00:00:00.0000,  9.679906782934351E-01, -2.810280512049575E-01,  8.814768617785118E-06,  4.516476964382696E-03,  1.645725956812495E-02, -9.244003440893398E-07,
2460195.500000000, A.D. 2023-Sep-08 00:00:00.0000,  9.723670496447204E-01, -2.645309688014902E-01,  7.888828637990982E-06,  4.236019824547133E-03,  1.653612028425260E-02, -9.274307193205945E-07,
2460196.500000000, A.D. 2023-Sep-09 00:00:00.0000,  9.764622389783695E-01, -2.479573853770694E-01,  6.960004923856358E-06,  3.954125813157352E-03,  1.661025681829967E-02, -9.301678596799912E-07,
2460197.500000000, A.D. 2023-Sep-10 00:00:00.0000,  9.802748481788577E-01, -2.313120392894081E-01,  6.028590574200385E-06,  3.670872545662899E-03,  1.667964101903860E-02, -9.326120321560530E-07,
2460198.500000000, A.D. 2023-Sep-11 00:00:00.0000,  9.838035570537534E-01, -2.145996964449758E-01,  5.094878436854669E-06,  3.386338250247926E-03,  1.674424594254021E-02, -9.347634721478335E-07,
2460199.500000000, A.D. 2023-Sep-12 00:00:00.0000,  9.870471239386690E-01, -1.978251490846456E-01,  4.159161133826777E-06,  3.100601752135082E-03,  1.680404586626967E-02, -9.366224013017687E-07,
2460200.500000000, A.D. 2023-Sep-13 00:00:00.0000,  9.900043862861289E-01, -1.809932145552731E-01,  3.221731055012480E-06,  2.813742457117845E-03,  1.685901630313882E-02, -9.381890711445619E-07,
2460201.500000000, A.D. 2023-Sep-14 00:00:00.0000,  9.926742612375837E-01, -1.641087340672235E-01,  2.282880299302453E-06,  2.525840334318267E-03,  1.690913401556113E-02, -9.394638228416658E-07,
2460202.500000000, A.D. 2023-Sep-15 00:00:00.0000,  9.950557461778046E-01, -1.471765714378274E-01,  1.342900552761559E-06,  2.236975898193418E-03,  1.695437702954526E-02, -9.404471513016138E-07,
2460203.500000000, A.D. 2023-Sep-16 00:00:00.0000,  9.971479192709246E-01, -1.302016118207144E-01,  4.020829057483574E-07,  1.947230189843995E-03,  1.699472464885063E-02, -9.411397609056664E-07,
2460204.500000000, A.D. 2023-Sep-17 00:00:00.0000,  9.989499399774803E-01, -1.131887604209546E-01, -5.392823761960001E-07,  1.656684757711125E-03,  1.703015746921235E-02, -9.415426003617974E-07,
2460205.500000000, A.D. 2023-Sep-18 00:00:00.0000,  1.000461049551887E+00, -9.614294119594728E-02, -1.480906101287113E-06,  1.365421637778304E-03,  1.706065739261962E-02, -9.416568659999871E-07,
2460206.500000000, A.D. 2023-Sep-19 00:00:00.0000,  1.001680571519928E+00, -7.906909554202057E-02, -2.422500384922715E-06,  1.073523333419146E-03,  1.708620764160419E-02, -9.414839665335122E-07,
2460207.500000000, A.D. 2023-Sep-20 00:00:00.0000,  1.002607912135979E+00, -6.197218096676785E-02, -3.363778827607656E-06,  7.810727950403868E-04,  1.710679277346368E-02, -9.410254478232550E-07,
2460208.500000000, A.D. 2023-Sep-21 00:00:00.0000,  1.003242560819826E+00, -4.485716974723713E-02, -4.304456599891610E-06,  4.881533996540195E-04,  1.712239869431172E-02, -9.402828836775087E-07,
2460209.500000000, A.D. 2023-Sep-22 00:00:00.0000,  1.003584090573079E+00, -2.772904757420316E-02, -5.244250406166198E-06,  1.948489305068655E-04,  1.713301267285487E-02, -9.392577445491075E-07,
2460210.500000000, A.D. 2023-Sep-23 00:00:00.0000,  1.003632158375272E+00, -1.059281218285169E-02, -6.182878313612951E-06, -9.875644315417412E-05,  1.713862335372867E-02, -9.379512662612808E-07,
2460211.500000000, A.D. 2023-Sep-24 00:00:00.0000,  1.003386505559788E+00,  6.546528029605547E-03, -7.120059457444247E-06, -3.925781862364798E-04,  1.713922077035592E-02, -9.363643301675199E-07,
2460212.500000000, A.D. 2023-Sep-25 00:00:00.0000,  1.002846958169665E+00,  2.368395539886790E-02, -8.055513646760237E-06, -6.865314178701872E-04,  1.713479635708824E-02, -9.344973981444276E-07,
2460213.500000000, A.D. 2023-Sep-26 00:00:00.0000,  1.002013427293254E+00,  4.081444440024275E-02, -8.988960939175524E-06, -9.805309317259257E-04,  1.712534296064229E-02, -9.323505104290540E-07,
2460214.500000000, A.D. 2023-Sep-27 00:00:00.0000,  1.000885909379311E+00,  5.793296306644229E-02, -9.920121248086180E-06, -1.274491216854251E-03,  1.711085485084018E-02, -9.299233572905000E-07,
2460215.500000000, A.D. 2023-Sep-28 00:00:00.0000,  9.994644865308394E-01,  7.503447441577342E-02, -1.084871406216084E-05, -1.568326479433617E-03,  1.709132773068394E-02, -9.272154293402296E-07,
2460216.500000000, A.D. 2023-Sep-29 00:00:00.0000,  9.977493267765711E-01,  9.211393789016768E-02, -1.177445834270702E-05, -1.861950665774989E-03,  1.706675874601246E-02, -9.242262159770553E-07,
2460217.500000000, A.D. 2023-Sep-30 00:00:00.0000,  9.957406843187758E-01,  1.091663108027912E-01, -1.269707262414923E-05, -2.155277486649880E-03,  1.703714649505519E-02, -9.209554047800844E-07,
2460218.500000000, A.D. 2023-Oct-01 00:00:00.0000,  9.934388997561698E-01,  1.261865497952708E-01, -1.361627529459698E-05, -2.448220442691770E-03,  1.700249103814521E-02, -9.174030351861401E-07,
2460219.500000000, A.D. 2023-Oct-02 00:00:00.0000,  9.908444002810790E-01,  1.431696123047738E-01, -1.453178499260884E-05, -2.740692850407974E-03,  1.696279390772381E-02, -9.135695740045061E-07,
2460220.500000000, A.D. 2023-Oct-03 00:00:00.0000,  9.879576998504938E-01,  1.601104580412327E-01, -1.544332103574695E-05, -3.032607868301515E-03,  1.691805811860280E-02, -9.094559034843121E-07,
2460221.500000000, A.D. 2023-Oct-04 00:00:00.0000,  9.847793993311084E-01,  1.770040504748851E-01, -1.635060379886373E-05, -3.323878522744280E-03,  1.686828817829459E-02, -9.050632378601021E-07,
2460222.500000000, A.D. 2023-Oct-05 00:00:00.0000,  9.813101866186644E-01,  1.938453583340621E-01, -1.725335498756352E-05, -3.614417733499583E-03,  1.681349009712430E-02, -9.003930035270898E-07,
2460223.500000000, A.D. 2023-Oct-06 00:00:00.0000,  9.775508367318945E-01,  2.106293571128617E-01, -1.815129778993682E-05, -3.904138339032455E-03,  1.675367139785600E-02, -8.954467210261573E-07,
2460224.500000000, A.D. 2023-Oct-07 00:00:00.0000,  9.735022118811875E-01,  2.273510305881599E-01, -1.904415691893736E-05, -4.192953121769884E-03,  1.668884112475379E-02, -8.902259022711254E-07,
2460225.500000000, A.D. 2023-Oct-08 00:00:00.0000,  9.691652615119521E-01,  2.440053723453890E-01, -1.993165856061074E-05, -4.480774833544946E-03,  1.661900985196997E-02, -8.847319772787471E-07,
2460226.500000000, A.D. 2023-Oct-09 00:00:00.0000,  9.645410223223005E-01,  2.605873873122553E-01, -2.081353028103558E-05, -4.767516221427840E-03,  1.654418969113474E-02, -8.789662714258496E-07,
2460227.500000000, A.D. 2023-Oct-10 00:00:00.0000,  9.596306182547321E-01,  2.770920932997569E-01, -2.168950091882147E-05, -5.053090054014217E-03,  1.646439429828367E-02, -8.729300095469053E-07,
2460228.500000000, A.D. 2023-Oct-11 00:00:00.0000,  9.544352604612183E-01,  2.935145225497328E-01, -2.255930050325599E-05, -5.337409148288830E-03,  1.637963888003409E-02, -8.666243572277926E-07,
2460229.500000000, A.D. 2023-Oct-12 00:00:00.0000,  9.489562472411237E-01,  3.098497232882377E-01, -2.342266022626502E-05, -5.620386397121591E-03,  1.628994019905249E-02, -8.600504869219780E-07,
2460230.500000000, A.D. 2023-Oct-13 00:00:00.0000,  9.431949639512864E-01,  3.260927612840339E-01, -2.427931248970173E-05, -5.901934797449243E-03,  1.619531657882630E-02, -8.532096602692417E-07,
2460231.500000000, A.D. 2023-Oct-14 00:00:00.0000,  9.371528828875679E-01,  3.422387214115206E-01, -2.512899103776306E-05, -6.181967479164469E-03,  1.609578790777420E-02, -8.461033149695414E-07,
2460232.500000000, A.D. 2023-Oct-15 00:00:00.0000,  9.308315631371529E-01,  3.582827092174632E-01, -2.597143117382419E-05, -6.460397734719535E-03,  1.599137564274631E-02, -8.387331427630707E-07,
2460233.500000000, A.D. 2023-Oct-16 00:00:00.0000,  9.242326504009036E-01,  3.742198524909482E-01, -2.680637004415970E-05, -6.737139049405589E-03,  1.588210281198873E-02, -8.311011442940212E-07,
2460234.500000000, A.D. 2023-Oct-17 00:00:00.0000,  9.173578767851354E-01,  3.900453028360725E-01, -2.763354695987706E-05, -7.012105132208775E-03,  1.576799401766402E-02, -8.232096484986438E-07,
2460235.500000000, A.D. 2023-Oct-18 00:00:00.0000,  9.102090605623113E-01,  4.057542372469697E-01, -2.845270371710688E-05, -7.285209947085221E-03,  1.564907543801990E-02, -8.150612886497383E-07,
2460236.500000000, A.D. 2023-Oct-19 00:00:00.0000,  9.027881059003344E-01,  4.213418596848620E-01, -2.926358487085048E-05, -7.556367744451861E-03,  1.552537482927990E-02, -8.066589343568597E-07,
2460237.500000000, A.D. 2023-Oct-20 00:00:00.0000,  8.950970025603375E-01,  4.368034026568787E-01, -3.006593792157083E-05, -7.825493092670463E-03,  1.539692152728869E-02, -7.980055875245101E-07,
2460238.500000000, A.D. 2023-Oct-21 00:00:00.0000,  8.871378255630751E-01,  4.521341287963908E-01, -3.085951338666133E-05, -8.092500909317412E-03,  1.526374644888713E-02, -7.891042591469484E-07,
2460239.500000000, A.D. 2023-Oct-22 00:00:00.0000,  8.789127348242238E-01,  4.673293324445478E-01, -3.164406474864958E-05, -8.357306492089427E-03,  1.512588209292272E-02, -7.799578502826470E-07,
2460240.500000000, A.D. 2023-Oct-23 00:00:00.0000,  8.704239747589809E-01,  4.823843412325797E-01, -3.241934829692017E-05, -8.619825549301243E-03,  1.498336254073380E-02, -7.705690619949089E-07,
2460241.500000000, A.D. 2023-Oct-24 00:00:00.0000,  8.616738738563439E-01,  4.972945176642305E-01, -3.318512290279946E-05, -8.879974230030480E-03,  1.483622345589597E-02, -7.609403573380134E-07,
2460242.500000000, A.D. 2023-Oct-25 00:00:00.0000,  8.526648442233614E-01,  5.120552606974738E-01, -3.394114979122900E-05, -9.137669154120460E-03,  1.468450208299017E-02, -7.510739881217273E-07,
2460243.500000000, A.D. 2023-Oct-26 00:00:00.0000,  8.433993810993148E-01,  5.266620073244098E-01, -3.468719236924026E-05, -9.392827442291351E-03,  1.452823724518055E-02, -7.409720900541797E-07,
2460244.500000000, A.D. 2023-Oct-27 00:00:00.0000,  8.338800623395859E-01,  5.411102341480880E-01, -3.542301617936301E-05, -9.645366746804050E-03,  1.436746934046128E-02, -7.306368221085576E-07,
2460245.500000000, A.D. 2023-Oct-28 00:00:00.0000,  8.241095478684488E-01,  5.553954589549126E-01, -3.614838899843653E-05, -9.895205282934317E-03,  1.420224033660618E-02, -7.200705195388009E-07,
2460246.500000000, A.D. 2023-Oct-29 00:00:00.0000,  8.140905790999252E-01,  5.695132422814181E-01, -3.686308108311872E-05, -1.014226186139788E-02,  1.403259376499341E-02, -7.092758238610723E-07,
2460247.500000000, A.D. 2023-Oct-30 00:00:00.0000,  8.038259783257391E-01,  5.834591889744333E-01, -3.756686551612387E-05, -1.038645592169310E-02,  1.385857471362208E-02, -6.982557505980944E-07,
2460248.500000000, A.D. 2023-Oct-31 00:00:00.0000,  7.933186480696013E-01,  5.972289497440024E-01, -3.825951858266664E-05, -1.062770756602917E-02,  1.368022981965396E-02, -6.870136824043794E-07,
2460249.500000000, A.D. 2023-Nov-01 00:00:00.0000,  7.825715704074473E-01,  6.108182227087064E-01, -3.894082010653979E-05, -1.086593759342476E-02,  1.349760726170063E-02, -6.755532971473761E-07,
2460250.500000000, A.D. 2023-Nov-02 00:00:00.0000,  7.715878062536449E-01,  6.242227549331792E-01, -3.961055369069268E-05, -1.110106753361643E-02,  1.331075675192123E-02, -6.638784549041464E-07,
2460251.500000000, A.D. 2023-Nov-03 00:00:00.0000,  7.603704946134947E-01,  6.374383439575997E-01, -4.026850683718436E-05, -1.133301968054092E-02,  1.311972952785614E-02, -6.519930732839620E-07,
2460252.500000000, A.D. 2023-Nov-04 00:00:00.0000,  7.489228518025041E-01,  6.504608393188210E-01, -4.091447094738274E-05, -1.156171712529854E-02,  1.292457834383613E-02, -6.399010174925185E-07,
2460253.500000000, A.D. 2023-Nov-05 00:00:00.0000,  7.372481706329496E-01,  6.632861440626199E-01, -4.154824122766067E-05, -1.178708378862554E-02,  1.272535746178461E-02, -6.276060224380536E-07,
2460254.500000000, A.D. 2023-Nov-06 00:00:00.0000,  7.253498195681740E-01,  6.759102162463785E-01, -4.216961653612390E-05, -1.200904445297391E-02,  1.252212264126184E-02, -6.151116529805888E-07,
2460255.500000000, A.D. 2023-Nov-07 00:00:00.0000,  7.132312418449535E-01,  6.883290704313890E-01, -4.277839920764948E-05, -1.222752479430317E-02,  1.231493112864795E-02, -6.024213008089931E-07,
2460256.500000000, A.D. 2023-Nov-08 00:00:00.0000,  7.008959545641951E-01,  7.005387791638705E-01, -4.337439489540925E-05, -1.244245141362848E-02,  1.210384164536559E-02, -5.895382200731372E-07,
2460257.500000000, A.D. 2023-Nov-09 00:00:00.0000,  6.883475477501811E-01,  7.125354744436908E-01, -4.395741246538480E-05, -1.265375186842334E-02,  1.188891437507838E-02, -5.764655928404021E-07,
2460258.500000000, A.D. 2023-Nov-10 00:00:00.0000,  6.755896833784242E-01,  7.243153491797754E-01, -4.452726396225178E-05, -1.286135470396139E-02,  1.167021094982123E-02, -5.632066123054263E-07,
2460259.500000000, A.D. 2023-Nov-11 00:00:00.0000,  6.626260943722255E-01,  7.358746586310642E-01, -4.508376467063882E-05, -1.306518948461250E-02,  1.144779443500060E-02, -5.497645804803696E-07,
2460260.500000000, A.D. 2023-Nov-12 00:00:00.0000,  6.494605835679094E-01,  7.472097218319003E-01, -4.562673327151228E-05, -1.326518682519631E-02,  1.122172931321708E-02, -5.361430033131649E-07,
2460261.500000000, A.D. 2023-Nov-13 00:00:00.0000,  6.360970226486456E-01,  7.583169230006418E-01, -4.615599208795927E-05, -1.346127842246022E-02,  1.099208146691470E-02, -5.223456693375113E-07,
2460262.500000000, A.D. 2023-Nov-14 00:00:00.0000,  6.225393510467122E-01,  7.691927129303665E-01, -4.667136739277750E-05, -1.365339708673440E-02,  1.075891815992426E-02, -5.083766939859517E-07,
2460263.500000000, A.D. 2023-Nov-15 00:00:00.0000,  6.087915748140035E-01,  7.798336103606071E-01, -4.717268973937340E-05, -1.384147677377595E-02,  1.052230801800857E-02, -4.942405182977115E-07,
2460264.500000000, A.D. 2023-Nov-16 00:00:00.0000,  5.948577654606233E-01,  7.902362033292161E-01, -4.765979426491943E-05, -1.402545261674113E-02,  1.028232100862116E-02, -4.799418549823795E-07,
2460265.500000000, A.D. 2023-Nov-17 00:00:00.0000,  5.807420587615038E-01,  8.003971505037059E-01, -4.813252091392446E-05, -1.420526095812787E-02,  1.003902842013218E-02, -4.654855867351787E-07,
2460266.500000000, A.D. 2023-Nov-18 00:00:00.0000,  5.664486535311909E-01,  8.103131824916429E-01, -4.859071454496385E-05, -1.438083938145295E-02,  9.792502840751059E-03, -4.508766349843660E-07,
2460267.500000000, A.D. 2023-Nov-19 00:00:00.0000,  5.519818103671996E-01,  8.199811031298790E-01, -4.903422490069748E-05, -1.455212674239407E-02,  9.542818137291766E-03, -4.361198267232166E-07,
2460268.500000000, A.D. 2023-Nov-20 00:00:00.0000,  5.373458503625983E-01,  8.293977907524852E-01, -4.946290645835789E-05, -1.471906319915038E-02,  9.290049433797385E-03, -4.212197899829503E-07,
2460269.500000000, A.D. 2023-Nov-21 00:00:00.0000,  5.225451537886993E-01,  8.385601994371868E-01, -4.987661820010380E-05, -1.488159024185383E-02,  9.034273089892323E-03, -4.061809036087477E-07,
2460270.500000000, A.D. 2023-Nov-22 00:00:00.0000,  5.075841587488371E-01,  8.474653602299120E-01, -5.027522336663951E-05, -1.503965072098229E-02,  8.775566678596284E-03, -3.910073151761117E-07,
2460271.500000000, A.D. 2023-Nov-23 00:00:00.0000,  4.924673598042051E-01,  8.561103823467409E-01, -5.065858926322804E-05, -1.519318887485458E-02,  8.514008963259021E-03, -3.757030245484059E-07,
2460272.500000000, A.D. 2023-Nov-24 00:00:00.0000,  4.771993065725851E-01,  8.644924543522194E-01, -5.102658717447639E-05, -1.534215035638346E-02,  8.249679873312226E-03, -3.602720144959426E-07,
2460273.500000000, A.D. 2023-Nov-25 00:00:00.0000,  4.617846023005983E-01,  8.726088453127335E-01, -5.137909242041499E-05, -1.548648225932712E-02,  7.982660478581855E-03, -3.447183977048448E-07,
2460274.500000000, A.D. 2023-Nov-26 00:00:00.0000,  4.462279024098443E-01,  8.804569059233984E-01, -5.171598455476752E-05, -1.562613314428996E-02,  7.713032962048479E-03, -3.290465471150289E-07,
2460275.500000000, A.D. 2023-Nov-27 00:00:00.0000,  4.305339130170941E-01,  8.880340696069916E-01, -5.203714767094711E-05, -1.576105306464823E-02,  7.440880591154585E-03, -3.132611776628688E-07,
2460276.500000000, A.D. 2023-Nov-28 00:00:00.0000,  4.147073894285566E-01,  8.953378535835496E-01, -5.234247075880278E-05, -1.589119359246554E-02,  7.166287687915864E-03, -2.973673649711114E-07,
2460277.500000000, A.D. 2023-Nov-29 00:00:00.0000,  3.987531346082593E-01,  9.023658599096239E-01, -5.263184804801837E-05, -1.601650784433365E-02,  6.889339598164072E-03, -2.813705014949031E-07,
2460278.500000000, A.D. 2023-Nov-30 00:00:00.0000,  3.826759976206923E-01,  9.091157764864802E-01, -5.290517928293133E-05, -1.613695050697055E-02,  6.610122660251912E-03, -2.652762052943847E-07,
2460279.500000000, A.D. 2023-Dec-01 00:00:00.0000,  3.664808720480686E-01,  9.155853780368514E-01, -5.316236989126886E-05, -1.625247786234976E-02,  6.328724173485441E-03, -2.490902069449332E-07,
2460280.500000000, A.D. 2023-Dec-02 00:00:00.0000,  3.501726943827781E-01,  9.217725270500396E-01, -5.340333104132298E-05, -1.636304781215446E-02,  6.045232366396800E-03, -2.328182391127749E-07,
2460281.500000000, A.D. 2023-Dec-03 00:00:00.0000,  3.337564423957917E-01,  9.276751746952152E-01, -5.362797959662878E-05, -1.646861990140134E-02,  5.759736364862038E-03, -2.164659477182579E-07,
2460282.500000000, A.D. 2023-Dec-04 00:00:00.0000,  3.172371334818999E-01,  9.332913617027343E-01, -5.383623799852656E-05, -1.656915534113694E-02,  5.472326160002182E-03, -2.000388361449046E-07,
2460283.500000000, A.D. 2023-Dec-05 00:00:00.0000,  3.006198229827398E-01,  9.386192192132073E-01, -5.402803411127112E-05, -1.666461703016038E-02,  5.183092575774118E-03, -1.835422469088299E-07,
2460284.500000000, A.D. 2023-Dec-06 00:00:00.0000,  2.839096024885915E-01,  9.436569695939651E-01, -5.420330106744003E-05, -1.675496957575880E-02,  4.892127236152953E-03, -1.669813796812869E-07,
2460285.500000000, A.D. 2023-Dec-07 00:00:00.0000,  2.671115981199347E-01,  9.484029272224652E-01, -5.436197714710897E-05, -1.684017931345680E-02,  4.599522531817992E-03, -1.503613410043021E-07,
2460286.500000000, A.D. 2023-Dec-08 00:00:00.0000,  2.502309687897455E-01,  9.528554992361028E-01, -5.450400572087591E-05, -1.692021432578230E-02,  4.305371586266755E-03, -1.336872189472283E-07,
2460287.500000000, A.D. 2023-Dec-09 00:00:00.0000,  2.332729044475186E-01,  9.570131862478188E-01, -5.462933527551015E-05, -1.699504446005338E-02,  4.009768221279021E-03, -1.169641739840508E-07,
2460288.500000000, A.D. 2023-Dec-10 00:00:00.0000,  2.162426243059836E-01,  9.608745830268042E-01, -5.473791953412959E-05, -1.706464134521226E-02,  3.712806921617296E-03, -1.001975332460092E-07,
2460289.500000000, A.D. 2023-Dec-11 00:00:00.0000,  1.991453750514422E-01,  9.644383791434655E-01, -5.482971766532787E-05, -1.712897840774668E-02,  3.414582798856657E-03, -8.339287293650443E-08,
2460290.500000000, A.D. 2023-Dec-12 00:00:00.0000,  1.819864290386212E-01,  9.677033595777702E-01, -5.490469456197753E-05, -1.718803088678549E-02,  3.115191554245318E-03, -6.655606969386701E-08,
2460291.500000000, A.D. 2023-Dec-13 00:00:00.0000,  1.647710824707790E-01,  9.706684052898861E-01, -5.496282114877002E-05, -1.724177584846452E-02,  2.814729440503261E-03, -4.969330712090108E-08,
2460292.500000000, A.D. 2023-Dec-14 00:00:00.0000,  1.475046535657567E-01,  9.733324937521521E-01, -5.500407466470431E-05, -1.729019219975951E-02,  2.513293222631114E-03, -3.281101438426945E-08,
2460293.500000000, A.D. 2023-Dec-15 00:00:00.0000,  1.301924807083950E-01,  9.756946994413903E-01, -5.502843885279052E-05, -1.733326070189319E-02,  2.210980137876728E-03, -1.591574587934771E-08,
2460294.500000000, A.D. 2023-Dec-16 00:00:00.0000,  1.128399205897513E-01,  9.777541942909331E-01, -5.503590400477400E-05, -1.737096398334792E-02,  1.907887855244473E-03,  9.859852771158200E-10,
2460295.500000000, A.D. 2023-Dec-17 00:00:00.0000,  9.545234633350340E-02,  9.795102481020933E-01, -5.502646682895535E-05, -1.740328655245330E-02,  1.604114434951485E-03,  1.788788882964053E-08,
2460296.500000000, A.D. 2023-Dec-18 00:00:00.0000,  7.803514561006464E-02,  9.809622289152253E-01, -5.500013014648525E-05, -1.743021480933019E-02,  1.299758288198718E-03,  3.478405027768588E-08,
2460297.500000000, A.D. 2023-Dec-19 00:00:00.0000,  6.059371873920000E-02,  9.821096033407992E-01, -5.495690246479280E-05, -1.745173705689416E-02,  9.949181374349014E-04,  5.166901880115902E-08,
2460298.500000000, A.D. 2023-Dec-20 00:00:00.0000,  4.313347678223105E-02,  9.829519368509707E-01, -5.489679750509438E-05, -1.746784351063013E-02,  6.896929770598591E-04,  6.853781197364221E-08,
2460299.500000000, A.D. 2023-Dec-21 00:00:00.0000,  2.565983962517563E-02,  9.834888940319791E-01, -5.481983376546276E-05, -1.747852630692029E-02,  3.841820343207846E-04,  8.538583998895265E-08,
2460300.500000000, A.D. 2023-Dec-22 00:00:00.0000,  8.178234054334174E-03,  9.837202387973918E-01, -5.472603419202062E-05, -1.748377950981471E-02,  7.848473005145858E-05,  1.022087702499672E-07,
2460301.500000000, A.D. 2023-Dec-23 00:00:00.0000, -9.305908174114834E-03,  9.836458345618643E-01, -5.461542600283349E-05, -1.748359911625305E-02, -2.272993610902782E-04,  1.190023646463857E-07,
2460302.500000000, A.D. 2023-Dec-24 00:00:00.0000, -2.678715226900977E-02,  9.832656443747785E-01, -5.448804067212185E-05, -1.747798305984908E-02, -5.330705511279580E-04,  1.357623247671405E-07,
2460303.500000000, A.D. 2023-Dec-25 00:00:00.0000, -4.426006234223820E-02,  9.825797310129653E-01, -5.434391405392459E-05, -1.746693121341205E-02, -8.387290800955393E-04,  1.524841746576495E-07,
2460304.500000000, A.D. 2023-Dec-26 00:00:00.0000, -6.171920334873088E-02,  9.815882570317087E-01, -5.418308659540975E-05, -1.745044539037092E-02, -1.144175158125235E-03,  1.691631984851626E-07,
2460305.500000000, A.D. 2023-Dec-27 00:00:00.0000, -7.915914302740125E-02,  9.802914847733248E-01, -5.400560358415172E-05, -1.742852934529046E-02, -1.449309008185687E-03,  1.857944344666154E-07,
2460306.500000000, A.D. 2023-Dec-28 00:00:00.0000, -9.657445384222595E-02,  9.786897763328092E-01, -5.381151537493886E-05, -1.740118877361925E-02, -1.754030909134377E-03,  2.023727212347565E-07,
2460307.500000000, A.D. 2023-Dec-29 00:00:00.0000, -1.139597149226907E-01,  9.767835934803691E-01, -5.360087755188569E-05, -1.736843131071178E-02, -2.058241238879306E-03,  2.188927763227412E-07,
2460308.500000000, A.D. 2023-Dec-30 00:00:00.0000, -1.313095140029245E-01,  9.745734975408585E-01, -5.337375100383625E-05, -1.733026653016003E-02, -2.361840517357380E-03,  2.353492886084847E-07,
2460309.500000000, A.D. 2023-Dec-31 00:00:00.0000, -1.486184493587932E-01,  9.720601492304004E-01, -5.313020190822761E-05, -1.728670594137936E-02, -2.664729449160502E-03,  2.517370045212200E-07,
2460310.500000000, A.D. 2024-Jan-01 00:00:00.0000, -1.658811317421860E-01,  9.692443084506086E-01, -5.287030163820527E-05, -1.723776298639440E-02, -2.966808965700843E-03,  2.680507959386992E-07,
2460311.500000000, A.D. 2024-Jan-02 00:00:00.0000, -1.830921863116545E-01,  9.661268340408998E-01, -5.259412661430666E-05, -1.718345303574653E-02, -3.267980266859536E-03,  2.842856994658943E-07,
2460312.500000000, A.D. 2024-Jan-03 00:00:00.0000, -2.002462545584905E-01,  9.627086834894136E-01, -5.230175813393216E-05, -1.712379338345134E-02, -3.568144862122978E-03,  3.004369238649247E-07,
2460313.500000000, A.D. 2024-Jan-04 00:00:00.0000, -2.173379962272599E-01,  9.589909126030441E-01, -5.199328220828649E-05, -1.705880324094582E-02, -3.867204611232680E-03,  3.164998263970670E-07,
2460314.500000000, A.D. 2024-Jan-05 00:00:00.0000, -2.343620912297569E-01,  9.549746751370498E-01, -5.166878943727102E-05, -1.698850372997180E-02, -4.165061764380846E-03,  3.324698614159991E-07,
2460315.500000000, A.D. 2024-Jan-06 00:00:00.0000, -2.513132415512870E-01,  9.506612223846804E-01, -5.132837494797573E-05, -1.691291787434190E-02, -4.461619001991044E-03,  3.483425070498328E-07,
2460316.500000000, A.D. 2024-Jan-07 00:00:00.0000, -2.681861731481331E-01,  9.460519027272077E-01, -5.097213841280787E-05, -1.683207059052797E-02, -4.756779474141463E-03,  3.641131787835329E-07,
2460317.500000000, A.D. 2024-Jan-08 00:00:00.0000, -2.849756378349934E-01,  9.411481611446748E-01, -5.060018415721815E-05, -1.674598867700515E-02, -5.050446839721147E-03,  3.797771423665309E-07,
2460318.500000000, A.D. 2024-Jan-09 00:00:00.0000, -3.016764151611132E-01,  9.359515386875683E-01, -5.021262134636635E-05, -1.665470080228784E-02, -5.342525305454589E-03,  3.953294422119104E-07,
2460319.500000000, A.D. 2024-Jan-10 00:00:00.0000, -3.182833142737832E-01,  9.304636719094599E-01, -4.980956422926078E-05, -1.655823749162164E-02, -5.632919664978332E-03,  4.107648643215352E-07,
2460320.500000000, A.D. 2024-Jan-11 00:00:00.0000, -3.347911757678664E-01,  9.246862922604496E-01, -4.939113239370521E-05, -1.645663111236719E-02, -5.921535338189355E-03,  4.260779531164632E-07,
2460321.500000000, A.D. 2024-Jan-12 00:00:00.0000, -3.511948735201087E-01,  9.186212254410591E-01, -4.895745097333442E-05, -1.634991585821095E-02, -6.208278411011119E-03,  4.412630904154937E-07,
2460322.500000000, A.D. 2024-Jan-13 00:00:00.0000, -3.674893165071761E-01,  9.122703907161582E-01, -4.850865074747121E-05, -1.623812773246481E-02, -6.493055675528454E-03,  4.563146288665906E-07,
2460323.500000000, A.D. 2024-Jan-14 00:00:00.0000, -3.836694506066738E-01,  9.056358001886625E-01, -4.804486808957930E-05, -1.612130453078385E-02, -6.775774670278352E-03,  4.712270549828539E-07,
2460324.500000000, A.D. 2024-Jan-15 00:00:00.0000, -3.997302603807081E-01,  8.987195580330745E-01, -4.756624475758820E-05, -1.599948582356046E-02, -7.056343720124828E-03,  4.859951333057037E-07,
2460325.500000000, A.D. 2024-Jan-16 00:00:00.0000, -4.156667708417270E-01,  8.915238596895914E-01, -4.707292756638177E-05, -1.587271293809491E-02, -7.334671975204514E-03,  5.006139940240829E-07,
2460326.500000000, A.D. 2024-Jan-17 00:00:00.0000, -4.314740492003888E-01,  8.840509910199081E-01, -4.656506801103054E-05, -1.574102894043865E-02, -7.610669448527221E-03,  5.150791407615374E-07,
2460327.500000000, A.D. 2024-Jan-18 00:00:00.0000, -4.471472065949920E-01,  8.763033274261718E-01, -4.604282192274529E-05, -1.560447861662618E-02, -7.884247052073712E-03,  5.293863801136724E-07,
2460328.500000000, A.D. 2024-Jan-19 00:00:00.0000, -4.626813998017050E-01,  8.682833329345333E-01, -4.550634922453836E-05, -1.546310845299269E-02, -8.155316631553699E-03,  5.435316996253484E-07,
2460329.500000000, A.D. 2024-Jan-20 00:00:00.0000, -4.780718329245553E-01,  8.599935592444813E-01, -4.495581381916454E-05, -1.531696661534386E-02, -8.423791000134408E-03,  5.575111291965128E-07,
2460330.500000000, A.D. 2024-Jan-21 00:00:00.0000, -4.933137590639548E-01,  8.514366447448238E-01, -4.439138361108462E-05, -1.516610292685187E-02, -8.689583971474717E-03,  5.713206181247713E-07,
2460331.500000000, A.D. 2024-Jan-22 00:00:00.0000, -5.084024819624763E-01,  8.426153134968608E-01, -4.381323063266890E-05, -1.501056884466124E-02, -8.952610392345480E-03,  5.849559508845850E-07,
2460332.500000000, A.D. 2024-Jan-23 00:00:00.0000, -5.233333576266149E-01,  8.335323741850621E-01, -4.322153123066357E-05, -1.485041743527534E-02, -9.212786175020566E-03,  5.984127132781853E-07,
2460333.500000000, A.D. 2024-Jan-24 00:00:00.0000, -5.381017959233790E-01,  8.241907190354335E-01, -4.261646626012769E-05, -1.468570334884896E-02, -9.470028329515372E-03,  6.116863094963092E-07,
2460334.500000000, A.D. 2024-Jan-25 00:00:00.0000, -5.527032621506875E-01,  8.145933227017245E-01, -4.199822123932379E-05, -1.451648279253440E-02, -9.724254995653391E-03,  6.247720218171774E-07,
2460335.500000000, A.D. 2024-Jan-26 00:00:00.0000, -5.671332785807022E-01,  8.047432411196893E-01, -4.136698642890635E-05, -1.434281350303327E-02, -9.975385474873788E-03,  6.376650992685571E-07,
2460336.500000000, A.D. 2024-Jan-27 00:00:00.0000, -5.813874259753834E-01,  7.946436103297211E-01, -4.072295681513781E-05, -1.416475471851999E-02, -1.022334026166305E-02,  6.503608591883534E-07,
2460337.500000000, A.D. 2024-Jan-28 00:00:00.0000, -5.954613450737152E-01,  7.842976452683041E-01, -4.006633199150432E-05, -1.398236715006217E-02, -1.046804107443796E-02,  6.628547840571941E-07,
2460338.500000000, A.D. 2024-Jan-29 00:00:00.0000, -6.093507380501236E-01,  7.737086385289417E-01, -3.939731595267641E-05, -1.379571295260947E-02, -1.070941088570848E-02,  6.751426015252231E-07,
2460339.500000000, A.D. 2024-Jan-30 00:00:00.0000, -6.230513699437190E-01,  7.628799590933240E-01, -3.871611682063644E-05, -1.360485569567563E-02, -1.094737395139833E-02,  6.872203333054506E-07,
2460340.500000000, A.D. 2024-Jan-31 00:00:00.0000, -6.365590700580654E-01,  7.518150510336594E-01, -3.802294654012683E-05, -1.340986033367952E-02, -1.118185583918430E-02,  6.990843129408430E-07,
2460341.500000000, A.D. 2024-Feb-01 00:00:00.0000, -6.498697333311256E-01,  7.405174321871886E-01, -3.731802057185707E-05, -1.321079317598440E-02, -1.141278345578181E-02,  7.107311692668121E-07,
2460342.500000000, A.D. 2024-Feb-02 00:00:00.0000, -6.629793216751082E-01,  7.289906928039666E-01, -3.660155762032458E-05, -1.300772185664922E-02, -1.164008507311234E-02,  7.221577749879176E-07,
2460343.500000000, A.D. 2024-Feb-03 00:00:00.0000, -6.758838652858954E-01,  7.172384941690527E-01, -3.587377942608195E-05, -1.280071530383391E-02, -1.186369035331633E-02,  7.333611706537462E-07,
2460344.500000000, A.D. 2024-Feb-04 00:00:00.0000, -6.885794639216934E-01,  7.052645672002742E-01, -3.513491064366726E-05, -1.258984370883095E-02, -1.208353037259488E-02,  7.443384714027259E-07,
2460345.500000000, A.D. 2024-Feb-05 00:00:00.0000, -7.010622881505056E-01,  6.930727110227332E-01, -3.438517881705063E-05, -1.237517849466973E-02, -1.229953764387566E-02,  7.550867668993951E-07,
2460346.500000000, A.D. 2024-Feb-06 00:00:00.0000, -7.133285805659564E-01,  6.806667915212297E-01, -3.362481445189994E-05, -1.215679228418870E-02, -1.251164613832947E-02,  7.656030301464960E-07,
2460347.500000000, A.D. 2024-Feb-07 00:00:00.0000, -7.253746569708557E-01,  6.680507398717086E-01, -3.285405116733376E-05, -1.193475886741978E-02, -1.271979130582426E-02,  7.758840548513171E-07,
2460348.500000000, A.D. 2024-Feb-08 00:00:00.0000, -7.371969075277331E-01,  6.552285510527168E-01, -3.207312588657130E-05, -1.170915316810739E-02, -1.292391009448578E-02,  7.859264411996086E-07,
2460349.500000000, A.D. 2024-Feb-09 00:00:00.0000, -7.487917978753903E-01,  6.422042823376447E-01, -3.128227901229247E-05, -1.148005120921398E-02, -1.312394096961650E-02,  7.957266444026809E-07,
2460350.500000000, A.D. 2024-Feb-10 00:00:00.0000, -7.601558702104299E-01,  6.289820517682463E-01, -3.048175451912397E-05, -1.124753007736953E-02, -1.331982393226688E-02,  8.052810878340992E-07,
2460351.500000000, A.D. 2024-Feb-11 00:00:00.0000, -7.712857443327591E-01,  6.155660366096575E-01, -2.967179990951301E-05, -1.101166788642456E-02, -1.351150053769890E-02,  8.145863223651181E-07,
2460352.500000000, A.D. 2024-Feb-12 00:00:00.0000, -7.821781186543832E-01,  6.019604717869791E-01, -2.885266600235878E-05, -1.077254374058526E-02, -1.369891391375970E-02,  8.236391859196662E-07,
2460353.500000000, A.D. 2024-Feb-13 00:00:00.0000, -7.928297711713803E-01,  5.881696483036469E-01, -2.802460658759648E-05, -1.053023769768425E-02, -1.388200877888859E-02,  8.324369136727711E-07,
2460354.500000000, A.D. 2024-Feb-14 00:00:00.0000, -8.032375603993537E-01,  5.741979116421435E-01, -2.718787800306209E-05, -1.028483073299006E-02, -1.406073145931977E-02,  8.409771697333895E-07,
2460355.500000000, A.D. 2024-Feb-15 00:00:00.0000, -8.133984262731241E-01,  5.600496601481394E-01, -2.634273873078065E-05, -1.003640470382772E-02, -1.423502990496072E-02,  8.492579860778610E-07,
2460356.500000000, A.D. 2024-Feb-16 00:00:00.0000, -8.233093910113523E-01,  5.457293433995338E-01, -2.548944908589016E-05, -9.785042314786992E-03, -1.440485370369416E-02,  8.572776408271900E-07,
2460357.500000000, A.D. 2024-Feb-17 00:00:00.0000, -8.329675599465396E-01,  5.312414605620104E-01, -2.462827104322386E-05, -9.530827083210789E-03, -1.457015409404882E-02,  8.650345118280929E-07,
2460358.500000000, A.D. 2024-Feb-18 00:00:00.0000, -8.423701223205033E-01,  5.165905587326834E-01, -2.375946820720366E-05, -9.273843304598522E-03, -1.473088397639177E-02,  8.725269433649494E-07,
2460359.500000000, A.D. 2024-Feb-19 00:00:00.0000, -8.515143520450927E-01,  5.017812312731843E-01, -2.288330589568530E-05, -9.014176017647918E-03, -1.488699792289113E-02,  8.797531515822161E-07,
2460360.500000000, A.D. 2024-Feb-20 00:00:00.0000, -8.603976084277011E-01,  4.868181161333063E-01, -2.200005129562088E-05, -8.751910968796656E-03, -1.503845218647449E-02,  8.867111792336478E-07,
2460361.500000000, A.D. 2024-Feb-21 00:00:00.0000, -8.690173368610544E-01,  4.717058941661161E-01, -2.110997363824466E-05, -8.487134576227177E-03, -1.518520470896222E-02,  8.933988996280311E-07,
2460362.500000000, A.D. 2024-Feb-22 00:00:00.0000, -8.773710694767447E-01,  4.564492874352893E-01, -2.021334434838563E-05, -8.219933893370536E-03, -1.532721512850102E-02,  8.998140622472474E-07,
2460363.500000000, A.D. 2024-Feb-23 00:00:00.0000, -8.854564257620541E-01,  4.410530575153299E-01, -1.931043713309375E-05, -7.950396571994433E-03, -1.546444478637294E-02,  9.059543681122579E-07,
2460364.500000000, A.D. 2024-Feb-24 00:00:00.0000, -8.932711131397051E-01,  4.255220037852769E-01, -1.840152798475279E-05, -7.678610824991870E-03, -1.559685673321306E-02,  9.118175607596686E-07,
2460365.500000000, A.D. 2024-Feb-25 00:00:00.0000, -9.008129275103058E-01,  4.098609617164870E-01, -1.748689509230457E-05, -7.404665389004745E-03, -1.572441573463967E-02,  9.174015184637766E-07,
2460366.500000000, A.D. 2024-Feb-26 00:00:00.0000, -9.080797537573946E-01,  3.940748011550875E-01, -1.656681866486787E-05, -7.128649487025410E-03, -1.584708827627908E-02,  9.227043343187639E-07,
2460367.500000000, A.D. 2024-Feb-27 00:00:00.0000, -9.150695662151374E-01,  3.781684245997208E-01, -1.564158068603018E-05, -6.850652791121572E-03, -1.596484256814820E-02,  9.277243731409859E-07,
2460368.500000000, A.D. 2024-Feb-28 00:00:00.0000, -9.217804290988704E-01,  3.621467654752540E-01, -1.471146462682687E-05, -6.570765385428932E-03, -1.607764854832988E-02,  9.324602968669415E-07,
2460369.500000000, A.D. 2024-Feb-29 00:00:00.0000, -9.282104968988213E-01,  3.460147864031929E-01, -1.377675515042810E-05, -6.289077729527544E-03, -1.618547788587895E-02,  9.369110553188602E-07,
2460370.500000000, A.D. 2024-Mar-01 00:00:00.0000, -9.343580147374370E-01,  3.297774774695942E-01, -1.283773784309727E-05, -6.005680622286389E-03, -1.628830398293533E-02,  9.410758399279909E-07,
2460371.500000000, A.D. 2024-Mar-02 00:00:00.0000, -9.402213186908195E-01,  3.134398544913026E-01, -1.189469900837579E-05, -5.720665166274781E-03, -1.638610197587314E-02,  9.449540135003283E-07,
2460372.500000000, A.D. 2024-Mar-03 00:00:00.0000, -9.457988360748774E-01,  2.970069572815267E-01, -1.094792554078000E-05, -5.434122732742915E-03, -1.647884873557058E-02,  9.485450117969121E-07,
2460373.500000000, A.D. 2024-Mar-04 00:00:00.0000, -9.510890856967461E-01,  2.804838479156094E-01, -9.997704908481783E-06, -5.146144927211659E-03, -1.656652286665796E-02,  9.518482344516154E-07,
2460374.500000000, A.D. 2024-Mar-05 00:00:00.0000, -9.560906780720946E-01,  2.638756089981196E-01, -9.044325239382433E-06, -4.856823555629098E-03, -1.664910470565482E-02,  9.548629473547479E-07,
2460375.500000000, A.D. 2024-Mar-06 00:00:00.0000, -9.608023156088301E-01,  2.471873419323416E-01, -8.088075495924909E-06, -4.566250590989725E-03, -1.672657631802616E-02,  9.575882053521642E-07,
2460376.500000000, A.D. 2024-Mar-07 00:00:00.0000, -9.652227927575884E-01,  2.304241651932745E-01, -7.129245707815706E-06, -4.274518140258071E-03, -1.679892149410183E-02,  9.600228184715842E-07,
2460377.500000000, A.D. 2024-Mar-08 00:00:00.0000, -9.693509961291924E-01,  2.135912126052783E-01, -6.168127207236977E-06, -3.981718411319465E-03, -1.686612574387550E-02,  9.621653828831668E-07,
2460378.500000000, A.D. 2024-Mar-09 00:00:00.0000, -9.731859045789342E-01,  1.966936316254252E-01, -5.205012796985011E-06, -3.687943679626343E-03, -1.692817629083295E-02,  9.640143841328841E-07,
2460379.500000000, A.D. 2024-Mar-10 00:00:00.0000, -9.767265892572390E-01,  1.797365816333981E-01, -4.240196783490321E-06, -3.393286254288626E-03, -1.698506206507954E-02,  9.655683599589425E-07,
2460380.500000000, A.D. 2024-Mar-11 00:00:00.0000, -9.799722136261175E-01,  1.627252322284775E-01, -3.273974830493339E-06, -3.097838443580883E-03, -1.703677369609271E-02,  9.668260894469550E-07,
2460381.500000000, A.D. 2024-Mar-12 00:00:00.0000, -9.829220334409423E-01,  1.456647615338387E-01, -2.306643629708870E-06, -2.801692520156508E-03, -1.708330350538631E-02,  9.677867609062601E-07,
2460382.500000000, A.D. 2024-Mar-13 00:00:00.0000, -9.855753966975263E-01,  1.285603545081591E-01, -1.338500435145725E-06, -2.504940686559818E-03, -1.712464549923391E-02,  9.684500702290913E-07,
2460383.500000000, A.D. 2024-Mar-14 00:00:00.0000, -9.879317435451632E-01,  1.114172012644958E-01, -3.698425464332314E-07, -2.207675041739894E-03, -1.716079536137018E-02,  9.688162225515626E-07,
2460384.500000000, A.D. 2024-Mar-15 00:00:00.0000, -9.899906061668744E-01,  9.424049539660896E-02,  5.990331680214707E-07, -1.909987548964728E-03, -1.719175044531303E-02,  9.688858617629105E-07,
2460385.500000000, A.D. 2024-Mar-16 00:00:00.0000, -9.917516086282582E-01,  7.703543231329991E-02,  1.567830660127606E-06, -1.611970005146035E-03, -1.721750976604293E-02,  9.686599577299290E-07,
2460386.500000000, A.D. 2024-Mar-17 00:00:00.0000, -9.932144666963624E-01,  5.980720758139383E-02,  2.536254956830494E-06, -1.313714011431138E-03, -1.723807399090961E-02,  9.681396766458480E-07,
2460387.500000000, A.D. 2024-Mar-18 00:00:00.0000, -9.943789876295388E-01,  4.256101527833976E-02,  3.504012309237339E-06, -1.015310944549671E-03, -1.725344542958353E-02,  9.673262838499584E-07,
2460388.500000000, A.D. 2024-Mar-19 00:00:00.0000, -9.952450699388905E-01,  2.530204635525127E-02,  4.470810252170428E-06, -7.168519285989381E-04, -1.726362802317857E-02,  9.662210738077582E-07,
2460389.500000000, A.D. 2024-Mar-20 00:00:00.0000, -9.958127031216230E-01,  8.035487011246170E-03,  5.436357615583935E-06, -4.184278070177573E-04, -1.726862733256435E-02,  9.648253397761979E-07,
2460390.500000000, A.D. 2024-Mar-21 00:00:00.0000, -9.960819673663763E-01, -9.233482920170170E-03,  6.400364520346920E-06, -1.201291145633751E-04, -1.726845052597473E-02,  9.631403722124592E-07,
2460391.500000000, A.D. 2024-Mar-22 00:00:00.0000, -9.960530332305167E-01, -2.649969157199835E-02,  7.362542384752087E-06,  1.779539507511316E-04, -1.726310636596132E-02,  9.611674807925073E-07,
2460392.500000000, A.D. 2024-Mar-23 00:00:00.0000, -9.957261612893465E-01, -4.375797663128495E-02,  8.322603962052490E-06,  4.757315557455837E-04, -1.725260519574179E-02,  9.589080332467162E-07,
2460393.500000000, A.D. 2024-Mar-24 00:00:00.0000, -9.951017017572370E-01, -6.100318691273196E-02,  9.280263421912165E-06,  7.731142601346069E-04, -1.723695892500012E-02,  9.563635028246105E-07,
2460394.500000000, A.D. 2024-Mar-25 00:00:00.0000, -9.941800940807431E-01, -7.823018391785856E-02,  1.023523647990679E-05,  1.070013044479919E-03, -1.721618101520275E-02,  9.535355154200215E-07,
2460395.500000000, A.D. 2024-Mar-26 00:00:00.0000, -9.929618665038662E-01, -9.543384337926628E-02,  1.118724057016791E-05,  1.366339337925879E-03, -1.719028646450109E-02,  9.504258873797562E-07,
2460396.500000000, A.D. 2024-Mar-27 00:00:00.0000, -9.914476356057401E-01, -1.126090567896300E-01,  1.213599504781924E-05,  1.662005045590971E-03, -1.715929179229253E-02,  9.470366458375686E-07,
2460397.500000000, A.D. 2024-Mar-28 00:00:00.0000, -9.896381058111592E-01, -1.297507329151082E-01,  1.308122140015527E-05,  1.956922575473025E-03, -1.712321502350877E-02,  9.433700252085497E-07,
2460398.500000000, A.D. 2024-Mar-29 00:00:00.0000, -9.875340688745030E-01, -1.468537992929299E-01,  1.402264344072452E-05,  2.251004864720326E-03, -1.708207567268970E-02,  9.394284360561978E-07,
2460399.500000000, A.D. 2024-Mar-30 00:00:00.0000, -9.851364033377683E-01, -1.639132037129667E-01,  1.495998745820006E-05,  2.544165405130936E-03, -1.703589472788355E-02,  9.352144058838352E-07,
2460400.500000000, A.D. 2024-Mar-31 00:00:00.0000, -9.824460739635305E-01, -1.809239156831246E-01,  1.589298229312762E-05,  2.836318267777852E-03, -1.698469463438828E-02,  9.307304953067371E-07,
2460401.500000000, A.D. 2024-Apr-01 00:00:00.0000, -9.794641311437697E-01, -1.978809278783872E-01,  1.682135932414227E-05,  3.127378126626123E-03, -1.692849927830304E-02,  9.259792035894499E-07,
2460402.500000000, A.D. 2024-Apr-02 00:00:00.0000, -9.761917102856098E-01, -2.147792575733059E-01,  1.774485235828122E-05,  3.417260281067244E-03, -1.686733396985536E-02,  9.209628762903732E-07,
2460403.500000000, A.D. 2024-Apr-03 00:00:00.0000, -9.726300311750595E-01, -2.316139480576696E-01,  1.866319743780015E-05,  3.705880677484410E-03, -1.680122542645052E-02,  9.156836231738700E-07,
2460404.500000000, A.D. 2024-Apr-04 00:00:00.0000, -9.687803973196727E-01, -2.483800700350426E-01,  1.957613257804195E-05,  3.993155929712237E-03, -1.673020175528335E-02,  9.101432815578217E-07,
2460405.500000000, A.D. 2024-Apr-05 00:00:00.0000, -9.646441952712320E-01, -2.650727230036236E-01,  2.048339750093531E-05,  4.279003338692446E-03, -1.665429243538984E-02,  9.043434336282817E-07,
2460406.500000000, A.D. 2024-Apr-06 00:00:00.0000, -9.602228939290247E-01, -2.816870366188557E-01,  2.138473341005463E-05,  4.563340911634370E-03, -1.657352829906321E-02,  8.982854781798174E-07,
2460407.500000000, A.D. 2024-Apr-07 00:00:00.0000, -9.555180438241055E-01, -2.982181720370735E-01,  2.227988286999462E-05,  4.846087380960387E-03, -1.648794151250403E-02,  8.919707648474157E-07,
2460408.500000000, A.D. 2024-Apr-08 00:00:00.0000, -9.505312763845234E-01, -3.146613232394351E-01,  2.316858983991336E-05,  5.127162223496178E-03, -1.639756555577115E-02,  8.854007613036352E-07,
2460409.500000000, A.D. 2024-Apr-09 00:00:00.0000, -9.452643031811164E-01, -3.310117183355569E-01,  2.405059987162789E-05,  5.406485680162524E-03, -1.630243520228681E-02,  8.785772074869513E-07,
2460410.500000000, A.D. 2024-Apr-10 00:00:00.0000, -9.397189151533850E-01, -3.472646208465773E-01,  2.492566043701363E-05,  5.683978776082612E-03, -1.620258649825480E-02,  8.715022132376457E-07,
2460411.500000000, A.D. 2024-Apr-11 00:00:00.0000, -9.338969818152036E-01, -3.634153309677432E-01,  2.579352131250417E-05,  5.959563340713911E-03, -1.609805674233778E-02,  8.641782729296470E-07,
2460412.500000000, A.D. 2024-Apr-12 00:00:00.0000, -9.278004504406159E-01, -3.794591868109032E-01,  2.665393493533960E-05,  6.233162027458354E-03, -1.598888446581249E-02,  8.566081964099242E-07,
2460413.500000000, A.D. 2024-Apr-13 00:00:00.0000, -9.214313452304949E-01, -3.953915656274090E-01,  2.750665665901160E-05,  6.504698332244837E-03, -1.587510941321656E-02,  8.487949824436275E-07,
2460414.500000000, A.D. 2024-Apr-14 00:00:00.0000, -9.147917664612706E-01, -4.112078850118364E-01,  2.835144487104995E-05,  6.774096610794571E-03, -1.575677252329384E-02,  8.407416785728148E-07,
2460415.500000000, A.D. 2024-Apr-15 00:00:00.0000, -9.078838896170557E-01, -4.269036040866783E-01,  2.918806098246413E-05,  7.041282094586942E-03, -1.563391590994856E-02,  8.324512690210775E-07,
2460416.500000000, A.D. 2024-Apr-16 00:00:00.0000, -9.007099645063475E-01, -4.424742246679265E-01,  3.001626932382713E-05,  7.306180905790585E-03, -1.550658284308170E-02,  8.239265959491620E-07,
2460417.500000000, A.D. 2024-Apr-17 00:00:00.0000, -8.932723143642313E-01, -4.579152924114101E-01,  3.083583697825753E-05,  7.568720071336190E-03, -1.537481772915636E-02,  8.151703275330981E-07,
2460418.500000000, A.D. 2024-Apr-18 00:00:00.0000, -8.855733349408635E-01, -4.732223979394269E-01,  3.164653362085130E-05,  7.828827536360114E-03, -1.523866609134754E-02,  8.061849813739130E-07,
2460419.500000000, A.D. 2024-Apr-19 00:00:00.0000, -8.776154935767133E-01, -4.883911779474397E-01,  3.244813138635234E-05,  8.086432177242722E-03, -1.509817454941377E-02,  7.969729702490664E-07,
2460420.500000000, A.D. 2024-Apr-20 00:00:00.0000, -8.694013282649424E-01, -5.034173162904412E-01,  3.324040479977547E-05,  8.341463814313131E-03, -1.495339079921923E-02,  7.875366760267404E-07,
2460421.500000000, A.D. 2024-Apr-21 00:00:00.0000, -8.609334467012059E-01, -5.182965450487004E-01,  3.402313078751276E-05,  8.593853224318033E-03, -1.480436359196954E-02,  7.778785339092145E-07,
2460422.500000000, A.D. 2024-Apr-22 00:00:00.0000, -8.522145253210754E-01, -5.330246455726156E-01,  3.479608877343040E-05,  8.843532152711638E-03, -1.465114271319689E-02,  7.680011166218643E-07,
2460423.500000000, A.D. 2024-Apr-23 00:00:00.0000, -8.432473083252494E-01, -5.475974495064485E-01,  3.555906085400471E-05,  9.090433325800869E-03, -1.449377896154629E-02,  7.579072078391091E-07,
2460424.500000000, A.D. 2024-Apr-24 00:00:00.0000, -8.340346066926794E-01, -5.620108397907704E-01,  3.631183203773018E-05,  9.334490462765925E-03, -1.433232412742724E-02,  7.475998543756210E-07,
2460425.500000000, A.D. 2024-Apr-25 00:00:00.0000, -8.245792971817398E-01, -5.762607516435279E-01,  3.705419052217950E-05,  9.575638287547639E-03, -1.416683097161636E-02,  7.370823883792840E-07,
2460426.500000000, A.D. 2024-Apr-26 00:00:00.0000, -8.148843213195970E-01, -5.903431735197309E-01,  3.778592797574503E-05,  9.813812540555812E-03, -1.399735320391691E-02,  7.263584137529847E-07,
2460427.500000000, A.D. 2024-Apr-27 00:00:00.0000, -8.049526843799901E-01, -6.042541480498764E-01,  3.850683978695793E-05,  1.004894999011269E-02, -1.382394546199323E-02,  7.154317557423705E-07,
2460428.500000000, A.D. 2024-Apr-28 00:00:00.0000, -7.947874543497534E-01, -6.179897729573434E-01,  3.921672524702002E-05,  1.028098844350975E-02, -1.364666329049543E-02,  7.043063783319138E-07,
2460429.500000000, A.D. 2024-Apr-29 00:00:00.0000, -7.843917608845342E-01, -6.315462019550981E-01,  3.991538763758346E-05,  1.050986675753025E-02, -1.346556312056977E-02,  6.929862802041310E-07,
2460430.500000000, A.D. 2024-Apr-30 00:00:00.0000, -7.737687942543203E-01, -6.449196456221294E-01,  4.060263421053021E-05,  1.073552484828326E-02, -1.328070224981025E-02,  6.814753857066146E-07,
2460431.500000000, A.D. 2024-May-01 00:00:00.0000, -7.629218042795370E-01, -6.581063722600562E-01,  4.127827606475692E-05,  1.095790370021299E-02, -1.309213882264891E-02,  6.697774506489136E-07,
2460432.500000000, A.D. 2024-May-02 00:00:00.0000, -7.518540992585834E-01, -6.711027087303170E-01,  4.194212794362173E-05,  1.117694537420041E-02, -1.289993181110814E-02,  6.578960027051211E-07,
2460433.500000000, A.D. 2024-May-03 00:00:00.0000, -7.405690448877289E-01, -6.839050412722315E-01,  4.259400799842491E-05,  1.139259301473559E-02, -1.270414099576771E-02,  6.458343338681457E-07,
2460434.500000000, A.D. 2024-May-04 00:00:00.0000, -7.290700631742834E-01, -6.965098163020507E-01,  4.323373757370346E-05,  1.160479085626880E-02, -1.250482694670451E-02,  6.335955500976346E-07,
2460435.500000000, A.D. 2024-May-05 00:00:00.0000, -7.173606313437364E-01, -7.089135411928190E-01,  4.386114106967244E-05,  1.181348422886821E-02, -1.230205100418968E-02,  6.211826813691264E-07,
2460436.500000000, A.D. 2024-May-06 00:00:00.0000, -7.054442807414596E-01, -7.211127850347033E-01,  4.447604593689585E-05,  1.201861956360841E-02, -1.209587525882514E-02,  6.085988208530009E-07,
2460437.500000000, A.D. 2024-May-07 00:00:00.0000, -6.933245957289994E-01, -7.331041793751237E-01,  4.507828280916385E-05,  1.222014439797743E-02, -1.188636253105108E-02,  5.958472642678385E-07,
2460438.500000000, A.D. 2024-May-08 00:00:00.0000, -6.810052125748555E-01, -7.448844189381058E-01,  4.566768576386842E-05,  1.241800738156932E-02, -1.167357635009142E-02,  5.829316145895965E-07,
2460439.500000000, A.D. 2024-May-09 00:00:00.0000, -6.684898183393269E-01, -7.564502623223927E-01,  4.624409265155674E-05,  1.261215828225499E-02, -1.145758093259446E-02,  5.698558145864756E-07,
2460440.500000000, A.D. 2024-May-10 00:00:00.0000, -6.557821497530036E-01, -7.677985326782282E-01,  4.680734541995637E-05,  1.280254799267623E-02, -1.123844116141185E-02,  5.566241019308069E-07,
2460441.500000000, A.D. 2024-May-11 00:00:00.0000, -6.428859920887319E-01, -7.789261183631587E-01,  4.735729036020656E-05,  1.298912853674174E-02, -1.101622256490528E-02,  5.432409054465573E-07,
2460442.500000000, A.D. 2024-May-12 00:00:00.0000, -6.298051780272307E-01, -7.898299735775024E-01,  4.789377823331064E-05,  1.317185307577718E-02, -1.079099129700011E-02,  5.297107139044350E-07,
2460443.500000000, A.D. 2024-May-13 00:00:00.0000, -6.165435865168503E-01, -8.005071189802667E-01,  4.841666426595260E-05,  1.335067591405458E-02, -1.056281411801230E-02,  5.160379509279578E-07,
2460444.500000000, A.D. 2024-May-14 00:00:00.0000, -6.031051416281780E-01, -8.109546422862288E-01,  4.892580803549944E-05,  1.352555250355541E-02, -1.033175837612163E-02,  5.022268821614909E-07,
2460445.500000000, A.D. 2024-May-15 00:00:00.0000, -5.894938114042713E-01, -8.211696988447295E-01,  4.942107328408266E-05,  1.369643944796370E-02, -1.009789198928683E-02,  4.882815675736458E-07,
2460446.500000000, A.D. 2024-May-16 00:00:00.0000, -5.757136067072411E-01, -8.311495122005164E-01,  4.990232770757849E-05,  1.386329450599635E-02, -9.861283427399413E-03,  4.742058575002603E-07,
2460447.500000000, A.D. 2024-May-17 00:00:00.0000, -5.617685800617763E-01, -8.408913746367959E-01,  5.036944275893166E-05,  1.402607659421041E-02, -9.622001694529238E-03,  4.600034229078523E-07,
2460448.500000000, A.D. 2024-May-18 00:00:00.0000, -5.476628244960939E-01, -8.503926477005389E-01,  5.082229349640244E-05,  1.418474578933609E-02, -9.380116311171747E-03,  4.456778170259662E-07,
2460449.500000000, A.D. 2024-May-19 00:00:00.0000, -5.334004723807638E-01, -8.596507627099964E-01,  5.126075850671902E-05,  1.433926333027642E-02, -9.135697296406767E-03,  4.312325544649912E-07,
2460450.500000000, A.D. 2024-May-20 00:00:00.0000, -5.189856942655976E-01, -8.686632212443079E-01,  5.168471990358333E-05,  1.448959161990043E-02, -8.888815149925062E-03,  4.166711903996385E-07,
2460451.500000000, A.D. 2024-May-21 00:00:00.0000, -5.044226977148976E-01, -8.774275956150610E-01,  5.209406340989757E-05,  1.463569422662191E-02, -8.639540833892779E-03,  4.019973995492849E-07,
2460452.500000000, A.D. 2024-May-22 00:00:00.0000, -4.897157261411536E-01, -8.859415293196169E-01,  5.248867851006504E-05,  1.477753588589366E-02, -8.387945754618280E-03,  3.872150382258219E-07,
2460453.500000000, A.D. 2024-May-23 00:00:00.0000, -4.748690576372735E-01, -8.942027374760024E-01,  5.286845865164667E-05,  1.491508250167626E-02, -8.134101744022723E-03,  3.723281802279361E-07,
2460454.500000000, A.D. 2024-May-24 00:00:00.0000, -4.598870038073196E-01, -9.022090072391914E-01,  5.323330146693937E-05,  1.504830114795791E-02, -7.878081040952695E-03,  3.573411176521083E-07,
2460455.500000000, A.D. 2024-May-25 00:00:00.0000, -4.447739085956851E-01, -9.099581981986492E-01,  5.358310897503100E-05,  1.517716007036907E-02, -7.619956272421818E-03,  3.422583228387469E-07,
2460456.500000000, A.D. 2024-May-26 00:00:00.0000, -4.295341471145958E-01, -9.174482427571482E-01,  5.391778772732786E-05,  1.530162868790963E-02, -7.359800434932007E-03,  3.270843723967990E-07,
2460457.500000000, A.D. 2024-May-27 00:00:00.0000, -4.141721244698433E-01, -9.246771464910227E-01,  5.423724886139283E-05,  1.542167759474999E-02, -7.097686876073845E-03,  3.118238426448730E-07,
2460458.500000000, A.D. 2024-May-28 00:00:00.0000, -3.986922745847190E-01, -9.316429884922536E-01,  5.454140804217666E-05,  1.553727856200716E-02, -6.833689276617044E-03,  2.964811939015072E-07,
2460459.500000000, A.D. 2024-May-29 00:00:00.0000, -3.830990590222438E-01, -9.383439216929657E-01,  5.483018529273391E-05,  1.564840453934889E-02, -6.567881633265648E-03,  2.810606660781290E-07,
2460460.500000000, A.D. 2024-May-30 00:00:00.0000, -3.673969658059507E-01, -9.447781731730517E-01,  5.510350473454466E-05,  1.575502965625750E-02, -6.300338242168240E-03,  2.655662084517077E-07,
2460461.500000000, A.D. 2024-May-31 00:00:00.0000, -3.515905082396389E-01, -9.509440444516799E-01,  5.536129428286308E-05,  1.585712922279673E-02, -6.031133683151986E-03,  2.500014614203499E-07,
2460462.500000000, A.D. 2024-Jun-01 00:00:00.0000, -3.356842237266598E-01, -9.568399117633311E-01,  5.560348535391937E-05,  1.595467972977263E-02, -5.760342804512611E-03,  2.343697982069193E-07,
2460463.500000000, A.D. 2024-Jun-02 00:00:00.0000, -3.196826725893602E-01, -9.624642263187878E-01,  5.583001264169805E-05,  1.604765884825797E-02, -5.488040708072931E-03,  2.186744210883734E-07,
2460464.500000000, A.D. 2024-Jun-03 00:00:00.0000, -3.035904368892945E-01, -9.678155145511741E-01,  5.604081401120779E-05,  1.613604542855198E-02, -5.214302734164071E-03,  2.029184925609029E-07,
2460465.500000000, A.D. 2024-Jun-04 00:00:00.0000, -2.874121192486961E-01, -9.728923783467953E-01,  5.623583052716862E-05,  1.621981949873266E-02, -4.939204446188276E-03,  1.871052724588107E-07,
2460466.500000000, A.D. 2024-Jun-05 00:00:00.0000, -2.711523416735092E-01, -9.776934952602108E-01,  5.641500661268757E-05,  1.629896226302580E-02, -4.662821614528328E-03,  1.712382312961365E-07,
2460467.500000000, A.D. 2024-Jun-06 00:00:00.0000, -2.548157443780403E-01, -9.822176187128920E-01,  5.657829029349785E-05,  1.637345610023854E-02, -4.385230199751513E-03,  1.553211104216622E-07,
2460468.500000000, A.D. 2024-Jun-07 00:00:00.0000, -2.384069846110642E-01, -9.864635781747553E-01,  5.672563347651285E-05,  1.644328456242750E-02, -4.106506335276825E-03,  1.393579261780395E-07,
2460469.500000000, A.D. 2024-Jun-08 00:00:00.0000, -2.219307354831185E-01, -9.904302793282723E-01,  5.685699220362765E-05,  1.650843237386427E-02, -3.826726309881170E-03,  1.233529201474264E-07,
2460470.500000000, A.D. 2024-Jun-09 00:00:00.0000, -2.053916847946925E-01, -9.941167042151344E-01,  5.697232683813557E-05,  1.656888543025622E-02, -3.545966550375421E-03,  1.073104802278264E-07,
2460471.500000000, A.D. 2024-Jun-10 00:00:00.0000, -1.887945338651330E-01, -9.975219113658421E-01,  5.707160217066141E-05,  1.662463079806863E-02, -3.264303604830341E-03,  9.123505993071922E-08,
2460472.500000000, A.D. 2024-Jun-11 00:00:00.0000, -1.721439963622443E-01, -1.000645035912882E+00,  5.715478745063762E-05,  1.667565671378456E-02, -2.981814126541814E-03,  7.513111641425963E-08,
2460473.500000000, A.D. 2024-Jun-12 00:00:00.0000, -1.554447971327150E-01, -1.003485289688261E+00,  5.722185637225956E-05,  1.672195258297858E-02, -2.698574858771769E-03,  5.900307822246336E-08,
2460474.500000000, A.D. 2024-Jun-13 00:00:00.0000, -1.387016710335928E-01, -1.006041961306140E+00,  5.727278704186382E-05,  1.676350897913907E-02, -2.414662620192022E-03,  4.285534422195696E-08,
2460475.500000000, A.D. 2024-Jun-14 00:00:00.0000, -1.219193617650693E-01, -1.008314416231208E+00,  5.730756195955052E-05,  1.680031764222984E-02, -2.130154290893756E-03,  2.669230810302748E-08,
2460476.500000000, A.D. 2024-Jun-15 00:00:00.0000, -1.051026207048219E-01, -1.010302096833280E+00,  5.732616803287946E-05,  1.683237147701956E-02, -1.845126798800272E-03,  1.051839894535537E-08,
2460477.500000000, A.D. 2024-Jun-16 00:00:00.0000, -8.825620574412529E-02, -1.012004522428445E+00,  5.732859663534006E-05,  1.685966455122220E-02, -1.559657106323449E-03, -5.661872098812961E-09,
2460478.500000000, A.D. 2024-Jun-17 00:00:00.0000, -7.138488012589994E-02, -1.013421289306929E+00,  5.731484371218499E-05,  1.688219209348426E-02, -1.273822197118041E-03, -2.184386688346651E-08,
2460479.500000000, A.D. 2024-Jun-18 00:00:00.0000, -5.449341128484404E-02, -1.014552070747701E+00,  5.728490992600738E-05,  1.689995049123491E-02, -9.876990627891331E-04, -3.802278227735234E-08,
2460480.500000000, A.D. 2024-Jun-19 00:00:00.0000, -3.758656968978139E-02, -1.015396617019693E+00,  5.723880083663312E-05,  1.691293728840198E-02, -7.013646893676934E-04, -5.419362376171374E-08,
2460481.500000000, A.D. 2024-Jun-20 00:00:00.0000, -2.066912768835809E-02, -1.015954755369328E+00,  5.717652709769746E-05,  1.692115118299922E-02, -4.148960434978875E-04, -7.035120077672719E-08,
2460482.500000000, A.D. 2024-Jun-21 00:00:00.0000, -3.745858354210529E-03, -1.016226389994072E+00,  5.709810464405762E-05,  1.692459202461160E-02, -1.283700581729757E-04, -8.649014609832660E-08,
2460483.500000000, A.D. 2024-Jun-22 00:00:00.0000,  1.317846566332478E-02, -1.016211502001429E+00,  5.700355484698229E-05,  1.692326081181775E-02,  1.581363820080091E-04, -1.026049654172131E-07,
2460484.500000000, A.D. 2024-Jun-23 00:00:00.0000,  3.009907328692219E-02, -1.015910149352972E+00,  5.689290460200592E-05,  1.691715968964993E-02,  4.445464560816413E-04, -1.186901207393294E-07,
2460485.500000000, A.D. 2024-Jun-24 00:00:00.0000,  4.701119615650975E-02, -1.015322466792937E+00,  5.676618631971504E-05,  1.690629194719913E-02,  7.307834223042613E-04, -1.347401395423235E-07,
2460486.500000000, A.D. 2024-Jun-25 00:00:00.0000,  6.391006977221846E-02, -1.014448665761156E+00,  5.662343780133767E-05,  1.689066201544092E-02,  1.016770633832347E-03, -1.507497327558756E-07,
2460487.500000000, A.D. 2024-Jun-26 00:00:00.0000,  8.079093463529499E-02, -1.013289034290389E+00,  5.646470200003252E-05,  1.687027546533624E-02,  1.302431554191554E-03, -1.667139006851462E-07,
2460488.500000000, A.D. 2024-Jun-27 00:00:00.0000,  9.764903738723552E-02, -1.011843936888442E+00,  5.629002669347710E-05,  1.684513900615644E-02,  1.587689772192154E-03, -1.826280005627817E-07,
2460489.500000000, A.D. 2024-Jun-28 00:00:00.0000,  1.144796319473023E-01, -1.010113814405747E+00,  5.609946411706089E-05,  1.681526048389547E-02,  1.872469016057240E-03, -1.984877566847058E-07,
2460490.500000000, A.D. 2024-Jun-29 00:00:00.0000,  1.312779806484188E-01, -1.008099183889236E+00,  5.589307061739850E-05,  1.678064887958185E-02,  2.156693166707639E-03, -2.142892079154586E-07,
2460491.500000000, A.D. 2024-Jun-30 00:00:00.0000,  1.480393553712462E-01, -1.005800638423311E+00,  5.567090638757134E-05,  1.674131430729884E-02,  2.440286270333790E-03, -2.300286025869223E-07,
2460492.500000000, A.D. 2024-Jul-01 00:00:00.0000,  1.647590386760684E-01, -1.003218846958482E+00,  5.543303532284524E-05,  1.669726801176374E-02,  2.723172550534500E-03, -2.457022635113279E-07,
2460493.500000000, A.D. 2024-Jul-02 00:00:00.0000,  1.814323249320035E-01, -1.000354554127934E+00,  5.517952501573987E-05,  1.664852236539570E-02,  3.005276420384046E-03, -2.613064529936221E-07,
2460494.500000000, A.D. 2024-Jul-03 00:00:00.0000,  1.980545214430331E-01, -9.972085800519146E-01,  5.491044687252042E-05,  1.659509086489808E-02,  3.286522494786027E-03, -2.768372675976539E-07,
2460495.500000000, A.D. 2024-Jul-04 00:00:00.0000,  2.146209495704168E-01, -9.937818201295003E-01,  5.462587631082010E-05,  1.653698812746824E-02,  3.566835603382150E-03, -2.922905841562517E-07,
2460496.500000000, A.D. 2024-Jul-05 00:00:00.0000,  2.311269458511925E-01, -9.900752448171304E-01,  5.432589298176621E-05,  1.647422988678586E-02,  3.846140804119118E-03, -3.076620625414949E-07,
2460497.500000000, A.D. 2024-Jul-06 00:00:00.0000,  2.475678631126316E-01, -9.860898993932543E-01,  5.401058096436537E-05,  1.640683298898157E-02,  4.124363397450134E-03, -3.229472026448456E-07,
2460498.500000000, A.D. 2024-Jul-07 00:00:00.0000,  2.639390715827377E-01, -9.818269037085137E-01,  5.368002887890735E-05,  1.633481538875308E-02,  4.401428940999529E-03, -3.381414368260534E-07,
2460499.500000000, A.D. 2024-Jul-08 00:00:00.0000,  2.802359599969638E-01, -9.772874519211501E-01,  5.333432990424712E-05,  1.625819614572032E-02,  4.677263264427198E-03, -3.532402346608048E-07,
2460500.500000000, A.D. 2024-Jul-09 00:00:00.0000,  2.964539367014331E-01, -9.724728122175472E-01,  5.297358169005001E-05,  1.617699542106620E-02,  4.951792484239047E-03, -3.682391977829998E-07,
2460501.500000000, A.D. 2024-Jul-10 00:00:00.0000,  3.125884307529289E-01, -9.673843265180825E-01,  5.259788618915139E-05,  1.609123447442733E-02,  5.224943018340453E-03, -3.831341275516305E-07,
2460502.500000000, A.D. 2024-Jul-11 00:00:00.0000,  3.286348930158716E-01, -9.620234101686012E-01,  5.220734943732301E-05,  1.600093566096274E-02,  5.496641600217995E-03, -3.979210581537572E-07,
2460503.500000000, A.D. 2024-Jul-12 00:00:00.0000,  3.445887972564158E-01, -9.563915516179189E-01,  5.180208132038932E-05,  1.590612242851069E-02,  5.766815292703783E-03, -4.125962526161977E-07,
2460504.500000000, A.D. 2024-Jul-13 00:00:00.0000,  3.604456412337120E-01, -9.504903120817599E-01,  5.138219536051825E-05,  1.580681931474728E-02,  6.035391501349488E-03, -4.271561663667341E-07,
2460505.500000000, A.D. 2024-Jul-14 00:00:00.0000,  3.762009477882968E-01, -9.443213251934901E-01,  5.094780855291370E-05,  1.570305194427310E-02,  6.302297987470513E-03, -4.415973862114254E-07,
2460506.500000000, A.D. 2024-Jul-15 00:00:00.0000,  3.918502659275066E-01, -9.378862966419402E-01,  5.049904127188511E-05,  1.559484702556630E-02,  6.567462880933766E-03, -4.559165538044468E-07,
2460507.500000000, A.D. 2024-Jul-16 00:00:00.0000,  4.073891719077561E-01, -9.311870037965393E-01,  5.003601725675288E-05,  1.548223234774604E-02,  6.830814692769391E-03, -4.701102833485998E-07,
2460508.500000000, A.D. 2024-Jul-17 00:00:00.0000,  4.228132703134601E-01, -9.242252953198842E-01,  4.955886367948234E-05,  1.536523677709043E-02,  7.092282327696976E-03, -4.841750840199833E-07,
2460509.500000000, A.D. 2024-Jul-18 00:00:00.0000,  4.381181951323275E-01, -9.170030907677833E-01,  4.906771128184405E-05,  1.524389025324881E-02,  7.351795096674489E-03, -4.981072985421153E-07,
2460510.500000000, A.D. 2024-Jul-19 00:00:00.0000,  4.532996108266883E-01, -9.095223801766840E-01,  4.856269456133236E-05,  1.511822378508964E-02,  7.609282729603334E-03, -5.119030698664850E-07,
2460511.500000000, A.D. 2024-Jul-20 00:00:00.0000,  4.683532134004691E-01, -9.017852236382531E-01,  4.804395197197540E-05,  1.498826944614229E-02,  7.864675388349635E-03, -5.255583467674730E-07,
2460512.500000000, A.D. 2024-Jul-21 00:00:00.0000,  4.832747314614056E-01, -8.937937508607027E-01,  4.751162609685626E-05,  1.485406036964154E-02,  8.117903680260590E-03, -5.390689344007889E-07,
2460513.500000000, A.D. 2024-Jul-22 00:00:00.0000,  4.980599272781365E-01, -8.855501607162926E-01,  4.696586374881684E-05,  1.471563074326054E-02,  8.368898672304961E-03, -5.524305876119800E-07,
2460514.500000000, A.D. 2024-Jul-23 00:00:00.0000,  5.127045978319423E-01, -8.770567207743710E-01,  4.640681596019818E-05,  1.457301580371568E-02,  8.617591905840395E-03, -5.656391320446164E-07,
2460515.500000000, A.D. 2024-Jul-24 00:00:00.0000,  5.272045758631311E-01, -8.683157668193808E-01,  4.583463785095936E-05,  1.442625183148700E-02,  8.863915411906554E-03, -5.786905874814176E-07,
2460516.500000000, A.D. 2024-Jul-25 00:00:00.0000,  5.415557309123074E-01, -8.593297023534411E-01,  4.524948838413957E-05,  1.427537614591086E-02,  9.107801726671590E-03, -5.915812571444449E-07,
2460517.500000000, A.D. 2024-Jul-26 00:00:00.0000,  5.557539703569823E-01, -8.501009980835721E-01,  4.465153006240197E-05,  1.412042710077227E-02,  9.349183906672189E-03, -6.043077591358105E-07,
2460518.500000000, A.D. 2024-Jul-27 00:00:00.0000,  5.697952404440214E-01, -8.406321913939178E-01,  4.404092862497607E-05,  1.396144408037116E-02,  9.587995543513396E-03, -6.168669898801329E-07,
2460519.500000000, A.D. 2024-Jul-28 00:00:00.0000,  5.836755273183230E-01, -8.309258858036332E-01,  4.341785281387748E-05,  1.379846749587324E-02,  9.824170777836587E-03, -6.292560284974223E-07,
2460520.500000000, A.D. 2024-Jul-29 00:00:00.0000,  5.973908580478687E-01, -8.209847504111495E-01,  4.278247425303344E-05,  1.363153878165522E-02,  1.005764431261862E-02, -6.414720095772631E-07,
2460521.500000000, A.D. 2024-Jul-30 00:00:00.0000,  6.109373016449974E-01, -8.108115193253868E-01,  4.213496745749659E-05,  1.346070039135892E-02,  1.028835142602449E-02, -6.535119968265774E-07,
2460522.500000000, A.D. 2024-Jul-31 00:00:00.0000,  6.243109700834917E-01, -8.004089910842153E-01,  4.147550995636138E-05,  1.328599579343868E-02,  1.051622798410908E-02, -6.653728857563911E-07,
2460523.500000000, A.D. 2024-Aug-01 00:00:00.0000,  6.375080193109073E-01, -7.897800280601666E-01,  4.080428249043637E-05,  1.310746946608603E-02,  1.074121045366276E-02, -6.770513537163853E-07,
2460524.500000000, A.D. 2024-Aug-02 00:00:00.0000,  6.505246502555057E-01, -7.789275558531231E-01,  4.012146923307539E-05,  1.292516689151928E-02,  1.096323591543802E-02, -6.885438635549074E-07,
2460525.500000000, A.D. 2024-Aug-03 00:00:00.0000,  6.633571098271871E-01, -7.678545626695280E-01,  3.942725798182358E-05,  1.273913454971254E-02,  1.118224207789978E-02, -6.998467155121476E-07,
2460526.500000000, A.D. 2024-Aug-04 00:00:00.0000,  6.760016919119270E-01, -7.565640986875630E-01,  3.872184028048707E-05,  1.254941991169830E-02,  1.139816729153608E-02, -7.109561329875336E-07,
2460527.500000000, A.D. 2024-Aug-05 00:00:00.0000,  6.884547383593678E-01, -7.450592754077552E-01,  3.800541144632605E-05,  1.235607143260356E-02,  1.161095056367561E-02, -7.218683631190195E-07,
2460528.500000000, A.D. 2024-Aug-06 00:00:00.0000,  7.007126399633794E-01, -7.333432649885508E-01,  3.727817049634476E-05,  1.215913854457668E-02,  1.182053157371847E-02, -7.325797738757426E-07,
2460529.500000000, A.D. 2024-Aug-07 00:00:00.0000,  7.127718374355494E-01, -7.214192995665124E-01,  3.654031998592631E-05,  1.195867164973747E-02,  1.202685068861842E-02, -7.430869305843385E-07,
2460530.500000000, A.D. 2024-Aug-08 00:00:00.0000,  7.246288223716713E-01, -7.092906705609897E-01,  3.579206578635802E-05,  1.175472211322557E-02,  1.222984897844779E-02, -7.533866417285933E-07,
2460531.500000000, A.D. 2024-Aug-09 00:00:00.0000,  7.362801382113482E-01, -6.969607279632183E-01,  3.503361683347031E-05,  1.154734225640740E-02,  1.242946823194267E-02, -7.634759677565561E-07,
2460532.500000000, A.D. 2024-Aug-10 00:00:00.0000,  7.477223811908776E-01, -6.844328796099411E-01,  3.426518488494158E-05,  1.133658535019588E-02,  1.262565097190425E-02, -7.733521977051935E-07,
2460533.500000000, A.D. 2024-Aug-11 00:00:00.0000,  7.589522012894946E-01, -6.717105904417210E-01,  3.348698431600194E-05,  1.112250560846265E-02,  1.281834047040802E-02, -7.830127970892036E-07,
2460534.500000000, A.D. 2024-Aug-12 00:00:00.0000,  7.699663031690619E-01, -6.587973817461560E-01,  3.269923197848775E-05,  1.090515818150142E-02,  1.300748076378655E-02, -7.924553339061885E-07,
2460535.500000000, A.D. 2024-Aug-13 00:00:00.0000,  7.807614471072087E-01, -6.456968303862279E-01,  3.190214713928380E-05,  1.068459914944606E-02,  1.319301666737679E-02, -8.016773955310399E-07,
2460536.500000000, A.D. 2024-Aug-14 00:00:00.0000,  7.913344499238333E-01, -6.324125680140206E-01,  3.109595150278497E-05,  1.046088551557079E-02,  1.337489379004101E-02, -8.106765065223767E-07,
2460537.500000000, A.D. 2024-Aug-15 00:00:00.0000,  8.016821859008119E-01, -6.189482802700207E-01,  3.028086931045448E-05,  1.023407519938196E-02,  1.355305854848095E-02, -8.194500587540164E-07,
2460538.500000000, A.D. 2024-Aug-16 00:00:00.0000,  8.118015876946426E-01, -6.053077059681928E-01,  2.945712749775652E-05,  1.000422702937391E-02,  1.372745818138678E-02, -8.279952671285720E-07,
2460539.500000000, A.D. 2024-Aug-17 00:00:00.0000,  8.216896472416120E-01, -5.914946362669564E-01,  2.862495587833162E-05,  9.771400735287339E-03,  1.389804076350301E-02, -8.363091641677130E-07,
2460540.500000000, A.D. 2024-Aug-18 00:00:00.0000,  8.313434166548972E-01, -5.775129138260822E-01,  2.778458730827532E-05,  9.535656939697408E-03,  1.406475521974948E-02, -8.443886431505504E-07,
2460541.500000000, A.D. 2024-Aug-19 00:00:00.0000,  8.407600091128606E-01, -5.633664319493625E-01,  2.693625778318141E-05,  9.297057148789280E-03,  1.422755133959073E-02, -8.522305515093498E-07,
2460542.500000000, A.D. 2024-Aug-20 00:00:00.0000,  8.499365997376858E-01, -5.490591337126953E-01,  2.608020641978907E-05,  9.055663742268938E-03,  1.438637979187447E-02, -8.598318242017068E-07,
2460543.500000000, A.D. 2024-Aug-21 00:00:00.0000,  8.588704264635295E-01, -5.345950110770147E-01,  2.521667529389564E-05,  8.811539962522241E-03,  1.454119214032097E-02, -8.671896316858375E-07,
2460544.500000000, A.D. 2024-Aug-22 00:00:00.0000,  8.675587908935978E-01, -5.199781039853862E-01,  2.434590914033695E-05,  8.564749903391140E-03,  1.469194085968944E-02, -8.743015011005796E-07,
2460545.500000000, A.D. 2024-Aug-23 00:00:00.0000,  8.759990591460112E-01, -5.052124994436700E-01,  2.346815496097961E-05,  8.315358499011943E-03,  1.483857935243731E-02, -8.811653757755994E-07,
2460546.500000000, A.D. 2024-Aug-24 00:00:00.0000,  8.841886626886611E-01, -4.903023305844034E-01,  2.258366160955442E-05,  8.063431513064713E-03,  1.498106196554761E-02, -8.877795985128048E-07,
2460547.500000000, A.D. 2024-Aug-25 00:00:00.0000,  8.921250991636631E-01, -4.752517757139466E-01,  2.169267943289286E-05,  7.809035528678623E-03,  1.511934400711816E-02, -8.941428203953609E-07,
2460548.500000000, A.D. 2024-Aug-26 00:00:00.0000,  8.998059332019651E-01, -4.600650573432761E-01,  2.079546002656346E-05,  7.552237938813816E-03,  1.525338176245450E-02, -9.002538700439521E-07,
2460549.500000000, A.D. 2024-Aug-27 00:00:00.0000,  9.072287972284686E-01, -4.447464412029709E-01,  1.989225612572626E-05,  7.293106936845028E-03,  1.538313250958330E-02, -9.061116185723366E-07,
2460550.500000000, A.D. 2024-Aug-28 00:00:00.0000,  9.143913922576730E-01, -4.293002352429563E-01,  1.898332161955103E-05,  7.031711506955675E-03,  1.550855453425190E-02, -9.117148723395020E-07,
2460551.500000000, A.D. 2024-Aug-29 00:00:00.0000,  9.212914886794747E-01, -4.137307886174290E-01,  1.806891165080055E-05,  6.768121414015484E-03,  1.562960714459853E-02, -9.170623121888465E-07,
2460552.500000000, A.D. 2024-Aug-30 00:00:00.0000,  9.279269270344963E-01, -3.980424906551949E-01,  1.714928275025168E-05,  6.502407192727116E-03,  1.574625068568738E-02, -9.221524833201796E-07,
2460553.500000000, A.D. 2024-Aug-31 00:00:00.0000,  9.342956187781406E-01, -3.822397698154668E-01,  1.622469295881496E-05,  6.234640135929489E-03,  1.585844655407822E-02, -9.269838290931524E-07,
2460554.500000000, A.D. 2024-Sep-01 00:00:00.0000,  9.403955470325192E-01, -3.663270926290222E-01,  1.529540189910300E-05,  5.964892282032680E-03,  1.596615721255614E-02, -9.315547551244069E-07,
2460555.500000000, A.D. 2024-Sep-02 00:00:00.0000,  9.462247673253910E-01, -3.503089626245160E-01,  1.436167077470833E-05,  5.693236401628421E-03,  1.606934620509603E-02, -9.358637065782085E-07,
2460556.500000000, A.D. 2024-Sep-03 00:00:00.0000,  9.517814083153423E-01, -3.341899192397008E-01,  1.342376229340557E-05,  5.419745983369782E-03,  1.616797817208601E-02, -9.399092412887180E-07,
2460557.500000000, A.D. 2024-Sep-04 00:00:00.0000,  9.570636725025286E-01, -3.179745367173004E-01,  1.248194052508534E-05,  5.144495219244233E-03,  1.626201886579045E-02, -9.436900836634813E-07,
2460558.500000000, A.D. 2024-Sep-05 00:00:00.0000,  9.620698369244435E-01, -3.016674229853223E-01,  1.153647072052976E-05,  4.867558989377481E-03,  1.635143516599656E-02, -9.472051487887246E-07,
2460559.500000000, A.D. 2024-Sep-06 00:00:00.0000,  9.667982538363162E-01, -2.852732185216665E-01,  1.058761912314066E-05,  4.589012846505024E-03,  1.643619509575873E-02, -9.504535317227300E-07,
2460560.500000000, A.D. 2024-Sep-07 00:00:00.0000,  9.712473513758663E-01, -2.687965952029880E-01,  9.635652808396231E-06,  4.308933000239571E-03,  1.651626783712440E-02, -9.534344629919340E-07,
2460561.500000000, A.D. 2024-Sep-08 00:00:00.0000,  9.754156342122726E-01, -2.522422551378827E-01,  8.680839582835931E-06,  4.027396301251448E-03,  1.659162374675207E-02, -9.561472378734407E-07,
2460562.500000000, A.D. 2024-Sep-09 00:00:00.0000,  9.793016841793176E-01, -2.356149294845482E-01,  7.723447960764649E-06,  3.744480225426494E-03,  1.666223437135005E-02, -9.585911260155484E-07,
2460563.500000000, A.D. 2024-Sep-10 00:00:00.0000,  9.829041608926872E-01, -2.189193772531253E-01,  6.763747238772015E-06,  3.460262858075748E-03,  1.672807246278936E-02, -9.607652834322840E-07,
2460564.500000000, A.D. 2024-Sep-11 00:00:00.0000,  9.862218023515436E-01, -2.021603840931148E-01,  5.802007648244877E-06,  3.174822878216791E-03,  1.678911199294416E-02, -9.626686688889261E-07,
2460565.500000000, A.D. 2024-Sep-12 00:00:00.0000,  9.892534255243881E-01, -1.853427610660788E-01,  4.838500589670467E-06,  2.888239542906096E-03,  1.684532816819473E-02, -9.642999785655289E-07,
2460566.500000000, A.D. 2024-Sep-13 00:00:00.0000,  9.919979269192754E-01, -1.684713434040633E-01,  3.873498910256664E-06,  2.600592671574134E-03,  1.689669744351043E-02, -9.656576215135546E-07,
2460567.500000000, A.D. 2024-Sep-14 00:00:00.0000,  9.944542831383011E-01, -1.515509892541140E-01,  2.907277187759075E-06,  2.311962630219659E-03,  1.694319753618187E-02, -9.667397338834958E-07,
2460568.500000000, A.D. 2024-Sep-15 00:00:00.0000,  9.966215514161374E-01, -1.345865784092440E-01,  1.940111976201792E-06,  2.022430315258059E-03,  1.698480743917699E-02, -9.675442418575928E-07,
2460569.500000000, A.D. 2024-Sep-16 00:00:00.0000,  9.984988701421127E-01, -1.175830110262334E-01,  9.722819620442323E-07,  1.732077136715229E-03,  1.702150743413215E-02, -9.680689779720456E-07,
2460570.500000000, A.D. 2024-Sep-17 00:00:00.0000,  1.000085459365018E+00, -1.005452063305823E-01,  4.067980628928988E-09,  1.440985000420625E-03,  1.705327910408069E-02, -9.683118411911207E-07,
2460571.500000000, A.D. 2024-Sep-18 00:00:00.0000,  1.001380621279486E+00, -8.347810130878767E-02, -9.642471392444755E-07,  1.149236288937180E-03,  1.708010534611000E-02, -9.682709747986151E-07,
2460572.500000000, A.D. 2024-Sep-19 00:00:00.0000,  1.002383740692634E+00, -6.638664938790417E-02, -1.932378901831501E-06,  8.569138411770245E-04,  1.710197038418012E-02, -9.679449239820276E-07,
2460573.500000000, A.D. 2024-Sep-20 00:00:00.0000,  1.003094285469762E+00, -4.927581910211607E-02, -2.900041601155355E-06,  5.641009309445762E-04,  1.711885978230568E-02, -9.673327321593567E-07,
2460574.500000000, A.D. 2024-Sep-21 00:00:00.0000,  1.003511806958252E+00, -3.215059274590392E-02, -3.866948829982583E-06,  2.708812449260472E-04,  1.713076045818623E-02, -9.664339458184223E-07,
2460575.500000000, A.D. 2024-Sep-22 00:00:00.0000,  1.003635940389459E+00, -1.501596501339359E-02, -4.832813944957149E-06, -2.266113924127409E-05,  1.713766069717204E-02, -9.652485248278457E-07,
2460576.500000000, A.D. 2024-Sep-23 00:00:00.0000,  1.003466405258892E+00,  2.123058376285212E-03, -5.797350410356199E-06, -3.164417744340334E-04,  1.713955016619328E-02, -9.637767014339912E-07,
2460577.500000000, A.D. 2024-Sep-24 00:00:00.0000,  1.003003005685145E+00,  1.926146206740280E-02, -6.760271995634333E-06, -6.103758650403800E-04,  1.713641992738048E-02, -9.620188223495260E-07,
2460578.500000000, A.D. 2024-Sep-25 00:00:00.0000,  1.002245630748086E+00,  3.639422246945649E-02, -7.721292811820265E-06, -9.043782875803263E-04,  1.712826245115637E-02, -9.599752097601624E-07,
2460579.500000000, A.D. 2024-Sep-26 00:00:00.0000,  1.001194254806373E+00,  5.351630917168850E-02, -8.680127244020643E-06, -1.198363611417270E-03,  1.711507162859854E-02, -9.576460790285034E-07,
2460580.500000000, A.D. 2024-Sep-27 00:00:00.0000,  9.998489377941258E-01,  7.062268636964443E-02, -9.636489824986634E-06, -1.492246119814811E-03,  1.709684278312844E-02, -9.550315097104400E-07,
2460581.500000000, A.D. 2024-Sep-28 00:00:00.0000,  9.982098254962529E-01,  8.770831430308955E-02, -1.059009510662684E-05, -1.785939831613398E-03,  1.707357268155490E-02, -9.521314681328346E-07,
2460582.500000000, A.D. 2024-Sep-29 00:00:00.0000,  9.962771498017136E-01,  1.047681507046787E-01, -1.154065757498400E-05, -2.079358523675571E-03,  1.704525954455163E-02, -9.489458688314544E-07,
2460583.500000000, A.D. 2024-Sep-30 00:00:00.0000,  9.940512289339294E-01,  1.217971522588538E-01, -1.248789163947732E-05, -2.372415754165696E-03,  1.701190305664702E-02, -9.454746593011555E-07,
2460584.500000000, A.D. 2024-Oct-01 00:00:00.0000,  9.915324676574888E-01,  1.387902760705161E-01, -1.343151171211893E-05, -2.665024886677904E-03,  1.697350437579496E-02, -9.417179124836457E-07,
2460585.500000000, A.D. 2024-Oct-02 00:00:00.0000,  9.887213574603099E-01,  1.557424811430858E-01, -1.437123237690679E-05, -2.957099115181031E-03,  1.693006614258817E-02, -9.376759124420332E-07,
2460586.500000000, A.D. 2024-Oct-03 00:00:00.0000,  9.856184767104770E-01,  1.726487298656185E-01, -1.530676863619297E-05, -3.248551489711462E-03,  1.688159248916699E-02, -9.333492206360286E-07,
2460587.500000000, A.D. 2024-Oct-04 00:00:00.0000,  9.822244907870542E-01,  1.895039895086978E-01, -1.623783620948920E-05, -3.539294942714254E-03,  1.682808904786796E-02, -9.287387134536130E-07,
2460588.500000000, A.D. 2024-Oct-05 00:00:00.0000,  9.785401521842788E-01,  2.063032337288586E-01, -1.716415185297867E-05, -3.829242315910324E-03,  1.676956295964297E-02, -9.238455855217194E-07,
2460589.500000000, A.D. 2024-Oct-06 00:00:00.0000,  9.745663005886847E-01,  2.230414440813233E-01, -1.808543366480234E-05, -4.118306387554093E-03,  1.670602288226461E-02, -9.186713179444068E-07,
2460590.500000000, A.D. 2024-Oct-07 00:00:00.0000,  9.703038629288295E-01,  2.397136115408352E-01, -1.900140134228452E-05, -4.406399899943165E-03,  1.663747899831482E-02, -9.132176152449811E-07,
2460591.500000000, A.D. 2024-Oct-08 00:00:00.0000,  9.657538533974400E-01,  2.563147380303640E-01, -1.991177636373004E-05, -4.693435587051572E-03,  1.656394302293389E-02, -9.074863191712977E-07,
2460592.500000000, A.D. 2024-Oct-09 00:00:00.0000,  9.609173734459070E-01,  2.728398379574232E-01, -2.081628207713779E-05, -4.979326202183064E-03,  1.648542821128691E-02, -9.014793107397825E-07,
2460593.500000000, A.D. 2024-Oct-10 00:00:00.0000,  9.557956117511539E-01,  2.892839397576881E-01, -2.171464369098692E-05, -5.263984545570877E-03,  1.640194936569098E-02, -8.951984133843805E-07,
2460594.500000000, A.D. 2024-Oct-11 00:00:00.0000,  9.503898441549474E-01,  3.056420874455396E-01, -2.260658817403113E-05, -5.547323491823896E-03,  1.631352284230567E-02, -8.886453181497035E-07,
2460595.500000000, A.D. 2024-Oct-12 00:00:00.0000,  9.447014335758436E-01,  3.219093421710371E-01, -2.349184409830380E-05, -5.829256017364297E-03,  1.622016655732050E-02, -8.818215299906760E-07,
2460596.500000000, A.D. 2024-Oct-13 00:00:00.0000,  9.387318298936926E-01,  3.380807837827730E-01, -2.437014144531796E-05, -6.109695227699148E-03,  1.612189999245548E-02, -8.747283713540634E-07,
2460597.500000000, A.D. 2024-Oct-14 00:00:00.0000,  9.324825698068980E-01,  3.541515123958015E-01, -2.524121145035394E-05, -6.388554384815718E-03,  1.601874419961869E-02, -8.673670397845494E-07,
2460598.500000000, A.D. 2024-Oct-15 00:00:00.0000,  9.259552766620749E-01,  3.701166499637701E-01, -2.610478652419227E-05, -6.665746934976053E-03,  1.591072180461572E-02, -8.597387101721885E-07,
2460599.500000000, A.D. 2024-Oct-16 00:00:00.0000,  9.191516602556314E-01,  3.859713418542091E-01, -2.696060030107501E-05, -6.941186537147148E-03,  1.579785700974458E-02, -8.518446810410658E-07,
2460600.500000000, A.D. 2024-Oct-17 00:00:00.0000,  9.120735166064220E-01,  4.017107584258596E-01, -2.780838784003860E-05, -7.214787092488399E-03,  1.568017559529717E-02, -8.436865263359235E-07,
2460601.500000000, A.D. 2024-Oct-18 00:00:00.0000,  9.047227276982788E-01,  4.173300966070419E-01, -2.864788596026952E-05, -7.486462775117670E-03,  1.555770492019018E-02, -8.352662055816020E-07,
2460602.500000000, A.D. 2024-Oct-19 00:00:00.0000,  8.971012611911735E-01,  4.328245814743628E-01, -2.947883365124066E-05, -7.756128064037418E-03,  1.543047392207371E-02, -8.265860975295026E-07,
2460603.500000000, A.D. 2024-Oct-20 00:00:00.0000,  8.892111701000380E-01,  4.481894678314188E-01, -3.030097247159198E-05, -8.023697775802738E-03,  1.529851311726721E-02, -8.176489464223511E-07,
2460604.500000000, A.D. 2024-Oct-21 00:00:00.0000,  8.810545924407798E-01,  4.634200417874502E-01, -3.111404685719351E-05, -8.289087097365835E-03,  1.516185460074281E-02, -8.084577373178218E-07,
2460605.500000000, A.D. 2024-Oct-22 00:00:00.0000,  8.726337508435871E-01,  4.785116223360107E-01, -3.191780428395480E-05, -8.552211618581966E-03,  1.502053204615708E-02, -7.990155392286755E-07,
2460606.500000000, A.D. 2024-Oct-23 00:00:00.0000,  8.639509521340313E-01,  4.934595629336082E-01, -3.271199527835849E-05, -8.812987364088235E-03,  1.487458070570189E-02, -7.893253641945961E-07,
2460607.500000000, A.D. 2024-Oct-24 00:00:00.0000,  8.550085868826044E-01,  5.082592530779587E-01, -3.349637331082984E-05, -9.071330824579874E-03,  1.472403740943089E-02, -7.793900784180185E-07,
2460608.500000000, A.D. 2024-Oct-25 00:00:00.0000,  8.458091289231762E-01,  5.229061198852148E-01, -3.427069462739895E-05, -9.327158987753078E-03,  1.456894056388574E-02, -7.692123611273369E-07,
2460609.500000000, A.D. 2024-Oct-26 00:00:00.0000,  8.363551348405878E-01,  5.373956296654333E-01, -3.503471805925016E-05, -9.580389369080893E-03,  1.440933014982761E-02, -7.587947165967233E-07,
2460610.500000000, A.D. 2024-Oct-27 00:00:00.0000,  8.266492434274894E-01,  5.517232894951672E-01, -3.578820488342003E-05, -9.830940042638996E-03,  1.424524771888254E-02, -7.481395394620828E-07,
2460611.500000000, A.D. 2024-Oct-28 00:00:00.0000,  8.166941751102136E-01,  5.658846487862788E-01, -3.653091874811617E-05, -1.007872967218649E-02,  1.407673638922141E-02, -7.372491944195492E-07,
2460612.500000000, A.D. 2024-Oct-29 00:00:00.0000,  8.064927313434310E-01,  5.798753008498706E-01, -3.726262569181714E-05, -1.032367754254940E-02,  1.390384084017108E-02, -7.261261134643388E-07,
2460613.500000000, A.D. 2024-Oct-30 00:00:00.0000,  7.960477939732356E-01,  5.936908844543231E-01, -3.798309425822016E-05, -1.056570359138138E-02,  1.372660730580917E-02, -7.147728900559112E-07,
2460614.500000000, A.D. 2024-Oct-31 00:00:00.0000,  7.853623245682697E-01,  6.073270853764282E-01, -3.869209569914287E-05, -1.080472844132606E-02,  1.354508356756916E-02, -7.031923582255284E-07,
2460615.500000000, A.D. 2024-Nov-01 00:00:00.0000,  7.744393637184854E-01,  6.207796379446537E-01, -3.938940424473516E-05, -1.104067343257981E-02,  1.335931894590315E-02, -6.913876472963850E-07,
2460616.500000000, A.D. 2024-Nov-02 00:00:00.0000,  7.632820303011523E-01,  6.340443265736239E-01, -4.007479741286206E-05, -1.127346065583115E-02,  1.316936429106791E-02, -6.793622041935250E-07,
2460617.500000000, A.D. 2024-Nov-03 00:00:00.0000,  7.518935207137574E-01,  6.471169872889834E-01, -4.074805632284431E-05, -1.150301298552082E-02,  1.297527197311995E-02, -6.671197788520106E-07,
2460618.500000000, A.D. 2024-Nov-04 00:00:00.0000,  7.402771080735244E-01,  6.599935092419031E-01, -4.140896597530739E-05, -1.172925411333034E-02,  1.277709587121953E-02, -6.546643733861004E-07,
2460619.500000000, A.D. 2024-Nov-05 00:00:00.0000,  7.284361413833784E-01,  6.726698362125865E-01, -4.205731546651323E-05, -1.195210858177485E-02,  1.257489136234761E-02, -6.420001610832031E-07,
2460620.500000000, A.D. 2024-Nov-06 00:00:00.0000,  7.163740446643281E-01,  6.851419681022396E-01, -4.269289811038018E-05, -1.217150181775127E-02,  1.236871530952908E-02, -6.291313863021613E-07,
2460621.500000000, A.D. 2024-Nov-07 00:00:00.0000,  7.040943160543890E-01,  6.974059624130481E-01, -4.331551145686070E-05, -1.238736016588064E-02,  1.215862604963029E-02, -6.160622603642449E-07,
2460622.500000000, A.D. 2024-Nov-08 00:00:00.0000,  6.916005268743332E-01,  7.094579357157506E-01, -4.392495721200582E-05, -1.259961092148630E-02,  1.194468338075862E-02, -6.027968708197321E-07,
2460623.500000000, A.D. 2024-Nov-09 00:00:00.0000,  6.788963206607030E-01,  7.212940651044079E-01, -4.452104108088320E-05, -1.280818236306967E-02,  1.172694854924017E-02, -5.893391215786257E-07,
2460624.500000000, A.D. 2024-Nov-10 00:00:00.0000,  6.659854121666434E-01,  7.329105896379032E-01, -4.510357257254442E-05, -1.301300378418281E-02,  1.150548423609268E-02, -5.756927192088202E-07,
2460625.500000000, A.D. 2024-Nov-11 00:00:00.0000,  6.528715863311837E-01,  7.443038117676046E-01, -4.567236481878803E-05, -1.321400552464420E-02,  1.128035454284053E-02, -5.618612144206841E-07,
2460626.500000000, A.D. 2024-Nov-12 00:00:00.0000,  6.395586972176297E-01,  7.554700987504180E-01, -4.622723446190118E-05, -1.341111900116895E-02,  1.105162497641115E-02, -5.478480949677608E-07,
2460627.500000000, A.D. 2024-Nov-13 00:00:00.0000,  6.260506669215585E-01,  7.664058840461616E-01, -4.676800165690088E-05, -1.360427673745414E-02,  1.081936243290500E-02, -5.336569276506220E-07,
2460628.500000000, A.D. 2024-Nov-14 00:00:00.0000,  6.123514844488948E-01,  7.771076686980178E-01, -4.729449022831708E-05, -1.379341239411636E-02,  1.058363517984380E-02, -5.192915056396663E-07,
2460629.500000000, A.D. 2024-Nov-15 00:00:00.0000,  5.984652045639807E-01,  7.875720226943982E-01, -4.780652795950448E-05, -1.397846079872225E-02,  1.034451283680563E-02, -5.047559719860370E-07,
2460630.500000000, A.D. 2024-Nov-16 00:00:00.0000,  5.843959466074871E-01,  7.977955863106589E-01, -4.830394698385336E-05, -1.415935797615695E-02,  1.010206635448934E-02, -4.900548865159737E-07,
2460631.500000000, A.D. 2024-Nov-17 00:00:00.0000,  5.701478932836789E-01,  8.077750714291889E-01, -4.878658419711735E-05, -1.433604117953931E-02,  9.856367992471462E-03, -4.751932048074163E-07,
2460632.500000000, A.D. 2024-Nov-18 00:00:00.0000,  5.557252894165573E-01,  8.175072628368156E-01, -4.925428161067361E-05, -1.450844892150311E-02,  9.607491296178584E-03, -4.601761801637479E-07,
2460633.500000000, A.D. 2024-Nov-19 00:00:00.0000,  5.411324406746899E-01,  8.269890194989978E-01, -4.970688657972501E-05, -1.467652100547310E-02,  9.355511073545750E-03, -4.450092226261271E-07,
2460634.500000000, A.D. 2024-Nov-20 00:00:00.0000,  5.263737122649362E-01,  8.362172758106368E-01, -5.014425188726974E-05, -1.484019855653093E-02,  9.100503371626151E-03, -4.296977557272301E-07,
2460635.500000000, A.D. 2024-Nov-21 00:00:00.0000,  5.114535275956555E-01,  8.451890428234955E-01, -5.056623569863023E-05, -1.499942405154336E-02,  8.842545453181279E-03, -4.142471058178189E-07,
2460636.500000000, A.D. 2024-Nov-22 00:00:00.0000,  4.963763669102385E-01,  8.539014094501390E-01, -5.097270143021948E-05, -1.515414134836682E-02,  8.581715773095371E-03, -3.986624443970559E-07,
2460637.500000000, A.D. 2024-Nov-23 00:00:00.0000,  4.811467658919156E-01,  8.623515436440996E-01, -5.136351758986921E-05, -1.530429571409951E-02,  8.318093954367835E-03, -3.829487863012218E-07,
2460638.500000000, A.D. 2024-Nov-24 00:00:00.0000,  4.657693142407523E-01,  8.705366935557209E-01, -5.173855763787661E-05, -1.544983385247314E-02,  8.051760763447866E-03, -3.671110316361171E-07,
2460639.500000000, A.D. 2024-Nov-25 00:00:00.0000,  4.502486542236302E-01,  8.784541886629404E-01, -5.209769990492718E-05, -1.559070393050849E-02,  7.782798084753175E-03, -3.511540336619521E-07,
2460640.500000000, A.D. 2024-Nov-26 00:00:00.0000,  4.345894791979268E-01,  8.861014408761446E-01, -5.244082758691519E-05, -1.572685560444674E-02,  7.511288894288213E-03, -3.350826859539578E-07,
2460641.500000000, A.D. 2024-Nov-27 00:00:00.0000,  4.187965321096063E-01,  8.934759456161530E-01, -5.276782883190150E-05, -1.585824004508245E-02,  7.237317232268427E-03, -3.189020103929762E-07,
2460642.500000000, A.D. 2024-Nov-28 00:00:00.0000,  4.028746039661710E-01,  9.005752828643229E-01, -5.307859690147874E-05, -1.598480996261582E-02,  6.960968174725506E-03, -3.026172245435391E-07,
2460643.500000000, A.D. 2024-Nov-29 00:00:00.0000,  3.868285322850779E-01,  9.073971181837167E-01, -5.337303039578600E-05, -1.610651963096145E-02,  6.682327804054286E-03, -2.862337919229934E-07,
2460644.500000000, A.D. 2024-Nov-30 00:00:00.0000,  3.706631995180357E-01,  9.139392037103174E-01, -5.365103350800754E-05, -1.622332491165021E-02,  6.401483178521142E-03, -2.697574351683113E-07,
2460645.500000000, A.D. 2024-Dec-01 00:00:00.0000,  3.543835314516010E-01,  9.201993791131909E-01, -5.391251627533551E-05, -1.633518327734612E-02,  6.118522300677469E-03, -2.531941117751091E-07,
2460646.500000000, A.D. 2024-Dec-02 00:00:00.0000,  3.379944955844335E-01,  9.261755725225620E-01, -5.415739478366448E-05, -1.644205383501114E-02,  5.833534084778936E-03, -2.365499469504023E-07,
2460647.500000000, A.D. 2024-Dec-03 00:00:00.0000,  3.215010994815548E-01,  9.318658014248389E-01, -5.438559128587619E-05, -1.654389734873656E-02,  5.546608323283529E-03, -2.198311299350039E-07,
2460648.500000000, A.D. 2024-Dec-04 00:00:00.0000,  3.049083891059512E-01,  9.372681735237328E-01, -5.459703420343321E-05, -1.664067626221245E-02,  5.257835652569314E-03, -2.030437859338777E-07,
2460649.500000000, A.D. 2024-Dec-05 00:00:00.0000,  2.882214471279219E-01,  9.423808875667832E-01, -5.479165799464727E-05, -1.673235472075057E-02,  4.967307518066877E-03, -1.861938419078280E-07,
2460650.500000000, A.D. 2024-Dec-06 00:00:00.0000,  2.714453912126817E-01,  9.472022341368153E-01, -5.496940289524987E-05, -1.681889859272196E-02,  4.675116139024538E-03, -1.692869085354154E-07,
2460651.500000000, A.D. 2024-Dec-07 00:00:00.0000,  2.545853722868948E-01,  9.517305964080631E-01, -5.513021455840863E-05, -1.690027549022855E-02,  4.381354473107602E-03, -1.523282011141186E-07,
2460652.500000000, A.D. 2024-Dec-08 00:00:00.0000,  2.376465727850026E-01,  9.559644508668740E-01, -5.527404364319633E-05, -1.697645478880557E-02,  4.086116180974296E-03, -1.353225180973259E-07,
2460653.500000000, A.D. 2024-Dec-09 00:00:00.0000,  2.206342048764186E-01,  9.599023679969996E-01, -5.540084541496323E-05, -1.704740764595582E-02,  3.789495590876976E-03, -1.182742873923339E-07,
2460654.500000000, A.D. 2024-Dec-10 00:00:00.0000,  2.035535086748434E-01,  9.635430129294802E-01, -5.551057942624244E-05, -1.711310701835253E-02,  3.491587663221174E-03, -1.011876781353742E-07,
2460655.500000000, A.D. 2024-Dec-11 00:00:00.0000,  1.864097504310845E-01,  9.668851460569927E-01, -5.560320933441730E-05, -1.717352767761866E-02,  3.192487954898765E-03, -8.406676101681644E-08,
2460656.500000000, A.D. 2024-Dec-12 00:00:00.0000,  1.692082207108075E-01,  9.699276236123102E-01, -5.567870289275664E-05, -1.722864622469940E-02,  2.892292583123843E-03, -6.691568558669762E-08,
2460657.500000000, A.D. 2024-Dec-13 00:00:00.0000,  1.519542325585700E-01,  9.726693982101877E-01, -5.573703211267638E-05, -1.727844110294553E-02,  2.591098188366446E-03, -4.973884244724973E-08,
2460658.500000000, A.D. 2024-Dec-14 00:00:00.0000,  1.346531196493344E-01,  9.751095193516133E-01, -5.577817356316154E-05, -1.732289261012830E-02,  2.289001896173016E-03, -3.254096812481474E-08,
2460659.500000000, A.D. 2024-Dec-15 00:00:00.0000,  1.173102344283727E-01,  9.772471338892698E-01, -5.580210873772251E-05, -1.736198290968111E-02,  1.986101277692571E-03, -1.532717106490760E-08,
2460660.500000000, A.D. 2024-Dec-16 00:00:00.0000,  9.993094624020583E-02,  9.790814864529260E-01, -5.580882440421870E-05, -1.739569604142541E-02,  1.682494309120084E-03,  1.897122307052187E-09,
2460661.500000000, A.D. 2024-Dec-17 00:00:00.0000,  8.252063944701585E-02,  9.806119198338780E-01, -5.579831287071264E-05, -1.742401793191282E-02,  1.378279330388131E-03,  1.912628070512246E-08,
2460662.500000000, A.D. 2024-Dec-18 00:00:00.0000,  6.508471153689833E-02,  9.818378753278864E-01, -5.577057212098674E-05, -1.744693640438600E-02,  1.073555003562581E-03,  3.635460666440418E-08,
2460663.500000000, A.D. 2024-Dec-19 00:00:00.0000,  4.762857122240604E-02,  9.827588930365563E-01, -5.572560581613710E-05, -1.746444118820268E-02,  7.684202713811616E-04,  5.357646105628273E-08,
2460664.500000000, A.D. 2024-Dec-20 00:00:00.0000,  3.015763653002644E-02,  9.833746121274226E-01, -5.566342318983554E-05, -1.747652392750686E-02,  4.629743161496157E-04,  7.078634856407422E-08,
2460665.500000000, A.D. 2024-Dec-21 00:00:00.0000,  1.267733288144994E-02,  9.836847710531337E-01, -5.558403888163544E-05, -1.748317818894705E-02,  1.573165190342668E-04,  8.797895402537331E-08,
2460666.500000000, A.D. 2024-Dec-22 00:00:00.0000, -4.806908832340321E-03,  9.836892077300949E-01, -5.548747275917125E-05, -1.748439946829536E-02, -1.484535803282904E-04,  1.051491317134292E-07,
2460667.500000000, A.D. 2024-Dec-23 00:00:00.0000, -2.228965418300990E-02,  9.833878596768255E-01, -5.537374976944357E-05, -1.748018519588160E-02, -4.542363240428244E-04,  1.222918576717712E-07,
2460668.500000000, A.D. 2024-Dec-24 00:00:00.0000, -3.976546714163975E-02,  9.827807641121298E-01, -5.524289985176171E-05, -1.747053474080656E-02, -7.599319761344500E-04,  1.394021587643644E-07,
2460669.500000000, A.D. 2024-Dec-25 00:00:00.0000, -5.722891201909194E-02,  9.818680580130565E-01, -5.509495792663733E-05, -1.745544941392690E-02, -1.065440762812788E-03,  1.564750318689067E-07,
2460670.500000000, A.D. 2024-Dec-26 00:00:00.0000, -7.467455540874680E-02,  9.806499781325152E-01, -5.492996396620744E-05, -1.743493246961348E-02, -1.370662912899432E-03,  1.735053644407402E-07,
2460671.500000000, A.D. 2024-Dec-27 00:00:00.0000, -9.209696813038631E-02,  9.791268609763621E-01, -5.474796313876568E-05, -1.740898910628617E-02, -1.675498698478394E-03,  1.904878664116341E-07,
2460672.500000000, A.D. 2024-Dec-28 00:00:00.0000, -1.094907271740060E-01,  9.772991427396829E-01, -5.454900601131549E-05, -1.737762646574266E-02, -1.979848475873235E-03,  2.074170270918275E-07,
2460673.500000000, A.D. 2024-Dec-29 00:00:00.0000, -1.268504176423623E-01,  9.751673592018978E-01, -5.433314877692558E-05, -1.734085363129384E-02, -2.283612726999378E-03,  2.242871039492200E-07,
2460674.500000000, A.D. 2024-Dec-30 00:00:00.0000, -1.441706346910683E-01,  9.727321455803422E-01, -5.410045347924664E-05, -1.729868162475339E-02, -2.586692101133006E-03,  2.410921480661404E-07,
2460675.500000000, A.D. 2024-Dec-31 00:00:00.0000, -1.614459854651469E-01,  9.699942363418055E-01, -5.385098818737332E-05, -1.725112340236256E-02, -2.888987457154184E-03,  2.578260710578087E-07,
2460676.500000000, A.D. 2025-Jan-01 00:00:00.0000, -1.786710910310161E-01,  9.669544649716304E-01, -5.358482708673672E-05, -1.719819384976098E-02, -3.190399906226526E-03,  2.744827482372285E-07,
