2459945.500000000, A.D. 2023-Jan-01 00:00:00.0000,  1.269730114807624E-01,  2.810311327011010E-01,  1.131924496141172E-02, -3.126433724097832E-02,  1.267637703164289E-02,  3.903630081839050E-03,
2459946.500000000, A.D. 2023-Jan-02 00:00:00.0000,  9.512051089073434E-02,  2.922677213222352E-01,  1.515916487531600E-02, -3.238852757948978E-02,  9.773799339472571E-03,  3.769547909810197E-03,
2459947.500000000, A.D. 2023-Jan-03 00:00:00.0000,  6.230372932394964E-02,  3.005404812257463E-01,  1.884532950472219E-02, -3.318969910564203E-02,  6.756608582440847E-03,  3.596470672317309E-03,
2459948.500000000, A.D. 2023-Jan-04 00:00:00.0000,  2.885373698325529E-02,  3.057590371461810E-01,  2.233998598236065E-02, -3.365332471998354E-02,  3.673771947688422E-03,  3.387067467708752E-03,
2459949.500000000, A.D. 2023-Jan-05 00:00:00.0000, -4.888693003834708E-03,  3.078830505981161E-01,  2.560858044383724E-02, -3.377459789574081E-02,  5.759866409982286E-04,  3.145040390955329E-03,
2459950.500000000, A.D. 2023-Jan-06 00:00:00.0000, -3.858289674303933E-02,  3.069227160378773E-01,  2.862069859424246E-02, -3.355849119667802E-02, -2.486785177380810E-03,  2.874928456388785E-03,
2459951.500000000, A.D. 2023-Jan-07 00:00:00.0000, -7.189782383637625E-02,  3.029368436975665E-01,  3.135078081616951E-02, -3.301909297112973E-02, -5.467635361428310E-03,  2.581857250004228E-03,
2459952.500000000, A.D. 2023-Jan-08 00:00:00.0000, -1.045205609574151E-01,  2.960287950672915E-01,  3.377857184266865E-02, -3.217833533458295E-02, -8.324652197600391E-03,  2.271263519304100E-03,
2459953.500000000, A.D. 2023-Jan-09 00:00:00.0000, -1.361633545411699E-01,  2.863407339209812E-01,  3.588929510771909E-02, -3.106429941356804E-02, -1.102232781210154E-02,  1.948624708424882E-03,
2459954.500000000, A.D. 2023-Jan-10 00:00:00.0000, -1.665688179960604E-01,  2.740467695887189E-01,  3.767357004628252E-02, -2.970931588138652E-02, -1.353236262260624E-02,  1.619218989854428E-03,
2459955.500000000, A.D. 2023-Jan-11 00:00:00.0000, -1.955132254493450E-01,  2.593455924101699E-01,  3.912711238253045E-02, -2.814806967339236E-02, -1.583388613354537E-02,  1.287933375889366E-03,
2459956.500000000, A.D. 2023-Jan-12 00:00:00.0000, -2.228079847104815E-01,  2.424531462835067E-01,  4.025027043812194E-02, -2.641587730300493E-02, -1.791318049351205E-02,  9.591282961895501E-04,
2459957.500000000, A.D. 2023-Jan-13 00:00:00.0000, -2.482995228733390E-01,  2.235957749484705E-01,  4.104745455321156E-02, -2.454724841552794E-02, -1.976303202602973E-02,  6.365586491111341E-04,
2459958.500000000, A.D. 2023-Jan-14 00:00:00.0000, -2.718679000159897E-01,  2.030041458789230E-01,  4.152651338838867E-02, -2.257478478804860E-02, -2.138184678599475E-02,  3.233450891640002E-04,
2459959.500000000, A.D. 2023-Jan-15 00:00:00.0000, -2.934244938933086E-01,  1.809081235762076E-01,  4.169810259845803E-02, -2.052842054325076E-02, -2.277265533952809E-02,  2.198566503171486E-05,
2459960.500000000, A.D. 2023-Jan-16 00:00:00.0000, -3.129090834406602E-01,  1.575326500916072E-01,  4.157508067296625E-02, -1.843497221808971E-02, -2.394210804287137E-02, -2.656033445181219E-04,
2459961.500000000, A.D. 2023-Jan-17 00:00:00.0000, -3.302866163013400E-01,  1.330946036398166E-01,  4.117195572346637E-02, -1.631794720786880E-02, -2.489953323294640E-02, -5.380280363658507E-04,
2459962.500000000, A.D. 2023-Jan-18 00:00:00.0000, -3.455438894830298E-01,  1.078005479181005E-01,  4.050439709107739E-02, -1.419755168205699E-02, -2.565610295759823E-02, -7.943479803706281E-04,
2459963.500000000, A.D. 2023-Jan-19 00:00:00.0000, -3.586863135751856E-01,  8.184525218570643E-02,  3.958881760526053E-02, -1.209084072470791E-02, -2.622412766967827E-02, -1.034004810086031E-03,
2459964.500000000, A.D. 2023-Jan-20 00:00:00.0000, -3.697348769388499E-01,  5.541084987736287E-02,  3.844202636611767E-02, -1.001196053441915E-02, -2.661648403390671E-02, -1.256753247306569E-03,
2459965.500000000, A.D. 2023-Jan-21 00:00:00.0000, -3.787233807716185E-01,  2.866650556479796E-02,  3.708094791494521E-02, -7.972442034814588E-03, -2.684616852262557E-02, -1.462597690468204E-03,
2459966.500000000, A.D. 2023-Jan-22 00:00:00.0000, -3.856959802659501E-01,  1.768471058995031E-03,  3.552240128179619E-02, -5.981515105426320E-03, -2.692596288177360E-02, -1.651736053691032E-03,
2459967.500000000, A.D. 2023-Jan-23 00:00:00.0000, -3.907050408749504E-01, -2.513957291863774E-02,  3.378293127297072E-02, -4.046421598656049E-03, -2.686819462486741E-02, -1.824511482868250E-03,
2459968.500000000, A.D. 2023-Jan-24 00:00:00.0000, -3.938093007328161E-01, -5.192597585104881E-02,  3.187868412030933E-02, -2.172712771798368E-03, -2.668457529225368E-02, -1.981371856268850E-03,
2459969.500000000, A.D. 2023-Jan-25 00:00:00.0000, -3.950723189526076E-01, -7.847044688030437E-02,  2.982531994838943E-02, -3.645225865064825E-04, -2.638610032377879E-02, -2.122836533752246E-03,
2459970.500000000, A.D. 2023-Jan-26 00:00:00.0000, -3.945611832421330E-01, -1.046633089187713E-01,  2.763795518473809E-02,  1.375187378116257E-03, -2.598299630746042E-02, -2.249469581292210E-03,
2459971.500000000, A.D. 2023-Jan-27 00:00:00.0000, -3.923454476203895E-01, -1.304047185952543E-01,  2.533112886796945E-02,  3.044412655540721E-03, -2.548470358541253E-02, -2.361858603911097E-03,
2459972.500000000, A.D. 2023-Jan-28 00:00:00.0000, -3.884962708193375E-01, -1.556038823104585E-01,  2.291878768171423E-02,  4.641919552759719E-03, -2.489988440777740E-02, -2.460598320085691E-03,
2459973.500000000, A.D. 2023-Jan-29 00:00:00.0000, -3.830857273204998E-01, -1.801782898990967E-01,  2.041428538464745E-02,  6.167085834325832E-03, -2.423644884985136E-02, -2.546278066453166E-03,
2459974.500000000, A.D. 2023-Jan-30 00:00:00.0000, -3.761862652422743E-01, -2.040529805137363E-01,  1.783039307722330E-02,  7.619765881158376E-03, -2.350159246502748E-02, -2.619472506514774E-03,
2459975.500000000, A.D. 2023-Jan-31 00:00:00.0000, -3.678702879976477E-01, -2.271598500761290E-01,  1.517931742434223E-02,  9.000177516065282E-03, -2.270184111426091E-02, -2.680734913182768E-03,
2459976.500000000, A.D. 2023-Feb-01 00:00:00.0000, -3.582098394719720E-01, -2.494370056999573E-01,  1.247272453488052E-02,  1.030880767639818E-02, -2.184309960369230E-02, -2.730592491281854E-03,
2459977.500000000, A.D. 2023-Feb-02 00:00:00.0000, -3.472763752294377E-01, -2.708281696114880E-01,  9.721767687223191E-03,  1.154633425433537E-02, -2.093070170563841E-02, -2.769543296073548E-03,
2459978.500000000, A.D. 2023-Feb-03 00:00:00.0000, -3.351406048292190E-01, -2.912821330522439E-01,  6.937117492792762E-03,  1.271356164919880E-02, -1.996945987100520E-02, -2.798054384298591E-03,
2459979.500000000, A.D. 2023-Feb-04 00:00:00.0000, -3.218723926585887E-01, -3.107522592484513E-01,  4.128993417302760E-03,  1.381136783821764E-02, -1.896371350039798E-02, -2.816560903964494E-03,
2459980.500000000, A.D. 2023-Feb-05 00:00:00.0000, -3.075407067484318E-01, -3.291960336194944E-01,  1.307195842819161E-03,  1.484066104270245E-02, -1.791737506097897E-02, -2.825465888225575E-03,
2459981.500000000, A.D. 2023-Feb-06 00:00:00.0000, -2.922136068277807E-01, -3.465746588477241E-01, -1.518861937053901E-03,  1.580234432765053E-02, -1.683397364620135E-02, -2.825140567988085E-03,
2459982.500000000, A.D. 2023-Feb-07 00:00:00.0000, -2.759582644133514E-01, -3.628526921479007E-01, -4.340122232136841E-03,  1.669728671425588E-02, -1.571669580084985E-02, -2.815925058431702E-03,
2459983.500000000, A.D. 2023-Feb-08 00:00:00.0000, -2.588410090399351E-01, -3.779977219820348E-01, -7.147852296348898E-03,  1.752629960182669E-02, -1.456842359464484E-02, -2.798129307688453E-03,
2459984.500000000, A.D. 2023-Feb-09 00:00:00.0000, -2.409273958432531E-01, -3.919800815083688E-01, -9.933614711745713E-03,  1.829011748680303E-02, -1.339177004022837E-02, -2.772034222655761E-03,
2459985.500000000, A.D. 2023-Feb-10 00:00:00.0000, -2.222822906341507E-01, -4.047725961900863E-01, -1.268923895969909E-02,  1.898938213258427E-02, -1.218911202837496E-02, -2.737892908442310E-03,
2459986.500000000, A.D. 2023-Feb-11 00:00:00.0000, -2.029699693760920E-01, -4.163503631896473E-01, -1.540679426845893E-02,  1.962462948658663E-02, -1.096262100462711E-02, -2.695931975232644E-03,
2459987.500000000, A.D. 2023-Feb-12 00:00:00.0000, -1.830542296189370E-01, -4.266905604167238E-01, -1.807856378732010E-02,  2.019627876283148E-02, -9.714291644816816E-03, -2.646352880253963E-03,
2459988.500000000, A.D. 2023-Feb-13 00:00:00.0000, -1.625985119703977E-01, -4.357722833664623E-01, -2.069702011111115E-02,  2.070462321214057E-02, -8.445968807861942E-03, -2.589333283757595E-03,
2459989.500000000, A.D. 2023-Feb-14 00:00:00.0000, -1.416660301191190E-01, -4.435764081701739E-01, -2.325480216236802E-02,  2.114982219043111E-02, -7.159373057170178E-03, -2.525028407095349E-03,
2459990.500000000, A.D. 2023-Feb-15 00:00:00.0000, -1.203199082740288E-01, -4.500854795762839E-01, -2.574469343055396E-02,  2.153189421132003E-02, -5.856125050215713E-03, -2.453572388588804E-03,
2459991.500000000, A.D. 2023-Feb-16 00:00:00.0000, -9.862332516487837E-02, -4.552836228820233E-01, -2.815960156671201E-02,  2.185071073477438E-02, -4.537769101817348E-03, -2.375079639387633E-03,
2459992.500000000, A.D. 2023-Feb-17 00:00:00.0000, -7.663966396774820E-02, -4.591564791446051E-01, -3.049253933705301E-02,  2.210599050124979E-02, -3.205796232163157E-03, -2.289646207256471E-03,
2459993.500000000, A.D. 2023-Feb-18 00:00:00.0000, -5.443266768342107E-02, -4.616911633147623E-01, -3.273660694959827E-02,  2.229729427287470E-02, -1.861667017037609E-03, -2.197351161534396E-03,
2459994.500000000, A.D. 2023-Feb-19 00:00:00.0000, -3.206659961042591E-02, -4.628762452569312E-01, -3.488497578381421E-02,  2.242401989191851E-02, -5.068345659899141E-04, -2.098258017653037E-03,
2459995.500000000, A.D. 2023-Feb-20 00:00:00.0000, -9.606408620615800E-03, -4.627017539512820E-01, -3.693087357415960E-02,  2.248539761414556E-02,  8.572320349827955E-04, -1.992416224829177E-03,
2459996.500000000, A.D. 2023-Feb-21 00:00:00.0000,  1.288210103639617E-02, -4.611592055160294E-01, -3.886757112482128E-02,  2.248048572285779E-02,  2.229023465849741E-03, -1.879862746097800E-03,
2459997.500000000, A.D. 2023-Feb-22 00:00:00.0000,  3.533209570471528E-02, -4.582416560470543E-01, -4.068837066507205E-02,  2.240816648072344E-02,  3.606964732696125E-03, -1.760623765943870E-03,
2459998.500000000, A.D. 2023-Feb-23 00:00:00.0000,  5.767553445927147E-02, -4.539437806490227E-01, -4.238659599329540E-02,  2.226714253331842E-02,  4.989388158192734E-03, -1.634716567642214E-03,
2459999.500000000, A.D. 2023-Feb-24 00:00:00.0000,  7.984298794391899E-02, -4.482619804307628E-01, -4.395558460365486E-02,  2.205593394337083E-02,  6.374504392243178E-03, -1.502151630240377E-03,
2460000.500000000, A.D. 2023-Feb-25 00:00:00.0000,  1.017634546619822E-01, -4.411945196599891E-01, -4.538868204371820E-02,  2.177287611105049E-02,  7.760371008083893E-03, -1.362935004131515E-03,
2460001.500000000, A.D. 2023-Feb-26 00:00:00.0000,  1.233641757702147E-01, -4.327416957197591E-01, -4.667923881537234E-02,  2.141611892676730E-02,  9.144858224052364E-03, -1.217071034570185E-03,
2460002.500000000, A.D. 2023-Feb-27 00:00:00.0000,  1.445704498267985E-01, -4.229060449807723E-01, -4.782061020657435E-02,  2.098362761282374E-02,  1.052561126784808E-02, -1.064565514474534E-03,
2460003.500000000, A.D. 2023-Feb-28 00:00:00.0000,  1.653054494648079E-01, -4.116925881966426E-01, -4.880615952954187E-02,  2.047318584346653E-02,  1.190000888157959E-02, -9.054293615903390E-04,
2460004.500000000, A.D. 2023-Mar-01 00:00:00.0000,  1.854900426303317E-01, -3.991091195365296E-01, -4.962926534369246E-02,  1.988240189453324E-02,  1.326511745684208E-02, -7.396829306592304E-04,
2460005.500000000, A.D. 2023-Mar-02 00:00:00.0000,  2.050426218704386E-01, -3.851665438784553E-01, -5.028333336082850E-02,  1.920871876965556E-02,  1.461764029605311E-02, -5.673610886193619E-04,
2460006.500000000, A.D. 2023-Mar-03 00:00:00.0000,  2.238789462174801E-01, -3.698792674768887E-01, -5.076181386747755E-02,  1.844942948588144E-02,  1.595386152841297E-02, -3.885191998783759E-04,
2460007.500000000, A.D. 2023-Mar-04 00:00:00.0000,  2.419120015360272E-01, -3.532656475586823E-01, -5.105822565635450E-02,  1.760169898362171E-02,  1.726958427866091E-02, -2.032401888643538E-04,
2460008.500000000, A.D. 2023-Mar-05 00:00:00.0000,  2.590518868259321E-01, -3.353485067464810E-01, -5.116618763636246E-02,  1.666259445936780E-02,  1.856006281115740E-02, -1.164286749172028E-05,
2460009.500000000, A.D. 2023-Mar-06 00:00:00.0000,  2.752057359631052E-01, -3.161557183930387E-01, -5.107945948796847E-02,  1.562912630825725E-02,  1.981992857316823E-02,  1.861082656276468E-04,
2460010.500000000, A.D. 2023-Mar-07 00:00:00.0000,  2.902776867641164E-01, -2.957208688424876E-01, -5.079199294583933E-02,  1.449830230739057E-02,  2.104311036881544E-02,  3.897915318245654E-04,
2460011.500000000, A.D. 2023-Mar-08 00:00:00.0000,  3.041689121345165E-01, -2.740840021912990E-01, -5.029799551799037E-02,  1.326719816379658E-02,  2.222274934635265E-02,  5.991146541118925E-04,
2460012.500000000, A.D. 2023-Mar-09 00:00:00.0000,  3.167777314459975E-01, -2.512924521364204E-01, -4.959200868069629E-02,  1.193304807707470E-02,  2.335111012267116E-02,  8.136991874150062E-04,
2460013.500000000, A.D. 2023-Mar-10 00:00:00.0000,  3.279998242031353E-01, -2.274017637536535E-01, -4.866900280501701E-02,  1.049335949449246E-02,  2.441949025605623E-02,  1.033062594772393E-03,
2460014.500000000, A.D. 2023-Mar-11 00:00:00.0000,  3.377285724831391E-01, -2.024767052685211E-01, -4.752449124921258E-02,  8.946056711230499E-03,  2.541813147506855E-02,  1.256597821231461E-03,
2460015.500000000, A.D. 2023-Mar-12 00:00:00.0000,  3.458555634685953E-01, -1.765923657210069E-01, -4.615466615492760E-02,  7.289658303496161E-03,  2.633613764595140E-02,  1.483550315104759E-03,
2460016.500000000, A.D. 2023-Mar-13 00:00:00.0000,  3.522712884422975E-01, -1.498353284743892E-01, -4.455655846182285E-02,  5.523493446017183E-03,  2.716140647653753E-02,  1.712992605113564E-03,
2460017.500000000, A.D. 2023-Mar-14 00:00:00.0000,  3.568660795146981E-01, -1.223049023116866E-01, -4.272822443426207E-02,  3.647961769475957E-03,  2.788058445447749E-02,  1.943796782552587E-03,
2460018.500000000, A.D. 2023-Mar-15 00:00:00.0000,  3.595313295260255E-01, -9.411438091281836E-02, -4.066896048142359E-02,  1.664840300466065E-03,  2.847905749913015E-02,  2.174605583347587E-03,
2460019.500000000, A.D. 2023-Mar-16 00:00:00.0000,  3.601610431299313E-01, -6.539228736434476E-02, -3.837954713183732E-02, -4.223611352731608E-04,  2.894099318229476E-02,  2.403803239044805E-03,
2460020.500000000, A.D. 2023-Mar-17 00:00:00.0000,  3.586537667802677E-01, -3.628354272631393E-02, -3.586252155667351E-02, -2.607998274483571E-03,  2.924945391657246E-02,  2.629487886381040E-03,
2460021.500000000, A.D. 2023-Mar-18 00:00:00.0000,  3.549149405454301E-01, -6.950476596274973E-03, -3.312247587306345E-02, -4.883852257113888E-03,  2.938660378694051E-02,  2.849448096074202E-03,
2460022.500000000, A.D. 2023-Mar-19 00:00:00.0000,  3.488597032873906E-01,  2.242642633169408E-02, -3.016637545767069E-02, -7.238666408658266E-03,  2.933403399270312E-02,  3.061146979452211E-03,
2460023.500000000, A.D. 2023-Mar-20 00:00:00.0000,  3.404161623794844E-01,  5.164817502814785E-02, -2.700388756434655E-02, -9.657685637981864E-03,  2.907323210908341E-02,  3.261718287957000E-03,
2460024.500000000, A.D. 2023-Mar-21 00:00:00.0000,  3.295291073892343E-01,  8.049747147644974E-02, -2.364770567031393E-02, -1.212223660258465E-02,  2.858621714890182E-02,  3.447979801249847E-03,
2460025.500000000, A.D. 2023-Mar-22 00:00:00.0000,  3.161641021221779E-01,  1.087396341673631E-01, -2.011384935005305E-02, -1.460940066065508E-02,  2.785635402570140E-02,  3.616469886888135E-03,
2460026.500000000, A.D. 2023-Mar-23 00:00:00.0000,  3.003118305597416E-01,  1.361244259357868E-01, -1.642191353455346E-02, -1.709184501867285E-02,  2.686934583675011E-02,  3.763513101932167E-03,
2460027.500000000, A.D. 2023-Mar-24 00:00:00.0000,  2.819925014431792E-01,  1.623889538887660E-01, -1.259523553835706E-02, -1.953788731085050E-02,  2.561437930449761E-02,  3.885319722179334E-03,
2460028.500000000, A.D. 2023-Mar-25 00:00:00.0000,  2.612600391634378E-01,  1.872617697269246E-01, -8.660944389172493E-03, -2.191187085199695E-02,  2.408536799977523E-02,  3.978121758599282E-03,
2460029.500000000, A.D. 2023-Mar-26 00:00:00.0000,  2.382057154701665E-01,  2.104682257241264E-01, -4.649856254101383E-03, -2.417491709474891E-02,  2.228220216564260E-02,  4.038344112173390E-03,
2460030.500000000, A.D. 2023-Mar-27 00:00:00.0000,  2.129608222928264E-01,  2.317370324307752E-01, -5.961837069683273E-04, -2.628609410993950E-02,  2.021187863990890E-02,  4.062804090022318E-03,
2460031.500000000, A.D. 2023-Mar-28 00:00:00.0000,  1.856979688547251E-01,  2.508078233752246E-01,  3.462963482906882E-03, -2.820399343993554E-02,  1.788935816013865E-02,  4.048926101125878E-03,
2460032.500000000, A.D. 2023-Mar-29 00:00:00.0000,  1.566306240155408E-01,  2.674393739088285E-01,  7.488291974796571E-03, -2.988864539300301E-02,  1.533799062747213E-02,  3.994952089026905E-03,
2460033.500000000, A.D. 2023-Mar-30 00:00:00.0000,  1.260106291845599E-01,  2.814179702879227E-01,  1.143923690713835E-02, -3.130363387630984E-02,  1.258937102741361E-02,  3.900123740417783E-03,
2460034.500000000, A.D. 2023-Mar-31 00:00:00.0000,  9.412357784516751E-02,  2.925653126668845E-01,  1.527503154406513E-02, -3.241821109053478E-02,  9.682543923907614E-03,  3.764811446411428E-03,
2460035.500000000, A.D. 2023-Apr-01 00:00:00.0000,  6.128217779987970E-02,  3.007452935918754E-01,  1.895587006247875E-02, -3.320917729769123E-02,  6.662558301195158E-03,  3.590568625619489E-03,
2460036.500000000, A.D. 2023-Apr-02 00:00:00.0000,  2.781794828077204E-02,  3.058690440236742E-01,  2.244408149582447E-02, -3.366229586457243E-02,  3.578472539392212E-03,  3.380098485435474E-03,
2460037.500000000, A.D. 2023-Apr-03 00:00:00.0000, -5.928187649357074E-03,  3.078977854947026E-01,  2.570522572450758E-02, -3.377306416346867E-02,  4.809996157578280E-04,  3.137132298728869E-03,
2460038.500000000, A.D. 2023-Apr-04 00:00:00.0000, -3.961571717094054E-02,  3.068432503845308E-01,  2.870902801692919E-02, -3.354674912149163E-02, -2.579957507882267E-03,  2.866231256570343E-03,
2460039.500000000, A.D. 2023-Apr-05 00:00:00.0000, -7.291402166224049E-02,  3.027656933328990E-01,  3.143008643820019E-02, -3.299770296379058E-02, -5.557616552984530E-03,  2.572534877107225E-03,
2460040.500000000, A.D. 2023-Apr-06 00:00:00.0000, -1.055108612187912E-01,  2.957697668620776E-01,  3.384831304888424E-02, -3.214807503273624E-02, -8.410243900889873E-03,  2.261485292857413E-03,
2460041.500000000, A.D. 2023-Apr-07 00:00:00.0000, -1.371193452596434E-01,  2.859987289859631E-01,  3.594909992977852E-02, -3.102610730393563E-02, -1.110254403096818E-02,  1.938557361623225E-03,
2460042.500000000, A.D. 2023-Apr-08 00:00:00.0000, -1.674830813337125E-01,  2.736275616077284E-01,  3.772322909114379E-02, -2.966423195359730E-02, -1.360644531346776E-02,  1.609019950092793E-03,
2460043.500000000, A.D. 2023-Apr-09 00:00:00.0000, -1.963794105626011E-01,  2.588555990566517E-01,  3.916656684633553E-02, -2.809717903278068E-02, -1.590130389578115E-02,  1.277745697678888E-03,
2460044.500000000, A.D. 2023-Apr-10 00:00:00.0000, -2.236208275856528E-01,  2.418992090298271E-01,  4.027959594043277E-02, -2.636026109447080E-02, -1.797361374888364E-02,  9.490773679946095E-04,
2460045.500000000, A.D. 2023-Apr-11 00:00:00.0000, -2.490548218647438E-01,  2.229849587335992E-01,  4.106684252780297E-02, -2.448794457342394E-02, -1.981634883051449E-02,  6.267505664670322E-04,
2460046.500000000, A.D. 2023-Apr-12 00:00:00.0000, -2.725624574491424E-01,  2.023435659197533E-01,  4.153625157611912E-02, -2.251275942919513E-02, -2.142807337898475E-02,  3.138664339786904E-04,
2460047.500000000, A.D. 2023-Apr-13 00:00:00.0000, -2.940560342182827E-01,  1.802048027578427E-01,  4.169855588479031E-02, -2.046454950685033E-02, -2.281194495861134E-02,  1.290435763628571E-05,
2460048.500000000, A.D. 2023-Apr-14 00:00:00.0000, -3.134761574635563E-01,  1.567934072547440E-01,  4.156667317052987E-02, -1.837003141266122E-02, -2.397471068605351E-02, -2.742364623410602E-04,
2460049.500000000, A.D. 2023-Apr-15 00:00:00.0000, -3.307884994451436E-01,  1.323259708518105E-01,  4.115515467328872E-02, -1.625261001737673E-02, -2.492576815623607E-02, -5.461771936700895E-04,
2460050.500000000, A.D. 2023-Apr-16 00:00:00.0000, -3.459804802226426E-01,  1.070087134362856E-01,  4.047969887785975E-02, -1.413239161245686E-02, -2.567633490053107E-02, -8.019902925936595E-04,
2460051.500000000, A.D. 2023-Apr-17 00:00:00.0000, -3.590580364338137E-01,  8.103602515704493E-02,  3.955673596650485E-02, -1.202633762199106E-02, -2.623874717621287E-02, -1.041128101054468E-03,
2460052.500000000, A.D. 2023-Apr-18 00:00:00.0000, -3.700425928912716E-01,  5.458964268586322E-02,  3.840308272255009E-02, -9.948508971777287E-03, -2.662589179662538E-02, -1.263354000573056E-03,
2460053.500000000, A.D. 2023-Apr-19 00:00:00.0000, -3.789683066492812E-01,  2.783832995923517E-02,  3.703566365290625E-02, -7.910360771566951E-03, -2.685076340522747E-02, -1.468679202573592E-03,
2460054.500000000, A.D. 2023-Apr-20 00:00:00.0000, -3.858796178104274E-01,  9.379446184156851E-04,  3.547129176587524E-02, -5.921056813340434E-03, -2.692613313376513E-02, -1.657306823526405E-03,
2460055.500000000, A.D. 2023-Apr-21 00:00:00.0000, -3.908291154127169E-01, -2.596821290827916E-02,  3.372650134742900E-02, -3.987782305077246E-03, -2.686431175556184E-02, -1.829583844185771E-03,
2460056.500000000, A.D. 2023-Apr-22 00:00:00.0000, -3.938757090000570E-01, -5.274885350610770E-02,  3.181742486028913E-02, -2.116040673199628E-03, -2.667699008538164E-02, -1.985960842797332E-03,
2460057.500000000, A.D. 2023-Apr-23 00:00:00.0000, -3.950830853337065E-01, -7.928402571530259E-02,  2.975970643808241E-02, -3.099260408324437E-04, -2.637514052303793E-02, -2.126958956164521E-03,
2460058.500000000, A.D. 2023-Apr-24 00:00:00.0000, -3.945184235527033E-01, -1.054643681918424E-01,  2.756844512324183E-02,  1.427632760897517E-03, -2.596896556849668E-02, -2.253143290396644E-03,
2460059.500000000, A.D. 2023-Apr-25 00:00:00.0000, -3.922513395254196E-01, -1.311903290961775E-01,  2.525816183006642E-02,  3.094657829935127E-03, -2.546788135875000E-02, -2.365101913159700E-03,
2460060.500000000, A.D. 2023-Apr-26 00:00:00.0000, -3.883530299976213E-01, -1.563713823820787E-01,  2.284278488737156E-02,  4.689936718780478E-03, -2.488052648279044E-02, -2.463429561461096E-03,
2460061.500000000, A.D. 2023-Apr-27 00:00:00.0000, -3.828955885442210E-01, -1.809252622428761E-01,  2.033564985592899E-02,  6.212863913012197E-03, -2.421478834820392E-02, -2.548715256032349E-03,
2460062.500000000, A.D. 2023-Apr-28 00:00:00.0000, -3.759514676182969E-01, -2.047772301441618E-01,  1.774951008362169E-02,  7.663306701199511E-03, -2.347784112160935E-02, -2.621533098834783E-03,
2460063.500000000, A.D. 2023-Apr-29 00:00:00.0000, -3.675930637029838E-01, -2.278593836478390E-01,  1.509655513692253E-02,  9.041492624333854E-03, -2.267619072445622E-02, -2.682435626515045E-03,
2460064.500000000, A.D. 2023-Apr-30 00:00:00.0000, -3.578924054023709E-01, -2.501100123272764E-01,  1.238843482606788E-02,  1.034791568741006E-02, -2.181572354851778E-02, -2.731949188793969E-03,
2460065.500000000, A.D. 2023-May-01 00:00:00.0000, -3.469209270623675E-01, -2.714730032249587E-01,  9.636287026753320E-03,  1.158325865939457E-02, -2.090175649193847E-02, -2.770570910476677E-03,
2460066.500000000, A.D. 2023-May-02 00:00:00.0000, -3.347493130780665E-01, -2.918972962842489E-01,  6.850767901566763E-03,  1.274832901354748E-02, -1.993908664363832E-02, -2.798766875882832E-03,
2460067.500000000, A.D. 2023-May-03 00:00:00.0000, -3.214474003624861E-01, -3.113363888047885E-01,  4.042083449971684E-03,  1.384400632275104E-02, -1.893203949829717E-02, -2.816971243897869E-03,
2460068.500000000, A.D. 2023-May-04 00:00:00.0000, -3.070841285014331E-01, -3.297478870714915E-01,  1.220021577192584E-03,  1.487119919501485E-02, -1.788451500010313E-02, -2.825586060652047E-03,
2460069.500000000, A.D. 2023-May-05 00:00:00.0000, -2.917275289024177E-01, -3.470931027668012E-01, -1.606015919925793E-03,  1.583081009492758E-02, -1.680003102055798E-02, -2.824981585835177E-03,
2460070.500000000, A.D. 2023-May-06 00:00:00.0000, -2.754447457774877E-01, -3.633366914987717E-01, -4.426981888851603E-03,  1.672370663759777E-02, -1.568176409865487E-02, -2.815496988966102E-03,
2460071.500000000, A.D. 2023-May-07 00:00:00.0000, -2.583020831030406E-01, -3.784463306900151E-01, -7.234153191168620E-03,  1.755069815788186E-02, -1.453258743085427E-02, -2.797441304775970E-03,
2460072.500000000, A.D. 2023-May-08 00:00:00.0000, -2.403650727995191E-01, -3.923924341190268E-01, -1.001910112123930E-02,  1.831251654810243E-02, -1.335510620957115E-02, -2.771094563424579E-03,
2460073.500000000, A.D. 2023-May-09 00:00:00.0000, -2.216985602960371E-01, -4.051479005446552E-01, -1.277366301551997E-02,  1.900980052272900E-02, -1.215169048498184E-02, -2.736709032648003E-03,
2460074.500000000, A.D. 2023-May-10 00:00:00.0000, -2.023668044136495E-01, -4.166878940464057E-01, -1.548991514031257E-02,  1.964308261052220E-02, -1.092450577565185E-02, -2.694510526106651E-03,
2460075.500000000, A.D. 2023-May-11 00:00:00.0000, -1.824335891382297E-01, -4.269896539563982E-01, -1.816014690716306E-02,  2.021277829591961E-02, -9.675541686285954E-03, -2.644699746007731E-03,
2460076.500000000, A.D. 2023-May-12 00:00:00.0000, -1.619623453791207E-01, -4.360323325282311E-01, -2.077683643895772E-02,  2.071917683469663E-02, -8.406638811519804E-03, -2.587453639232150E-03,
2460077.500000000, A.D. 2023-May-13 00:00:00.0000, -1.410162812395458E-01, -4.437968587737967E-01, -2.333262749370579E-02,  2.116243335691641E-02, -7.119514217422635E-03, -2.522926755307482E-03,
2460078.500000000, A.D. 2023-May-14 00:00:00.0000, -1.196585196731236E-01, -4.502658271951034E-01, -2.582030774523342E-02,  2.154256194554227E-02, -5.815785800504988E-03, -2.451252602144401E-03,
2460079.500000000, A.D. 2023-May-15 00:00:00.0000, -9.795224267909421E-02, -4.554234104410167E-01, -2.823278841924235E-02,  2.185942944433382E-02, -4.496995829946466E-03, -2.372545001922161E-03,
2460080.500000000, A.D. 2023-May-16 00:00:00.0000, -7.596084140594141E-02, -4.592552952272723E-01, -3.056308528848292E-02,  2.211274980614307E-02, -3.164633984280190E-03, -2.286899455233116E-03,
2460081.500000000, A.D. 2023-May-17 00:00:00.0000, -5.374807169562556E-02, -4.617486411724593E-01, -3.280430104157159E-02,  2.230207884470270E-02, -1.820160200223559E-03, -2.194394526890499E-03,
2460082.500000000, A.D. 2023-May-18 00:00:00.0000, -3.137821471304957E-02, -4.628920625243473E-01, -3.494960905596001E-02,  2.242680930160479E-02, -4.650276596954966E-04, -2.095093271944199E-03,
2460083.500000000, A.D. 2023-May-19 00:00:00.0000, -8.916242369992338E-03, -4.626756330821908E-01, -3.699223862670717E-02,  2.248616618752393E-02,  8.992937480185002E-04, -1.989044725685095E-03,
2460084.500000000, A.D. 2023-May-20 00:00:00.0000,  1.357201273027436E-02, -4.610909149643074E-01, -3.892546172923241E-02,  2.247920240499911E-02,  2.271293138081751E-03, -1.876285486981824E-03,
2460085.500000000, A.D. 2023-May-21 00:00:00.0000,  3.601968313413514E-02, -4.581310122293668E-01, -4.074258142657147E-02,  2.240479471151686E-02,  3.649393147956174E-03, -1.756841430406238E-03,
2460086.500000000, A.D. 2023-May-22 00:00:00.0000,  5.835868855768244E-02, -4.537906507376026E-01, -4.243692207048089E-02,  2.226164013867794E-02,  5.031922873194076E-03, -1.630729589482238E-03,
2460087.500000000, A.D. 2023-May-23 00:00:00.0000,  8.051955462645541E-02, -4.480662860374615E-01, -4.400182149190969E-02,  2.204825304859444E-02,  6.417088810276270E-03, -1.497960261251630E-03,
2460088.500000000, A.D. 2023-May-24 00:00:00.0000,  1.024312290940878E-01, -4.409562414863091E-01, -4.543062543096871E-02,  2.176296308541766E-02,  7.802943370973999E-03, -1.358539391403422E-03,
2460089.500000000, A.D. 2023-May-25 00:00:00.0000,  1.240208966014058E-01, -4.324608792618965E-01, -4.671668452087648E-02,  2.140391437153460E-02,  9.187350507660752E-03, -1.212471309665786E-03,
2460090.500000000, A.D. 2023-May-26 00:00:00.0000,  1.452137934405663E-01, -4.225828073937879E-01, -4.785335421594015E-02,  2.096906640850452E-02,  1.056794796569647E-02, -1.059761897202850E-03,
2460091.500000000, A.D. 2023-May-27 00:00:00.0000,  1.659330243137342E-01, -4.113271264375663E-01, -4.883399814211799E-02,  2.045619727680605E-02,  1.194210566068084E-02, -9.004222815472642E-04,
2460092.500000000, A.D. 2023-May-28 00:00:00.0000,  1.860993837485646E-01, -3.987017199222235E-01, -4.965199545189741E-02,  1.986290989108784E-02,  1.330687966969734E-02, -7.344731702249883E-04,
2460093.500000000, A.D. 2023-May-29 00:00:00.0000,  2.056311856848055E-01, -3.847175932099177E-01, -5.030075288495452E-02,  1.918664226453705E-02,  1.465896133326428E-02, -5.619499516705717E-04,
2460094.500000000, A.D. 2023-May-30 00:00:00.0000,  2.244441058149549E-01, -3.693892658966142E-01, -5.077372237406885E-02,  1.842468297322681E-02,  1.599462099778865E-02, -3.829087110894306E-04,
2460095.500000000, A.D. 2023-May-31 00:00:00.0000,  2.424510425904611E-01, -3.527352233205441E-01, -5.106442519345346E-02,  1.757419329487989E-02,  1.730964599951315E-02, -1.974333291166008E-04,
2460096.500000000, A.D. 2023-Jun-01 00:00:00.0000,  2.595620044425106E-01, -3.347784330866918E-01, -5.116648382475788E-02,  1.663223783170957E-02,  1.859927261729743E-02, -5.643851544011308E-06,
2460097.500000000, A.D. 2023-Jun-02 00:00:00.0000,  2.756840327666389E-01, -3.155469326937145E-01, -5.107366291402549E-02,  1.559582581738754E-02,  1.985811192570721E-02,  1.922936624849320E-04,
2460098.500000000, A.D. 2023-Jun-03 00:00:00.0000,  2.907211726387547E-01, -2.950744942728910E-01, -5.077992090843682E-02,  1.446196575370679E-02,  2.108006979128942E-02,  3.961555909978822E-04,
2460099.500000000, A.D. 2023-Jun-04 00:00:00.0000,  3.045745061193440E-01, -2.734013719915446E-01, -5.027947418931758E-02,  1.322773651688608E-02,  2.225826171121918E-02,  6.056472675608401E-04,
2460100.500000000, A.D. 2023-Jun-05 00:00:00.0000,  3.171422664043264E-01, -2.505751366683911E-01, -4.956687574778258E-02,  1.189037860028612E-02,  2.338492384146532E-02,  8.203873412465922E-04,
2460101.500000000, A.D. 2023-Jun-06 00:00:00.0000,  3.283200550132375E-01, -2.266516003764730E-01, -4.863711066527533E-02,  1.044740968747283E-02,  2.445132245732324E-02,  1.039889776803994E-03,
2460102.500000000, A.D. 2023-Jun-07 00:00:00.0000,  3.380011886431241E-01, -2.016958309915353E-01, -4.748571083803636E-02,  8.896769221769973E-03,  2.544766529670999E-02,  1.263543348996334E-03,
2460103.500000000, A.D. 2023-Jun-08 00:00:00.0000,  3.460772071638744E-01, -1.757832524340725E-01, -4.610889148514197E-02,  7.236996967450556E-03,  2.636301982395170E-02,  1.490588584616466E-03,
2460104.500000000, A.D. 2023-Jun-09 00:00:00.0000,  3.524385792822639E-01, -1.490008203396075E-01, -4.450371195166647E-02,  5.467450610596832E-03,  2.718524548197488E-02,  1.720092266743778E-03,
2460105.500000000, A.D. 2023-Jun-10 00:00:00.0000,  3.569756472917401E-01, -1.214482546074034E-01, -4.266826309002787E-02,  3.588567033928296E-03,  2.790094951611343E-02,  1.950919859308920E-03,
2460106.500000000, A.D. 2023-Jun-11 00:00:00.0000,  3.595798564626072E-01, -9.323929923461365E-02, -4.060188297964560E-02,  1.602170759979852E-03,  2.849547894862064E-02,  2.181706559415347E-03,
2460107.500000000, A.D. 2023-Jun-12 00:00:00.0000,  3.601453171257231E-01, -6.450296559640167E-02, -3.830540180997710E-02, -4.881691432279364E-04,  2.895296466868414E-02,  2.410828163364723E-03,
2460108.500000000, A.D. 2023-Jun-13 00:00:00.0000,  3.585707471062964E-01, -3.538469759445401E-02, -3.578141526606297E-02, -2.676736060390028E-03,  2.925643714642825E-02,  2.636373557684006E-03,
2460109.500000000, A.D. 2023-Jun-14 00:00:00.0000,  3.547618371975218E-01, -6.047375909030063E-03, -3.303458356869180E-02, -4.955224648410814E-03,  2.938803653876413E-02,  2.856121421977881E-03,
2460110.500000000, A.D. 2023-Jun-15 00:00:00.0000,  3.486340707363695E-01,  2.332794542515177E-02, -3.007195029226821E-02, -7.312277217968333E-03,  2.932934220172386E-02,  3.067524631632830E-03,
2460111.500000000, A.D. 2023-Jun-16 00:00:00.0000,  3.401160076637373E-01,  5.254170222130054E-02, -2.690327111723397E-02, -9.733023705995740E-03,  2.906184678236729E-02,  3.267706805016779E-03,
2460112.500000000, A.D. 2023-Jun-17 00:00:00.0000,  3.291530113153421E-01,  8.137603907677582E-02, -2.354133777692675E-02, -1.219866380784123E-02,  2.856759670168127E-02,  3.453476315319316E-03,
2460113.500000000, A.D. 2023-Jun-18 00:00:00.0000,  3.157113507273641E-01,  1.095957580332284E-01, -2.000227681495500E-02, -1.468614372620434E-02,  2.783001227385088E-02,  3.621363661058963E-03,
2460114.500000000, A.D. 2023-Jun-19 00:00:00.0000,  2.997825519598082E-01,  1.369501771174360E-01, -1.630579682768919E-02, -1.716799332818631E-02,  2.683488529087808E-02,  3.767688052524396E-03,
2460115.500000000, A.D. 2023-Jun-20 00:00:00.0000,  2.813878008510333E-01,  1.631760657573569E-01, -1.247535242144029E-02, -1.961239915872870E-02,  2.557152857010356E-02,  3.888658050539776E-03,
2460116.500000000, A.D. 2023-Jun-21 00:00:00.0000,  2.605821224585589E-01,  1.880017836670830E-01, -8.538189338154345E-03, -2.198359044642462E-02,  2.403402103379776E-02,  3.980508721264167E-03,
2460117.500000000, A.D. 2023-Jun-22 00:00:00.0000,  2.374579896230724E-01,  2.111526756434374E-01, -4.525234583887669E-03, -2.424260405793681E-02,  2.222245599556122E-02,  4.039673811965511E-03,
2460118.500000000, A.D. 2023-Jun-23 00:00:00.0000,  2.121479597293263E-01,  2.323576644174851E-01, -4.707995133368330E-04, -2.634846607009410E-02,  2.014406514078170E-02,  4.062985982540026E-03,
2460119.500000000, A.D. 2023-Jun-24 00:00:00.0000,  1.848259230662168E-01,  2.513568420946298E-01,  3.587926041344196E-03, -2.825978059198082E-02,  1.781406491391105E-02,  4.047891706815734E-03,
2460120.500000000, A.D. 2023-Jun-25 00:00:00.0000,  1.557065858766857E-01,  2.679097023744603E-01,  7.611593928974794E-03, -2.993665380271575E-02,  1.525606608335776E-02,  3.992661224026827E-03,
2460121.500000000, A.D. 2023-Jun-26 00:00:00.0000,  1.250429177380569E-01,  2.818035053711473E-01,  1.155961539496179E-02, -3.134281219703194E-02,  1.250191037571882E-02,  3.896569483725456E-03,
2460122.500000000, A.D. 2023-Jun-27 00:00:00.0000,  9.312146550224265E-02,  2.928611561466566E-01,  1.539123474623096E-02, -3.244771377960934E-02,  9.590854301155015E-03,  3.760023096035317E-03,
2460123.500000000, A.D. 2023-Jun-28 00:00:00.0000,  6.025565718886028E-02,  3.009479385859252E-01,  1.906669384488200E-02, -3.322841689039232E-02,  6.568104865418802E-03,  3.584612086536780E-03,
2460124.500000000, A.D. 2023-Jun-29 00:00:00.0000,  2.677745510996582E-02,  3.059764997244092E-01,  2.254840504397251E-02, -3.367097772189381E-02,  3.482810001632085E-03,  3.373073860018852E-03,
2460125.500000000, A.D. 2023-Jun-30 00:00:00.0000, -6.972075773357652E-03,  3.079096290195843E-01,  2.580204342489106E-02, -3.377119932991469E-02,  3.856962535413439E-04,  3.129168853423099E-03,
2460126.500000000, A.D. 2023-Jul-01 00:00:00.0000, -4.065258318732706E-02,  3.067606022977383E-01,  2.879747521279254E-02, -3.353464407373952E-02, -2.673395132110839E-03,  2.857480325084183E-03,
2460127.500000000, A.D. 2023-Jul-02 00:00:00.0000, -7.393389044929310E-02,  3.025911215731801E-01,  3.150945739872653E-02, -3.297592837290232E-02, -5.647810295185782E-03,  2.563161538593594E-03,
2460128.500000000, A.D. 2023-Jul-03 00:00:00.0000, -1.065044412044305E-01,  2.955071309062420E-01,  3.391807039955261E-02, -3.211741842649189E-02, -8.495996045575311E-03,  2.251659773632470E-03,
2460129.500000000, A.D. 2023-Jul-04 00:00:00.0000, -1.380782173245950E-01,  2.856529809129006E-01,  3.600887572019185E-02, -3.098751613885507E-02, -1.118287114532821E-02,  1.928447041278739E-03,
2460130.500000000, A.D. 2023-Jul-05 00:00:00.0000, -1.683998288455468E-01,  2.732045227506212E-01,  3.777281846304525E-02, -2.961875389547206E-02, -1.368059333959794E-02,  1.598782645895770E-03,
2460131.500000000, A.D. 2023-Jul-06 00:00:00.0000, -1.972476908257023E-01,  2.583617302622734E-01,  3.920591580186559E-02, -2.804590537819518E-02, -1.596874631367969E-02,  1.267524622170750E-03,
2460132.500000000, A.D. 2023-Jul-07 00:00:00.0000, -2.244353901645364E-01,  2.413413898196397E-01,  4.030878496283205E-02, -2.630427766402570E-02, -1.803403627430405E-02,  9.389978740783238E-04,
2460133.500000000, A.D. 2023-Jul-08 00:00:00.0000, -2.498114826445047E-01,  2.223702867635095E-01,  4.108606780062402E-02, -2.442829255441945E-02, -1.986962483256584E-02,  6.169185650228472E-04,
2460134.500000000, A.D. 2023-Jul-09 00:00:00.0000, -2.732580388977192E-01,  2.016791839260937E-01,  4.154580534948987E-02, -2.245040694226942E-02, -2.147423413940136E-02,  3.043682177200912E-04,
2460135.500000000, A.D. 2023-Jul-10 00:00:00.0000, -2.946882823960233E-01,  1.794977563204568E-01,  4.169880722898700E-02, -2.040037336039680E-02, -2.285114829856227E-02,  3.807493351905863E-06,
2460136.500000000, A.D. 2023-Jul-11 00:00:00.0000, -3.140436453319867E-01,  1.560505335998612E-01,  4.155805001147958E-02, -1.830480767287009E-02, -2.400721062791891E-02, -2.828815174469339E-04,
2460137.500000000, A.D. 2023-Jul-12 00:00:00.0000, -3.312905244226806E-01,  1.315538167034345E-01,  4.113812767618673E-02, -1.618701162337247E-02, -2.495188738853606E-02, -5.543350587204787E-04,
2460138.500000000, A.D. 2023-Jul-13 00:00:00.0000, -3.464169621105407E-01,  1.062134785670942E-01,  4.045476746658326E-02, -1.406699120447415E-02, -2.569644101835806E-02, -8.096384605018106E-04,
2460139.500000000, A.D. 2023-Jul-14 00:00:00.0000, -3.594294200687961E-01,  8.022352764445667E-02,  3.952441655163108E-02, -1.196161390801058E-02, -2.625323304689129E-02, -1.048254748907491E-03,
2460140.500000000, A.D. 2023-Jul-15 00:00:00.0000, -3.703497583368618E-01,  5.376530176218427E-02,  3.836389905959740E-02, -9.884855230044558E-03, -2.663515996451940E-02, -1.269955934512725E-03,
2460141.500000000, A.D. 2023-Jul-16 00:00:00.0000, -3.792124884889135E-01,  2.700716257795658E-02,  3.699013915696700E-02, -7.848094394768416E-03, -2.685521418054260E-02, -1.474760008454635E-03,
2460142.500000000, A.D. 2023-Jul-17 00:00:00.0000, -3.860623341610673E-01,  1.045722920668536E-04,  3.541994355766691E-02, -5.860429094837557E-03, -2.692615587251387E-02, -1.662875256355755E-03,
2460143.500000000, A.D. 2023-Jul-18 00:00:00.0000, -3.909521066092247E-01, -2.679954992213405E-02,  3.366983578712491E-02, -3.928987921836641E-03, -2.686027879378032E-02, -1.834652462432809E-03,
2460144.500000000, A.D. 2023-Jul-19 00:00:00.0000, -3.939408854614191E-01, -5.357427706150073E-02,  3.175593432879133E-02, -2.059226523986834E-03, -2.666925280686075E-02, -1.990544876293458E-03,
2460145.500000000, A.D. 2023-Jul-20 00:00:00.0000, -3.950924838618310E-01, -8.009999757037745E-02,  2.969386714220792E-02, -2.551992523349567E-04, -2.636402709021223E-02, -2.131075386303237E-03,
2460146.500000000, A.D. 2023-Jul-21 00:00:00.0000, -3.944741711856089E-01, -1.062676661924479E-01,  2.749871572530137E-02,  1.480197737074569E-03, -2.595477991214292E-02, -2.256810116632766E-03,
2460147.500000000, A.D. 2023-Jul-22 00:00:00.0000, -3.921556240294874E-01, -1.319780228362117E-01,  2.518498272912748E-02,  3.145013031916138E-03, -2.545090309165198E-02, -2.368337578654614E-03,
2460148.500000000, A.D. 2023-Jul-23 00:00:00.0000, -3.882080761065656E-01, -1.571408091248149E-01,  2.276657800625679E-02,  4.738055356147542E-03, -2.486101146832354E-02, -2.466252511783652E-03,
2460149.500000000, A.D. 2023-Jul-24 00:00:00.0000, -3.827036391118749E-01, -1.816740036483566E-01,  2.025681881301272E-02,  6.258735844107149E-03, -2.419296971318194E-02, -2.551143607127574E-03,
2460150.500000000, A.D. 2023-Jul-25 00:00:00.0000, -3.757147689312015E-01, -2.055030901626206E-01,  1.766844065086354E-02,  7.706934621643549E-03, -2.345393055230330E-02, -2.623584393346714E-03,
2460151.500000000, A.D. 2023-Jul-26 00:00:00.0000, -3.673138542854628E-01, -2.285603677990995E-01,  1.501361590498312E-02,  9.082888878972666E-03, -2.265037992541391E-02, -2.684126660564676E-03,
2460152.500000000, A.D. 2023-Jul-27 00:00:00.0000, -3.575729077336967E-01, -2.507843084826347E-01,  1.230397801378456E-02,  1.038709962039451E-02, -2.178818577641295E-02, -2.733295894209214E-03,
2460153.500000000, A.D. 2023-Jul-28 00:00:00.0000, -3.465633417081368E-01, -2.721189639336054E-01,  9.550649385914035E-03,  1.162025442306720E-02, -2.087264810223012E-02, -2.771588280109269E-03,
2460154.500000000, A.D. 2023-Jul-29 00:00:00.0000, -3.343558148134725E-01, -2.925134226343379E-01,  6.764271679097577E-03,  1.278316376451545E-02, -1.990854860748194E-02, -2.799468921964451E-03,
2460155.500000000, A.D. 2023-Jul-30 00:00:00.0000, -3.210201359326416E-01, -3.119213157744962E-01,  3.955037378682432E-03,  1.387670874186350E-02, -1.890019886202831E-02, -2.817370981372145E-03,
2460156.500000000, A.D. 2023-Jul-31 00:00:00.0000, -3.066252157230234E-01, -3.303003703035534E-01,  1.132721873429668E-03,  1.490179827621915E-02, -1.785148627069507E-02, -2.825695509085450E-03,
2460157.500000000, A.D. 2023-Aug-01 00:00:00.0000, -2.912390568620579E-01, -3.476120066876849E-01, -1.693284567685413E-03,  1.585933415574040E-02, -1.676591746857430E-02, -2.824811784888079E-03,
2460158.500000000, A.D. 2023-Aug-02 00:00:00.0000, -2.749287759258288E-01, -3.638209786982607E-01, -4.513945351995026E-03,  1.675018251098002E-02, -1.564665897606717E-02, -2.815058023532236E-03,
2460159.500000000, A.D. 2023-Aug-03 00:00:00.0000, -2.577606510806843E-01, -3.788950524765327E-01, -7.320546961640532E-03,  1.757515053156642E-02, -1.449657510522882E-02, -2.796742336811103E-03,
2460160.500000000, A.D. 2023-Aug-04 00:00:00.0000, -2.398001908619563E-01, -3.928047221690575E-01, -1.010466940644772E-02,  1.833496742288795E-02, -1.331826321898753E-02, -2.770143868219528E-03,
2460161.500000000, A.D. 2023-Aug-05 00:00:00.0000, -2.211122202308908E-01, -4.055229595700113E-01, -1.285815787102465E-02,  1.903026876596866E-02, -1.211408651997474E-02, -2.735514037889946E-03,
2460162.500000000, A.D. 2023-Aug-06 00:00:00.0000, -2.017609808652069E-01, -4.170249954100546E-01, -1.557309564245953E-02,  1.966158358507444E-02, -1.088620459573126E-02, -2.693077852543832E-03,
2460163.500000000, A.D. 2023-Aug-07 00:00:00.0000, -1.818102432722077E-01, -4.272881301755589E-01, -1.824177836683503E-02,  2.022932354827241E-02, -9.636601979394172E-03, -2.643035248911883E-03,
2460164.500000000, A.D. 2023-Aug-08 00:00:00.0000, -1.613234288353954E-01, -4.362915726120704E-01, -2.085668965696733E-02,  2.073377382891296E-02, -8.367115005281497E-03, -2.585562450160216E-03,
2460165.500000000, A.D. 2023-Aug-09 00:00:00.0000, -1.403637403326368E-01, -4.440163043520817E-01, -2.341047805798864E-02,  2.117508524356056E-02, -7.079457251354360E-03, -2.520813323917725E-03,
2460166.500000000, A.D. 2023-Aug-10 00:00:00.0000, -1.189942998099589E-01, -4.504449694034429E-01, -2.589593536986346E-02,  2.155326735691303E-02, -5.775243868559860E-03, -2.448920738036047E-03,
2460167.500000000, A.D. 2023-Aug-11 00:00:00.0000, -9.727829297128579E-02, -4.555617875377862E-01, -2.830597632535641E-02,  2.186818230922564E-02, -4.456015102944247E-03, -2.369997916654543E-03,
2460168.500000000, A.D. 2023-Aug-12 00:00:00.0000, -7.527911945972122E-02, -4.593524909269604E-01, -3.063361962744308E-02,  2.211953917905030E-02, -3.123259321960886E-03, -2.284139804850446E-03,
2460169.500000000, A.D. 2023-Aug-13 00:00:00.0000, -5.306054856688720E-02, -4.618042836900244E-01, -3.287197036110217E-02,  2.230688874594078E-02, -1.778435862898379E-03, -2.191424455440549E-03,
2460170.500000000, A.D. 2023-Aug-14 00:00:00.0000, -3.068688001772067E-02, -4.629058243352922E-01, -3.501420381056394E-02,  2.242961856631185E-02, -4.229980297780134E-04, -2.091914456641416E-03,
2460171.500000000, A.D. 2023-Aug-15 00:00:00.0000, -8.223109541257673E-03, -4.626472314135410E-01, -3.705355073440229E-02,  2.248694832299133E-02,  9.415834239200852E-04, -1.985658424538126E-03,
2460172.500000000, A.D. 2023-Aug-16 00:00:00.0000,  1.426490104659310E-02, -4.610201130425952E-01, -3.898328417755743E-02,  2.247792545732963E-02,  2.313795975334227E-03, -1.872692589889100E-03,
2460173.500000000, A.D. 2023-Aug-17 00:00:00.0000,  3.671024955656510E-02, -4.580176213231923E-01, -4.079670793191574E-02,  2.240142114429560E-02,  3.692059806561066E-03, -1.753042514927782E-03,
2460174.500000000, A.D. 2023-Aug-18 00:00:00.0000,  5.904481533258798E-02, -4.536345330444506E-01, -4.248714679611365E-02,  2.225612672824496E-02,  5.074700684480352E-03, -1.626724982727738E-03,
2460175.500000000, A.D. 2023-Aug-19 00:00:00.0000,  8.119907789783151E-02, -4.478673584772817E-01, -4.404793883165416E-02,  2.204055080271983E-02,  6.459920834412066E-03, -1.493750109590939E-03,
2460176.500000000, A.D. 2023-Aug-20 00:00:00.0000,  1.031019331075331E-01, -4.407144804779775E-01, -4.547242986732293E-02,  2.175301719480023E-02,  7.845767371290424E-03, -1.354123740012361E-03,
2460177.500000000, A.D. 2023-Aug-21 00:00:00.0000,  1.246805078810958E-01, -4.321763265730768E-01, -4.675397056856703E-02,  2.139166420669338E-02,  9.230097827006505E-03, -1.207850194273629E-03,
2460178.500000000, A.D. 2023-Aug-22 00:00:00.0000,  1.458599749924598E-01, -4.222555771698375E-01, -4.788591646446162E-02,  2.095444557844067E-02,  1.061054228937049E-02, -1.054935450813817E-03,
2460179.500000000, A.D. 2023-Aug-23 00:00:00.0000,  1.665633699268588E-01, -4.109574135308360E-01, -4.886163141380713E-02,  2.043913377043504E-02,  1.198446165004384E-02, -8.953908593704207E-04,
2460180.500000000, A.D. 2023-Aug-24 00:00:00.0000,  1.867114124899433E-01, -3.982898096590621E-01, -4.967449509558283E-02,  1.984332632804640E-02,  1.334890145051740E-02, -7.292374965663938E-04,
2460181.500000000, A.D. 2023-Aug-25 00:00:00.0000,  2.062223367134663E-01, -3.842638727484065E-01, -5.031791522925750E-02,  1.916445628874071E-02,  1.470054082345291E-02, -5.565112931150591E-04,
2460182.500000000, A.D. 2023-Aug-26 00:00:00.0000,  2.250117336777891E-01, -3.688942373427007E-01, -5.078534536906424E-02,  1.839980783068116E-02,  1.603563606077133E-02, -3.772690809162741E-04,
2460183.500000000, A.D. 2023-Aug-27 00:00:00.0000,  2.429924132088926E-01, -3.521995187826302E-01, -5.107030927466281E-02,  1.754653864691069E-02,  1.734995841251457E-02, -1.915957285320923E-04,
2460184.500000000, A.D. 2023-Aug-28 00:00:00.0000,  2.600742920556288E-01, -3.342028318571021E-01, -5.116643303934511E-02,  1.660171086611461E-02,  1.863872584892486E-02,  3.874460632769858E-07,
2460185.500000000, A.D. 2023-Aug-29 00:00:00.0000,  2.761643181653449E-01, -3.149323807473729E-01, -5.106748635555286E-02,  1.556233273308606E-02,  1.989652872519798E-02,  1.985127775151918E-04,
2460186.500000000, A.D. 2023-Aug-30 00:00:00.0000,  2.911664431082754E-01, -2.944221262655912E-01, -5.076743451349615E-02,  1.442541370917874E-02,  2.111724960370027E-02,  4.025546467134412E-04,
2460187.500000000, A.D. 2023-Aug-31 00:00:00.0000,  3.049816576056867E-01, -2.727125359178447E-01, -5.026050295654043E-02,  1.318803614870867E-02,  2.229397794999678E-02,  6.122159350767634E-04,
2460188.500000000, A.D. 2023-Sep-01 00:00:00.0000,  3.175081085348323E-01, -2.498514212963528E-01, -4.954125644674325E-02,  1.184744723464577E-02,  2.341892107386111E-02,  8.271123137055467E-04,
2460189.500000000, A.D. 2023-Sep-02 00:00:00.0000,  3.286413197323113E-01, -2.258948655054312E-01, -4.860469510899373E-02,  1.040117538331270E-02,  2.448331359089835E-02,  1.046754167245873E-03,
2460190.500000000, A.D. 2023-Sep-03 00:00:00.0000,  3.382745433696318E-01, -2.009082404700157E-01, -4.744636979718700E-02,  8.847175797008831E-03,  2.547732889879865E-02,  1.270526008842174E-03,
2460191.500000000, A.D. 2023-Sep-04 00:00:00.0000,  3.462992735320304E-01, -1.749673097159906E-01, -4.606251932328713E-02,  7.184010166060756E-03,  2.638999776250527E-02,  1.497663343746141E-03,
2460192.500000000, A.D. 2023-Sep-05 00:00:00.0000,  3.526059586842870E-01, -1.481594061341362E-01, -4.445023205691335E-02,  5.411065563242413E-03,  2.720914114739112E-02,  1.727227102455536E-03,
2460193.500000000, A.D. 2023-Sep-06 00:00:00.0000,  3.570849545833792E-01, -1.205846658763131E-01, -4.260763416686980E-02,  3.528817141335934E-03,  2.792132697012662E-02,  1.958076010702118E-03,
2460194.500000000, A.D. 2023-Sep-07 00:00:00.0000,  3.596277632989468E-01, -9.235728839565689E-02, -4.053410624207794E-02,  1.539138076966667E-03,  2.851186344668389E-02,  2.188837616668337E-03,
2460195.500000000, A.D. 2023-Sep-08 00:00:00.0000,  3.601286064311516E-01, -6.360677829063686E-02, -3.823052907925893E-02, -5.543420356638877E-04,  2.896484511157650E-02,  2.417879178637904E-03,
2460196.500000000, A.D. 2023-Sep-09 00:00:00.0000,  3.584863801033608E-01, -3.447910676503319E-02, -3.569955791918989E-02, -2.745832850505728E-03,  2.926327112461949E-02,  2.643280246310012E-03,
2460197.500000000, A.D. 2023-Sep-10 00:00:00.0000,  3.546070341654912E-01, -5.137709228721679E-03, -3.294592220215400E-02, -5.026941120819946E-03,  2.938925872120357E-02,  2.862809548913245E-03,
2460198.500000000, A.D. 2023-Sep-11 00:00:00.0000,  3.484064061707784E-01,  2.423578851768710E-02, -2.997674485620705E-02, -7.386206760325741E-03,  2.932437686099192E-02,  3.073909707412377E-03,
2460199.500000000, A.D. 2023-Sep-12 00:00:00.0000,  3.398135196864752E-01,  5.344124839414912E-02, -2.680187113613160E-02, -9.808643502655787E-03,  2.905012520123841E-02,  3.273694244510216E-03,
2460200.500000000, A.D. 2023-Sep-13 00:00:00.0000,  3.287743239717758E-01,  8.226025907097757E-02, -2.343419210722390E-02, -1.227532314647134E-02,  2.854858002281300E-02,  3.458962235909151E-03,
2460201.500000000, A.D. 2023-Sep-14 00:00:00.0000,  3.152558061624369E-01,  1.104571103003037E-01, -1.988994220714617E-02, -1.476305627770549E-02,  2.780321998119541E-02,  3.626236506130918E-03,
2460202.500000000, A.D. 2023-Sep-15 00:00:00.0000,  2.992503474094766E-01,  1.377806826116160E-01, -1.618894437979446E-02, -1.724423563155207E-02,  2.679992890390749E-02,  3.771831210530181E-03,
2460203.500000000, A.D. 2023-Sep-16 00:00:00.0000,  2.807801230376472E-01,  1.639674185388518E-01, -1.235477086319840E-02, -1.968691773292030E-02,  2.552814927550433E-02,  3.891953587371083E-03,
2460204.500000000, A.D. 2023-Sep-17 00:00:00.0000,  2.599012695918431E-01,  1.887455001795971E-01, -8.414784013067597E-03, -2.205521981327164E-02,  2.398212891738191E-02,  3.982842244256816E-03,
2460205.500000000, A.D. 2023-Sep-18 00:00:00.0000,  2.367074691870406E-01,  2.118402826213458E-01, -4.400021048637595E-03, -2.431009734435463E-02,  2.216216739941022E-02,  4.040940334421967E-03,
2460206.500000000, A.D. 2023-Sep-19 00:00:00.0000,  2.113325491138152E-01,  2.329809213859520E-01, -3.448908976016355E-04, -2.641053866529336E-02,  2.007573368589756E-02,  4.063096467793152E-03,
2460207.500000000, A.D. 2023-Sep-20 00:00:00.0000,  1.839516804603778E-01,  2.519079896525643E-01,  3.713338348490528E-03, -2.831516558375824E-02,  1.773830120634137E-02,  4.046779767484041E-03,
2460208.500000000, A.D. 2023-Sep-21 00:00:00.0000,  1.547808011581202E-01,  2.683817225221192E-01,  7.735266084508608E-03, -2.998416580269583E-02,  1.517374138397978E-02,  3.990289279577119E-03,
2460209.500000000, A.D. 2023-Sep-22 00:00:00.0000,  1.240739975466156E-01,  2.821903759707415E-01,  1.168028246767280E-02, -3.138141408121613E-02,  1.241414078257649E-02,  3.892933592003156E-03,
2460210.500000000, A.D. 2023-Sep-23 00:00:00.0000,  9.211875299212673E-02,  2.931580792126057E-01,  1.550764593728757E-02, -3.247657934901203E-02,  9.498964262285940E-03,  3.755155720293779E-03,
2460211.500000000, A.D. 2023-Sep-24 00:00:00.0000,  5.922919427487446E-02,  3.011515223600410E-01,  1.917764920698427E-02, -3.324698201877372E-02,  6.473571792118836E-03,  3.578582260640394E-03,
2460212.500000000, A.D. 2023-Sep-25 00:00:00.0000,  2.573770209680412E-02,  3.060848778002253E-01,  2.265279096438308E-02, -3.367897351922276E-02,  3.387194782438710E-03,  3.365984550444540E-03,
2460213.500000000, A.D. 2023-Sep-26 00:00:00.0000, -8.014542873524011E-03,  3.079225058514471E-01,  2.589886413697111E-02, -3.376866315744137E-02,  2.905668427339183E-04,  3.121151722416071E-03,
2460214.500000000, A.D. 2023-Sep-27 00:00:00.0000, -4.168737472981630E-02,  3.066792222766419E-01,  2.888587800225305E-02, -3.352190743790839E-02, -2.766538781691186E-03,  2.848688481753458E-03,
2460215.500000000, A.D. 2023-Sep-28 00:00:00.0000, -7.495108242181422E-02,  3.024181670210997E-01,  3.158874990442540E-02, -3.295358406020768E-02, -5.737602144009094E-03,  2.553761133240918E-03,
2460216.500000000, A.D. 2023-Sep-29 00:00:00.0000, -1.074948132751570E-01,  2.952465613259543E-01,  3.398772932802934E-02, -3.208627194880994E-02, -8.581254759867906E-03,  2.241821388085285E-03,
2460217.500000000, A.D. 2023-Sep-30 00:00:00.0000, -1.390334372149443E-01,  2.853098304872331E-01,  3.606854721969362E-02, -3.094852809472761E-02, -1.126263250560267E-02,  1.918337748275480E-03,
2460218.500000000, A.D. 2023-Oct-01 00:00:00.0000, -1.693125773813009E-01,  2.727846749050384E-01,  3.782231117673306E-02, -2.957298004988172E-02, -1.375412385955375E-02,  1.588559394984988E-03,
2460219.500000000, A.D. 2023-Oct-02 00:00:00.0000, -1.981117284309608E-01,  2.578716872509564E-01,  3.924518813846543E-02, -2.799444032200061E-02, -1.603554006681922E-02,  1.257329326780290E-03,
2460220.500000000, A.D. 2023-Oct-03 00:00:00.0000, -2.252455706387935E-01,  2.407880524333819E-01,  4.033792835491733E-02, -2.624820626741203E-02, -1.809379850123497E-02,  9.289542945006206E-04,
2460221.500000000, A.D. 2023-Oct-04 00:00:00.0000, -2.505637233439831E-01,  2.217607552808319E-01,  4.110528769677888E-02, -2.436865156230867E-02, -1.992224656380139E-02,  6.071308566855352E-04,
2460222.500000000, A.D. 2023-Oct-05 00:00:00.0000, -2.739492579172150E-01,  2.010205871957012E-01,  4.155540147599409E-02, -2.238815736776495E-02, -2.151976195588692E-02,  2.949208680450481E-04,
2460223.500000000, A.D. 2023-Oct-06 00:00:00.0000, -2.953163133220921E-01,  1.787971120246516E-01,  4.169915434061292E-02, -2.033638304759542E-02, -2.288975272189453E-02, -5.233695890227121E-06,
2460224.500000000, A.D. 2023-Oct-07 00:00:00.0000, -3.146071390674717E-01,  1.553146396846011E-01,  4.154958000229791E-02, -1.823984259496385E-02, -2.403915575554425E-02, -2.914677476492890E-04,
2460225.500000000, A.D. 2023-Oct-08 00:00:00.0000, -3.317888459310402E-01,  1.307891718024052E-01,  4.112131359330594E-02, -1.612173411192655E-02, -2.497750348481317E-02, -5.624324572316873E-04,
2460226.500000000, A.D. 2023-Oct-09 00:00:00.0000, -3.468500880821168E-01,  1.054262279453785E-01,  4.043010969389126E-02, -1.400196326643976E-02, -2.571610098042725E-02, -8.172258529995004E-04,
2460227.500000000, A.D. 2023-Oct-10 00:00:00.0000, -3.597978417411481E-01,  7.941943059134082E-02,  3.949243121943356E-02, -1.189730395989232E-02, -2.626733305035369E-02, -1.055321459620154E-03,
2460228.500000000, A.D. 2023-Oct-11 00:00:00.0000, -3.706543921658811E-01,  5.294971628544026E-02,  3.832510858880152E-02, -9.821646859704661E-03, -2.664410416860298E-02, -1.276499732003507E-03,
2460229.500000000, A.D. 2023-Oct-12 00:00:00.0000, -3.794545961340070E-01,  2.618504351419610E-02,  3.694506475466983E-02, -7.786296073927021E-03, -2.685940311345305E-02, -1.480785264828986E-03,
2460230.500000000, A.D. 2023-Oct-13 00:00:00.0000, -3.862434523212869E-01, -7.195205992207893E-04,  3.536909943298660E-02, -5.800284060831495E-03, -2.692597798863299E-02, -1.668391350088450E-03,
2460231.500000000, A.D. 2023-Oct-14 00:00:00.0000, -3.910739865964338E-01, -2.762143678010101E-02,  3.361372483993524E-02, -3.870683700281337E-03, -2.685610465705716E-02, -1.839672428731313E-03,
2460232.500000000, A.D. 2023-Oct-15 00:00:00.0000, -3.940054419734318E-01, -5.439013802148343E-02,  3.169504506919801E-02, -2.002903765709209E-03, -2.666143137584716E-02, -1.995084292123658E-03,
2460233.500000000, A.D. 2023-Oct-16 00:00:00.0000, -3.951017521715711E-01, -8.090634999839463E-02,  2.962867161675359E-02, -2.009597094884603E-04, -2.635288363392076E-02, -2.135151467683505E-03,
2460234.500000000, A.D. 2023-Oct-17 00:00:00.0000, -3.944302718444174E-01, -1.070613404802009E-01,  2.742966825079728E-02,  1.532284163079120E-03, -2.594061515401767E-02, -2.260441001479584E-03,
2460235.500000000, A.D. 2023-Oct-18 00:00:00.0000, -3.920607341540802E-01, -1.327561378129002E-01,  2.511251926238268E-02,  3.194902165752815E-03, -2.543399324962288E-02, -2.371541767603271E-03,
2460236.500000000, A.D. 2023-Oct-19 00:00:00.0000, -3.880644063485612E-01, -1.579007478437713E-01,  2.269111600504806E-02,  4.785723497129607E-03, -2.484160892525081E-02, -2.469048440682819E-03,
2460237.500000000, A.D. 2023-Oct-20 00:00:00.0000, -3.825134154729457E-01, -1.824133900707905E-01,  2.017875746878101E-02,  6.304175312499567E-03, -2.417130411050171E-02, -2.553549327355336E-03,
2460238.500000000, A.D. 2023-Oct-21 00:00:00.0000, -3.754802186691066E-01, -2.062197670790570E-01,  1.758816139601362E-02,  7.750150015642622E-03, -2.343021014910993E-02, -2.625617339065086E-03,
2460239.500000000, A.D. 2023-Oct-22 00:00:00.0000, -3.670371952451719E-01, -2.292523761922685E-01,  1.493148311700622E-02,  9.123893952743135E-03, -2.262479310564734E-02, -2.685803485101513E-03,
2460240.500000000, A.D. 2023-Oct-23 00:00:00.0000, -3.572563405261940E-01, -2.514498684350011E-01,  1.222033985475278E-02,  1.042591469673314E-02, -2.176090261906455E-02, -2.734632360682477E-03,
2460241.500000000, A.D. 2023-Oct-24 00:00:00.0000, -3.462090442428971E-01, -2.727564571107651E-01,  9.465838729429736E-03,  1.165690426070735E-02, -2.084382195465706E-02, -2.772599194056707E-03,
2460242.500000000, A.D. 2023-Oct-25 00:00:00.0000, -3.339659387666380E-01, -2.931213763256919E-01,  6.678607087831424E-03,  1.281767580814169E-02, -1.987831762121901E-02, -2.800168096057816E-03,
2460243.500000000, A.D. 2023-Oct-26 00:00:00.0000, -3.205968048005854E-01, -3.124983884396229E-01,  3.868824104539483E-03,  1.390911169147994E-02, -1.886868746502799E-02, -2.817771224269899E-03,
2460244.500000000, A.D. 2023-Oct-27 00:00:00.0000, -3.061705241700963E-01, -3.308453385522979E-01,  1.046252859476385E-03,  1.493212092093416E-02, -1.781880656070688E-02, -2.825808632131455E-03,
2460245.500000000, A.D. 2023-Oct-28 00:00:00.0000, -2.907550711222613E-01, -3.481237536108389E-01, -1.779727698812812E-03,  1.588760442490315E-02, -1.673217052023362E-02, -2.824648621728420E-03,
2460246.500000000, A.D. 2023-Oct-29 00:00:00.0000, -2.744175350615922E-01, -3.642984834612469E-01, -4.600091334127978E-03,  1.677642670273173E-02, -1.561193605989138E-02, -2.814628458836228E-03,
2460247.500000000, A.D. 2023-Oct-30 00:00:00.0000, -2.572241689386356E-01, -3.793373810888059E-01, -7.406133953143336E-03,  1.759939268517892E-02, -1.446095882066909E-02, -2.796055341184555E-03,
2460248.500000000, A.D. 2023-Oct-31 00:00:00.0000, -2.392404585963906E-01, -3.932110193455235E-01, -1.018944409535421E-02,  1.835722880675796E-02, -1.328182854639492E-02, -2.769207537124345E-03,
2460249.500000000, A.D. 2023-Nov-01 00:00:00.0000, -2.205312092913448E-01, -4.058924416065887E-01, -1.294187462040950E-02,  1.905056745786930E-02, -1.207690179814818E-02, -2.734335632966113E-03,
2460250.500000000, A.D. 2023-Nov-02 00:00:00.0000, -2.011606463658686E-01, -4.173569440028064E-01, -1.565551567784087E-02,  1.967993412530909E-02, -1.084833243288376E-02, -2.691663844196872E-03,
2460251.500000000, A.D. 2023-Nov-03 00:00:00.0000, -1.811925276784827E-01, -4.275818871210459E-01, -1.832266900646710E-02,  2.024573664981624E-02, -9.598100106100965E-03, -2.641391359403915E-03,
2460252.500000000, A.D. 2023-Nov-04 00:00:00.0000, -1.606902659173589E-01, -4.365465353353800E-01, -2.093582358527377E-02,  2.074825613155193E-02, -8.328037078409971E-03, -2.583693696746888E-03,
2460253.500000000, A.D. 2023-Nov-05 00:00:00.0000, -1.397170593468170E-01, -4.442319222181274E-01, -2.348763264205992E-02,  2.118763910153014E-02, -7.039853618232620E-03, -2.518724061823094E-03,
2460254.500000000, A.D. 2023-Nov-06 00:00:00.0000, -1.183360298802937E-01, -4.506207407764711E-01, -2.597089201884089E-02,  2.156389065168230E-02, -5.735162300803532E-03, -2.446614703267458E-03,
2460255.500000000, A.D. 2023-Nov-07 00:00:00.0000, -9.661036764749747E-02, -4.556972575635124E-01, -2.837851989262098E-02,  2.187686828094020E-02, -4.415501509491584E-03, -2.367478268841719E-03,
2460256.500000000, A.D. 2023-Nov-08 00:00:00.0000, -7.460348143699350E-02, -4.594472500213771E-01, -3.070353785579391E-02,  2.212627627181163E-02, -3.082358451010843E-03, -2.281409170457342E-03,
2460257.500000000, A.D. 2023-Nov-09 00:00:00.0000, -5.237915455477844E-02, -4.618579667287083E-01, -3.293905337153712E-02,  2.231166046362803E-02, -1.737192002638419E-03, -2.188484971854469E-03,
2460258.500000000, A.D. 2023-Nov-10 00:00:00.0000, -3.000170574880965E-02, -4.629181105470502E-01, -3.507824363585620E-02,  2.243240333710855E-02, -3.814557180520052E-04, -2.088767817798827E-03,
2460259.500000000, A.D. 2023-Nov-11 00:00:00.0000, -7.536154911132854E-03, -4.626178449925523E-01, -3.711434089940618E-02,  2.248771937223090E-02,  9.833786705029514E-04, -1.982305928908204E-03,
2460260.500000000, A.D. 2023-Nov-12 00:00:00.0000,  1.495160671675270E-02, -4.609488245039230E-01, -3.904061932908380E-02,  2.247665068978579E-02,  2.355796901902922E-03, -1.869135191810861E-03,
2460261.500000000, A.D. 2023-Nov-13 00:00:00.0000,  3.739464214550310E-02, -4.579042496377475E-01, -4.085038352210842E-02,  2.239806303868928E-02,  3.734216618610258E-03, -1.749280880491412E-03,
2460262.500000000, A.D. 2023-Nov-14 00:00:00.0000,  5.972479044694282E-02, -4.534789486012867E-01, -4.253695882455761E-02,  2.225064224859574E-02,  5.116960192504535E-03, -1.622759551611822E-03,
2460263.500000000, A.D. 2023-Nov-15 00:00:00.0000,  8.187248532260921E-02, -4.476694869335613E-01, -4.409368365298172E-02,  2.203289133332468E-02,  6.502225531731604E-03, -1.489581164521229E-03,
2460264.500000000, A.D. 2023-Nov-16 00:00:00.0000,  1.037665712071427E-01, -4.404743075701312E-01, -4.551390407289149E-02,  2.174312850817447E-02,  7.888054431522922E-03, -1.349751485800745E-03,
2460265.500000000, A.D. 2023-Nov-17 00:00:00.0000,  1.253341179898303E-01, -4.318939039765802E-01, -4.679097095290823E-02,  2.137948647687295E-02,  9.272298006925696E-03, -1.203274848734067E-03,
2460266.500000000, A.D. 2023-Nov-18 00:00:00.0000,  1.465002358474946E-01, -4.219310295096109E-01, -4.791824008968537E-02,  2.093991345574868E-02,  1.065257872228475E-02, -1.050157350240323E-03,
2460267.500000000, A.D. 2023-Nov-19 00:00:00.0000,  1.671878922151207E-01, -4.105909466593539E-01, -4.888907578804867E-02,  2.042217653830816E-02,  1.202624851443774E-02, -8.904105817046636E-04,
2460268.500000000, A.D. 2023-Nov-20 00:00:00.0000,  1.873177336034294E-01, -3.978817203345619E-01, -4.969685848495003E-02,  1.982386816796125E-02,  1.339034249870218E-02, -7.240560058801587E-04,
2460269.500000000, A.D. 2023-Nov-21 00:00:00.0000,  2.068079158368218E-01, -3.838145598605812E-01, -5.033499712663370E-02,  1.914241668585400E-02,  1.474152775560397E-02, -5.511301095825960E-04,
2460270.500000000, A.D. 2023-Nov-22 00:00:00.0000,  2.255739473683908E-01, -3.684042148471910E-01, -5.079694714758897E-02,  1.837510216068396E-02,  1.607604673132278E-02, -3.716904810435558E-04,
2460271.500000000, A.D. 2023-Nov-23 00:00:00.0000,  2.435285516747407E-01, -3.516694305172952E-01, -5.107623505878717E-02,  1.751907899396919E-02,  1.738965485887862E-02, -1.858229810234927E-04,
2460272.500000000, A.D. 2023-Nov-24 00:00:00.0000,  2.605815563915819E-01, -3.336334684207788E-01, -5.116649083203961E-02,  1.657140713276407E-02,  1.867755213750689E-02,  6.349802821000063E-06,
2460273.500000000, A.D. 2023-Nov-25 00:00:00.0000,  2.766398188752963E-01, -3.143246986232371E-01, -5.106148946650099E-02,  1.552909411562037E-02,  1.993430861747238E-02,  2.046586098455197E-04,
2460274.500000000, A.D. 2023-Nov-26 00:00:00.0000,  2.916072003214231E-01, -2.937772693630336E-01, -5.075520333981044E-02,  1.438915062634587E-02,  2.115378405671209E-02,  4.088758450504191E-04,
2460275.500000000, A.D. 2023-Nov-27 00:00:00.0000,  3.053846034905389E-01, -2.720318596845526E-01, -5.024186717447160E-02,  1.314866272705142E-02,  2.232904248233610E-02,  6.187019714390832E-04,
2460276.500000000, A.D. 2023-Nov-28 00:00:00.0000,  3.178700925259706E-01, -2.491365195102068E-01, -4.951605767962593E-02,  1.180488446989840E-02,  2.345226305148288E-02,  8.337497307363273E-04,
2460277.500000000, A.D. 2023-Nov-29 00:00:00.0000,  3.289591173121262E-01, -2.251475997863423E-01, -4.857279014266262E-02,  1.035535511256796E-02,  2.451464951895369E-02,  1.053525993495456E-03,
2460278.500000000, A.D. 2023-Nov-30 00:00:00.0000,  3.385448692885196E-01, -2.001307724454805E-01, -4.740763441837940E-02,  8.798045628755963E-03,  2.550634184793162E-02,  1.277411097278725E-03,
2460279.500000000, A.D. 2023-Dec-01 00:00:00.0000,  3.465188005014015E-01, -1.741621356194086E-01, -4.601685285776706E-02,  7.131539521319992E-03,  2.641633511287171E-02,  1.504635634379755E-03,
2460280.500000000, A.D. 2023-Dec-02 00:00:00.0000,  3.527713427286259E-01, -1.473293933984129E-01, -4.439756268033530E-02,  5.355252975985806E-03,  2.723241290264451E-02,  1.734254816042214E-03,
2460281.500000000, A.D. 2023-Dec-03 00:00:00.0000,  3.571928683761070E-01, -1.197330909923237E-01, -4.254792505023079E-02,  3.469698943339584E-03,  2.794110497748511E-02,  1.965120789439977E-03,
2460282.500000000, A.D. 2023-Dec-04 00:00:00.0000,  3.596749389096157E-01, -9.148787492128774E-02, -4.046736257175115E-02,  1.476798542109976E-03,  2.852768195667853E-02,  2.195853640342883E-03,
2460283.500000000, A.D. 2023-Dec-05 00:00:00.0000,  3.601118889459825E-01, -6.272373340973750E-02, -3.815680595512128E-02, -6.197591011244579E-04,  2.897620321752585E-02,  2.424812301474461E-03,
2460284.500000000, A.D. 2023-Dec-06 00:00:00.0000,  3.584027935026537E-01, -3.358715420215220E-02, -3.561896907877111E-02, -2.814111224826359E-03,  2.926963772731836E-02,  2.650067221221836E-03,
2460285.500000000, A.D. 2023-Dec-07 00:00:00.0000,  3.544538605923041E-01, -4.242115634083524E-03, -3.285864943947561E-02, -5.097778347533352E-03,  2.939008075112704E-02,  2.869377431629116E-03,
2460286.500000000, A.D. 2023-Dec-08 00:00:00.0000,  3.481812792365097E-01,  2.512919735646322E-02, -2.988304789725965E-02, -7.459200026297862E-03,  2.931909153106012E-02,  3.080175561737841E-03,
2460287.500000000, A.D. 2023-Dec-09 00:00:00.0000,  3.395145316561828E-01,  5.432608591708874E-02, -2.670209759717360E-02, -9.883276197193078E-03,  2.903817701917757E-02,  3.279565298599454E-03,
2460288.500000000, A.D. 2023-Dec-10 00:00:00.0000,  3.284001454878945E-01,  8.312959594472243E-02, -2.332878699993807E-02, -1.235095349309051E-02,  2.852944311478633E-02,  3.464336662429065E-03,
2460289.500000000, A.D. 2023-Dec-11 00:00:00.0000,  3.148058155609406E-01,  1.113035174957584E-01, -1.977945627564714E-02, -1.483890985353566E-02,  2.777642591496464E-02,  3.631005008396329E-03,
2460290.500000000, A.D. 2023-Dec-12 00:00:00.0000,  2.987247646771596E-01,  1.385963049169822E-01, -1.607404037750475E-02, -1.731940395152878E-02,  2.676509960635561E-02,  3.775879581427651E-03,
2460291.500000000, A.D. 2023-Dec-13 00:00:00.0000,  2.801801411685609E-01,  1.647440830603561E-01, -1.223622673302677E-02, -1.976036526212425E-02,  2.548503380159353E-02,  3.895166356461561E-03,
2460292.500000000, A.D. 2023-Dec-14 00:00:00.0000,  2.592291737715994E-01,  1.894748626327351E-01, -8.293491863492394E-03, -2.212580163658270E-02,  2.393064178854228E-02,  3.985107431139822E-03,
2460293.500000000, A.D. 2023-Dec-15 00:00:00.0000,  2.359667322606793E-01,  2.125140113750418E-01, -4.276980869393137E-03, -2.437658912195643E-02,  2.210242511599058E-02,  4.042155180269206E-03,
2460294.500000000, A.D. 2023-Dec-16 00:00:00.0000,  2.105278906980788E-01,  2.335909153209241E-01, -2.211981770823102E-04, -2.647167933816413E-02,  2.000808505535296E-02,  4.063173831379737E-03,
2460295.500000000, A.D. 2023-Dec-17 00:00:00.0000,  1.830890774118493E-01,  2.524466212303660E-01,  3.836511528513801E-03, -2.836971158278310E-02,  1.766334661863864E-02,  4.045654673405887E-03,
2460296.500000000, A.D. 2023-Dec-18 00:00:00.0000,  1.538674393709975E-01,  2.688420926459997E-01,  7.856696300100592E-03, -3.003095345067045E-02,  1.509233642296730E-02,  3.987924937994039E-03,
2460297.500000000, A.D. 2023-Dec-19 00:00:00.0000,  1.231181594043228E-01,  2.825665631426125E-01,  1.179872564076090E-02, -3.141942484363718E-02,  1.232738080268077E-02,  3.889326124124523E-03,
2460298.500000000, A.D. 2023-Dec-20 00:00:00.0000,  9.112964095141979E-02,  2.934453631548440E-01,  1.562187179587286E-02, -3.250500110601784E-02,  9.408148776526288E-03,  3.750336868908241E-03,
2460299.500000000, A.D. 2023-Dec-21 00:00:00.0000,  5.821669820676038E-02,  3.013465625232362E-01,  1.928647721797766E-02, -3.326525910568753E-02,  6.380150398729758E-03,  3.572619561499906E-03,
2460300.500000000, A.D. 2023-Dec-22 00:00:00.0000,  2.471212490884431E-02,  3.061858304063585E-01,  2.275512507031533E-02, -3.368683922321034E-02,  3.292699312605907E-03,  3.358978768068076E-03,
2460301.500000000, A.D. 2023-Dec-23 00:00:00.0000, -9.042781525669551E-03,  3.079290690430828E-01,  2.599372362702789E-02, -3.376615060825480E-02,  1.965367244116076E-04,  3.113231749310516E-03,
2460302.500000000, A.D. 2023-Dec-24 00:00:00.0000, -4.270803428262158E-02,  3.065926065923136E-01,  2.897242223918935E-02, -3.350933794056356E-02, -2.858629882471948E-03,  2.840004272496977E-03,
2460303.500000000, A.D. 2023-Dec-25 00:00:00.0000, -7.595437512989690E-02,  3.022409963804993E-01,  3.166629534327837E-02, -3.293153516484323E-02, -5.826410790696317E-03,  2.544475506204057E-03,
2460304.500000000, A.D. 2023-Dec-26 00:00:00.0000, -1.084716378479787E-01,  2.949827165182716E-01,  3.405575815767280E-02, -3.205553018842505E-02, -8.665617505847264E-03,  2.232101622447026E-03,
2460305.500000000, A.D. 2023-Dec-27 00:00:00.0000, -1.399755601753745E-01,  2.849642517002742E-01,  3.612670786050855E-02, -3.091003281716371E-02, -1.134159775780048E-02,  1.908347826604493E-03,
2460306.500000000, A.D. 2023-Dec-28 00:00:00.0000, -1.702127565857896E-01,  2.723631416176583E-01,  3.787041162169092E-02, -2.952776496479183E-02, -1.382696543552414E-02,  1.578453532304992E-03,
2460307.500000000, A.D. 2023-Dec-29 00:00:00.0000, -1.989637794327844E-01,  2.573805929960197E-01,  3.928318363095682E-02, -2.794357847200822E-02, -1.610175437331226E-02,  1.247247152373744E-03,
2460308.500000000, A.D. 2023-Dec-30 00:00:00.0000, -2.260443815234748E-01,  2.402341891687346E-01,  4.036590512425654E-02, -2.619276253550419E-02, -1.815308879678941E-02,  9.190177807615214E-04,
2460309.500000000, A.D. 2023-Dec-31 00:00:00.0000, -2.513052268720730E-01,  2.211511182484307E-01,  4.112344445123710E-02, -2.430964501596955E-02, -1.997449841578869E-02,  5.974428701756969E-04,
2460310.500000000, A.D. 2024-Jan-01 00:00:00.0000, -2.746303712623295E-01,  2.003622070373813E-01,  4.156403015048205E-02, -2.232653409666129E-02, -2.156501389854854E-02,  2.855650755867062E-04,
2460311.500000000, A.D. 2024-Jan-02 00:00:00.0000, -2.959348556859737E-01,  1.780969171894339E-01,  4.169862129044737E-02, -2.027299890146043E-02, -2.292816551482642E-02, -1.419189834341200E-05,
2460312.500000000, A.D. 2024-Jan-03 00:00:00.0000, -3.151617364292099E-01,  1.545793491766716E-01,  4.154030849646820E-02, -1.817545444221799E-02, -2.407098279445001E-02, -2.999796184744414E-04,
2460313.500000000, A.D. 2024-Jan-04 00:00:00.0000, -3.322788305945817E-01,  1.300252162096628E-01,  4.110376814212013E-02, -1.605699787540849E-02, -2.500306404016259E-02, -5.704639018501360E-04,
2460314.500000000, A.D. 2024-Jan-05 00:00:00.0000, -3.472753988991853E-01,  1.046396954097929E-01,  4.040478247742915E-02, -1.393743694977553E-02, -2.573575717086886E-02, -8.247552638608060E-04,
2460315.500000000, A.D. 2024-Jan-06 00:00:00.0000, -3.601589291694254E-01,  7.861603378953620E-02,  3.945983067722505E-02, -1.183345404174143E-02, -2.628147086048211E-02, -1.062337577646300E-03,
2460316.500000000, A.D. 2024-Jan-07 00:00:00.0000, -3.709521308291276E-01,  5.213477640049428E-02,  3.828575008700663E-02, -9.758856702939687E-03, -2.665311840558294E-02, -1.282999645004848E-03,
2460317.500000000, A.D. 2024-Jan-08 00:00:00.0000, -3.796902063483137E-01,  2.536348742420745E-02,  3.689946315669251E-02, -7.724875298276224E-03, -2.686368594301142E-02, -1.486772609989945E-03,
2460318.500000000, A.D. 2024-Jan-09 00:00:00.0000, -3.864184311457562E-01, -1.543153257881660E-03,  3.531776335166542E-02, -5.740478113400394E-03, -2.692591056306663E-02, -1.673874750947308E-03,
2460319.500000000, A.D. 2024-Jan-10 00:00:00.0000, -3.911900483276694E-01, -2.844297950431154E-02,  3.355715233271393E-02, -3.812683103855496E-03, -2.685205130934601E-02, -1.844664171412863E-03,
2460320.500000000, A.D. 2024-Jan-11 00:00:00.0000, -3.940644675854000E-01, -5.520577859688453E-02,  3.163372054183348E-02, -1.946852720931570E-03, -2.665373587253406E-02, -1.999599229111637E-03,
2460321.500000000, A.D. 2024-Jan-12 00:00:00.0000, -3.951057469562170E-01, -8.171260874430553E-02,  2.956306371803654E-02, -1.469638748089290E-04, -2.634186703012013E-02, -2.139206128015065E-03,
2460322.500000000, A.D. 2024-Jan-13 00:00:00.0000, -3.943813303882706E-01, -1.078550469846162E-01,  2.736022856439632E-02,  1.584150784293586E-03, -2.592657485902321E-02, -2.264052881898665E-03,
2460323.500000000, A.D. 2024-Jan-14 00:00:00.0000, -3.919610117535514E-01, -1.335344072008216E-01,  2.503968162808808E-02,  3.244591230436794E-03, -2.541720297957405E-02, -2.374728778250737E-03,
2460324.500000000, A.D. 2024-Jan-15 00:00:00.0000, -3.879160959914280E-01, -1.586609573311323E-01,  2.261529632767893E-02,  4.833207174752000E-03, -2.482231928338851E-02, -2.471828480030933E-03,
2460325.500000000, A.D. 2024-Jan-16 00:00:00.0000, -3.823187295729600E-01, -1.831531563258034E-01,  2.010035389723575E-02,  6.349441913424076E-03, -2.414974359223026E-02, -2.555939963375511E-03,
2460326.500000000, A.D. 2024-Jan-17 00:00:00.0000, -3.752413748185342E-01, -2.069369247347654E-01,  1.750755477658206E-02,  7.793200312585349E-03, -2.340658641708499E-02, -2.627635576410162E-03,
2460327.500000000, A.D. 2024-Jan-18 00:00:00.0000, -3.667564053352863E-01, -2.299449577196766E-01,  1.484903764382928E-02,  9.164738109106266E-03, -2.259929441944334E-02, -2.687465600976658E-03,
2460328.500000000, A.D. 2024-Jan-19 00:00:00.0000, -3.569358026711032E-01, -2.521160854870195E-01,  1.213640385624733E-02,  1.046456971805917E-02, -2.173369933536714E-02, -2.735953794831817E-03,
2460329.500000000, A.D. 2024-Jan-20 00:00:00.0000, -3.458509370231367E-01, -2.733946833759398E-01,  9.380745542798413E-03,  1.169339189128857E-02, -2.081506803843310E-02, -2.773594480784345E-03,
2460330.500000000, A.D. 2024-Jan-21 00:00:00.0000, -3.335724173832672E-01, -2.937301318809482E-01,  6.592675984741264E-03,  1.285202080233789E-02, -1.984815212708563E-02, -2.800850828386596E-03,
2460331.500000000, A.D. 2024-Jan-22 00:00:00.0000, -3.201699987968950E-01, -3.130763255578927E-01,  3.782361239982980E-03,  1.394134039749328E-02, -1.883723596218154E-02, -2.818154042222337E-03,
2460332.500000000, A.D. 2024-Jan-23 00:00:00.0000, -3.057125364361691E-01, -3.313912288997736E-01,  9.595522230232467E-04,  1.496226012298532E-02, -1.778618248527223E-02, -2.825903228718536E-03,
2460333.500000000, A.D. 2024-Jan-24 00:00:00.0000, -2.902679779477468E-01, -3.486364767565091E-01, -1.866383344447668E-03,  1.591568039752897E-02, -1.669847644659628E-02, -2.824465761586498E-03,
2460334.500000000, A.D. 2024-Jan-25 00:00:00.0000, -2.739033870447182E-01, -3.647770166158826E-01, -4.686429537801331E-03,  1.680246443803779E-02, -1.557726488816497E-02, -2.814178005589963E-03,
2460335.500000000, A.D. 2024-Jan-26 00:00:00.0000, -2.566849925954156E-01, -3.797807899898338E-01, -7.491891690451817E-03,  1.762341526020618E-02, -1.442539488146392E-02, -2.795346290560886E-03,
2460336.500000000, A.D. 2024-Jan-27 00:00:00.0000, -2.386782585440057E-01, -3.936184502068942E-01, -1.027436691884865E-02,  1.837925686362570E-02, -1.324544862689671E-02, -2.768248053621103E-03,
2460337.500000000, A.D. 2024-Jan-28 00:00:00.0000, -2.199479709046008E-01, -4.062631140578105E-01, -1.302571584757921E-02,  1.907061877406233E-02, -1.203977609549545E-02, -2.733133088508274E-03,
2460338.500000000, A.D. 2024-Jan-29 00:00:00.0000, -2.005583388262159E-01, -4.176901449480177E-01, -1.573803561828676E-02,  1.969802325545326E-02, -1.081052544217446E-02, -2.690224857714862E-03,
2460339.500000000, A.D. 2024-Jan-30 00:00:00.0000, -1.805731073520217E-01, -4.278769654568022E-01, -1.840363422881942E-02,  2.026187462362439E-02, -9.559671451239780E-03, -2.639721836661747E-03,
2460340.500000000, A.D. 2024-Jan-31 00:00:00.0000, -1.600556800121352E-01, -4.368028974743458E-01, -2.101500622390036E-02,  2.076245019542343E-02, -8.289042294562701E-03, -2.581798870055206E-03,
2460341.500000000, A.D. 2024-Feb-01 00:00:00.0000, -1.390692498110089E-01, -4.444490283748083E-01, -2.356480974336962E-02,  2.119989249365140E-02, -7.000344894992381E-03, -2.516608529513292E-03,
2460342.500000000, A.D. 2024-Feb-02 00:00:00.0000, -1.176769375120140E-01, -4.507981019803437E-01, -2.604584492696342E-02,  2.157420240249511E-02, -5.695189195383612E-03, -2.444282468996963E-03,
2460343.500000000, A.D. 2024-Feb-03 00:00:00.0000, -9.594193639416713E-02, -4.558344333742972E-01, -2.845103367439881E-02,  2.188523303260300E-02, -4.375111639410630E-03, -2.364932780962958E-03,
2460344.500000000, A.D. 2024-Feb-04 00:00:00.0000, -7.392766286782093E-02, -4.595438469307424E-01, -3.077340076532590E-02,  2.213268411185025E-02, -3.041598175882909E-03, -2.278653361827546E-03,
2460345.500000000, A.D. 2024-Feb-05 00:00:00.0000, -5.169791249394894E-02, -4.619136372423888E-01, -3.300605635496144E-02,  2.231609676942260E-02, -1.696107104865249E-03, -2.185521300601147E-03,
2460346.500000000, A.D. 2024-Feb-06 00:00:00.0000, -2.931702105964381E-02, -4.629325529512838E-01, -3.514217987764294E-02,  2.243484862925719E-02, -3.400920924673232E-04, -2.085598309695242E-03,
2460347.500000000, A.D. 2024-Feb-07 00:00:00.0000, -6.850030422736689E-03, -4.625908038189497E-01, -3.717500541215901E-02,  2.248814917622849E-02,  1.024974307646694E-03, -1.978932222162357E-03,
2460348.500000000, A.D. 2024-Feb-08 00:00:00.0000,  1.563714114898688E-02, -4.608800917174875E-01, -3.909780858973304E-02,  2.247503540692233E-02,  2.397576273774572E-03, -1.865558585236850E-03,
2460349.500000000, A.D. 2024-Feb-09 00:00:00.0000,  3.807752445587650E-02, -4.577936665838544E-01, -4.090389515844076E-02,  2.239436782867434E-02,  3.776129107093391E-03, -1.745502386219740E-03,
2460350.500000000, A.D. 2024-Feb-10 00:00:00.0000,  6.040292106563502E-02, -4.533264087591188E-01, -4.258659135728730E-02,  2.224482692822943E-02,  5.158952003932736E-03, -1.618779953711499E-03,
2460351.500000000, A.D. 2024-Feb-11 00:00:00.0000,  8.254372179113906E-02, -4.474749395358604E-01, -4.413923630006466E-02,  2.202491029764597E-02,  6.544238796338381E-03, -1.485401085157256E-03,
2460352.500000000, A.D. 2024-Feb-12 00:00:00.0000,  1.044287227298232E-01, -4.402377621622289E-01, -4.555517662454947E-02,  2.173293068302305E-02,  7.930026223118775E-03, -1.345371460841671E-03,
2460353.500000000, A.D. 2024-Feb-13 00:00:00.0000,  1.259849399583284E-01, -4.316154360015434E-01, -4.682776372790824E-02,  2.136701531481267E-02,  9.314159268562253E-03, -1.198695415061780E-03,
2460354.500000000, A.D. 2024-Feb-14 00:00:00.0000,  1.471374243893238E-01, -4.216107870209148E-01, -4.795035398586311E-02,  2.092510699094941E-02,  1.069425308300121E-02, -1.045379147403138E-03,
2460355.500000000, A.D. 2024-Feb-15 00:00:00.0000,  1.678090788346302E-01, -4.102291582776599E-01, -4.891631244292192E-02,  2.040496752041578E-02,  1.206765098172427E-02, -8.854344709989050E-04,
2460356.500000000, A.D. 2024-Feb-16 00:00:00.0000,  1.879204800064946E-01, -3.974787045806225E-01, -4.971902056559985E-02,  1.980418430036760E-02,  1.343137801122578E-02, -7.188832104462719E-04,
2460357.500000000, A.D. 2024-Feb-17 00:00:00.0000,  2.073897090590004E-01, -3.833707360115549E-01, -5.035188877188993E-02,  1.912018100029016E-02,  1.478208958125965E-02, -5.457623796564265E-04,
2460358.500000000, A.D. 2024-Feb-18 00:00:00.0000,  2.261321953620330E-01, -3.679201154779566E-01, -5.080837458999353E-02,  1.835023356788741E-02,  1.611601469712156E-02, -3.661302891026048E-04,
2460359.500000000, A.D. 2024-Feb-19 00:00:00.0000,  2.440605795548189E-01, -3.511457159005673E-01, -5.108200745885987E-02,  1.749149305949731E-02,  1.742889340200646E-02, -1.800737521914735E-04,
2460360.500000000, A.D. 2024-Feb-20 00:00:00.0000,  2.610846035944200E-01, -3.330709429682931E-01, -5.116642136304335E-02,  1.654101713798734E-02,  1.871590817167945E-02,  1.228341913538249E-05,
2460361.500000000, A.D. 2024-Feb-21 00:00:00.0000,  2.771110375506008E-01, -3.137243295526420E-01, -5.105539669416039E-02,  1.549581247659613E-02,  1.997160921625186E-02,  2.107704205553495E-04,
2460362.500000000, A.D. 2024-Feb-22 00:00:00.0000,  2.920436553577453E-01, -2.931402077681743E-01, -5.074291294816848E-02,  1.435289075757548E-02,  2.118983396675643E-02,  4.151577393367862E-04,
2460363.500000000, A.D. 2024-Feb-23 00:00:00.0000,  3.057832746690214E-01, -2.713594641661656E-01, -5.022321409605456E-02,  1.310934145274427E-02,  2.236362149589631E-02,  6.251434850359640E-04,
2460364.500000000, A.D. 2024-Feb-24 00:00:00.0000,  3.182278794079654E-01, -2.484303824838804E-01, -4.949088869494282E-02,  1.176242510160904E-02,  2.348512329041472E-02,  8.403375419417918E-04,
2460365.500000000, A.D. 2024-Feb-25 00:00:00.0000,  3.292728475930635E-01, -2.244095765174153E-01, -4.854096702018414E-02,  1.030969132766475E-02,  2.454551271391202E-02,  1.060243345436434E-03,
2460366.500000000, A.D. 2024-Feb-26 00:00:00.0000,  3.388113114916211E-01, -1.993630127569001E-01, -4.736903767059905E-02,  8.749126296996829E-03,  2.553489673830753E-02,  1.284237143207862E-03,
2460367.500000000, A.D. 2024-Feb-27 00:00:00.0000,  3.467346820361633E-01, -1.733671180669126E-01, -4.597138619040635E-02,  7.079334633567032E-03,  2.644223514747790E-02,  1.511544706616331E-03,
2460368.500000000, A.D. 2024-Feb-28 00:00:00.0000,  3.529333744921136E-01, -1.465099614942809E-01, -4.434515820835055E-02,  5.299760824936398E-03,  2.725527448986670E-02,  1.741215625169077E-03,
2460369.500000000, A.D. 2024-Feb-29 00:00:00.0000,  3.572977772158677E-01, -1.188924907696001E-01, -4.248854934351035E-02,  3.410954684290530E-03,  2.796050661734046E-02,  1.972095569218801E-03,
2460370.500000000, A.D. 2024-Mar-01 00:00:00.0000,  3.597195093733928E-01, -9.062979275020293E-02, -4.040102357204178E-02,  1.414884213174440E-03,  2.854316468474974E-02,  2.202797266239246E-03,
2460371.500000000, A.D. 2024-Mar-02 00:00:00.0000,  3.600930157832357E-01, -6.185233249516132E-02, -3.808356076987489E-02, -6.847031065259307E-04,  2.898727289747935E-02,  2.431671427350031E-03,
2460372.500000000, A.D. 2024-Mar-03 00:00:00.0000,  3.583175463117386E-01, -3.270710760054184E-02, -3.553893260279291E-02, -2.881873377888476E-03,  2.927576983475273E-02,  2.656779500025110E-03,
2460373.500000000, A.D. 2024-Mar-04 00:00:00.0000,  3.542995617676596E-01, -3.358632939205277E-03, -3.277200367693671E-02, -5.168062242340468E-03,  2.939072837938678E-02,  2.875870911548832E-03,
2460374.500000000, A.D. 2024-Mar-05 00:00:00.0000,  3.479555958932922E-01,  2.601035326681542E-02, -2.979005175100767E-02, -7.531610296974396E-03,  2.931369739206843E-02,  3.086368377919137E-03,
2460375.500000000, A.D. 2024-Mar-06 00:00:00.0000,  3.392155814207683E-01,  5.519859644238945E-02, -2.660309675769764E-02, -9.957305063134933E-03,  2.902619017096297E-02,  3.285365809097954E-03,
2460376.500000000, A.D. 2024-Mar-07 00:00:00.0000,  3.280266148735163E-01,  8.398660365817578E-02, -2.322422340535679E-02, -1.242596930857694E-02,  2.851034097390170E-02,  3.469644200204723E-03,
2460377.500000000, A.D. 2024-Mar-08 00:00:00.0000,  3.143570880582949E-01,  1.121376677997285E-01, -1.966987643596136E-02, -1.491414946191752E-02,  2.774974175394875E-02,  3.635711430721492E-03,
2460378.500000000, A.D. 2024-Mar-09 00:00:00.0000,  2.982010536982255E-01,  1.393998178082984E-01, -1.596010167976969E-02, -1.739397100865508E-02,  2.673045514967825E-02,  3.779871783508059E-03,
2460379.500000000, A.D. 2024-Mar-10 00:00:00.0000,  2.795826207017024E-01,  1.655088595744094E-01, -1.211870069905303E-02, -1.983323688439388E-02,  2.544217570332441E-02,  3.898329865651518E-03,
2460380.500000000, A.D. 2024-Mar-11 00:00:00.0000,  2.585600972812355E-01,  1.901926288155206E-01, -8.173263259248902E-03, -2.219584560213993E-02,  2.387947974300633E-02,  3.987331102096195E-03,
2460381.500000000, A.D. 2024-Mar-12 00:00:00.0000,  2.352295283874829E-01,  2.131764998281296E-01, -4.155041613400607E-03, -2.444259326342170E-02,  2.204306824464445E-02,  4.043336866658532E-03,
2460382.500000000, A.D. 2024-Mar-13 00:00:00.0000,  2.097272232043554E-01,  2.341900805028021E-01, -9.863520908252813E-05, -2.653239361454384E-02,  1.994087225133912E-02,  4.063226725580935E-03,
2460383.500000000, A.D. 2024-Mar-14 00:00:00.0000,  1.822308571360878E-01,  2.529748800708384E-01,  3.958534849569961E-03, -2.842390162343985E-02,  1.758886601568208E-02,  4.044513808155031E-03,
2460384.500000000, A.D. 2024-Mar-15 00:00:00.0000,  1.529587781706777E-01,  2.692925772447671E-01,  7.976965105134983E-03, -3.007746231557389E-02,  1.501142940035679E-02,  3.985553176118796E-03,
2460385.500000000, A.D. 2024-Mar-16 00:00:00.0000,  1.221672603549761E-01,  2.829333682597969E-01,  1.191600387745896E-02, -3.145723772293781E-02,  1.224112715839381E-02,  3.885718877001126E-03,
2460386.500000000, A.D. 2024-Mar-17 00:00:00.0000,  9.014562515417578E-02,  2.937237688552209E-01,  1.573493633432058E-02, -3.253330620300712E-02,  9.317831889950190E-03,  3.745524827741698E-03,
2460387.500000000, A.D. 2024-Mar-18 00:00:00.0000,  5.720937563297473E-02,  3.015332125486326E-01,  1.939415346450259E-02, -3.328349751521153E-02,  6.287204055372628E-03,  3.566668919118270E-03,
2460388.500000000, A.D. 2024-Mar-19 00:00:00.0000,  2.369172355535983E-02,  3.062788500098947E-01,  2.285632144975499E-02, -3.369473753685368E-02,  3.198640791032690E-03,  3.351988732719669E-03,
2460389.500000000, A.D. 2024-Mar-20 00:00:00.0000, -1.006590864201573E-02,  3.079281118481496E-01,  2.608746228862526E-02, -3.376373219511119E-02,  1.028930411484606E-04,  3.105329543088508E-03,
2460390.500000000, A.D. 2024-Mar-21 00:00:00.0000, -4.372370220262984E-02,  3.064988275877288E-01,  2.905786372409483E-02, -3.349691192241144E-02, -2.950394608399843E-03,  2.831338175755819E-03,
2460391.500000000, A.D. 2024-Mar-22 00:00:00.0000, -7.695283865762088E-02,  3.020569560346661E-01,  3.174275565470252E-02, -3.290966531407181E-02, -5.914959321230107E-03,  2.535206768558883E-03,
2460392.500000000, A.D. 2024-Mar-23 00:00:00.0000, -1.094438240495186E-01,  2.947122277397125E-01,  3.412271755753326E-02, -3.202498858569253E-02, -8.749789046398400E-03,  2.222396155936295E-03,
2460393.500000000, A.D. 2024-Mar-24 00:00:00.0000, -1.409132495223409E-01,  2.846121858901400E-01,  3.618381160757341E-02, -3.087174459216847E-02, -1.142043991356083E-02,  1.898368521559457E-03,
2460394.500000000, A.D. 2024-Mar-25 00:00:00.0000, -1.711087071238780E-01,  2.719352118609706E-01,  3.791746361239410E-02, -2.948275064760653E-02, -1.389974811619441E-02,  1.568353831057721E-03,
2460395.500000000, A.D. 2024-Mar-26 00:00:00.0000, -1.998117945157035E-01,  2.568831316747699E-01,  3.932013440657555E-02, -2.789289959559256E-02, -1.616796750873205E-02,  1.237166245808398E-03,
2460396.500000000, A.D. 2024-Mar-27 00:00:00.0000, -2.268393265474403E-01,  2.396739345843136E-01,  4.039283593659780E-02, -2.613747456531779E-02, -1.821242724618319E-02,  9.090775248426108E-04,
2460397.500000000, A.D. 2024-Mar-28 00:00:00.0000, -2.520430036324822E-01,  2.205350210639891E-01,  4.114054906228418E-02, -2.425075990328246E-02, -2.002683810226869E-02,  5.877463032989663E-04,
2460398.500000000, A.D. 2024-Mar-29 00:00:00.0000, -2.753078600166302E-01,  1.996972633122105E-01,  4.157159584521734E-02, -2.226499313425341E-02, -2.161038310940873E-02,  2.761962766443014E-04,
2460399.500000000, A.D. 2024-Mar-30 00:00:00.0000, -2.965498350314886E-01,  1.773900311006187E-01,  4.169701028354118E-02, -2.020965532655445E-02, -2.296671472023001E-02, -2.316693638301476E-05,
2460400.500000000, A.D. 2024-Mar-31 00:00:00.0000, -3.157127901223301E-01,  1.538372255740607E-01,  4.152994058213290E-02, -1.811106445205024E-02, -2.410295550989652E-02, -3.085114285104716E-04,
2460401.500000000, A.D. 2024-Apr-01 00:00:00.0000, -3.327652488896208E-01,  1.292542810581268E-01,  4.108510512324450E-02, -1.599221835569164E-02, -2.502877039983641E-02, -5.785175884507255E-04,
2460402.500000000, A.D. 2024-Apr-02 00:00:00.0000, -3.476970802393240E-01,  1.038460408954571E-01,  4.037831464542794E-02, -1.387282816727682E-02, -2.575555112374976E-02, -8.323083899796095E-04,
2460403.500000000, A.D. 2024-Apr-03 00:00:00.0000, -3.605162863784129E-01,  7.780538426409485E-02,  3.942606541024624E-02, -1.176948570744960E-02, -2.629573131244611E-02, -1.069378064919342E-03,
2460404.500000000, A.D. 2024-Apr-04 00:00:00.0000, -3.712460044840357E-01,  5.131247123418707E-02,  3.824520249092720E-02, -9.695916073241637E-03, -2.666223421996018E-02, -1.289523802750863E-03,
2460405.500000000, A.D. 2024-Apr-05 00:00:00.0000, -3.799217868274433E-01,  2.453447706390039E-02,  3.685264858295770E-02, -7.663276275138947E-03, -2.686804445909222E-02, -1.492783360405675E-03,
2460406.500000000, A.D. 2024-Apr-06 00:00:00.0000, -3.865891899490586E-01, -2.374301315248103E-03,  3.526519157758750E-02, -5.680470584117478E-03, -2.692588916302117E-02, -1.679380081779208E-03,
2460407.500000000, A.D. 2024-Apr-07 00:00:00.0000, -3.913016786318367E-01, -2.927206761670005E-02,  3.349932317212821E-02, -3.754462001802548E-03, -2.684801152307227E-02, -1.849675821926374E-03,
2460408.500000000, A.D. 2024-Apr-08 00:00:00.0000, -3.941188335778573E-01, -5.602896104812213E-02,  3.157112065707874E-02, -1.890566481919648E-03, -2.664601952561642E-02, -2.004131598728192E-03,
2460409.500000000, A.D. 2024-Apr-09 00:00:00.0000, -3.951048412435900E-01, -8.252637079580635E-02,  2.949616442010402E-02, -9.272210965982890E-05, -2.633079398784590E-02, -2.143275387481388E-03,
2460410.500000000, A.D. 2024-Apr-10 00:00:00.0000, -3.943272386509744E-01, -1.086561823061325E-01,  2.728948441082175E-02,  1.636270475736277E-03, -2.591244198181777E-02, -2.267676262347901E-03,
2460411.500000000, A.D. 2024-Apr-11 00:00:00.0000, -3.918558837812531E-01, -1.343199947267555E-01,  2.496552965359541E-02,  3.294537307807829E-03, -2.540028397088172E-02, -2.377924012373592E-03,
2460412.500000000, A.D. 2024-Apr-12 00:00:00.0000, -3.877621222544713E-01, -1.594283383015291E-01,  2.253815576801550E-02,  4.880949027296879E-03, -2.480286517319952E-02, -2.474613370539211E-03,
2460413.500000000, A.D. 2024-Apr-13 00:00:00.0000, -3.821181225399148E-01, -1.838999120426145E-01,  2.002062629044914E-02,  6.394965485152374E-03, -2.412798365466548E-02, -2.558332056094955E-03,
2460414.500000000, A.D. 2024-Apr-14 00:00:00.0000, -3.749963543037235E-01, -2.076608553865542E-01,  1.742562434731947E-02,  7.836504403509612E-03, -2.338272936738905E-02, -2.629651918057989E-03,
2460415.500000000, A.D. 2024-Apr-15 00:00:00.0000, -3.664691872413492E-01, -2.306440624932870E-01,  1.476527189474739E-02,  9.205831270281470E-03, -2.257352977438908E-02, -2.689122564555692E-03,
2460416.500000000, A.D. 2024-Apr-16 00:00:00.0000, -3.566085905731355E-01, -2.527885440848512E-01,  1.205115430628190E-02,  1.050346766044935E-02, -2.170619885213320E-02, -2.737266958357977E-03,
2460417.500000000, A.D. 2024-Apr-17 00:00:00.0000, -3.454859161183332E-01, -2.740388389852747E-01,  9.294348565026334E-03,  1.173011533407316E-02, -2.078598717148008E-02, -2.774578547615979E-03,
2460418.500000000, A.D. 2024-Apr-18 00:00:00.0000, -3.331717504008480E-01, -2.943444755911842E-01,  6.505453707149055E-03,  1.288659369348260E-02, -1.981763146149760E-02, -2.801519579671130E-03,
2460419.500000000, A.D. 2024-Apr-19 00:00:00.0000, -3.197358235264131E-01, -3.136594821875570E-01,  3.694622480954473E-03,  1.397378844715635E-02, -1.880540259636480E-02, -2.818520313892606E-03,
2460420.500000000, A.D. 2024-Apr-20 00:00:00.0000, -3.052469645878912E-01, -3.319419441737491E-01,  8.715934401042662E-04,  1.499260959793984E-02, -1.775315134670237E-02, -2.825978907062891E-03,
2460421.500000000, A.D. 2024-Apr-21 00:00:00.0000, -2.897730951070153E-01, -3.491536057617742E-01, -1.954277108643499E-03,  1.594395713188321E-02, -1.666435153223594E-02, -2.824261792708583E-03,
2460422.500000000, A.D. 2024-Apr-22 00:00:00.0000, -2.733812535236472E-01, -3.652595134586983E-01, -4.773983724532447E-03,  1.682869302195954E-02, -1.554214042687067E-02, -2.813704415105419E-03,
2460423.500000000, A.D. 2024-Apr-23 00:00:00.0000, -2.561376450206599E-01, -3.802276985767470E-01, -7.578841317392036E-03,  1.764761837406164E-02, -1.438935641968961E-02, -2.794612210693452E-03,
2460424.500000000, A.D. 2024-Apr-24 00:00:00.0000, -2.381077120493647E-01, -3.940288960746828E-01, -1.036045570249007E-02,  1.840145472995580E-02, -1.320857404171797E-02, -2.767261755505798E-03,
2460425.500000000, A.D. 2024-Apr-25 00:00:00.0000, -2.193562218225619E-01, -4.066362971824830E-01, -1.311069535982440E-02,  1.909082870419494E-02, -1.200213654077495E-02, -2.731902018025369E-03,
2460426.500000000, A.D. 2024-Apr-26 00:00:00.0000, -1.999473677937934E-01, -4.180253334694197E-01, -1.582166448010095E-02,  1.971625927135635E-02, -1.077218623484666E-02, -2.688755673598359E-03,
2460427.500000000, A.D. 2024-Apr-27 00:00:00.0000, -1.799448827639540E-01, -4.281734902627579E-01, -1.848567734273865E-02,  2.027814713890524E-02, -9.520692905424776E-03, -2.638020449975619E-03,
2460428.500000000, A.D. 2024-Apr-28 00:00:00.0000, -1.594121617691338E-01, -4.370601475962198E-01, -2.109523404643322E-02,  2.077676574223595E-02, -8.249480511685732E-03, -2.579870484427382E-03,
2460429.500000000, A.D. 2024-Apr-29 00:00:00.0000, -1.384123933227255E-01, -4.446664471547173E-01, -2.364299759785550E-02,  2.121225348474677E-02, -6.960252518400968E-03, -2.514457681774321E-03,
2460430.500000000, A.D. 2024-Apr-30 00:00:00.0000, -1.170086979240569E-01, -4.509751839788645E-01, -2.612177235720991E-02,  2.158460691980089E-02, -5.654616138198398E-03, -2.441913070096134E-03,
2460431.500000000, A.D. 2024-May-01 00:00:00.0000, -9.526427301615020E-02, -4.559707219963688E-01, -2.852448383939741E-02,  2.189367463560331E-02, -4.334105794575383E-03, -2.362348157237737E-03,
2460432.500000000, A.D. 2024-May-02 00:00:00.0000, -7.324254378529883E-02, -4.596389327565459E-01, -3.084415987551598E-02,  2.213915166072621E-02, -3.000206117631472E-03, -2.275856296888817E-03,
2460433.500000000, A.D. 2024-May-03 00:00:00.0000, -5.100731935134779E-02, -4.619671570593562E-01, -3.307391315086286E-02,  2.232057425946207E-02, -1.654374791126817E-03, -2.182514078273628E-03,
2460434.500000000, A.D. 2024-May-04 00:00:00.0000, -2.862295400404846E-02, -4.629441894930857E-01, -3.520692515220551E-02,  2.243731503451844E-02, -2.980655781046559E-04, -2.082382758626927E-03,
2460435.500000000, A.D. 2024-May-05 00:00:00.0000, -6.154513199676854E-03, -4.625602862274299E-01, -3.723643157887809E-02,  2.248857830191192E-02,  1.067248136414841E-03, -1.975509762895239E-03,
2460436.500000000, A.D. 2024-May-06 00:00:00.0000,  1.633205595681939E-02, -4.608071967541277E-01, -3.915570929946721E-02,  2.247339575143462E-02,  2.440048932868527E-03, -1.861930280720921E-03,
2460437.500000000, A.D. 2024-May-07 00:00:00.0000,  3.876975005785133E-02, -4.576782206285631E-01, -4.095806496895195E-02,  2.239062245803655E-02,  3.818749704448843E-03, -1.741668996960402E-03,
2460438.500000000, A.D. 2024-May-08 00:00:00.0000,  6.109033097479059E-02, -4.531682906460284E-01, -4.263682546082773E-02,  2.223893336736387E-02,  5.201666373499568E-03, -1.614741998974101E-03,
2460439.500000000, A.D. 2024-May-09 00:00:00.0000,  8.322414423821727E-02, -4.472740842884671E-01, -4.418533031588872E-02,  2.201682044526780E-02,  6.586988563155672E-03, -1.481158911918733E-03,
2460440.500000000, A.D. 2024-May-10 00:00:00.0000,  1.050999350077629E-01, -4.399941657036627E-01, -4.559692646506880E-02,  2.172259075946347E-02,  7.972747785598875E-03, -1.340925322485226E-03,
2460441.500000000, A.D. 2024-May-11 00:00:00.0000,  1.266446627360915E-01, -4.313291609300293E-01, -4.686496554937509E-02,  2.135436585522961E-02,  9.356782683317013E-03, -1.194045562162703E-03,
2460442.500000000, A.D. 2024-May-12 00:00:00.0000,  1.477833160482160E-01, -4.212819695555143E-01, -4.798280423701382E-02,  2.091008290017251E-02,  1.073670083684665E-02, -1.040525933358142E-03,
2460443.500000000, A.D. 2024-May-13 00:00:00.0000,  1.684387298987581E-01, -4.098580164950063E-01, -4.894380802798939E-02,  2.038749821027909E-02,  1.210983663502692E-02, -8.803784757118929E-04,
2460444.500000000, A.D. 2024-May-14 00:00:00.0000,  1.885314077625535E-01, -3.970655480792805E-01, -4.974135914157164E-02,  1.978419393597488E-02,  1.347320469667862E-02, -7.136253858019197E-04,
2460445.500000000, A.D. 2024-May-15 00:00:00.0000,  2.079793524903157E-01, -3.829159771563297E-01, -5.036886920390238E-02,  1.909758888842124E-02,  1.482344834274283E-02, -5.403042210863536E-04,
2460446.500000000, A.D. 2024-May-16 00:00:00.0000,  2.266979105589223E-01, -3.674242823911469E-01, -5.081979759336273E-02,  1.832495472887928E-02,  1.615678265485109E-02, -3.604740381669452E-04,
2460447.500000000, A.D. 2024-May-17 00:00:00.0000,  2.445996358093775E-01, -3.506094673796017E-01, -5.108767646149411E-02,  1.746343903360329E-02,  1.746893173316540E-02, -1.742226357405718E-04,
2460448.500000000, A.D. 2024-May-18 00:00:00.0000,  2.615941804443691E-01, -3.324950855176697E-01, -5.116614362786267E-02,  1.651009708857713E-02,  1.875505990077835E-02,  1.832490702591317E-05,
2460449.500000000, A.D. 2024-May-19 00:00:00.0000,  2.775882231056125E-01, -3.131098367201625E-01, -5.104898474762978E-02,  1.546193466567182E-02,  2.000969681739340E-02,  2.169961871289367E-04,
2460450.500000000, A.D. 2024-May-20 00:00:00.0000,  2.924854463243931E-01, -2.924882419677347E-01, -5.073018636801026E-02,  1.431596448385768E-02,  2.122665679183636E-02,  4.215597050460636E-04,
2460451.500000000, A.D. 2024-May-21 00:00:00.0000,  3.061865785887228E-01, -2.706714011472837E-01, -5.020400171841063E-02,  1.306927955868864E-02,  2.239895305988307E-02,  6.317111315672425E-04,
2460452.500000000, A.D. 2024-May-22 00:00:00.0000,  3.185895197369903E-01, -2.477078385656475E-01, -4.946503130830718E-02,  1.171914717240674E-02,  2.351870846883993E-02,  8.470573895921671E-04,
2460453.500000000, A.D. 2024-May-23 00:00:00.0000,  3.295895723848381E-01, -2.236544386338639E-01, -4.850832061967839E-02,  1.026312772120931E-02,  2.457706494047025E-02,  1.067098354279507E-03,
2460454.500000000, A.D. 2024-May-24 00:00:00.0000,  3.390798065873801E-01, -1.985774712520501E-01, -4.732947735065261E-02,  8.699223156742307E-03,  2.556409533411755E-02,  1.291206034865416E-03,
2460455.500000000, A.D. 2024-May-25 00:00:00.0000,  3.469515898259037E-01, -1.725537020190502E-01, -4.592481075522974E-02,  7.026060042703078E-03,  2.646872297019778E-02,  1.518601207487162E-03,
2460456.500000000, A.D. 2024-May-26 00:00:00.0000,  3.530953194649408E-01, -1.456715761264328E-01, -4.429149557580980E-02,  5.243112255299584E-03,  2.727865616221086E-02,  1.748327638258141E-03,
2460457.500000000, A.D. 2024-May-27 00:00:00.0000,  3.574013996623538E-01, -1.180324562015027E-01, -4.242776280651691E-02,  3.350967869836003E-03,  2.798034768130762E-02,  1.979224290966179E-03,
2460458.500000000, A.D. 2024-May-28 00:00:00.0000,  3.597615087093901E-01, -8.975188295139344E-02, -4.033311895902839E-02,  1.351643526260703E-03,  2.855899212866457E-02,  2.209896277717803E-03,
2460459.500000000, A.D. 2024-May-29 00:00:00.0000,  3.600702050010680E-01, -6.096081279719778E-02, -3.800859450827090E-02, -7.510527890047207E-04,  2.899857761283505E-02,  2.438685806549790E-03,
2460460.500000000, A.D. 2024-May-30 00:00:00.0000,  3.582269189846510E-01, -3.180676851437054E-02, -3.545702063204601E-02, -2.951113475627183E-03,  2.928201166834961E-02,  2.663645024033257E-03,
2460461.500000000, A.D. 2024-May-31 00:00:00.0000,  3.541383727771694E-01, -2.454817311178178E-03, -3.268333107588259E-02, -5.239886307333264E-03,  2.939134453498084E-02,  2.882513443969408E-03,
2460462.500000000, A.D. 2024-Jun-01 00:00:00.0000,  3.477214565453780E-01,  2.691173350672263E-02, -2.969488283443101E-02, -7.605609536923703E-03,  2.930811497618796E-02,  3.092703566397140E-03,
2460463.500000000, A.D. 2024-Jun-02 00:00:00.0000,  3.389065687888476E-01,  5.609105846667647E-02, -2.650178525721526E-02, -1.003295456729093E-02,  2.901384362975645E-02,  3.291299247077403E-03,
2460464.500000000, A.D. 2024-Jun-03 00:00:00.0000,  3.276413939848213E-01,  8.486311205639864E-02, -2.311722218314555E-02, -1.250261641103830E-02,  2.849069498189328E-02,  3.475072230403394E-03,
2460465.500000000, A.D. 2024-Jun-04 00:00:00.0000,  3.138950438862979E-01,  1.129906786057171E-01, -1.955774599625575E-02, -1.499100611222248E-02,  2.772231973752487E-02,  3.640522776791185E-03,
2460466.500000000, A.D. 2024-Jun-05 00:00:00.0000,  2.976624278594712E-01,  1.402213537206534E-01, -1.584351656214782E-02, -1.747011238872198E-02,  2.669487301355012E-02,  3.783950179990931E-03,
2460467.500000000, A.D. 2024-Jun-06 00:00:00.0000,  2.789686454027885E-01,  1.662906210069435E-01, -1.199845269069157E-02, -1.990760869540326E-02,  2.539817946374223E-02,  3.901557802621899E-03,
2460468.500000000, A.D. 2024-Jun-07 00:00:00.0000,  2.578731166782089E-01,  1.909261435970011E-01, -8.050260293202752E-03, -2.226728229610400E-02,  2.382698470340510E-02,  3.989594699937422E-03,
2460469.500000000, A.D. 2024-Jun-08 00:00:00.0000,  2.344730955151988E-01,  2.138533114346887E-01, -4.030301275997534E-03, -2.450984886311677E-02,  2.198219621083174E-02,  4.044531745496389E-03,
2460470.500000000, A.D. 2024-Jun-09 00:00:00.0000,  2.089061595449834E-01,  2.348019706899064E-01,  2.672799209392938E-05, -2.659418555563586E-02,  1.987198230751633E-02,  4.063264543183955E-03,
2460471.500000000, A.D. 2024-Jun-10 00:00:00.0000,  1.813512623037442E-01,  2.535141169886139E-01,  4.083328877378727E-03, -2.847896628769568E-02,  1.751257388080730E-02,  4.043328937226563E-03,
2460472.500000000, A.D. 2024-Jun-11 00:00:00.0000,  1.520279795629237E-01,  2.697521752085824E-01,  8.099946245423123E-03, -3.012461880796014E-02,  1.492861067710870E-02,  3.983108821736228E-03,
2460473.500000000, A.D. 2024-Jun-12 00:00:00.0000,  1.211936971278414E-01,  2.833073412234604E-01,  1.203590810328411E-02, -3.149545437827182E-02,  1.215290108891343E-02,  3.882011851727657E-03,
2460474.500000000, A.D. 2024-Jun-13 00:00:00.0000,  8.913866720608685E-02,  2.940073573210664E-01,  1.585051446314654E-02, -3.256176282238615E-02,  9.225524525661111E-03,  3.740588253019111E-03,
2460475.500000000, A.D. 2024-Jun-14 00:00:00.0000,  5.617908558578056E-02,  3.017230640001953E-01,  1.950420774843413E-02, -3.330163594378926E-02,  6.192292702604480E-03,  3.560572327215899E-03,
2460476.500000000, A.D. 2024-Jun-15 00:00:00.0000,  2.264857672456740E-02,  3.063731363429770E-01,  2.295974087324120E-02, -3.370229420327586E-02,  3.102684598401656E-03,  3.344835381380811E-03,
2460477.500000000, A.D. 2024-Jun-16 00:00:00.0000, -1.111132598676778E-02,  3.079265733892016E-01,  2.618325386025819E-02, -3.376074856717360E-02,  7.456917135331614E-06,  3.097251158770830E-03,
2460478.500000000, A.D. 2024-Jun-17 00:00:00.0000, -4.476099349091013E-02,  3.064027411189708E-01,  2.914517745968817E-02, -3.348372201947117E-02, -3.043814524334959E-03,  2.822487718140180E-03,
2460479.500000000, A.D. 2024-Jun-18 00:00:00.0000, -7.797207460242235E-02,  3.018690323414490E-01,  3.182090168458650E-02, -3.288686271322443E-02, -6.005000920615184E-03,  2.525750069865687E-03,
2460480.500000000, A.D. 2024-Jun-19 00:00:00.0000, -1.104357790217770E-01,  2.944364510684884E-01,  3.419117470491702E-02, -3.199337800752990E-02, -8.835274404355168E-03,  2.212503378993571E-03,
2460481.500000000, A.D. 2024-Jun-20 00:00:00.0000, -1.418695845093860E-01,  2.842536122426091E-01,  3.624222770011484E-02, -3.083228462871784E-02, -1.150040718005039E-02,  1.888206296530265E-03,
2460482.500000000, A.D. 2024-Jun-21 00:00:00.0000, -1.720220938117682E-01,  2.714997447740032E-01,  3.796564854931718E-02, -2.943649435029481E-02, -1.397346481591417E-02,  1.558078714597001E-03,
2460483.500000000, A.D. 2024-Jun-22 00:00:00.0000, -2.006759813516065E-01,  2.563772932306315E-01,  3.935804750970658E-02, -2.784093868441549E-02, -1.623492727337012E-02,  1.226919866351991E-03,
2460484.500000000, A.D. 2024-Jun-23 00:00:00.0000, -2.276491526171967E-01,  2.391046465314532E-01,  4.042056933689431E-02, -2.608089138354769E-02, -1.827233353205189E-02,  8.989835024668163E-04,
2460485.500000000, A.D. 2024-Jun-24 00:00:00.0000, -2.527943693917243E-01,  2.199094069891294E-01,  4.115830884568420E-02, -2.419058940237379E-02, -2.007957907627992E-02,  5.779088121418942E-04,
2460486.500000000, A.D. 2024-Jun-25 00:00:00.0000, -2.759976653419370E-01,  1.990224786313252E-01,  4.157968247175646E-02, -2.220219551439823E-02, -2.165600176023354E-02,  2.666999757903493E-04,
2460487.500000000, A.D. 2024-Jun-26 00:00:00.0000, -2.971758950172869E-01,  1.766731238631115E-01,  4.169579948157351E-02, -2.014509870305165E-02, -2.300537762378692E-02, -3.225594164022394E-05,
2460488.500000000, A.D. 2024-Jun-27 00:00:00.0000, -3.162737379885864E-01,  1.530850280674632E-01,  4.151986557634752E-02, -1.804551613328922E-02, -2.413492281462176E-02, -3.171439345459255E-04,
2460489.500000000, A.D. 2024-Jun-28 00:00:00.0000, -3.332604337400861E-01,  1.284733300836258E-01,  4.106664073292304E-02, -1.592634295966020E-02, -2.505436871009458E-02, -5.866592502883300E-04,
2460490.500000000, A.D. 2024-Jun-29 00:00:00.0000, -3.481264655967843E-01,  1.030425233067523E-01,  4.035196351847728E-02, -1.380719076702758E-02, -2.577515018448133E-02, -8.399375273136464E-04,
2460491.500000000, A.D. 2024-Jun-30 00:00:00.0000, -3.608803536861239E-01,  7.698510377484596E-02,  3.939234645105644E-02, -1.170455836569958E-02, -2.630972479766489E-02, -1.076483492446425E-03,
2460492.500000000, A.D. 2024-Jul-01 00:00:00.0000, -3.715456642548891E-01,  5.048083241957468E-02,  3.820464139519174E-02, -9.632086401148760E-03, -2.667102451147271E-02, -1.296102800822513E-03,
2460493.500000000, A.D. 2024-Jul-02 00:00:00.0000, -3.801582989099831E-01,  2.369648273456397E-02,  3.680577030195564E-02, -7.600856955701079E-03, -2.687203104787482E-02, -1.498839853217641E-03,
2460494.500000000, A.D. 2024-Jul-03 00:00:00.0000, -3.867640934670066E-01, -3.214042748490351E-03,  3.521251448664819E-02, -5.619709089439344E-03, -2.692546017847842E-02, -1.684923053402386E-03,
2460495.500000000, A.D. 2024-Jul-04 00:00:00.0000, -3.914167315108170E-01, -3.010932764932128E-02,  3.344135470145578E-02, -3.695549981053114E-03, -2.684353785772593E-02, -1.854717974676245E-03,
2460496.500000000, A.D. 2024-Jul-05 00:00:00.0000, -3.941759611528771E-01, -5.685987179521067E-02,  3.150835414757536E-02, -1.833648494455216E-03, -2.663785104226128E-02, -2.008688241816694E-03,
2460497.500000000, A.D. 2024-Jul-06 00:00:00.0000, -3.951060931935785E-01, -8.334740275889359E-02,  2.942907698411435E-02, -3.790352658629085E-05, -2.631925734776260E-02, -2.147363534448378E-03,
2460498.500000000, A.D. 2024-Jul-07 00:00:00.0000, -3.942747533862423E-01, -1.094641206110669E-01,  2.721853560175170E-02,  1.688916472154540E-03, -2.589783969848976E-02, -2.271313911408884E-03,
2460499.500000000, A.D. 2024-Jul-08 00:00:00.0000, -3.917518593774448E-01, -1.351119148890384E-01,  2.489116077492290E-02,  3.344963625982738E-03, -2.538289436229150E-02, -2.381129582866949E-03,
2460500.500000000, A.D. 2024-Jul-09 00:00:00.0000, -3.876087930518657E-01, -1.602015822814286E-01,  2.246078967858157E-02,  4.929129423505180E-03, -2.478294295038914E-02, -2.477405269810593E-03,
2460501.500000000, A.D. 2024-Jul-10 00:00:00.0000, -3.819177405869766E-01, -1.846520651193311E-01,  1.994066758748445E-02,  6.440890104593541E-03, -2.410576094139079E-02, -2.560728353482122E-03,
2460502.500000000, A.D. 2024-Jul-11 00:00:00.0000, -3.747511749022346E-01, -2.083897242004858E-01,  1.734345983059389E-02,  7.880176021693023E-03, -2.335841699410389E-02, -2.631670105494762E-03,
2460503.500000000, A.D. 2024-Jul-12 00:00:00.0000, -3.661814579361058E-01, -2.313476544692331E-01,  1.468127123422311E-02,  9.247262148164334E-03, -2.254731872950347E-02, -2.690779386286612E-03,
2460504.500000000, A.D. 2024-Jul-13 00:00:00.0000, -3.562805430148213E-01, -2.534650483484376E-01,  1.196567085171926E-02,  1.054267692938093E-02, -2.167826180524514E-02, -2.738578295098246E-03,
2460505.500000000, A.D. 2024-Jul-14 00:00:00.0000, -3.451197603093518E-01, -2.746866088125406E-01,  9.207720249341307E-03,  1.176712683252801E-02, -2.075648000814859E-02, -2.775559343072621E-03,
2460506.500000000, A.D. 2024-Jul-15 00:00:00.0000, -3.327696709082119E-01, -2.949620123808341E-01,  6.418004006247337E-03,  1.292143418515194E-02, -1.978669478824361E-02, -2.802183799603092E-03,
2460507.500000000, A.D. 2024-Jul-16 00:00:00.0000, -3.192999773121445E-01, -3.142454209116383E-01,  3.606661401595090E-03,  1.400648615814060E-02, -1.877316318904490E-02, -2.818880929820229E-03,
2460508.500000000, A.D. 2024-Jul-17 00:00:00.0000, -3.047794801655774E-01, -3.324950402413185E-01,  7.834185144011388E-04,  1.502319301887328E-02, -1.771972352616103E-02, -2.826047898357802E-03,
2460509.500000000, A.D. 2024-Jul-18 00:00:00.0000, -2.892760727834717E-01, -3.496727232181673E-01, -2.042379837897393E-03,  1.597245403843027E-02, -1.662983845902518E-02, -2.824050162135114E-03,
2460510.500000000, A.D. 2024-Jul-19 00:00:00.0000, -2.728567665276842E-01, -3.657436144378100E-01, -4.861738739171023E-03,  1.685512967404575E-02, -1.550663531250712E-02, -2.813222213980665E-03,
2460511.500000000, A.D. 2024-Jul-20 00:00:00.0000, -2.555877413574355E-01, -3.806758339233264E-01, -7.665982687893054E-03,  1.767201886035990E-02, -1.435294365594174E-02, -2.793868570723370E-03,
2460512.500000000, A.D. 2024-Jul-21 00:00:00.0000, -2.375344169495343E-01, -3.944401970566263E-01, -1.044672618621350E-02,  1.842384042953479E-02, -1.317133025220836E-02, -2.766264925073289E-03,
2460513.500000000, A.D. 2024-Jul-22 00:00:00.0000, -2.187615406811394E-01, -4.070099682184014E-01, -1.319584553705857E-02,  1.911121784189335E-02, -1.196413156107940E-02, -2.730659401285864E-03,
2460514.500000000, A.D. 2024-Jul-23 00:00:00.0000, -1.993332895150269E-01, -4.183606458036137E-01, -1.590545193010079E-02,  1.973466654744077E-02, -1.073348402852963E-02, -2.687273871205233E-03,
2460515.500000000, A.D. 2024-Jul-24 00:00:00.0000, -1.793133834462090E-01, -4.284697765276119E-01, -1.856786586095650E-02,  2.029458341698016E-02, -9.481352424265647E-03, -2.636305300635900E-03,
2460516.500000000, A.D. 2024-Jul-25 00:00:00.0000, -1.587652086783183E-01, -4.373167972105559E-01, -2.117559290350555E-02,  2.079123778228375E-02, -8.209556508870871E-03, -2.577927106796930E-03,
2460517.500000000, A.D. 2024-Jul-26 00:00:00.0000, -1.377519491146335E-01, -4.448829025156121E-01, -2.372130084054653E-02,  2.122476371066631E-02, -6.919796323794149E-03, -2.512290516457514E-03,
2460518.500000000, A.D. 2024-Jul-27 00:00:00.0000, -1.163367250855405E-01, -4.511509374136617E-01, -2.619779815139173E-02,  2.159515321296250E-02, -5.613676405041248E-03, -2.439525921732318E-03,
2460519.500000000, A.D. 2024-Jul-28 00:00:00.0000, -9.458273850255114E-02, -4.561053134510813E-01, -2.859801385522412E-02,  2.190225014782106E-02, -4.292729227171940E-03, -2.359744236846583E-03,
2460520.500000000, A.D. 2024-Jul-29 00:00:00.0000, -7.255342383731145E-02, -4.597319482064930E-01, -3.091497871520991E-02,  2.214574464173517E-02, -2.958438189784238E-03, -2.273038264819799E-03,
2460521.500000000, A.D. 2024-Jul-30 00:00:00.0000, -5.031260447861358E-02, -4.620182276377778E-01, -3.314180781995760E-02,  2.232516789554608E-02, -1.612260465349140E-03, -2.179484088269931E-03,
2460522.500000000, A.D. 2024-Jul-31 00:00:00.0000, -2.792465412538355E-02, -4.629529913436554E-01, -3.527168457568486E-02,  2.243988729642964E-02, -2.556500359610392E-04, -2.079142503679063E-03,
2460523.500000000, A.D. 2024-Aug-01 00:00:00.0000, -5.454662930947827E-03, -4.625265410971360E-01, -3.729784616440873E-02,  2.248910180172263E-02,  1.109918742077116E-03, -1.972060523732019E-03,
2460524.500000000, A.D. 2024-Aug-02 00:00:00.0000,  1.703139187657477E-02, -4.607306733540032E-01, -3.921357055086443E-02,  2.247183760953542E-02,  2.482926692527864E-03, -1.858272977972083E-03,
2460525.500000000, A.D. 2024-Aug-03 00:00:00.0000,  3.946647121351985E-02, -4.575587368013065E-01, -4.101216515415110E-02,  2.238694418321437E-02,  3.861784121489709E-03, -1.737804248232931E-03,
2460526.500000000, A.D. 2024-Aug-04 00:00:00.0000,  6.178229561084330E-02, -4.530057163917563E-01, -4.268695733999439E-02,  2.223309075484368E-02,  5.244803476212641E-03, -1.610670182319826E-03,
2460527.500000000, A.D. 2024-Aug-05 00:00:00.0000,  8.390916350426826E-02, -4.470683457127672E-01, -4.423128693690791E-02,  2.200876349987082E-02,  6.630169945857137E-03, -1.476880237440670E-03,
2460528.500000000, A.D. 2024-Aug-06 00:00:00.0000,  1.057757671438220E-01, -4.397452499658002E-01, -4.563850103555312E-02,  2.171226365372960E-02,  8.015909564792485E-03, -1.336439914140753E-03,
2460529.500000000, A.D. 2024-Aug-07 00:00:00.0000,  1.273090072387220E-01, -4.310371222836175E-01, -4.690195139656485E-02,  2.134170693558931E-02,  9.399854354078167E-03, -1.189353552179131E-03,
2460530.500000000, A.D. 2024-Aug-08 00:00:00.0000,  1.484338078737902E-01, -4.209469365891052E-01, -4.801499486955738E-02,  2.089502475817180E-02,  1.077960401398145E-02, -1.035627572085516E-03,
2460531.500000000, A.D. 2024-Aug-09 00:00:00.0000,  1.690729337793045E-01, -4.094802006957221E-01, -4.897099731664475E-02,  2.036996784061196E-02,  1.215248366318013E-02, -8.752742602026341E-04,
2460532.500000000, A.D. 2024-Aug-10 00:00:00.0000,  1.891468127342346E-01, -3.966452538584549E-01, -4.976334163941563E-02,  1.976411300883388E-02,  1.351549711361388E-02, -7.083162109275305E-04,
2460533.500000000, A.D. 2024-Aug-11 00:00:00.0000,  2.085733667654467E-01, -3.824536134916054E-01, -5.038544063072593E-02,  1.907487417062071E-02,  1.486527518075213E-02, -5.347915575738956E-04,
2460534.500000000, A.D. 2024-Aug-12 00:00:00.0000,  2.272678569109348E-01, -3.669203762537381E-01, -5.083075551361830E-02,  1.829951869652462E-02,  1.619801856701956E-02, -3.547601425508562E-04,
2460535.500000000, A.D. 2024-Aug-13 00:00:00.0000,  2.451427476877056E-01, -3.500646791272166E-01, -5.109282119046977E-02,  1.743519072894827E-02,  1.750943493449954E-02, -1.683107978556130E-04,
2460536.500000000, A.D. 2024-Aug-14 00:00:00.0000,  2.621075990945049E-01, -3.319102264410701E-01, -5.116527940669425E-02,  1.647894328525898E-02,  1.879466991963719E-02,  2.443007277668045E-05,
2460537.500000000, A.D. 2024-Aug-15 00:00:00.0000,  2.780689960402652E-01, -3.124858889319821E-01, -5.104192123426550E-02,  1.542778141978482E-02,  2.004823206108095E-02,  2.232883999748976E-04,
2460538.500000000, A.D. 2024-Aug-16 00:00:00.0000,  2.929305275764550E-01, -2.918263808124673E-01, -5.071674049818926E-02,  1.427871916320054E-02,  2.126391194269533E-02,  4.280306184239135E-04,
2460539.500000000, A.D. 2024-Aug-17 00:00:00.0000,  3.065928312770610E-01, -2.699730202865789E-01, -5.018399999785204E-02,  1.302885345861486E-02,  2.243469633612916E-02,  6.383498689653568E-04,
2460540.500000000, A.D. 2024-Aug-18 00:00:00.0000,  3.189537215927700E-01, -2.469745778469973E-01, -4.943831260420199E-02,  1.167545884321452E-02,  2.355267880933342E-02,  8.538500090860636E-04,
2460541.500000000, A.D. 2024-Aug-19 00:00:00.0000,  3.299084250189379E-01, -2.228882147754326E-01, -4.847473952556346E-02,  1.021610714749952E-02,  2.460896920656219E-02,  1.074027236529744E-03,
2460542.500000000, A.D. 2024-Aug-20 00:00:00.0000,  3.393499494263602E-01, -1.977805112617659E-01, -4.728890820281528E-02,  8.648816941303905E-03,  2.559360566671907E-02,  1.298249191909121E-03,
2460543.500000000, A.D. 2024-Aug-21 00:00:00.0000,  3.471696197999059E-01, -1.717285791000283E-01, -4.587715237949130E-02,  6.972237752668619E-03,  2.649547449837301E-02,  1.525731513923212E-03,
2460544.500000000, A.D. 2024-Aug-22 00:00:00.0000,  3.532578176864260E-01, -1.448212475893155E-01, -4.423667683886229E-02,  5.185874081307371E-03,  2.730224533250658E-02,  1.755511993018970E-03,
2460545.500000000, A.D. 2024-Aug-23 00:00:00.0000,  3.575049664740674E-01, -1.171603025922493E-01, -4.236574903326497E-02,  3.290353722463839E-03,  2.800033156520759E-02,  1.986422727496045E-03,
2460546.500000000, A.D. 2024-Aug-24 00:00:00.0000,  3.598028085793347E-01, -8.886174719576714E-02, -4.026391925321141E-02,  1.287743638480729E-03,  2.857488916730116E-02,  2.217061053780592E-03,
2460547.500000000, A.D. 2024-Aug-25 00:00:00.0000,  3.600460227667771E-01, -6.005703764942693E-02, -3.793226997389507E-02, -8.180857809653215E-04,  2.900987036800105E-02,  2.445760522709589E-03,
2460548.500000000, A.D. 2024-Aug-26 00:00:00.0000,  3.581342288512520E-01, -3.089422997406345E-02, -3.537369343323192E-02, -3.021051151157814E-03,  2.928815225575905E-02,  2.670563842396581E-03,
2460549.500000000, A.D. 2024-Aug-27 00:00:00.0000,  3.539744211928790E-01, -1.538950951351369E-03, -3.259319418802332E-02, -5.312410175716200E-03,  2.939176350043510E-02,  2.889200505655870E-03,
2460550.500000000, A.D. 2024-Aug-28 00:00:00.0000,  3.474838595421642E-01,  2.782491714061368E-02, -2.959821022640207E-02, -7.680296536125524E-03,  2.930223440825750E-02,  3.099072735813790E-03,
2460551.500000000, A.D. 2024-Aug-29 00:00:00.0000,  3.385934235085492E-01,  5.699497400032043E-02, -2.639894210159054E-02, -1.010926340461327E-02,  2.900109524296811E-02,  3.297254339968520E-03,
2460552.500000000, A.D. 2024-Aug-30 00:00:00.0000,  3.272514028449216E-01,  8.575062023325311E-02, -2.300867452238691E-02, -1.257987622682054E-02,  2.847054370167194E-02,  3.480507904938448E-03,
2460553.500000000, A.D. 2024-Aug-31 00:00:00.0000,  3.134276481399939E-01,  1.138541336471249E-01, -1.944406910837646E-02, -1.506840938019998E-02,  2.769429291873012E-02,  3.645326273943433E-03,
2460554.500000000, A.D. 2024-Sep-01 00:00:00.0000,  2.971179452015372E-01,  1.410526825434215E-01, -1.572540109011536E-02, -1.754671432416799E-02,  2.665859478573573E-02,  3.788004080007062E-03,
2460555.500000000, A.D. 2024-Sep-02 00:00:00.0000,  2.783484038990025E-01,  1.670814388115561E-01, -1.187670745829865E-02, -1.998233560255507E-02,  2.535340880895315E-02,  3.904743906514787E-03,
2460556.500000000, A.D. 2024-Sep-03 00:00:00.0000,  2.571795749226518E-01,  1.916679084156847E-01, -7.925810669859741E-03, -2.233895109931320E-02,  2.377365478896679E-02,  3.991799039163255E-03,
2460557.500000000, A.D. 2024-Sep-04 00:00:00.0000,  2.337099369697509E-01,  2.145375171781784E-01, -3.904182023600440E-03, -2.457719938463108E-02,  2.192045136195912E-02,  4.045650567412455E-03,
2460558.500000000, A.D. 2024-Sep-05 00:00:00.0000,  2.080783480356492E-01,  2.354203741131461E-01,  1.533862099860301E-04, -2.665592583721807E-02,  1.980220805373316E-02,  4.063210926009118E-03,
2460559.500000000, A.D. 2024-Sep-06 00:00:00.0000,  1.804650462185157E-01,  2.540589891499347E-01,  4.209319695112241E-03, -2.853382943951657E-02,  1.743541506272395E-02,  4.042039485249498E-03,
2460560.500000000, A.D. 2024-Sep-07 00:00:00.0000,  1.510908348704300E-01,  2.702165630907177E-01,  8.224014237088755E-03, -3.017142772682065E-02,  1.484497297393822E-02,  3.980549725660757E-03,
2460561.500000000, A.D. 2024-Sep-08 00:00:00.0000,  1.202142040494729E-01,  2.836853211555519E-01,  1.215678083834832E-02, -3.153318862411460E-02,  1.206393272419822E-02,  3.878183524994948E-03,
2460562.500000000, A.D. 2024-Sep-09 00:00:00.0000,  8.812632187277784E-02,  2.942942597162089E-01,  1.596693817746202E-02, -3.258962051856225E-02,  9.132577288504388E-03,  3.735527819067048E-03,
2460563.500000000, A.D. 2024-Sep-10 00:00:00.0000,  5.514405539873741E-02,  3.019156495342596E-01,  1.961498420451659E-02, -3.331908328258282E-02,  6.096864427704396E-03,  3.554353452562971E-03,
2460564.500000000, A.D. 2024-Sep-11 00:00:00.0000,  2.160141511055734E-02,  3.064697073749129E-01,  2.306376264492287E-02, -3.370909627359034E-02,  3.006348247567919E-03,  3.337565299064232E-03,
2460565.500000000, A.D. 2024-Sep-12 00:00:00.0000, -1.215998458341761E-02,  3.079270107843051E-01,  2.627953532491756E-02, -3.375697767252152E-02, -8.821633952844098E-05,  3.089065136174783E-03,
2460566.500000000, A.D. 2024-Sep-13 00:00:00.0000, -4.580073529808958E-02,  3.063084646222709E-01,  2.923287922947471E-02, -3.346974291511109E-02, -3.137329909386379E-03,  2.813541597684599E-03,
2460567.500000000, A.D. 2024-Sep-14 00:00:00.0000, -7.899298292328340E-02,  3.016828907731907E-01,  3.189934697517189E-02, -3.286329749996508E-02, -6.095004656233839E-03,  2.516211761924386E-03,
2460568.500000000, A.D. 2024-Sep-15 00:00:00.0000, -1.114286675045396E-01,  2.941625553893014E-01,  3.425985707289971E-02, -3.196105601726298E-02, -8.920602634559139E-03,  2.202544262043181E-03,
2460569.500000000, A.D. 2024-Sep-16 00:00:00.0000, -1.428261755754108E-01,  2.838971288819750E-01,  3.630081049872233E-02, -3.079218401751831E-02, -1.158011627803927E-02,  1.877993380095922E-03,
2460570.500000000, A.D. 2024-Sep-17 00:00:00.0000, -1.729351373773969E-01,  2.710666681051552E-01,  3.801395720142883E-02, -2.938968215912717E-02, -1.404684298501715E-02,  1.547768192240024E-03,
2460571.500000000, A.D. 2024-Sep-18 00:00:00.0000, -2.015393152869223E-01,  2.558742149433224E-01,  3.939605618288926E-02, -2.778851507358064E-02, -1.630148967339107E-02,  1.216652399210900E-03,
2460572.500000000, A.D. 2024-Sep-19 00:00:00.0000, -2.284577112732731E-01,  2.385385366098871E-01,  4.044838380424561E-02, -2.602394204537354E-02, -1.833180463266876E-02,  8.888812976548801E-04,
2460573.500000000, A.D. 2024-Sep-20 00:00:00.0000, -2.535441495946881E-01,  2.192874169484627E-01,  4.117614726582892E-02, -2.413014828968419E-02, -2.013186650053677E-02,  5.680743432855484E-04,
2460574.500000000, A.D. 2024-Sep-21 00:00:00.0000, -2.766856605331107E-01,  1.983517734447579E-01,  4.158785559352605E-02, -2.213921836741595E-02, -2.170116569352444E-02,  2.572160566642329E-04,
2460575.500000000, A.D. 2024-Sep-22 00:00:00.0000, -2.978000080462794E-01,  1.759607452439643E-01,  4.169469145497723E-02, -2.008044662682708E-02, -2.304359919070787E-02, -4.132507719180036E-05,
2460576.500000000, A.D. 2024-Sep-23 00:00:00.0000, -3.168326819038907E-01,  1.523377888052718E-01,  4.150991620237358E-02, -1.797994772683600E-02, -2.416647393566630E-02, -3.257508892540982E-04,
2460577.500000000, A.D. 2024-Sep-24 00:00:00.0000, -3.337536282288082E-01,  1.276977370761513E-01,  4.104832966124223E-02, -1.586051317249078E-02, -2.507958505264036E-02, -5.947713559932401E-04,
2460578.500000000, A.D. 2024-Sep-25 00:00:00.0000, -3.485539348751439E-01,  1.022447257159783E-01,  4.032579663319513E-02, -1.374165465013596E-02, -2.579440804869943E-02, -8.475346102427107E-04,
2460579.500000000, A.D. 2024-Sep-26 00:00:00.0000, -3.612426298925321E-01,  7.617086220646645E-02,  3.935884448093695E-02, -1.163977807427081E-02, -2.632342218583150E-02, -1.083555682241257E-03,
2460580.500000000, A.D. 2024-Sep-27 00:00:00.0000, -3.718436988940438E-01,  4.965550499431017E-02,  3.816433064431666E-02, -9.568440094236456E-03, -2.667956622431503E-02, -1.302648494812059E-03,
2460581.500000000, A.D. 2024-Sep-28 00:00:00.0000, -3.803933836981288E-01,  2.286502420924171E-02,  3.675917531052986E-02, -7.538648550560191E-03, -2.687581740927933E-02, -1.504863898968177E-03,
2460582.500000000, A.D. 2024-Sep-29 00:00:00.0000, -3.869377910349043E-01, -4.047072186221107E-03,  3.516015238777020E-02, -5.559178119609516E-03, -2.692487887300911E-02, -1.690435176288338E-03,
2460583.500000000, A.D. 2024-Sep-30 00:00:00.0000, -3.915308157978892E-01, -3.093974675271445E-02,  3.338373102633132E-02, -3.636881054592727E-03, -2.683895833606364E-02, -1.859731452130070E-03,
2460584.500000000, A.D. 2024-Oct-01 00:00:00.0000, -3.942323669245827E-01, -5.768385810120952E-02,  3.144595983859815E-02, -1.776980044464982E-03, -2.662962097540773E-02, -2.013218810061158E-03,
2460585.500000000, A.D. 2024-Oct-02 00:00:00.0000, -3.951068738831838E-01, -8.416146971371725E-02,  2.936238639434845E-02,  1.666430767446150E-05, -2.630770066677088E-02, -2.151428504675562E-03,
2460586.500000000, A.D. 2024-Oct-03 00:00:00.0000, -3.942220463553435E-01, -1.102650933609310E-01,  2.714800528465643E-02,  1.741314891957896E-03, -2.588325582517599E-02, -2.274931468507238E-03,
2460587.500000000, A.D. 2024-Oct-04 00:00:00.0000, -3.916478576681395E-01, -1.358969057591401E-01,  2.481722889556004E-02,  3.395149137161050E-03, -2.536555830667836E-02, -2.384318239225652E-03,
2460588.500000000, A.D. 2024-Oct-05 00:00:00.0000, -3.874557227371350E-01, -1.609679666753795E-01,  2.238387590442145E-02,  4.977078664691134E-03, -2.476310601608195E-02, -2.480183448166043E-03,
2460589.500000000, A.D. 2024-Oct-06 00:00:00.0000, -3.817178428921188E-01, -1.853974583418714E-01,  1.986117334176250E-02,  6.486595462878507E-03, -2.408365183750895E-02, -2.563114075294129E-03,
2460590.500000000, A.D. 2024-Oct-07 00:00:00.0000, -3.745066923531241E-01, -2.091119595298652E-01,  1.726176881320668E-02,  7.923641948407249E-03, -2.333424320072413E-02, -2.633680764327346E-03,
2460591.500000000, A.D. 2024-Oct-08 00:00:00.0000, -3.658946238788315E-01, -2.320447626730309E-01,  1.459775013414435E-02,  9.288502085660136E-03, -2.252126800300347E-02, -2.692431588724579E-03,
2460592.500000000, A.D. 2024-Oct-09 00:00:00.0000, -3.559535739389305E-01, -2.541352387392986E-01,  1.188067019091784E-02,  1.058171076326443E-02, -2.165050374131948E-02, -2.739887754623648E-03,
2460593.500000000, A.D. 2024-Oct-10 00:00:00.0000, -3.447548504893509E-01, -2.753282518708356E-01,  9.121575311430307E-03,  1.180397879040607E-02, -2.072716760473257E-02, -2.776540814932515E-03,
2460594.500000000, A.D. 2024-Oct-11 00:00:00.0000, -3.323689889529344E-01, -2.955736239232822E-01,  6.331035813894181E-03,  1.295613111105586E-02, -1.975596596930820E-02, -2.802851046974285E-03,
2460595.500000000, A.D. 2024-Oct-12 00:00:00.0000, -3.188656642781710E-01, -3.148256477532853E-01,  3.519177715423810E-03,  1.403905610032044E-02, -1.874114226432320E-02, -2.819246713512109E-03,
2460596.500000000, A.D. 2024-Oct-13 00:00:00.0000, -3.043136489489987E-01, -3.330426472788102E-01,  6.957148330404537E-04,  1.505366407698815E-02, -1.768652257230835E-02, -2.826123983912736E-03,
2460597.500000000, A.D. 2024-Oct-14 00:00:00.0000, -2.887808085543238E-01, -3.501865818517744E-01, -2.130019291513244E-03,  1.600085342392360E-02, -1.659555861532115E-02, -2.823847339520419E-03,
2460598.500000000, A.D. 2024-Oct-15 00:00:00.0000, -2.723341280140177E-01, -3.662226922456425E-01, -4.949040055901241E-03,  1.688148294450835E-02, -1.547136798965374E-02, -2.812750326155035E-03,
2460599.500000000, A.D. 2024-Oct-16 00:00:00.0000, -2.550397628220149E-01, -3.811191855017586E-01, -7.752681342279370E-03,  1.769634929488274E-02, -1.431677166033175E-02, -2.793136548242071E-03,
2460600.500000000, A.D. 2024-Oct-17 00:00:00.0000, -2.369631107323943E-01, -3.948469559447231E-01, -1.053256614308213E-02,  1.844616851744881E-02, -1.313432883066159E-02, -2.765280824606118E-03,
2460601.500000000, A.D. 2024-Oct-18 00:00:00.0000, -2.181689002064495E-01, -4.073793398300734E-01, -1.328057839792770E-02,  1.913156086193793E-02, -1.192636937279717E-02, -2.729430446491529E-03,
2460602.500000000, A.D. 2024-Oct-19 00:00:00.0000, -1.987212926816345E-01, -4.186919012985859E-01, -1.598883612116594E-02,  1.975303821837036E-02, -1.069502405215422E-02, -2.685806494862822E-03,
2460603.500000000, A.D. 2024-Oct-20 00:00:00.0000, -1.786839963384896E-01, -4.287622475605669E-01, -1.864966586351794E-02,  2.031099360399670E-02, -9.442252808645104E-03, -2.634605187302613E-03,
2460604.500000000, A.D. 2024-Oct-21 00:00:00.0000, -1.581203895480953E-01, -4.375698715066466E-01, -2.125557852712605E-02,  2.080569224655612E-02, -8.169871376564436E-03, -2.575999235560528E-03,
2460605.500000000, A.D. 2024-Oct-22 00:00:00.0000, -1.370936525964131E-01, -4.450960202297170E-01, -2.379924653892246E-02,  2.123726389165329E-02, -6.879576536621134E-03, -2.510139203599087E-03,
2460606.500000000, A.D. 2024-Oct-23 00:00:00.0000, -1.156669066165059E-01, -4.513235882401569E-01, -2.627348238084499E-02,  2.160569603537134E-02, -5.572970301155922E-03, -2.437154863323841E-03,
2460607.500000000, A.D. 2024-Oct-24 00:00:00.0000, -9.390335892598288E-02, -4.562370344604578E-01, -2.867121847583738E-02,  2.191082784688620E-02, -4.251583339301877E-03, -2.357156551490424E-03,
2460608.500000000, A.D. 2024-Oct-25 00:00:00.0000, -7.186645417357515E-02, -4.598223223948750E-01, -3.098548843492200E-02,  2.215234460216009E-02, -2.916897954443162E-03, -2.270236536903571E-03,
2460609.500000000, A.D. 2024-Oct-26 00:00:00.0000, -4.962003085173729E-02, -4.620668831853103E-01, -3.320940968238648E-02,  2.232977250098502E-02, -1.570370933060618E-03, -2.176470412269372E-03,
2460610.500000000, A.D. 2024-Oct-27 00:00:00.0000, -2.722848283563210E-02, -4.629596015879140E-01, -3.533616749305911E-02,  2.244247378785878E-02, -2.134565928297664E-04, -2.075918530201358E-03,
2460611.500000000, A.D. 2024-Oct-28 00:00:00.0000, -4.756925664715170E-03, -4.624908252382325E-01, -3.735900049776377E-02,  2.248964214453065E-02,  1.152369630719812E-03, -1.968627508159790E-03,
2460612.500000000, A.D. 2024-Oct-29 00:00:00.0000,  1.772863270883186E-02, -4.606523979190231E-01, -3.927118774060947E-02,  2.247029837071752E-02,  2.525586705190721E-03, -1.854631832751138E-03,
2460613.500000000, A.D. 2024-Oct-30 00:00:00.0000,  4.016111702280404E-02, -4.574377179072114E-01, -4.106603740525636E-02,  2.238328642175707E-02,  3.904602258503909E-03, -1.733955600051182E-03,
2460614.500000000, A.D. 2024-Oct-31 00:00:00.0000,  6.247220607412199E-02, -4.528418228580118E-01, -4.273687736740910E-02,  2.222726993031887E-02,  5.287725180164630E-03, -1.606614435657731E-03,
2460615.500000000, A.D. 2024-Nov-01 00:00:00.0000,  8.459215092960251E-02, -4.468615030877782E-01, -4.427704777843044E-02,  2.200072940650877E-02,  6.673136151274399E-03, -1.472617646241290E-03,
2460616.500000000, A.D. 2024-Nov-02 00:00:00.0000,  1.064495907863256E-01, -4.394954455448193E-01, -4.567989594127429E-02,  2.170196038991247E-02,  8.058855663128134E-03, -1.331970663656556E-03,
2460617.500000000, A.D. 2024-Nov-03 00:00:00.0000,  1.279713676090550E-01, -4.307444112101042E-01, -4.693877380623578E-02,  2.132907292191981E-02,  9.442709059319768E-03, -1.184677853409190E-03,
2460618.500000000, A.D. 2024-Nov-04 00:00:00.0000,  1.490823410959259E-01, -4.206114491465072E-01, -4.804703849184722E-02,  2.087999282115689E-02,  1.082228811361661E-02, -1.030745771625409E-03,
2460619.500000000, A.D. 2024-Nov-05 00:00:00.0000,  1.697052060736308E-01, -4.091021509121103E-01, -4.899805632730327E-02,  2.035246538371527E-02,  1.219490863891833E-02, -8.701869687936188E-04,
2460620.500000000, A.D. 2024-Nov-06 00:00:00.0000,  1.897603151265669E-01, -3.962249495620299E-01, -4.978521101889746E-02,  1.974406229835927E-02,  1.355756361637895E-02, -7.030244545111155E-04,
2460621.500000000, A.D. 2024-Nov-07 00:00:00.0000,  2.091655101533309E-01, -3.819914679702455E-01, -5.040191666592055E-02,  1.905219277077774E-02,  1.490687134528428E-02, -5.292969552279919E-04,
2460622.500000000, A.D. 2024-Nov-08 00:00:00.0000,  2.278359676569765E-01, -3.664169216855760E-01, -5.084163649300744E-02,  1.827412009628170E-02,  1.623901815331890E-02, -3.490651162905127E-04,
2460623.500000000, A.D. 2024-Nov-09 00:00:00.0000,  2.456840639570276E-01, -3.495205819604318E-01, -5.109790832732659E-02,  1.740698521307503E-02,  1.754969528678729E-02, -1.624188199004063E-04,
2460624.500000000, A.D. 2024-Nov-10 00:00:00.0000,  2.626192682114321E-01, -3.313263049078055E-01, -5.116437803084005E-02,  1.644783911342837E-02,  1.883402973914691E-02,  3.051418907825779E-05,
2460625.500000000, A.D. 2024-Nov-11 00:00:00.0000,  2.785480732096531E-01, -3.118631328809420E-01, -5.103484229934650E-02,  1.539368639078983E-02,  2.008650899765251E-02,  2.295581588831649E-04,
2460626.500000000, A.D. 2024-Nov-12 00:00:00.0000,  2.933739763994046E-01, -2.911659740337985E-01, -5.070330245828614E-02,  1.424154265611568E-02,  2.130090002289262E-02,  4.344774432347597E-04,
2460627.500000000, A.D. 2024-Nov-13 00:00:00.0000,  3.069975265904981E-01, -2.692763654763516E-01, -5.016403111421633E-02,  1.298850905870086E-02,  2.247016326375822E-02,  6.449626392054183E-04,
2460628.500000000, A.D. 2024-Nov-14 00:00:00.0000,  3.193164552783553E-01, -2.462433243108011E-01, -4.941165374958994E-02,  1.163186767669099E-02,  2.358636319940329E-02,  8.606145271587082E-04,
2460629.500000000, A.D. 2024-Nov-15 00:00:00.0000,  3.302259155586708E-01, -2.221242888933692E-01, -4.844124755932143E-02,  1.016920206450875E-02,  2.464057784775079E-02,  1.080925618929268E-03,
2460630.500000000, A.D. 2024-Nov-16 00:00:00.0000,  3.396188561278226E-01, -1.969861496206006E-01, -4.724845999355000E-02,  8.598547698050039E-03,  2.562281095231166E-02,  1.305259182764282E-03,
2460631.500000000, A.D. 2024-Nov-17 00:00:00.0000,  3.473865627680903E-01, -1.709063640305554E-01, -4.582964955239415E-02,  6.918577348160938E-03,  2.652191222341071E-02,  1.532825722968856E-03,
2460632.500000000, A.D. 2024-Nov-18 00:00:00.0000,  3.534194047717987E-01, -1.439741446144026E-01, -4.418205131955884E-02,  5.128826396054799E-03,  2.732551312707843E-02,  1.762657066727554E-03,
2460633.500000000, A.D. 2024-Nov-19 00:00:00.0000,  3.576078285619257E-01, -1.162916989787695E-01, -4.230396944679791E-02,  3.229962578572095E-03,  2.801998832088662E-02,  1.993578471728602E-03,
2460634.500000000, A.D. 2024-Nov-20 00:00:00.0000,  3.598436446792669E-01, -8.797549039746497E-02, -4.019499821206540E-02,  1.224103343401942E-03,  2.859045591391666E-02,  2.224179539672430E-03,
2460635.500000000, A.D. 2024-Nov-21 00:00:00.0000,  3.600216563781675E-01, -5.915747191694372E-02, -3.785627224878294E-02, -8.848184428775316E-04,  2.902083316574913E-02,  2.452785225223568E-03,
2460636.500000000, A.D. 2024-Nov-22 00:00:00.0000,  3.580416769740081E-01, -2.998622879028328E-02, -3.529074494012828E-02, -3.090643667040143E-03,  2.929396777181871E-02,  2.677428883344664E-03,
2460637.500000000, A.D. 2024-Nov-23 00:00:00.0000,  3.538109770616993E-01, -6.279422375372168E-04, -3.250349164014057E-02, -5.384540198414598E-03,  2.939186802035116E-02,  2.895830099582680E-03,
2460638.500000000, A.D. 2024-Nov-24 00:00:00.0000,  3.472471896168520E-01,  2.873293687284025E-02, -2.950203118693183E-02, -7.754537622661458E-03,  2.929605706081883E-02,  3.105380966296075E-03,
2460639.500000000, A.D. 2024-Nov-25 00:00:00.0000,  3.382816783774182E-01,  5.789344113211602E-02, -2.629665503108064E-02, -1.018507166255349E-02,  2.898807615236388E-02,  3.303145422113286E-03,
2460640.500000000, A.D. 2024-Nov-26 00:00:00.0000,  3.268633404286001E-01,  8.663242636154898E-02, -2.290074824727028E-02, -1.265657935017735E-02,  2.845015757234743E-02,  3.485877111219827E-03,
2460641.500000000, A.D. 2024-Nov-27 00:00:00.0000,  3.129627658873294E-01,  1.147116742738767E-01, -1.933108095540013E-02, -1.514519997949668E-02,  2.766607815413072E-02,  3.650061706319120E-03,
2460642.500000000, A.D. 2024-Nov-28 00:00:00.0000,  2.965766158814391E-01,  1.418779374589789E-01, -1.560804275615722E-02, -1.762264979960009E-02,  2.662218760120973E-02,  3.791989450463695E-03,
2460643.500000000, A.D. 2024-Nov-29 00:00:00.0000,  2.777320072485635E-01,  1.678660885371742E-01, -1.175578754882761E-02, -2.005634695299332E-02,  2.530858091456824E-02,  3.907862429067595E-03,
2460644.500000000, A.D. 2024-Nov-30 00:00:00.0000,  2.564906150862040E-01,  1.924034891208422E-01, -7.802252785362280E-03, -2.240986285485720E-02,  2.372035214528481E-02,  3.993938429800807E-03,
2460645.500000000, A.D. 2024-Dec-01 00:00:00.0000,  2.329521337784878E-01,  2.152156134277943E-01, -3.779017350671432E-03, -2.464376215317089E-02,  2.185883039448576E-02,  4.046708993128144E-03,
2460646.500000000, A.D. 2024-Dec-02 00:00:00.0000,  2.072566892751090E-01,  2.360328446966369E-01,  2.790325933939551E-04, -2.671686168179997E-02,  1.973266479155337E-02,  4.063103551949374E-03,
2460647.500000000, A.D. 2024-Dec-03 00:00:00.0000,  1.795857886800246E-01,  2.545982164482799E-01,  4.334249139030162E-03, -2.858788849576299E-02,  1.735860225689335E-02,  4.040705069645153E-03,
2460648.500000000, A.D. 2024-Dec-04 00:00:00.0000,  1.501614446203355E-01,  2.706757116196263E-01,  8.346981166156266E-03, -3.021745235372190E-02,  1.476180066235204E-02,  3.977956551700858E-03,
2460649.500000000, A.D. 2024-Dec-05 00:00:00.0000,  1.192432310909153E-01,  2.840585870145262E-01,  1.227652467379492E-02, -3.157017937404893E-02,  1.197554913303806E-02,  3.874333891024980E-03,
2460650.500000000, A.D. 2024-Dec-06 00:00:00.0000,  8.712321084712561E-02,  2.945770906855156E-01,  1.608221872609898E-02, -3.261679684879059E-02,  9.040329344004325E-03,  3.730460378316815E-03,
2460651.500000000, A.D. 2024-Dec-07 00:00:00.0000,  5.411890127403017E-02,  3.021049162988882E-01,  1.972461809685861E-02, -3.333593170762471E-02,  6.002240131557904E-03,  3.548142916836385E-03,
2460652.500000000, A.D. 2024-Dec-08 00:00:00.0000,  2.056467963305101E-02,  3.065638101133018E-01,  2.316665808539927E-02, -3.371539983837979E-02,  2.910906112742856E-03,  3.330319369860696E-03,
2460653.500000000, A.D. 2024-Dec-09 00:00:00.0000, -1.319777491974340E-02,  3.079259117384976E-01,  2.637472248200340E-02, -3.375282309095520E-02, -1.829234149238922E-04,  3.080918931229333E-03,
2460654.500000000, A.D. 2024-Dec-10 00:00:00.0000, -4.682928693717038E-02,  3.062136451931535E-01,  2.931953405178097E-02, -3.345550495470218E-02, -3.229828107124273E-03,  2.804650207007657E-03,
2460655.500000000, A.D. 2024-Dec-11 00:00:00.0000, -8.000250699923725E-02,  3.014972396843135E-01,  3.197680698747322E-02, -3.283960344464778E-02, -6.183962515839720E-03,  2.506741808778327E-03,
2460656.500000000, A.D. 2024-Dec-12 00:00:00.0000, -1.124101082521833E-01,  2.938902010744242E-01,  3.432762863044842E-02, -3.192873556408813E-02, -9.004878624989046E-03,  2.192665411754730E-03,
2460657.500000000, A.D. 2024-Dec-13 00:00:00.0000, -1.437713841130988E-01,  2.835432334301630E-01,  3.635856788184174E-02, -3.075221127343002E-02, -1.165878789044588E-02,  1.867870635268804E-03,
2460658.500000000, A.D. 2024-Dec-14 00:00:00.0000, -1.738369863432391E-01,  2.706372014487632E-01,  3.806153466396917E-02, -2.934311639775976E-02, -1.411921736998362E-02,  1.537555583697633E-03,
2460659.500000000, A.D. 2024-Dec-15 00:00:00.0000, -2.023917560032180E-01,  2.553757267551062E-01,  3.943343453689484E-02, -2.773644583529361E-02, -1.636709811359728E-02,  1.206488397745751E-03,
2460660.500000000, A.D. 2024-Dec-16 00:00:00.0000, -2.292557798792581E-01,  2.379779402998540E-01,  4.047567330902192E-02, -2.596744246549039E-02, -1.839038455770231E-02,  8.788860000272231E-04,
2460661.500000000, A.D. 2024-Dec-17 00:00:00.0000, -2.542839315447721E-01,  2.186717961142483E-01,  4.119356853088717E-02, -2.407023869497319E-02, -2.018333527040398E-02,  5.583482740773046E-04,
2460662.500000000, A.D. 2024-Dec-18 00:00:00.0000, -2.773642240563921E-01,  1.976882169580654E-01,  4.159571997378154E-02, -2.207684055702419E-02, -2.174559016541522E-02,  2.478402958924494E-04,
2460663.500000000, A.D. 2024-Dec-19 00:00:00.0000, -2.984153169402840E-01,  1.752562134540450E-01,  4.169338209342324E-02, -2.001644805481295E-02, -2.308116440253741E-02, -5.028778516532861E-05,
2460664.500000000, A.D. 2024-Dec-20 00:00:00.0000, -3.173834968519785E-01,  1.515990104426053E-01,  4.149987052984045E-02, -1.791507407889854E-02, -2.419745335374978E-02, -3.342543840238566E-04,
2460665.500000000, A.D. 2024-Dec-21 00:00:00.0000, -3.342394041391629E-01,  1.269311344416558E-01,  4.103002384420145E-02, -1.579540752259949E-02, -2.510431394476620E-02, -6.027839608452060E-04,
2460666.500000000, A.D. 2024-Dec-22 00:00:00.0000, -3.489747199053555E-01,  1.014563645734652E-01,  4.029973219673081E-02, -1.367686138514167E-02, -2.581326078408878E-02, -8.550369152058890E-04,
2460667.500000000, A.D. 2024-Dec-23 00:00:00.0000, -3.615989700977489E-01,  7.536642229968336E-02,  3.932553713495651E-02, -1.157574996932414E-02, -2.633679368500165E-02, -1.090538377162780E-03,
2460668.500000000, A.D. 2024-Dec-24 00:00:00.0000, -3.721365509591442E-01,  4.884026709825691E-02,  3.812430120446672E-02, -9.505547209872872E-03, -2.668785738845517E-02, -1.309110360556211E-03,
2460669.500000000, A.D. 2024-Dec-25 00:00:00.0000, -3.806240370405365E-01,  2.204386992450771E-02,  3.671294252196015E-02, -7.477187932103850E-03, -2.687942412508756E-02, -1.510810017295762E-03,
2460670.500000000, A.D. 2024-Dec-26 00:00:00.0000, -3.871077996921291E-01, -4.869651219196597E-03,  3.510822741805139E-02, -5.499383567038674E-03, -2.692418407795289E-02, -1.695875383505671E-03,
2460671.500000000, A.D. 2024-Dec-27 00:00:00.0000, -3.916419399077347E-01, -3.175963300898389E-02,  3.332661338180022E-02, -3.578932474109882E-03, -2.683432660328357E-02, -1.864679037173140E-03,
2460672.500000000, A.D. 2024-Dec-28 00:00:00.0000, -3.942865232174054E-01, -5.849728795548627E-02,  3.138413446608048E-02, -1.721012084854800E-03, -2.662139510506689E-02, -2.017689442322756E-03,
2460673.500000000, A.D. 2024-Dec-29 00:00:00.0000, -3.951060943839240E-01, -8.496501062607816E-02,  2.929632174963069E-02,  7.055448799021158E-05, -2.629619982721162E-02, -2.155439368392944E-03,
2460674.500000000, A.D. 2024-Dec-30 00:00:00.0000, -3.941684443924620E-01, -1.110556198139337E-01,  2.707815217440846E-02,  1.793060780590981E-03, -2.586877485580925E-02, -2.278500576890192E-03,
2460675.500000000, A.D. 2024-Dec-31 00:00:00.0000, -3.915436002690640E-01, -1.366715749432517E-01,  2.474401992665756E-02,  3.444708932729139E-03, -2.534836786426713E-02, -2.387463901067583E-03,
2460676.500000000, A.D. 2025-Jan-01 00:00:00.0000, -3.873030085256687E-01, -1.617241946342014E-01,  2.230772540124238E-02,  5.024430196457658E-03, -2.474345331076241E-02, -2.482923861184285E-03,
