2459945.500000000, A.D. 2023-Jan-01 00:00:00.0000,  9.805409507327435E-01, -6.810401492937621E-01, -4.221369057434580E-01, -4.858262432108755E-03,  1.281820811999005E-02,  2.233285924977469E-03,
2459946.500000000, A.D. 2023-Jan-02 00:00:00.0000,  9.756107076317260E-01, -6.681721768061288E-01, -4.198726330450714E-01, -5.002759676398963E-03,  1.291787335573332E-02,  2.295486660247177E-03,
2459947.500000000, A.D. 2023-Jan-03 00:00:00.0000,  9.705343376784411E-01, -6.552041274786750E-01, -4.175454688186511E-01, -5.150538274809393E-03,  1.301836388961203E-02,  2.359078313099131E-03,
2459948.500000000, A.D. 2023-Jan-04 00:00:00.0000,  9.653084918285596E-01, -6.421351698118601E-01, -4.151539936156835E-01, -5.301734902274581E-03,  1.311969205252244E-02,  2.424118488008881E-03,
2459949.500000000, A.D. 2023-Jan-05 00:00:00.0000,  9.599296803826893E-01, -6.289644602086296E-01, -4.126967287150543E-01, -5.456494292307656E-03,  1.322186969043254E-02,  2.490668166714814E-03,
2459950.500000000, A.D. 2023-Jan-06 00:00:00.0000,  9.543942646238356E-01, -6.156911435165745E-01, -4.101721326190078E-01, -5.614969854110914E-03,  1.332490804709838E-02,  2.558791965593337E-03,
2459951.500000000, A.D. 2023-Jan-07 00:00:00.0000,  9.486984478091804E-01, -6.023143536962473E-01, -4.075785972798474E-01, -5.777324347856737E-03,  1.342881762861305E-02,  2.628558417237244E-03,
2459952.500000000, A.D. 2023-Jan-08 00:00:00.0000,  9.428382654547898E-01, -5.888332146351568E-01, -4.049144440318325E-01, -5.943730624720992E-03,  1.353360804698792E-02,  2.700040278958071E-03,
2459953.500000000, A.D. 2023-Jan-09 00:00:00.0000,  9.368095748448443E-01, -5.752468411300165E-01, -4.021779191998481E-01, -6.114372439114325E-03,  1.363928783947105E-02,  2.773314871286699E-03,
2459954.500000000, A.D. 2023-Jan-10 00:00:00.0000,  9.306080436890687E-01, -5.615543400633950E-01, -3.993671893531425E-01, -6.289445341557210E-03,  1.374586425972665E-02,  2.848464449952405E-03,
2459955.500000000, A.D. 2023-Jan-11 00:00:00.0000,  9.242291378430277E-01, -5.477548118051280E-01, -3.964803361687246E-01, -6.469157661768811E-03,  1.385334303630618E-02,  2.925576615284734E-03,
2459956.500000000, A.D. 2023-Jan-12 00:00:00.0000,  9.176681079957506E-01, -5.338473518738149E-01, -3.935153508648043E-01, -6.653731592851374E-03,  1.396172809303484E-02,  3.004744763521478E-03,
2459957.500000000, A.D. 2023-Jan-13 00:00:00.0000,  9.109199752175304E-01, -5.198310528995757E-01, -3.904701281598735E-01, -6.843404388960127E-03,  1.407102122495997E-02,  3.086068585126484E-03,
2459958.500000000, A.D. 2023-Jan-14 00:00:00.0000,  9.039795152475024E-01, -5.057050069361448E-01, -3.873424597075711E-01, -7.038429690591276E-03,  1.418122172236657E-02,  3.169654615940801E-03,
2459959.500000000, A.D. 2023-Jan-15 00:00:00.0000,  8.968412413854775E-01, -4.914683081785532E-01, -3.841300269512429E-01, -7.239078993668434E-03,  1.429232593398241E-02,  3.255616847828490E-03,
2459960.500000000, A.D. 2023-Jan-16 00:00:00.0000,  8.894993858351686E-01, -4.771200561523242E-01, -3.808303933349712E-01, -7.445643280978015E-03,  1.440432675883143E-02,  3.344077406453808E-03,
2459961.500000000, A.D. 2023-Jan-17 00:00:00.0000,  8.819478793260466E-01, -4.626593594516193E-01, -3.774409957996581E-01, -7.658434837288257E-03,  1.451721305420103E-02,  3.435167304963759E-03,
2459962.500000000, A.D. 2023-Jan-18 00:00:00.0000,  8.741803288181363E-01, -4.480853401174854E-01, -3.739591354833221E-01, -7.877789272747987E-03,  1.463096894475058E-02,  3.529027283684241E-03,
2459963.500000000, A.D. 2023-Jan-19 00:00:00.0000,  8.661899930676104E-01, -4.333971387637513E-01, -3.703819675339033E-01, -8.104067782983801E-03,  1.474557301483983E-02,  3.625808747499085E-03,
2459964.500000000, A.D. 2023-Jan-20 00:00:00.0000,  8.579697558004213E-01, -4.185939205777850E-01, -3.667064899303031E-01, -8.337659678827861E-03,  1.486099736254663E-02,  3.725674814421124E-03,
2459965.500000000, A.D. 2023-Jan-21 00:00:00.0000,  8.495120962057032E-01, -4.036748823469908E-01, -3.629295311928251E-01, -8.578985223920805E-03,  1.497720648943143E-02,  3.828801491030035E-03,
2459966.500000000, A.D. 2023-Jan-22 00:00:00.0000,  8.408090564193635E-01, -3.886392606904825E-01, -3.590477368472661E-01, -8.828498824731185E-03,  1.509415599467591E-02,  3.935378993014277E-03,
2459967.500000000, A.D. 2023-Jan-23 00:00:00.0000,  8.318522056201260E-01, -3.734863417099722E-01, -3.550575544871891E-01, -9.086692624998038E-03,  1.521179103553156E-02,  4.045613232089618E-03,
2459968.500000000, A.D. 2023-Jan-24 00:00:00.0000,  8.226326003039593E-01, -3.582154723159773E-01, -3.509552172558903E-01, -9.354100565487539E-03,  1.533004450772095E-02,  4.159727494174765E-03,
2459969.500000000, A.D. 2023-Jan-25 00:00:00.0000,  8.131407402367989E-01, -3.428260735367683E-01, -3.467367255426046E-01, -9.631302980557076E-03,  1.544883488912222E-02,  4.277964338003463E-03,
2459970.500000000, A.D. 2023-Jan-26 00:00:00.0000,  8.033665195078157E-01, -3.273176561803537E-01, -3.423978266558209E-01, -9.918931815705870E-03,  1.556806367718581E-02,  4.400587748488873E-03,
2459971.500000000, A.D. 2023-Jan-27 00:00:00.0000,  7.932991720139346E-01, -3.116898392971203E-01, -3.379339921992818E-01, -1.021767656551898E-02,  1.568761233436722E-02,  4.527885585310394E-03,
2459972.500000000, A.D. 2023-Jan-28 00:00:00.0000,  7.829272105980146E-01, -2.959423719862594E-01, -3.333403928321881E-01, -1.052829104973883E-02,  1.580733863547679E-02,  4.660172374586636E-03,
2459973.500000000, A.D. 2023-Jan-29 00:00:00.0000,  7.722383589346543E-01, -2.800751592076035E-01, -3.286118700429496E-01, -1.085160116732127E-02,  1.592707228502267E-02,  4.797792500404219E-03,
2459974.500000000, A.D. 2023-Jan-30 00:00:00.0000,  7.612194751047789E-01, -2.640882924082053E-01, -3.237429045038487E-01, -1.118851379511003E-02,  1.604660963972655E-02,  4.941123863726821E-03,
2459975.500000000, A.D. 2023-Jan-31 00:00:00.0000,  7.498564656177994E-01, -2.479820859579915E-01, -3.187275805001563E-01, -1.154002703025971E-02,  1.616570732926720E-02,  5.090582089227486E-03,
2459976.500000000, A.D. 2023-Feb-01 00:00:00.0000,  7.381341884218936E-01, -2.317571206217442E-01, -3.135595458390569E-01, -1.190724201506883E-02,  1.628407451405404E-02,  5.246625376378699E-03,
2459977.500000000, A.D. 2023-Feb-02 00:00:00.0000,  7.260363431810000E-01, -2.154142955894669E-01, -3.082319665381220E-01, -1.229137663107992E-02,  1.640136344854852E-02,  5.409760110325151E-03,
2459978.500000000, A.D. 2023-Feb-03 00:00:00.0000,  7.135453467818027E-01, -1.989548909624418E-01, -3.027374754662537E-01, -1.269378140816530E-02,  1.651715792703582E-02,  5.580547371414194E-03,
2459979.500000000, A.D. 2023-Feb-04 00:00:00.0000,  7.006421916535009E-01, -1.823806430727285E-01, -2.970681139573987E-01, -1.311595806629040E-02,  1.663095906854890E-02,  5.759610510687667E-03,
2459980.500000000, A.D. 2023-Feb-05 00:00:00.0000,  6.873062840229051E-01, -1.656938356328161E-01, -2.912152652332880E-01, -1.355958119569469E-02,  1.674216773888799E-02,  5.947643993241178E-03,
2459981.500000000, A.D. 2023-Feb-06 00:00:00.0000,  6.735152586696493E-01, -1.488974105147128E-01, -2.851695782492150E-01, -1.402652368885985E-02,  1.685006269648567E-02,  6.145423753396432E-03,
2459982.500000000, A.D. 2023-Feb-07 00:00:00.0000,  6.592447660694484E-01, -1.319951030055250E-01, -2.789208803082654E-01, -1.451888666891195E-02,  1.695377326588367E-02,  6.353819356527964E-03,
2459983.500000000, A.D. 2023-Feb-08 00:00:00.0000,  6.444682269915329E-01, -1.149916077642111E-01, -2.724580764648916E-01, -1.503903481845924E-02,  1.705224496043677E-02,  6.573808323585612E-03,
2459984.500000000, A.D. 2023-Feb-09 00:00:00.0000,  6.291565486193453E-01, -9.789278352914414E-02, -2.657690333472915E-01, -1.558963820473502E-02,  1.714419595570096E-02,  6.806493047139042E-03,
2459985.500000000, A.D. 2023-Feb-10 00:00:00.0000,  6.132777950568755E-01, -8.070590706258694E-02, -2.588404445577568E-01, -1.617372192472099E-02,  1.722806160100851E-02,  7.053120812740675E-03,
2459986.500000000, A.D. 2023-Feb-11 00:00:00.0000,  5.967968036301581E-01, -6.343999009778324E-02, -2.516576742490949E-01, -1.679472515816721E-02,  1.730192316834473E-02,  7.315107535555667E-03,
2459987.500000000, A.D. 2023-Feb-12 00:00:00.0000,  5.796747366603169E-01, -4.610617750663586E-02, -2.442045748140755E-01, -1.745657151068584E-02,  1.736341565713817E-02,  7.594065925079661E-03,
2459988.500000000, A.D. 2023-Feb-13 00:00:00.0000,  5.618685563499122E-01, -2.871825100392836E-02, -2.364632738617524E-01, -1.816375283263142E-02,  1.740960752791331E-02,  7.891838889041176E-03,
2459989.500000000, A.D. 2023-Feb-14 00:00:00.0000,  5.433304081004960E-01, -1.129327113273735E-02, -2.284139248049492E-01, -1.892142896249462E-02,  1.743684247028528E-02,  8.210539056492473E-03,
2459990.500000000, A.D. 2023-Feb-15 00:00:00.0000,  5.240068950534612E-01,  6.147597964466393E-03, -2.200344144988282E-01, -1.973554595969004E-02,  1.744052933849616E-02,  8.552595289203475E-03,
2459991.500000000, A.D. 2023-Feb-16 00:00:00.0000,  5.038382241606506E-01,  2.357801992076612E-02, -2.113000205751695E-01, -2.061297514603622E-02,  1.741486063587730E-02,  8.920806860887278E-03,
2459992.500000000, A.D. 2023-Feb-17 00:00:00.0000,  4.827572021964712E-01,  4.096508904731636E-02, -2.021830106748887E-01, -2.156167424236444E-02,  1.735243153338474E-02,  9.318405423746170E-03,
2459993.500000000, A.D. 2023-Feb-18 00:00:00.0000,  4.606880599750442E-01,  5.826748635820078E-02, -1.926521762266993E-01, -2.259086923919690E-02,  1.724371906842168E-02,  9.749123584266673E-03,
2459994.500000000, A.D. 2023-Feb-19 00:00:00.0000,  4.375450869640658E-01,  7.543302144365892E-02, -1.826722958042256E-01, -2.371124977186529E-02,  1.707636295844797E-02,  1.021726617127585E-02,
2459995.500000000, A.D. 2023-Feb-20 00:00:00.0000,  4.132310710993905E-01,  9.239532177733428E-02, -1.722035294609819E-01, -2.493515856518508E-02,  1.683416258190394E-02,  1.072777474814716E-02,
2459996.500000000, A.D. 2023-Feb-21 00:00:00.0000,  3.876355689331402E-01,  1.090693271312707E-01, -1.612007597445207E-01, -2.627673091159645E-02,  1.649566529476551E-02,  1.128626499474075E-02,
2459997.500000000, A.D. 2023-Feb-22 00:00:00.0000,  3.606330969425351E-01,  1.253450953211140E-01, -1.496129249637236E-01, -2.775189133758044E-02,  1.603216479077165E-02,  1.189899523244659E-02,
2459998.500000000, A.D. 2023-Feb-23 00:00:00.0000,  3.320814703338008E-01,  1.410792074862893E-01, -1.373824504832419E-01, -2.937801858731216E-02,  1.540485132625651E-02,  1.257268287157302E-02,
2459999.500000000, A.D. 2023-Feb-24 00:00:00.0000,  3.018207880337498E-01,  1.560827573407607E-01, -1.244450027964731E-01, -3.117290239032556E-02,  1.456076332930326E-02,  1.331400533962998E-02,
2460000.500000000, A.D. 2023-Feb-25 00:00:00.0000,  2.696741009283165E-01,  1.701045173731750E-01, -1.107300231692366E-01, -3.315225271225349E-02,  1.342711753272541E-02,  1.412846856859870E-02,
2460001.500000000, A.D. 2023-Feb-26 00:00:00.0000,  2.354518469548155E-01,  1.828074673294867E-01, -9.616294340904372E-02, -3.532433781350958E-02,  1.190366988170469E-02,  1.501803975302009E-02,
2460002.500000000, A.D. 2023-Feb-27 00:00:00.0000,  1.989641161908871E-01,  1.937367521839826E-01, -8.067081966148049E-02, -3.767910750548110E-02,  9.853363234446211E-03,  1.597643768659782E-02,
2460003.500000000, A.D. 2023-Feb-28 00:00:00.0000,  1.600483473031664E-01,  2.022782644978757E-01, -6.419458954224747E-02, -4.016726831162755E-02,  7.093656465277280E-03,  1.698021229109517E-02,
2460004.500000000, A.D. 2023-Mar-01 00:00:00.0000,  1.186255992202758E-01,  2.076119532557443E-01, -4.671341250147414E-02, -4.266294829672219E-02,  3.396862871913753E-03,  1.797306578697012E-02,
2460005.500000000, A.D. 2023-Mar-02 00:00:00.0000,  7.480437662670841E-02,  2.086781644054208E-01, -2.828879099701200E-02, -4.490611213332850E-02, -1.478958436434539E-03,  1.884212631013326E-02,
2460006.500000000, A.D. 2023-Mar-03 00:00:00.0000,  2.904703866717670E-02,  2.042065025329226E-01, -9.134042518258759E-03, -4.644122044450218E-02, -7.687775835859448E-03,  1.939371560583363E-02,
2460007.500000000, A.D. 2023-Mar-04 00:00:00.0000, -1.762832645819192E-02,  1.928995771157493E-01,  1.030365683811953E-02, -4.662702673909156E-02, -1.508696955533949E-02,  1.936059897328465E-02,
2460008.500000000, A.D. 2023-Mar-05 00:00:00.0000, -6.354919556358841E-02,  1.738533005244628E-01,  2.930812246163062E-02, -4.485563538262530E-02, -2.300566250784471E-02,  1.849748884408103E-02,
2460009.500000000, A.D. 2023-Mar-06 00:00:00.0000, -1.066319028406550E-01,  1.470967971458148E-01,  4.700447654126094E-02, -4.098817939839303E-02, -3.030107900937593E-02,  1.676321937560775E-02,
2460010.500000000, A.D. 2023-Mar-07 00:00:00.0000, -1.450161566331282E-01,  1.138217609257719E-01,  6.262914461011278E-02, -3.560681111295463E-02, -3.590952883857181E-02,  1.441832532596664E-02,
2460011.500000000, A.D. 2023-Mar-08 00:00:00.0000, -1.776694490724239E-01,  7.598387028337746E-02,  7.577776984867955E-02, -2.969005551661020E-02, -3.942336054688886E-02,  1.187999451767993E-02,
2460012.500000000, A.D. 2023-Mar-09 00:00:00.0000, -2.044951618297675E-01,  3.559128608328583E-02,  8.643993644154065E-02, -2.405519308071833E-02, -4.109699733712056E-02,  9.487730964049798E-03,
2460013.500000000, A.D. 2023-Mar-10 00:00:00.0000, -2.260160033549674E-01, -5.774020797751290E-03,  9.485899460255043E-02, -1.911806316739870E-02, -4.146025330016273E-02,  7.408261909256531E-03,
2460014.500000000, A.D. 2023-Mar-11 00:00:00.0000, -2.429981191109828E-01, -4.705934568177310E-02,  1.013726065126933E-01, -1.497636019859904E-02, -4.100883829831865E-02,  5.675179331738256E-03,
2460015.500000000, A.D. 2023-Mar-12 00:00:00.0000, -2.562135480156986E-01, -8.764059196638167E-02,  1.063144703811223E-01, -1.156760745877224E-02, -4.009969427374187E-02,  4.256874795691737E-03,
2460016.500000000, A.D. 2023-Mar-13 00:00:00.0000, -2.663392298881597E-01, -1.271828314734606E-01,  1.099739901129699E-01, -8.776601708197582E-03, -3.895981097143986E-02,  3.101542783825141E-03,
2460017.500000000, A.D. 2023-Mar-14 00:00:00.0000, -2.739334255428776E-01, -1.655289684583292E-01,  1.125880425581503E-01, -6.486205250056343E-03, -3.772430381169114E-02,  2.157945532003418E-03,
2460018.500000000, A.D. 2023-Mar-15 00:00:00.0000, -2.794445903520679E-01, -2.026256425513672E-01,  1.143458184436187E-01, -4.595323999943786E-03, -3.647028262474281E-02,  1.382456462774266E-03,
2460019.500000000, A.D. 2023-Mar-16 00:00:00.0000, -2.832298253240241E-01, -2.384776898621868E-01,  1.153972575894513E-01, -3.022285551658213E-03, -3.524007429818289E-02,  7.401303428839754E-04,
2460020.500000000, A.D. 2023-Mar-17 00:00:00.0000, -2.855735621680164E-01, -2.731211819882240E-01,  1.158613032905911E-01, -1.702923382180062E-03, -3.405566112840244E-02,  2.036815554967600E-04,
2460021.500000000, A.D. 2023-Mar-18 00:00:00.0000, -2.867034707748691E-01, -3.066077663580686E-01,  1.158328200796837E-01, -5.873256517267521E-04, -3.292729627981449E-02, -2.480111225098225E-04,
2460022.500000000, A.D. 2023-Mar-19 00:00:00.0000, -2.868031107781113E-01, -3.389956907979868E-01,  1.153880433009872E-01,  3.632983595392563E-04, -3.185856085806611E-02, -6.312968620584530E-04,
2460023.500000000, A.D. 2023-Mar-20 00:00:00.0000, -2.860217047424588E-01, -3.703447395660271E-01,  1.145887607567562E-01,  1.179215665304987E-03, -3.084931599469098E-02, -9.588882685276732E-04,
2460024.500000000, A.D. 2023-Mar-21 00:00:00.0000, -2.844816039321054E-01, -4.007134507513597E-01,  1.134854907660849E-01,  1.884195746731966E-03, -2.989742333032352E-02, -1.240738394952473E-03,
2460025.500000000, A.D. 2023-Mar-22 00:00:00.0000, -2.822839800796890E-01, -4.301576622315130E-01,  1.121198950335564E-01,  2.497049763804432E-03, -2.899974560970095E-02, -1.484702373950163E-03,
2460026.500000000, A.D. 2023-Mar-23 00:00:00.0000, -2.795131774658213E-01, -4.587298285274735E-01,  1.105266171530972E-01,  3.032787667716121E-03, -2.815272509328043E-02, -1.697032192738441E-03,
2460027.500000000, A.D. 2023-Mar-24 00:00:00.0000, -2.762400593901843E-01, -4.864787808562681E-01,  1.087346920127750E-01,  3.503486246140850E-03, -2.735271328929236E-02, -1.882746299305361E-03,
2460028.500000000, A.D. 2023-Mar-25 00:00:00.0000, -2.725245995651135E-01, -5.134497370313275E-01,  1.067686342496225E-01,  3.918941949316749E-03, -2.659615371836056E-02, -2.045906590281528E-03,
2460029.500000000, A.D. 2023-Mar-26 00:00:00.0000, -2.684179043540696E-01, -5.396844468806790E-01,  1.046492855752977E-01,  4.287164360983406E-03, -2.587967777587964E-02, -2.189827150580549E-03,
2460030.500000000, A.D. 2023-Mar-27 00:00:00.0000, -2.639638034840622E-01, -5.652214056745063E-01,  1.023944798026410E-01,  4.614751650637915E-03, -2.520014942055654E-02, -2.317232646415212E-03,
2460031.500000000, A.D. 2023-Mar-28 00:00:00.0000, -2.592001113096812E-01, -5.900960959849494E-01,  1.000195690489436E-01,  4.907178313472401E-03, -2.455468006967928E-02, -2.430379424150298E-03,
2460032.500000000, A.D. 2023-Mar-29 00:00:00.0000, -2.541596346798886E-01, -6.143412351489634E-01,  9.753784340678501E-02,  5.169017368587138E-03, -2.394062654539813E-02, -2.531148821486767E-03,
2460033.500000000, A.D. 2023-Mar-30 00:00:00.0000, -2.488709844074198E-01, -6.379870155729102E-01,  9.496086821888877E-02,  5.404113263943873E-03, -2.335557979405527E-02, -2.621119632714826E-03,
2460034.500000000, A.D. 2023-Mar-31 00:00:00.0000, -2.433592333525458E-01, -6.610613311629042E-01,  9.229875712644159E-02,  5.615717446361854E-03, -2.279734900425146E-02, -2.701624821018692E-03,
2460035.500000000, A.D. 2023-Apr-01 00:00:00.0000, -2.376464538117068E-01, -6.835899867720779E-01,  8.956039467034969E-02,  5.806595446847162E-03, -2.226394386701671E-02, -2.773796236905157E-03,
2460036.500000000, A.D. 2023-Apr-02 00:00:00.0000, -2.317521592399242E-01, -7.055968896781709E-01,  8.675361897451418E-02,  5.979112073387880E-03, -2.175355657327190E-02, -2.838600135959681E-03,
2460037.500000000, A.D. 2023-Apr-03 00:00:00.0000, -2.256936696107167E-01, -7.271042233209238E-01,  8.388537261689255E-02,  6.135299655014888E-03, -2.126454444309391E-02, -2.896865586169801E-03,
2460038.500000000, A.D. 2023-Apr-04 00:00:00.0000, -2.194864154092791E-01, -7.481326041925098E-01,  8.096182797443928E-02,  6.276913070862006E-03, -2.079541365521053E-02, -2.949307340328418E-03,
2460039.500000000, A.D. 2023-Apr-05 00:00:00.0000, -2.131441919901949E-01, -7.687012231033370E-01,  7.798849195172498E-02,  6.405474404015065E-03, -2.034480428837223E-02, -2.996544369645037E-03,
2460040.500000000, A.D. 2023-Apr-06 00:00:00.0000, -2.066793735397534E-01, -7.888279721743715E-01,  7.497029395457559E-02,  6.522309395143692E-03, -1.991147673414633E-02, -3.039114973144398E-03,
2460041.500000000, A.D. 2023-Apr-07 00:00:00.0000, -2.001030939686582E-01, -8.085295589188165E-01,  7.191166016573895E-02,  6.628577373171685E-03, -1.949429945329520E-02, -3.077489167030446E-03,
2460042.500000000, A.D. 2023-Apr-08 00:00:00.0000, -1.934254005799751E-01, -8.278216087218166E-01,  6.881657655826599E-02,  6.725295965052696E-03, -1.909223800039794E-02, -3.112078899873639E-03,
2460043.500000000, A.D. 2023-Apr-09 00:00:00.0000, -1.866553852039115E-01, -8.467187569383920E-01,  6.568864259914697E-02,  6.813361602003363E-03, -1.870434521822877E-02, -3.143246519525471E-03,
2460044.500000000, A.D. 2023-Apr-10 00:00:00.0000, -1.798012965872272E-01, -8.652347317261539E-01,  6.253111721762457E-02,  6.893566622062319E-03, -1.832975249493130E-02, -3.171311826176680E-03,
2460045.500000000, A.D. 2023-Apr-11 00:00:00.0000, -1.728706371124190E-01, -8.833824286219205E-01,  5.934695831483056E-02,  6.966613601654465E-03, -1.796766197714445E-02, -3.196557975738760E-03,
2460046.500000000, A.D. 2023-Apr-12 00:00:00.0000, -1.658702463565442E-01, -9.011739777666826E-01,  5.613885685549716E-02,  7.033127419486884E-03, -1.761733963715435E-02, -3.219236443461603E-03,
2460047.500000000, A.D. 2023-Apr-13 00:00:00.0000, -1.588063735486270E-01, -9.186208045850132E-01,  5.290926639454647E-02,  7.093665455452976E-03, -1.727810909957099E-02, -3.239571215526813E-03,
2460048.500000000, A.D. 2023-Apr-14 00:00:00.0000, -1.516847406229085E-01, -9.357336846346929E-01,  4.966042874077612E-02,  7.148726248398195E-03, -1.694934614146222E-02, -3.257762343368554E-03,
2460049.500000000, A.D. 2023-Apr-15 00:00:00.0000, -1.445105972735875E-01, -9.525227932605976E-01,  4.639439633859135E-02,  7.198756874572129E-03, -1.663047378855263E-02, -3.273988969545489E-03,
2460050.500000000, A.D. 2023-Apr-16 00:00:00.0000, -1.372887691803808E-01, -9.689977506137099E-01,  4.311305185055772E-02,  7.244159259462681E-03, -1.632095793844557E-02, -3.288411913473866E-03,
2460051.500000000, A.D. 2023-Apr-17 00:00:00.0000, -1.300237003818035E-01, -9.851676625310573E-01,  3.981812534369654E-02,  7.285295596640269E-03, -1.602030344965955E-02, -3.301175889037479E-03,
2460052.500000000, A.D. 2023-Apr-18 00:00:00.0000, -1.227194906156574E-01, -1.001041157714780E+00,  3.651120941718421E-02,  7.322493015969335E-03, -1.572805064240338E-02, -3.312411413061436E-03,
2460053.500000000, A.D. 2023-Apr-19 00:00:00.0000, -1.153799283168586E-01, -1.016626421597749E+00,  3.319377255554422E-02,  7.356047618435780E-03, -1.544377216346158E-02, -3.322236453186040E-03,
2460054.500000000, A.D. 2023-Apr-20 00:00:00.0000, -1.080085198559943E-01, -1.031931227238448E+00,  2.986717094724966E-02,  7.386227974546749E-03, -1.516707017329308E-02, -3.330757855239392E-03,
2460055.500000000, A.D. 2023-Apr-21 00:00:00.0000, -1.006085155135470E-01, -1.046962963548526E+00,  2.653265897209425E-02,  7.413278166816187E-03, -1.489757381853337E-02, -3.338072583376623E-03,
2460056.500000000, A.D. 2023-Apr-22 00:00:00.0000, -9.318293261113784E-02, -1.061728661121908E+00,  2.319139853029386E-02,  7.437420443443433E-03, -1.463493695756266E-02, -3.344268800689680E-03,
2460057.500000000, A.D. 2023-Apr-23 00:00:00.0000, -8.573457615969822E-02, -1.076235015904024E+00,  1.984446736092637E-02,  7.458857539335343E-03, -1.437883611073601E-02, -3.349426813448152E-03,
2460058.500000000, A.D. 2023-Apr-24 00:00:00.0000, -7.826605733297189E-02, -1.090488410913062E+00,  1.649286647608282E-02,  7.477774711616904E-03, -1.412896861031237E-02, -3.353619898400568E-03,
2460059.500000000, A.D. 2023-Apr-25 00:00:00.0000, -7.077981003143710E-02, -1.104494936201742E+00,  1.313752681925656E-02,  7.494341529355641E-03, -1.388505092813200E-02, -3.356915029494137E-03,
2460060.500000000, A.D. 2023-Apr-26 00:00:00.0000, -6.327810576517810E-02, -1.118260407227492E+00,  9.779315241455888E-03,  7.508713451081256E-03, -1.364681716172324E-02, -3.359373517829593E-03,
2460061.500000000, A.D. 2023-Apr-27 00:00:00.0000, -5.576306705328329E-02, -1.131790381780761E+00,  6.419039875783262E-03,  7.521033218581779E-03, -1.341401766181942E-02, -3.361051576560076E-03,
2460062.500000000, A.D. 2023-Apr-28 00:00:00.0000, -4.823667951105603E-02, -1.145090175605228E+00,  3.057454980435673E-03,  7.531432091205013E-03, -1.318641778627577E-02, -3.362000820686627E-03,
2460063.500000000, A.D. 2023-Apr-29 00:00:00.0000, -4.070080277392481E-02, -1.158164876829536E+00, -3.047346891314573E-04,  7.540030941339168E-03, -1.296379676713274E-02, -3.362268710236150E-03,
2460064.500000000, A.D. 2023-Apr-30 00:00:00.0000, -3.315718038780122E-02, -1.171019359317727E+00, -3.666869925978308E-03,  7.546941228763321E-03, -1.274594667910769E-02, -3.361898944077403E-03,
2460065.500000000, A.D. 2023-May-01 00:00:00.0000, -2.560744877923342E-02, -1.183658295034495E+00, -7.028333489219538E-03,  7.552265869048122E-03, -1.253267149914201E-02, -3.360931810596369E-03,
2460066.500000000, A.D. 2023-May-02 00:00:00.0000, -1.805314540461250E-02, -1.196086165511656E+00, -1.038854685293057E-02,  7.556100009067925E-03, -1.232378624780768E-02, -3.359404500579784E-03,
2460067.500000000, A.D. 2023-May-03 00:00:00.0000, -1.049571616554902E-02, -1.208307272493499E+00, -1.374696725098966E-02,  7.558531720891389E-03, -1.211911620441128E-02, -3.357351386917388E-03,
2460068.500000000, A.D. 2023-May-04 00:00:00.0000, -2.936522167052738E-03, -1.220325747831039E+00, -1.710308498671535E-02,  7.559642623794177E-03, -1.191849618853921E-02, -3.354804275107173E-03,
2460069.500000000, A.D. 2023-May-05 00:00:00.0000,  4.623154113929732E-03, -1.232145562688309E+00, -2.045642097986821E-02,  7.559508442840947E-03, -1.172176990158604E-02, -3.351792628015216E-03,
2460070.500000000, A.D. 2023-May-06 00:00:00.0000,  1.218210318994372E-02, -1.243770536117757E+00, -2.380652452680702E-02,  7.558199511375745E-03, -1.152878932250922E-02, -3.348343767886767E-03,
2460071.500000000, A.D. 2023-May-07 00:00:00.0000,  1.973918340159984E-02, -1.255204343056330E+00, -2.715297125238194E-02,  7.555781223813778E-03, -1.133941415267046E-02, -3.344483058216991E-03,
2460072.500000000, A.D. 2023-May-08 00:00:00.0000,  2.729331618644383E-02, -1.266450521789021E+00, -3.049536123458780E-02,  7.552314444314389E-03, -1.115351130517237E-02, -3.340234067756533E-03,
2460073.500000000, A.D. 2023-May-09 00:00:00.0000,  3.484348173650165E-02, -1.277512480922266E+00, -3.383331728513282E-02,  7.547855876213398E-03, -1.097095443457791E-02, -3.335618718639348E-03,
2460074.500000000, A.D. 2023-May-10 00:00:00.0000,  4.238871500744056E-02, -1.288393505905691E+00, -3.716648337092785E-02,  7.542458396496574E-03, -1.079162350332838E-02, -3.330657420376208E-03,
2460075.500000000, A.D. 2023-May-11 00:00:00.0000,  4.992810204630983E-02, -1.299096765137252E+00, -4.049452316314905E-02,  7.536171359066726E-03, -1.061540438155336E-02, -3.325369191240604E-03,
2460076.500000000, A.D. 2023-May-12 00:00:00.0000,  5.746077660834025E-02, -1.309625315683607E+00, -4.381711870194931E-02,  7.529040870113830E-03, -1.044218847730073E-02, -3.319771768392524E-03,
2460077.500000000, A.D. 2023-May-13 00:00:00.0000,  6.498591703639479E-02, -1.319982108644825E+00, -4.713396916616157E-02,  7.521110038501504E-03, -1.027187239451285E-02, -3.313881707924101E-03,
2460078.500000000, A.D. 2023-May-14 00:00:00.0000,  7.250274337939967E-02, -1.330169994189914E+00, -5.044478973845078E-02,  7.512419203746771E-03, -1.010435761633953E-02, -3.307714475872789E-03,
2460079.500000000, A.D. 2023-May-15 00:00:00.0000,  8.001051472851120E-02, -1.340191726287420E+00, -5.374931055735024E-02,  7.503006143867095E-03, -9.939550211615083E-03, -3.301284531125287E-03,
2460080.500000000, A.D. 2023-May-16 00:00:00.0000,  8.750852675191710E-02, -1.350049967153266E+00, -5.704727574849493E-02,  7.492906265118178E-03, -9.777360562536135E-03, -3.294605401032361E-03,
2460081.500000000, A.D. 2023-May-17 00:00:00.0000,  9.499610941107474E-02, -1.359747291436112E+00, -6.033844252813006E-02,  7.482152775415394E-03, -9.617703111765153E-03, -3.287689750460985E-03,
2460082.500000000, A.D. 2023-May-18 00:00:00.0000,  1.024726248428850E-01, -1.369286190158862E+00, -6.362258037266277E-02,  7.470776843029973E-03, -9.460496127353125E-03, -3.280549444928141E-03,
2460083.500000000, A.D. 2023-May-19 00:00:00.0000,  1.099374653937986E-01, -1.378669074433386E+00, -6.689947024863070E-02,  7.458807741983624E-03, -9.305661484024265E-03, -3.273195608392340E-03,
2460084.500000000, A.D. 2023-May-20 00:00:00.0000,  1.173900517932006E-01, -1.387898278964161E+00, -7.016890389800615E-02,  7.446272985407527E-03, -9.153124459501007E-03, -3.265638676214814E-03,
2460085.500000000, A.D. 2023-May-21 00:00:00.0000,  1.248298314546118E-01, -1.396976065355233E+00, -7.343068317424122E-02,  7.433198447998754E-03, -9.002813544668068E-03, -3.257888443748333E-03,
2460086.500000000, A.D. 2023-May-22 00:00:00.0000,  1.322562768943220E-01, -1.405904625233830E+00, -7.668461942488466E-02,  7.419608478584454E-03, -8.854660266483707E-03, -3.249954110961705E-03,
2460087.500000000, A.D. 2023-May-23 00:00:00.0000,  1.396688842580252E-01, -1.414686083202815E+00, -7.993053291699816E-02,  7.405526003704555E-03, -8.708599022642862E-03, -3.241844323467647E-03,
2460088.500000000, A.D. 2023-May-24 00:00:00.0000,  1.470671719468877E-01, -1.423322499633314E+00, -8.316825230193919E-02,  7.390972623025179E-03, -8.564566927085914E-03, -3.233567210281722E-03,
2460089.500000000, A.D. 2023-May-25 00:00:00.0000,  1.544506793352543E-01, -1.431815873307924E+00, -8.639761411639280E-02,  7.375968697316578E-03, -8.422503665525116E-03, -3.225130418608165E-03,
2460090.500000000, A.D. 2023-May-26 00:00:00.0000,  1.618189655728909E-01, -1.440168143924132E+00, -8.961846231681467E-02,  7.360533429650775E-03, -8.282351360233555E-03, -3.216541145916659E-03,
2460091.500000000, A.D. 2023-May-27 00:00:00.0000,  1.691716084652850E-01, -1.448381194466875E+00, -9.283064784469580E-02,  7.344684940415505E-03, -8.144054443404729E-03, -3.207806169550294E-03,
2460092.500000000, A.D. 2023-May-28 00:00:00.0000,  1.765082034260938E-01, -1.456456853458466E+00, -9.603402822029418E-02,  7.328440336677480E-03, -8.007559538450589E-03, -3.198931874079140E-03,
2460093.500000000, A.D. 2023-May-29 00:00:00.0000,  1.838283624963326E-01, -1.464396897093556E+00, -9.922846716267050E-02,  7.311815776379391E-03, -7.872815348657844E-03, -3.189924276594374E-03,
2460094.500000000, A.D. 2023-May-30 00:00:00.0000,  1.911317134253615E-01, -1.472203051266201E+00, -1.024138342340657E-01,  7.294826527806367E-03, -7.739772552671727E-03, -3.180789050117830E-03,
2460095.500000000, A.D. 2023-May-31 00:00:00.0000,  1.984178988091399E-01, -1.479876993495619E+00, -1.055900045068113E-01,  7.277487024719406E-03, -7.608383706318333E-03, -3.171531545286729E-03,
2460096.500000000, A.D. 2023-Jun-01 00:00:00.0000,  2.056865752815990E-01, -1.487420354756761E+00, -1.087568582511227E-01,  7.259810917513356E-03, -7.478603150318001E-03, -3.162156810456954E-03,
2460097.500000000, A.D. 2023-Jun-02 00:00:00.0000,  2.129374127553211E-01, -1.494834721221355E+00, -1.119142806422589E-01,  7.241811120726175E-03, -7.350386923476471E-03, -3.152669610355789E-03,
2460098.500000000, A.D. 2023-Jun-03 00:00:00.0000,  2.201700937080285E-01, -1.502121635914728E+00, -1.150621614856620E-01,  7.223499857194006E-03, -7.223692680975416E-03, -3.143074443402105E-03,
2460099.500000000, A.D. 2023-Jun-04 00:00:00.0000,  2.273843125116637E-01, -1.509282600293325E+00, -1.182003949587936E-01,  7.204888699122836E-03, -7.098479617411653E-03, -3.133375557802187E-03,
2460100.500000000, A.D. 2023-Jun-05 00:00:00.0000,  2.345797748011027E-01, -1.516319075747490E+00, -1.213288793684963E-01,  7.185988606320867E-03, -6.974708394262903E-03, -3.123576966518843E-03,
2460101.500000000, A.D. 2023-Jun-06 00:00:00.0000,  2.417561968797746E-01, -1.523232485033823E+00, -1.244475169228009E-01,  7.166809961816034E-03, -6.852341071482322E-03, -3.113682461203170E-03,
2460102.500000000, A.D. 2023-Jun-07 00:00:00.0000,  2.489133051596776E-01, -1.530024213641063E+00, -1.275562135161762E-01,  7.147362605061647E-03, -6.731341042946469E-03, -3.103695625169997E-03,
2460103.500000000, A.D. 2023-Jun-08 00:00:00.0000,  2.560508356334729E-01, -1.536695611093247E+00, -1.306548785273133E-01,  7.127655862917631E-03, -6.611672975501962E-03, -3.093619845491443E-03,
2460104.500000000, A.D. 2023-Jun-09 00:00:00.0000,  2.631685333765188E-01, -1.543247992193611E+00, -1.337434246285843E-01,  7.107698578577221E-03, -6.493302751374858E-03, -3.083458324276077E-03,
2460105.500000000, A.D. 2023-Jun-10 00:00:00.0000,  2.702661520768709E-01, -1.549682638212498E+00, -1.368217676064052E-01,  7.087499138595271E-03, -6.376197413723672E-03, -3.073214089195643E-03,
2460106.500000000, A.D. 2023-Jun-11 00:00:00.0000,  2.773434535914200E-01, -1.556000798022296E+00, -1.398898261917686E-01,  7.067065498160536E-03, -6.260325115132666E-03, -3.062890003315639E-03,
2460107.500000000, A.D. 2023-Jun-12 00:00:00.0000,  2.844002075264800E-01, -1.562203689182266E+00, -1.429475219002826E-01,  7.046405204742638E-03, -6.145655068855789E-03, -3.052488774281634E-03,
2460108.500000000, A.D. 2023-Jun-13 00:00:00.0000,  2.914361908412599E-01, -1.568292498975911E+00, -1.459947788810936E-01,  7.025525420232635E-03, -6.032157502635005E-03, -3.042012962908339E-03,
2460109.500000000, A.D. 2023-Jun-14 00:00:00.0000,  2.984511874727689E-01, -1.574268385403385E+00, -1.490315237741170E-01,  7.004432941685281E-03, -5.919803614927855E-03, -3.031464991214698E-03,
2460110.500000000, A.D. 2023-Jun-15 00:00:00.0000,  3.054449879808053E-01, -1.580132478131272E+00, -1.520576855750439E-01,  6.983134220761515E-03, -5.808565533391315E-03, -3.020847149944341E-03,
2460111.500000000, A.D. 2023-Jun-16 00:00:00.0000,  3.124173892117761E-01, -1.585885879401907E+00, -1.550731955076235E-01,  6.961635381959042E-03, -5.698416275477881E-03, -3.010161605607417E-03,
2460112.500000000, A.D. 2023-Jun-17 00:00:00.0000,  3.193681939801739E-01, -1.591529664904304E+00, -1.580779869027653E-01,  6.939942239710551E-03, -5.589329711011698E-03, -2.999410407076829E-03,
2460113.500000000, A.D. 2023-Jun-18 00:00:00.0000,  3.262972107666147E-01, -1.597064884608592E+00, -1.610719950840248E-01,  6.918060314418164E-03, -5.481280526621272E-03, -2.988595491768750E-03,
2460114.500000000, A.D. 2023-Jun-19 00:00:00.0000,  3.332042534314066E-01, -1.602492563565769E+00, -1.640551572590744E-01,  6.895994847488133E-03, -5.374244191917326E-03, -2.977718691435383E-03,
2460115.500000000, A.D. 2023-Jun-20 00:00:00.0000,  3.400891409426728E-01, -1.607813702674461E+00, -1.670274124167834E-01,  6.873750815416398E-03, -5.268196927316286E-03, -2.966781737595359E-03,
2460116.500000000, A.D. 2023-Jun-21 00:00:00.0000,  3.469516971181094E-01, -1.613029279416292E+00, -1.699887012295588E-01,  6.851332942978377E-03, -5.163115673418643E-03, -2.955786266625817E-03,
2460117.500000000, A.D. 2023-Jun-22 00:00:00.0000,  3.537917503795020E-01, -1.618140248561379E+00, -1.729389659606164E-01,  6.828745715566200E-03, -5.058978061870436E-03, -2.944733824539064E-03,
2460118.500000000, A.D. 2023-Jun-23 00:00:00.0000,  3.606091335191740E-01, -1.623147542845396E+00, -1.758781503758816E-01,  6.805993390718526E-03, -4.955762387638493E-03, -2.933625871465203E-03,
2460119.500000000, A.D. 2023-Jun-24 00:00:00.0000,  3.674036834775815E-01, -1.628052073619607E+00, -1.788061996602340E-01,  6.783080008902151E-03, -4.853447582652654E-03, -2.922463785863516E-03,
2460120.500000000, A.D. 2023-Jun-25 00:00:00.0000,  3.741752411313378E-01, -1.632854731475200E+00, -1.817230603378369E-01,  6.760009403584451E-03, -4.752013190761384E-03, -2.911248868481641E-03,
2460121.500000000, A.D. 2023-Jun-26 00:00:00.0000,  3.809236510909856E-01, -1.637556386843210E+00, -1.846286801963085E-01,  6.736785210691122E-03, -4.651439343949778E-03, -2.899982346085352E-03,
2460122.500000000, A.D. 2023-Jun-27 00:00:00.0000,  3.876487615079472E-01, -1.642157890571278E+00, -1.875230082145160E-01,  6.713410877479813E-03, -4.551706739798237E-03, -2.888665374977042E-03,
2460123.500000000, A.D. 2023-Jun-28 00:00:00.0000,  3.943504238900886E-01, -1.646660074478455E+00, -1.904059944937903E-01,  6.689889670958053E-03, -4.452796620050660E-03, -2.877299044319882E-03,
2460124.500000000, A.D. 2023-Jun-29 00:00:00.0000,  4.010284929255024E-01, -1.651063751889113E+00, -1.932775901923746E-01,  6.666224685866582E-03, -4.354690750316456E-03, -2.865884379286358E-03,
2460125.500000000, A.D. 2023-Jun-30 00:00:00.0000,  4.076828263140794E-01, -1.655369718147072E+00, -1.961377474629377E-01,  6.642418852306797E-03, -4.257371400736932E-03, -2.854422344038391E-03,
2460126.500000000, A.D. 2023-Jul-01 00:00:00.0000,  4.143132846065660E-01, -1.659578751110849E+00, -1.989864193929894E-01,  6.618474943087964E-03, -4.160821327560069E-03, -2.842913844554246E-03,
2460127.500000000, A.D. 2023-Jul-02 00:00:00.0000,  4.209197310508119E-01, -1.663691611630892E+00, -2.018235599480460E-01,  6.594395580756374E-03, -4.065023755535207E-03, -2.831359731303561E-03,
2460128.500000000, A.D. 2023-Jul-03 00:00:00.0000,  4.275020314449124E-01, -1.667709044009591E+00, -2.046491239174006E-01,  6.570183244359342E-03, -3.969962361037313E-03, -2.819760801779164E-03,
2460129.500000000, A.D. 2023-Jul-04 00:00:00.0000,  4.340600539969693E-01, -1.671631776444742E+00, -2.074630668623522E-01,  6.545840275917940E-03, -3.875621255856440E-03, -2.808117802888505E-03,
2460130.500000000, A.D. 2023-Jul-05 00:00:00.0000,  4.405936691911764E-01, -1.675460521457116E+00, -2.102653450667610E-01,  6.521368886595662E-03, -3.781984971602804E-03, -2.796431433209243E-03,
2460131.500000000, A.D. 2023-Jul-06 00:00:00.0000,  4.471027496599130E-01, -1.679195976302727E+00, -2.130559154897898E-01,  6.496771162548825E-03, -3.689038444695633E-03, -2.784702345114227E-03,
2460132.500000000, A.D. 2023-Jul-07 00:00:00.0000,  4.535871700615261E-01, -1.682838823370368E+00, -2.158347357207106E-01,  6.472049070449596E-03, -3.596767001915362E-03, -2.772931146771904E-03,
2460133.500000000, A.D. 2023-Jul-08 00:00:00.0000,  4.600468069634711E-01, -1.686389730564981E+00, -2.186017639356508E-01,  6.447204462681246E-03, -3.505156346507960E-03, -2.761118404029193E-03,
2460134.500000000, A.D. 2023-Jul-09 00:00:00.0000,  4.664815387304866E-01, -1.689849351677403E+00, -2.213569588561668E-01,  6.422239082213339E-03, -3.414192544833228E-03, -2.749264642184295E-03,
2460135.500000000, A.D. 2023-Jul-10 00:00:00.0000,  4.728912454174902E-01, -1.693218326741023E+00, -2.241002797095396E-01,  6.397154567171563E-03, -3.323862013548440E-03, -2.737370347657070E-03,
2460136.500000000, A.D. 2023-Jul-11 00:00:00.0000,  4.792758086668996E-01, -1.696497282375893E+00, -2.268316861906902E-01,  6.371952455121990E-03, -3.234151507316725E-03, -2.725435969564432E-03,
2460137.500000000, A.D. 2023-Jul-12 00:00:00.0000,  4.856351116101041E-01, -1.699686832120804E+00, -2.295511384256291E-01,  6.346634187091160E-03, -3.145048107025624E-03, -2.713461921207623E-03,
2460138.500000000, A.D. 2023-Jul-13 00:00:00.0000,  4.919690387728341E-01, -1.702787576753820E+00, -2.322585969363487E-01,  6.321201111344594E-03, -3.056539208498766E-03, -2.701448581477741E-03,
2460139.500000000, A.D. 2023-Jul-14 00:00:00.0000,  4.982774759841956E-01, -1.705800104601774E+00, -2.349540226070838E-01,  6.295654486944229E-03, -2.968612511680765E-03, -2.689396296185116E-03,
2460140.500000000, A.D. 2023-Jul-15 00:00:00.0000,  5.045603102891612E-01, -1.708724991839166E+00, -2.376373766518674E-01,  6.269995487104252E-03, -2.881256010273891E-03, -2.677305379317547E-03,
2460141.500000000, A.D. 2023-Jul-16 00:00:00.0000,  5.108174298643217E-01, -1.711562802776921E+00, -2.403086205833074E-01,  6.244225202361910E-03, -2.794457981804761E-03, -2.665176114231858E-03,
2460142.500000000, A.D. 2023-Jul-17 00:00:00.0000,  5.170487239367245E-01, -1.714314090141417E+00, -2.429677161825260E-01,  6.218344643577949E-03, -2.708206978098793E-03, -2.653008754782673E-03,
2460143.500000000, A.D. 2023-Jul-18 00:00:00.0000,  5.232540827056298E-01, -1.716979395344186E+00, -2.456146254701971E-01,  6.192354744779655E-03, -2.622491816141862E-03, -2.640803526392078E-03,
2460144.500000000, A.D. 2023-Jul-19 00:00:00.0000,  5.294333972670372E-01, -1.719559248742654E+00, -2.482493106786248E-01,  6.166256365855959E-03, -2.537301569307263E-03, -2.628560627063075E-03,
2460145.500000000, A.D. 2023-Jul-20 00:00:00.0000,  5.355865595408378E-01, -1.722054169892289E+00, -2.508717342248090E-01,  6.140050295115991E-03, -2.452625558931036E-03, -2.616280228340255E-03,
2460146.500000000, A.D. 2023-Jul-21 00:00:00.0000,  5.417134622004590E-01, -1.724464667790491E+00, -2.534818586844468E-01,  6.113737251716989E-03, -2.368453346216065E-03, -2.603962476219937E-03,
2460147.500000000, A.D. 2023-Jul-22 00:00:00.0000,  5.478139986048755E-01, -1.726791241112541E+00, -2.560796467668184E-01,  6.087317887972675E-03, -2.284774724448050E-03, -2.591607492012870E-03,
2460148.500000000, A.D. 2023-Jul-23 00:00:00.0000,  5.538880627328701E-01, -1.729034378439915E+00, -2.586650612905142E-01,  6.060792791539932E-03, -2.201579711509241E-03, -2.579215373160772E-03,
2460149.500000000, A.D. 2023-Jul-24 00:00:00.0000,  5.599355491194270E-01, -1.731194558481256E+00, -2.612380651599558E-01,  6.034162487502670E-03, -2.118858542674174E-03, -2.566786194010705E-03,
2460150.500000000, A.D. 2023-Jul-25 00:00:00.0000,  5.659563527941552E-01, -1.733272250286278E+00, -2.637986213426719E-01,  6.007427440346634E-03, -2.036601663675070E-03, -2.554320006547806E-03,
2460151.500000000, A.D. 2023-Jul-26 00:00:00.0000,  5.719503692216356E-01, -1.735267913452861E+00, -2.663466928472863E-01,  5.980588055837358E-03, -1.954799724020372E-03, -2.541816841089221E-03,
2460152.500000000, A.D. 2023-Jul-27 00:00:00.0000,  5.779174942436006E-01, -1.737181998327595E+00, -2.688822427021803E-01,  5.953644682798782E-03, -1.873443570563892E-03, -2.529276706940535E-03,
2460153.500000000, A.D. 2023-Jul-28 00:00:00.0000,  5.838576240228449E-01, -1.739014946199996E+00, -2.714052339347960E-01,  5.926597614807592E-03, -1.792524241300827E-03, -2.516699593017510E-03,
2460154.500000000, A.D. 2023-Jul-29 00:00:00.0000,  5.897706549887882E-01, -1.740767189490654E+00, -2.739156295515423E-01,  5.899447091797078E-03, -1.712032959390976E-03, -2.504085468433726E-03,
2460155.500000000, A.D. 2023-Jul-30 00:00:00.0000,  5.956564837845998E-01, -1.742439151933484E+00, -2.764133925182735E-01,  5.872193301579484E-03, -1.631961127391883E-03, -2.491434283056270E-03,
2460156.500000000, A.D. 2023-Jul-31 00:00:00.0000,  6.015150072158040E-01, -1.744031248752336E+00, -2.788984857413078E-01,  5.844836381288548E-03, -1.552300321700887E-03, -2.478745968030829E-03,
2460157.500000000, A.D. 2023-Aug-01 00:00:00.0000,  6.073461222002938E-01, -1.745543886832130E+00, -2.813708720489565E-01,  5.817376418748502E-03, -1.473042287186088E-03, -2.466020436277851E-03,
2460158.500000000, A.D. 2023-Aug-02 00:00:00.0000,  6.131497257196745E-01, -1.746977464884728E+00, -2.838305141735345E-01,  5.789813453769272E-03, -1.394178932007875E-03, -2.453257582960741E-03,
2460159.500000000, A.D. 2023-Aug-03 00:00:00.0000,  6.189257147718670E-01, -1.748332373609703E+00, -2.862773747338270E-01,  5.762147479372921E-03, -1.315702322617364E-03, -2.440457285927630E-03,
2460160.500000000, A.D. 2023-Aug-04 00:00:00.0000,  6.246739863249073E-01, -1.749608995850210E+00, -2.887114162179842E-01,  5.734378442953456E-03, -1.237604678928102E-03, -2.427619406127615E-03,
2460161.500000000, A.D. 2023-Aug-05 00:00:00.0000,  6.303944372718704E-01, -1.750807706744093E+00, -2.911326009668200E-01,  5.706506247373902E-03, -1.159878369648668E-03, -2.414743788002993E-03,
2460162.500000000, A.D. 2023-Aug-06 00:00:00.0000,  6.360869643868633E-01, -1.751928873870421E+00, -2.935408911574922E-01,  5.678530752001807E-03, -1.082515907774309E-03, -2.401830259858099E-03,
2460163.500000000, A.D. 2023-Aug-07 00:00:00.0000,  6.417514642820220E-01, -1.752972857391577E+00, -2.959362487875389E-01,  5.650451773686683E-03, -1.005509946228122E-03, -2.388878634206055E-03,
2460164.500000000, A.D. 2023-Aug-08 00:00:00.0000,  6.473878333654590E-01, -1.753940010191070E+00, -2.983186356592529E-01,  5.622269087680913E-03, -9.288532736474456E-04, -2.375888708093968E-03,
2460165.500000000, A.D. 2023-Aug-09 00:00:00.0000,  6.529959678001047E-01, -1.754830678007200E+00, -3.006880133643675E-01,  5.593982428507509E-03, -8.525388103069162E-04, -2.362860263407978E-03,
2460166.500000000, A.D. 2023-Aug-10 00:00:00.0000,  6.585757634633895E-01, -1.755645199562710E+00, -3.030443432690433E-01,  5.565591490775739E-03, -7.765596041750463E-04, -2.349793067158455E-03,
2460167.500000000, A.D. 2023-Aug-11 00:00:00.0000,  6.641271159077177E-01, -1.756383906690566E+00, -3.053875864991233E-01,  5.537095929947307E-03, -7.009088270973706E-04, -2.336686871746495E-03,
2460168.500000000, A.D. 2023-Aug-12 00:00:00.0000,  6.696499203216821E-01, -1.757047124455970E+00, -3.077177039256524E-01,  5.508495363054524E-03, -6.255797711020255E-04, -2.323541415212031E-03,
2460169.500000000, A.D. 2023-Aug-13 00:00:00.0000,  6.751440714919762E-01, -1.757635171274751E+00, -3.100346561506312E-01,  5.479789369372983E-03, -5.505658448213367E-04, -2.310356421464772E-03,
2460170.500000000, A.D. 2023-Aug-14 00:00:00.0000,  6.806094637659538E-01, -1.758148359028222E+00, -3.123384034929946E-01,  5.450977491049772E-03, -4.758605700261956E-04, -2.297131600498156E-03,
2460171.500000000, A.D. 2023-Aug-15 00:00:00.0000,  6.860459910147968E-01, -1.758586993174632E+00, -3.146289059747962E-01,  5.422059233689351E-03, -4.014575782676658E-04, -2.283866648587179E-03,
2460172.500000000, A.D. 2023-Aug-16 00:00:00.0000,  6.914535465972497E-01, -1.758951372857313E+00, -3.169061233075823E-01,  5.393034066898218E-03, -3.273506076225342E-04, -2.270561248470474E-03,
2460173.500000000, A.D. 2023-Aug-17 00:00:00.0000,  6.968320233238767E-01, -1.759241791009616E+00, -3.191700148789388E-01,  5.363901424790457E-03, -2.535334995373078E-04, -2.257215069517466E-03,
2460174.500000000, A.D. 2023-Aug-18 00:00:00.0000,  7.021813134218058E-01, -1.759458534456745E+00, -3.214205397392015E-01,  5.334660706455003E-03, -1.800001957680492E-04, -2.243827767880842E-03,
2460175.500000000, A.D. 2023-Aug-19 00:00:00.0000,  7.075013084999223E-01, -1.759601884014574E+00, -3.236576565883078E-01,  5.305311276386384E-03, -1.067447354114856E-04, -2.230398986635005E-03,
2460176.500000000, A.D. 2023-Aug-20 00:00:00.0000,  7.127918995144751E-01, -1.759672114585539E+00, -3.258813237627847E-01,  5.275852464879800E-03, -3.376125202459795E-05, -2.216928355900777E-03,
2460177.500000000, A.D. 2023-Aug-21 00:00:00.0000,  7.180529767350605E-01, -1.759669495251698E+00, -3.280914992228478E-01,  5.246283568392348E-03,  3.895602917174487E-05, -2.203415492957065E-03,
2460178.500000000, A.D. 2023-Aug-22 00:00:00.0000,  7.232844297109509E-01, -1.759594289365024E+00, -3.302881405396148E-01,  5.216603849871044E-03,  1.114127940073406E-04, -2.189860002339645E-03,
2460179.500000000, A.D. 2023-Aug-23 00:00:00.0000,  7.284861472377351E-01, -1.759446754635034E+00, -3.324712048824022E-01,  5.186812539049130E-03,  1.836146419991513E-04, -2.176261475927610E-03,
2460180.500000000, A.D. 2023-Aug-24 00:00:00.0000,  7.336580173242406E-01, -1.759227143213816E+00, -3.346406490061098E-01,  5.156908832711326E-03,  2.555670889119821E-04, -2.162619493017715E-03,
2460181.500000000, A.D. 2023-Aug-25 00:00:00.0000,  7.387999271597043E-01, -1.758935701778527E+00, -3.367964292386691E-01,  5.126891894929721E-03,  3.272755692471171E-04, -2.148933620387170E-03,
2460182.500000000, A.D. 2023-Aug-26 00:00:00.0000,  7.439117630811669E-01, -1.758572671611446E+00, -3.389385014685518E-01,  5.096760857270694E-03,  3.987454386606568E-04, -2.135203412345023E-03,
2460183.500000000, A.D. 2023-Aug-27 00:00:00.0000,  7.489934105410575E-01, -1.758138288677634E+00, -3.410668211323202E-01,  5.066514818974417E-03,  4.699819763149238E-04, -2.121428410772546E-03,
2460184.500000000, A.D. 2023-Aug-28 00:00:00.0000,  7.540447540749481E-01, -1.757632783700284E+00, -3.431813432022184E-01,  5.036152847107228E-03,  5.409903871643732E-04, -2.107608145152874E-03,
2460185.500000000, A.D. 2023-Aug-29 00:00:00.0000,  7.590656772694433E-01, -1.757056382233807E+00, -3.452820221737822E-01,  5.005673976688870E-03,  6.117758041799331E-04, -2.093742132590238E-03,
2460186.500000000, A.D. 2023-Aug-30 00:00:00.0000,  7.640560627301880E-01, -1.756409304734733E+00, -3.473688120534668E-01,  4.975077210794701E-03,  6.823432905127032E-04, -2.079829877818982E-03,
2460187.500000000, A.D. 2023-Aug-31 00:00:00.0000,  7.690157920499642E-01, -1.755691766630468E+00, -3.494416663462763E-01,  4.944361520634734E-03,  7.526978416008006E-04, -2.065870873202642E-03,
2460188.500000000, A.D. 2023-Sep-01 00:00:00.0000,  7.739447457768555E-01, -1.754903978385980E+00, -3.515005380433885E-01,  4.913525845609458E-03,  8.228443872195885E-04, -2.051864598723301E-03,
2460189.500000000, A.D. 2023-Sep-02 00:00:00.0000,  7.788428033824563E-01, -1.754046145568462E+00, -3.535453796097665E-01,  4.882569093345160E-03,  8.927877934808157E-04, -2.037810521961416E-03,
2460190.500000000, A.D. 2023-Sep-03 00:00:00.0000,  7.837098432301081E-01, -1.753118468910008E+00, -3.555761429717389E-01,  4.851490139708593E-03,  9.625328647803177E-04, -2.023708098066309E-03,
2460191.500000000, A.D. 2023-Sep-04 00:00:00.0000,  7.885457425431369E-01, -1.752121144368383E+00, -3.575927795045537E-01,  4.820287828802749E-03,  1.032084345700078E-03, -2.009556769717331E-03,
2460192.500000000, A.D. 2023-Sep-05 00:00:00.0000,  7.933503773730830E-01, -1.751054363185903E+00, -3.595952400198827E-01,  4.788960972944819E-03,  1.101446922862918E-03, -1.995355967076105E-03,
2460193.500000000, A.D. 2023-Sep-06 00:00:00.0000,  7.981236225678943E-01, -1.749918311946479E+00, -3.615834747532779E-01,  4.757508352627301E-03,  1.170625226749962E-03, -1.981105107729429E-03,
2460194.500000000, A.D. 2023-Sep-07 00:00:00.0000,  8.028653517400769E-01, -1.748713172630871E+00, -3.635574333515629E-01,  4.725928716463916E-03,  1.239623833478480E-03, -1.966803596623292E-03,
2460195.500000000, A.D. 2023-Sep-08 00:00:00.0000,  8.075754372347829E-01, -1.747439122670175E+00, -3.655170648601564E-01,  4.694220781116959E-03,  1.308447266550062E-03, -1.952450825987134E-03,
2460196.500000000, A.D. 2023-Sep-09 00:00:00.0000,  8.122537500978161E-01, -1.746096334997576E+00, -3.674623177103132E-01,  4.662383231214979E-03,  1.377099998565895E-03, -1.938046175249523E-03,
2460197.500000000, A.D. 2023-Sep-10 00:00:00.0000,  8.169001600435492E-01, -1.744684978098400E+00, -3.693931397062771E-01,  4.630414719246444E-03,  1.445586452925483E-03, -1.923589010942865E-03,
2460198.500000000, A.D. 2023-Sep-11 00:00:00.0000,  8.215145354227225E-01, -1.743205216058475E+00, -3.713094780123321E-01,  4.598313865439306E-03,  1.513911005506200E-03, -1.909078686598313E-03,
2460199.500000000, A.D. 2023-Sep-12 00:00:00.0000,  8.260967431901155E-01, -1.741657208610817E+00, -3.732112791397458E-01,  4.566079257611633E-03,  1.582077986329578E-03, -1.894514542629194E-03,
2460200.500000000, A.D. 2023-Sep-13 00:00:00.0000,  8.306466488720484E-01, -1.740041111180652E+00, -3.750984889335865E-01,  4.533709450998917E-03,  1.650091681227460E-03, -1.879895906202524E-03,
2460201.500000000, A.D. 2023-Sep-14 00:00:00.0000,  8.351641165336972E-01, -1.738357074928783E+00, -3.769710525594083E-01,  4.501202968035814E-03,  1.717956333498888E-03, -1.865222091097383E-03,
2460202.500000000, A.D. 2023-Sep-15 00:00:00.0000,  8.396490087461639E-01, -1.736605246793286E+00, -3.788289144897859E-01,  4.468558298089617E-03,  1.785676145571279E-03, -1.850492397548903E-03,
2460203.500000000, A.D. 2023-Sep-16 00:00:00.0000,  8.441011865532506E-01, -1.734785769529555E+00, -3.806720184906868E-01,  4.435773897136722E-03,  1.853255280650448E-03, -1.835706112078407E-03,
2460204.500000000, A.D. 2023-Sep-17 00:00:00.0000,  8.485205094378755E-01, -1.732898781748707E+00, -3.825003076076655E-01,  4.402848187350188E-03,  1.920697864366190E-03, -1.820862507306246E-03,
2460205.500000000, A.D. 2023-Sep-18 00:00:00.0000,  8.529068352880272E-01, -1.730944417954340E+00, -3.843137241518644E-01,  4.369779556622896E-03,  1.988007986383478E-03, -1.805960841752127E-03,
2460206.500000000, A.D. 2023-Sep-19 00:00:00.0000,  8.572600203622074E-01, -1.728922808577719E+00, -3.861122096858048E-01,  4.336566357969488E-03,  2.055189701966713E-03, -1.791000359618732E-03,
2460207.500000000, A.D. 2023-Sep-20 00:00:00.0000,  8.615799192542186E-01, -1.726834080011414E+00, -3.878957050089594E-01,  4.303206908863441E-03,  2.122247033477266E-03, -1.775980290565467E-03,
2460208.500000000, A.D. 2023-Sep-21 00:00:00.0000,  8.658663848572548E-01, -1.724678354641501E+00, -3.896641501430896E-01,  4.269699490482403E-03,  2.189183971770425E-03, -1.760899849472632E-03,
2460209.500000000, A.D. 2023-Sep-22 00:00:00.0000,  8.701192683272041E-01, -1.722455750878414E+00, -3.914174843173477E-01,  4.236042346899015E-03,  2.256004477472743E-03, -1.745758236200985E-03,
2460210.500000000, A.D. 2023-Sep-23 00:00:00.0000,  8.743384190451289E-01, -1.720166383186591E+00, -3.931556459531373E-01,  4.202233684251953E-03,  2.322712482131649E-03, -1.730554635350536E-03,
2460211.500000000, A.D. 2023-Sep-24 00:00:00.0000,  8.785236845789234E-01, -1.717810362113034E+00, -3.948785726487308E-01,  4.168271669933772E-03,  2.389311889235984E-03, -1.715288216022007E-03,
2460212.500000000, A.D. 2023-Sep-25 00:00:00.0000,  8.826749106441820E-01, -1.715387794314899E+00, -3.965862011636548E-01,  4.134154431832739E-03,  2.455806575127358E-03, -1.699958131582696E-03,
2460213.500000000, A.D. 2023-Sep-26 00:00:00.0000,  8.867919410643508E-01, -1.712898782586224E+00, -3.982784674028407E-01,  4.099880057658271E-03,  2.522200389835551E-03, -1.684563519436721E-03,
2460214.500000000, A.D. 2023-Sep-27 00:00:00.0000,  8.908746177302500E-01, -1.710343425883841E+00, -3.999553064005462E-01,  4.065446594363293E-03,  2.588497157880736E-03, -1.669103500797286E-03,
2460215.500000000, A.D. 2023-Sep-28 00:00:00.0000,  8.949227805590704E-01, -1.707721819352477E+00, -4.016166523040530E-01,  4.030852047659384E-03,  2.654700679086484E-03, -1.653577180456933E-03,
2460216.500000000, A.D. 2023-Sep-29 00:00:00.0000,  8.989362674529188E-01, -1.705034054349029E+00, -4.032624383571258E-01,  3.996094381604338E-03,  2.720814729443376E-03, -1.637983646550590E-03,
2460217.500000000, A.D. 2023-Sep-30 00:00:00.0000,  9.029149142569772E-01, -1.702280218465932E+00, -4.048925968832324E-01,  3.961171518230124E-03,  2.786843062046530E-03, -1.622321970306451E-03,
2460218.500000000, A.D. 2023-Oct-01 00:00:00.0000,  9.068585547172937E-01, -1.699460395553548E+00, -4.065070592685052E-01,  3.926081337173411E-03,  2.852789408120617E-03, -1.606591205780022E-03,
2460219.500000000, A.D. 2023-Oct-02 00:00:00.0000,  9.107670204381910E-01, -1.696574665741496E+00, -4.081057559444281E-01,  3.890821675275940E-03,  2.918657478126455E-03, -1.590790389568688E-03,
2460220.500000000, A.D. 2023-Oct-03 00:00:00.0000,  9.146401408392473E-01, -1.693623105458824E+00, -4.096886163702262E-01,  3.855390326124244E-03,  2.984450962935904E-03, -1.574918540504946E-03,
2460221.500000000, A.D. 2023-Oct-04 00:00:00.0000,  9.184777431117797E-01, -1.690605787452997E+00, -4.112555690149386E-01,  3.819785039513216E-03,  3.050173535055014E-03, -1.558974659328387E-03,
2460222.500000000, A.D. 2023-Oct-05 00:00:00.0000,  9.222796521747485E-01, -1.687522780807638E+00, -4.128065413391538E-01,  3.784003520822805E-03,  3.115828849872278E-03, -1.542957728337154E-03,
2460223.500000000, A.D. 2023-Oct-06 00:00:00.0000,  9.260456906299939E-01, -1.684374150959015E+00, -4.143414597763845E-01,  3.748043430308234E-03,  3.181420546914208E-03, -1.526866711020211E-03,
2460224.500000000, A.D. 2023-Oct-07 00:00:00.0000,  9.297756787167228E-01, -1.681159959711283E+00, -4.158602497140684E-01,  3.711902382308521E-03,  3.246952251090666E-03, -1.510700551672090E-03,
2460225.500000000, A.D. 2023-Oct-08 00:00:00.0000,  9.334694342651649E-01, -1.677880265250481E+00, -4.173628354741737E-01,  3.675577944380637E-03,  3.312427573920687E-03, -1.494458174991339E-03,
2460226.500000000, A.D. 2023-Oct-09 00:00:00.0000,  9.371267726493306E-01, -1.674535122157325E+00, -4.188491402933959E-01,  3.639067636369274E-03,  3.377850114731535E-03, -1.478138485663981E-03,
2460227.500000000, A.D. 2023-Oct-10 00:00:00.0000,  9.407475067388100E-01, -1.671124581418812E+00, -4.203190863029323E-01,  3.602368929419741E-03,  3.443223461828899E-03, -1.461740367932578E-03,
2460228.500000000, A.D. 2023-Oct-11 00:00:00.0000,  9.443314468495585E-01, -1.667648690438666E+00, -4.217725945078152E-01,  3.565479244942157E-03,  3.508551193638514E-03, -1.445262685151401E-03,
2460229.500000000, A.D. 2023-Oct-12 00:00:00.0000,  9.478784006936269E-01, -1.664107493046659E+00, -4.232095847657968E-01,  3.528395953531931E-03,  3.573836879820942E-03, -1.428704279327746E-03,
2460230.500000000, A.D. 2023-Oct-13 00:00:00.0000,  9.513881733277886E-01, -1.660501029506831E+00, -4.246299757657669E-01,  3.491116373850897E-03,  3.639084082363062E-03, -1.412063970649214E-03,
2460231.500000000, A.D. 2023-Oct-14 00:00:00.0000,  9.548605671010324E-01, -1.656829336524623E+00, -4.260336850056906E-01,  3.453637771471356E-03,  3.704296356649325E-03, -1.395340556996639E-03,
2460232.500000000, A.D. 2023-Oct-15 00:00:00.0000,  9.582953816008790E-01, -1.653092447252955E+00, -4.274206287700517E-01,  3.415957357684195E-03,  3.769477252516729E-03, -1.378532813442100E-03,
2460233.500000000, A.D. 2023-Oct-16 00:00:00.0000,  9.616924135984898E-01, -1.649290391297247E+00, -4.287907221067880E-01,  3.378072288271668E-03,  3.834630315296462E-03, -1.361639491731520E-03,
2460234.500000000, A.D. 2023-Oct-17 00:00:00.0000,  9.650514569925288E-01, -1.645423194719412E+00, -4.301438788036961E-01,  3.339979662243249E-03,  3.899759086845708E-03, -1.344659319751053E-03,
2460235.500000000, A.D. 2023-Oct-18 00:00:00.0000,  9.683723027517430E-01, -1.641490880040814E+00, -4.314800113643029E-01,  3.301676520534869E-03,  3.964867106571763E-03, -1.327591000976746E-03,
2460236.500000000, A.D. 2023-Oct-19 00:00:00.0000,  9.716547388562217E-01, -1.637493466244213E+00, -4.327990309831685E-01,  3.263159844668886E-03,  4.029957912450854E-03, -1.310433213906645E-03,
2460237.500000000, A.D. 2023-Oct-20 00:00:00.0000,  9.748985502372962E-01, -1.633430968774681E+00, -4.341008475206195E-01,  3.224426555374563E-03,  4.095035042044377E-03, -1.293184611474680E-03,
2460238.500000000, A.D. 2023-Oct-21 00:00:00.0000,  9.781035187160394E-01, -1.629303399539517E+00, -4.353853694768832E-01,  3.185473511163661E-03,  4.160102033512365E-03, -1.275843820445439E-03,
2460239.500000000, A.D. 2023-Oct-22 00:00:00.0000,  9.812694229403184E-01, -1.625110766907136E+00, -4.366525039656065E-01,  3.146297506864457E-03,  4.225162426627824E-03, -1.258409440789352E-03,
2460240.500000000, A.D. 2023-Oct-23 00:00:00.0000,  9.843960383203578E-01, -1.620853075704952E+00, -4.379021566867423E-01,  3.106895272108019E-03,  4.290219763791308E-03, -1.240880045037296E-03,
2460241.500000000, A.D. 2023-Oct-24 00:00:00.0000,  9.874831369627657E-01, -1.616530327216240E+00, -4.391342318987772E-01,  3.067263469766024E-03,  4.355277591048839E-03, -1.223254177613808E-03,
2460242.500000000, A.D. 2023-Oct-25 00:00:00.0000,  9.905304876029724E-01, -1.612142519175983E+00, -4.403486323902836E-01,  3.027398694337051E-03,  4.420339459110346E-03, -1.205530354148339E-03,
2460243.500000000, A.D. 2023-Oct-26 00:00:00.0000,  9.935378555360282E-01, -1.607689645765694E+00, -4.415452594507700E-01,  2.987297470281397E-03,  4.485408924374584E-03, -1.187707060763461E-03,
2460244.500000000, A.D. 2023-Oct-27 00:00:00.0000,  9.965050025457101E-01, -1.603171697607214E+00, -4.427240128408085E-01,  2.946956250300089E-03,  4.550489549957380E-03, -1.169782753339337E-03,
2460245.500000000, A.D. 2023-Oct-28 00:00:00.0000,  9.994316868318780E-01, -1.598588661755481E+00, -4.438847907614147E-01,  2.906371413555940E-03,  4.615584906725837E-03, -1.151755856753415E-03,
2460246.500000000, A.D. 2023-Oct-29 00:00:00.0000,  1.002317662936022E+00, -1.593940521690257E+00, -4.450274898226535E-01,  2.865539263835563E-03,  4.680698574337382E-03, -1.133624764094741E-03,
2460247.500000000, A.D. 2023-Oct-30 00:00:00.0000,  1.005162681664941E+00, -1.589227257306814E+00, -4.461520050114475E-01,  2.824456027648827E-03,  4.745834142287232E-03, -1.115387835851500E-03,
2460248.500000000, A.D. 2023-Oct-31 00:00:00.0000,  1.007966490012490E+00, -1.584448844905574E+00, -4.472582296585587E-01,  2.783117852263858E-03,  4.810995210962503E-03, -1.097043399071134E-03,
2460249.500000000, A.D. 2023-Nov-01 00:00:00.0000,  1.010728831079327E+00, -1.579605257180679E+00, -4.483460554047147E-01,  2.741520803674471E-03,  4.876185392704504E-03, -1.078589746491817E-03,
2460250.500000000, A.D. 2023-Nov-02 00:00:00.0000,  1.013449443990594E+00, -1.574696463207510E+00, -4.494153721658544E-01,  2.699660864498432E-03,  4.941408312879592E-03, -1.060025135644441E-03,
2460251.500000000, A.D. 2023-Nov-03 00:00:00.0000,  1.016128063811459E+00, -1.569722428429120E+00, -4.504660680974580E-01,  2.657533931802502E-03,  5.006667610959974E-03, -1.041347787923625E-03,
2460252.500000000, A.D. 2023-Nov-04 00:00:00.0000,  1.018764421460448E+00, -1.564683114641580E+00, -4.514980295579328E-01,  2.615135814852387E-03,  5.071966941614362E-03, -1.022555887626893E-03,
2460253.500000000, A.D. 2023-Nov-05 00:00:00.0000,  1.021358243620486E+00, -1.559578479978238E+00, -4.525111410710231E-01,  2.572462232784054E-03,  5.137309975809428E-03, -1.003647580960576E-03,
2460254.500000000, A.D. 2023-Nov-06 00:00:00.0000,  1.023909252647565E+00, -1.554408478892861E+00, -4.535052852872062E-01,  2.529508812194083E-03,  5.202700401922694E-03, -9.846209750114167E-04,
2460255.500000000, A.D. 2023-Nov-07 00:00:00.0000,  1.026417166476972E+00, -1.549173062141667E+00, -4.544803429440445E-01,  2.486271084644689E-03,  5.268141926867737E-03, -9.654741366821498E-04,
2460256.500000000, A.D. 2023-Nov-08 00:00:00.0000,  1.028881698526964E+00, -1.543872176764217E+00, -4.554361928254544E-01,  2.442744484080998E-03,  5.333638277232209E-03, -9.462050915899686E-04,
2460257.500000000, A.D. 2023-Nov-09 00:00:00.0000,  1.031302557599825E+00, -1.538505766063169E+00, -4.563727117198518E-01,  2.398924344156484E-03,  5.399193200429422E-03, -9.268118229261876E-04,
2460258.500000000, A.D. 2023-Nov-10 00:00:00.0000,  1.033679447780198E+00, -1.533073769582870E+00, -4.572897743771425E-01,  2.354805895463560E-03,  5.464810465864257E-03, -9.072922702758210E-04,
2460259.500000000, A.D. 2023-Nov-11 00:00:00.0000,  1.036012068330594E+00, -1.527576123086773E+00, -4.581872534645057E-01,  2.310384262664451E-03,  5.530493866114154E-03, -8.876443283950605E-04,
2460260.500000000, A.D. 2023-Nov-12 00:00:00.0000,  1.038300113583989E+00, -1.522012758533672E+00, -4.590650195209363E-01,  2.265654461519108E-03,  5.596247218125905E-03, -8.678658459452622E-04,
2460261.500000000, A.D. 2023-Nov-13 00:00:00.0000,  1.040543272833389E+00, -1.516383604052722E+00, -4.599229409104996E-01,  2.220611395805709E-03,  5.662074364428983E-03, -8.479546241815438E-04,
2460262.500000000, A.D. 2023-Nov-14 00:00:00.0000,  1.042741230218262E+00, -1.510688583917247E+00, -4.607608837742490E-01,  2.175249854129215E-03,  5.727979174366245E-03, -8.279084155941157E-04,
2460263.500000000, A.D. 2023-Nov-15 00:00:00.0000,  1.044893664607722E+00, -1.504927618517303E+00, -4.615787119807597E-01,  2.129564506613421E-03,  5.793965545342762E-03, -8.077249225003732E-04,
2460264.500000000, A.D. 2023-Nov-16 00:00:00.0000,  1.047000249480341E+00, -1.499100624330978E+00, -4.623762870752331E-01,  2.083549901471614E-03,  5.860037404093597E-03, -7.874017955856881E-04,
2460265.500000000, A.D. 2023-Nov-17 00:00:00.0000,  1.049060652800474E+00, -1.493207513894428E+00, -4.631534682271122E-01,  2.037200461450833E-03,  5.926198707971320E-03, -7.669366323907603E-04,
2460266.500000000, A.D. 2023-Nov-18 00:00:00.0000,  1.051074536890958E+00, -1.487248195770603E+00, -4.639101121761564E-01,  1.990510480144236E-03,  5.992453446254184E-03, -7.463269757431887E-04,
2460267.500000000, A.D. 2023-Nov-19 00:00:00.0000,  1.053041558302060E+00, -1.481222574516658E+00, -4.646460731769215E-01,  1.943474118166227E-03,  6.058805641475696E-03, -7.255703121309482E-04,
2460268.500000000, A.D. 2023-Nov-20 00:00:00.0000,  1.054961367676523E+00, -1.475130550650025E+00, -4.653612029415811E-01,  1.896085399184404E-03,  6.125259350776577E-03, -7.046640700152133E-04,
2460269.500000000, A.D. 2023-Nov-21 00:00:00.0000,  1.056833609610576E+00, -1.468972020613119E+00, -4.660553505810298E-01,  1.848338205802080E-03,  6.191818667279765E-03, -6.836056180799462E-04,
2460270.500000000, A.D. 2023-Nov-22 00:00:00.0000,  1.058657922510746E+00, -1.462746876736661E+00, -4.667283625442031E-01,  1.800226275285575E-03,  6.258487721489802E-03, -6.623922634154248E-04,
2460271.500000000, A.D. 2023-Nov-23 00:00:00.0000,  1.060433938446316E+00, -1.456455007201581E+00, -4.673800825555482E-01,  1.751743195128907E-03,  6.325270682716972E-03, -6.410212496329094E-04,
2460272.500000000, A.D. 2023-Nov-24 00:00:00.0000,  1.062161282997264E+00, -1.450096295999495E+00, -4.680103515505705E-01,  1.702882398449879E-03,  6.392171760526909E-03, -6.194897549075190E-04,
2460273.500000000, A.D. 2023-Nov-25 00:00:00.0000,  1.063839575097517E+00, -1.443670622891711E+00, -4.686190076093899E-01,  1.653637159207567E-03,  6.459195206220487E-03, -5.977948899450475E-04,
2460274.500000000, A.D. 2023-Nov-26 00:00:00.0000,  1.065468426873318E+00, -1.437177863366744E+00, -4.692058858882213E-01,  1.604000587239820E-03,  6.526345314335338E-03, -5.759336958720756E-04,
2460275.500000000, A.D. 2023-Nov-27 00:00:00.0000,  1.067047443476548E+00, -1.430617888596311E+00, -4.697708185487047E-01,  1.553965623105026E-03,  6.593626424182378E-03, -5.539031420424224E-04,
2460276.500000000, A.D. 2023-Nov-28 00:00:00.0000,  1.068576222912782E+00, -1.423990565389785E+00, -4.703136346850037E-01,  1.503525032725513E-03,  6.661042921409665E-03, -5.317001237587325E-04,
2460277.500000000, A.D. 2023-Nov-29 00:00:00.0000,  1.070054355863890E+00, -1.417295756147055E+00, -4.708341602485748E-01,  1.452671401820769E-03,  6.728599239600766E-03, -5.093214599036970E-04,
2460278.500000000, A.D. 2023-Nov-30 00:00:00.0000,  1.071481425504959E+00, -1.410533318809782E+00, -4.713322179705255E-01,  1.401397130123392E-03,  6.796299861904425E-03, -4.867638904780100E-04,
2460279.500000000, A.D. 2023-Dec-01 00:00:00.0000,  1.072857007315319E+00, -1.403703106811004E+00, -4.718076272814611E-01,  1.349694425367463E-03,  6.864149322698961E-03, -4.640240740402295E-04,
2460280.500000000, A.D. 2023-Dec-02 00:00:00.0000,  1.074180668883444E+00, -1.396804969023057E+00, -4.722602042287181E-01,  1.297555297038722E-03,  6.932152209295192E-03, -4.410985850435185E-04,
2460281.500000000, A.D. 2023-Dec-03 00:00:00.0000,  1.075451969705468E+00, -1.389838749703777E+00, -4.726897613908841E-01,  1.244971549873861E-03,  7.000313163682586E-03, -4.179839110639768E-04,
2460282.500000000, A.D. 2023-Dec-04 00:00:00.0000,  1.076670460977083E+00, -1.382804288440925E+00, -4.730961077894871E-01,  1.191934777101845E-03,  7.068636884316270E-03, -3.946764499163537E-04,
2460283.500000000, A.D. 2023-Dec-05 00:00:00.0000,  1.077835685378539E+00, -1.375701420094813E+00, -4.734790487977431E-01,  1.138436353408471E-03,  7.137128127950144E-03, -3.711725066509878E-04,
2460284.500000000, A.D. 2023-Dec-06 00:00:00.0000,  1.078947176852461E+00, -1.368529974739068E+00, -4.738383860462375E-01,  1.084467427617599E-03,  7.205791711524685E-03, -3.474682904254938E-04,
2460285.500000000, A.D. 2023-Dec-07 00:00:00.0000,  1.080004460374203E+00, -1.361289777599472E+00, -4.741739173254149E-01,  1.030018915063858E-03,  7.274632514110401E-03, -3.235599112447955E-04,
2460286.500000000, A.D. 2023-Dec-08 00:00:00.0000,  1.081007051714408E+00, -1.353980648990843E+00, -4.744854364847384E-01,  9.750814896449080E-04,  7.343655478914241E-03, -2.994433765625429E-04,
2460287.500000000, A.D. 2023-Dec-09 00:00:00.0000,  1.081954457193465E+00, -1.346602404251859E+00, -4.747727333283785E-01,  9.196455755319352E-04,  7.412865615352061E-03, -2.751145877363959E-04,
2460288.500000000, A.D. 2023-Dec-10 00:00:00.0000,  1.082846173427474E+00, -1.339154853677788E+00, -4.750355935072799E-01,  8.637013385123624E-04,  7.482268001196054E-03, -2.505693363286131E-04,
2460289.500000000, A.D. 2023-Dec-11 00:00:00.0000,  1.083681687065381E+00, -1.331637802451025E+00, -4.752737984074505E-01,  8.072386769397141E-04,  7.551867784795891E-03, -2.258033002437460E-04,
2460290.500000000, A.D. 2023-Dec-12 00:00:00.0000,  1.084460474516838E+00, -1.324051050569372E+00, -4.754871250343001E-01,  7.502472122579074E-04,  7.621670187375853E-03, -2.008120396939621E-04,
2460291.500000000, A.D. 2023-Dec-13 00:00:00.0000,  1.085182001670367E+00, -1.316394392771986E+00, -4.756753458928550E-01,  6.927162790735729E-04,  7.691680505407045E-03, -1.755909929830779E-04,
2460292.500000000, A.D. 2023-Dec-14 00:00:00.0000,  1.085845723601356E+00, -1.308667618462914E+00, -4.758382288636628E-01,  6.346349147265130E-04,  7.761904113041090E-03, -1.501354720986920E-04,
2460293.500000000, A.D. 2023-Dec-15 00:00:00.0000,  1.086451084269362E+00, -1.300870511632180E+00, -4.759755370741903E-01,  5.759918483467195E-04,  7.832346464598579E-03, -1.244406581044683E-04,
2460294.500000000, A.D. 2023-Dec-16 00:00:00.0000,  1.086997516204196E+00, -1.293002850774352E+00, -4.760870287655061E-01,  5.167754893472063E-04,  7.903013097076139E-03, -9.850159632288771E-05,
2460295.500000000, A.D. 2023-Dec-17 00:00:00.0000,  1.087484440180214E+00, -1.285064408804621E+00, -4.761724571540435E-01,  4.569739153414297E-04,  7.973909632681698E-03, -7.231319129822148E-05,
2460296.500000000, A.D. 2023-Dec-18 00:00:00.0000,  1.087911264878230E+00, -1.277054952972315E+00, -4.762315702882068E-01,  3.965748594655229E-04,  8.045041781313827E-03, -4.587020153578232E-05,
2460297.500000000, A.D. 2023-Dec-19 00:00:00.0000,  1.088277386534444E+00, -1.268974244771994E+00, -4.762641108996060E-01,  3.355656971006382E-04,  8.116415343028123E-03, -1.916723400397005E-05,
2460298.500000000, A.D. 2023-Dec-20 00:00:00.0000,  1.088582188575807E+00, -1.260822039852078E+00, -4.762698162486688E-01,  2.739334319984379E-04,  8.188036210447992E-03,  7.801261607281938E-06,
2460299.500000000, A.D. 2023-Dec-21 00:00:00.0000,  1.088825041241204E+00, -1.252598087921098E+00, -4.762484179643871E-01,  2.116646818181210E-04,  8.259910371110868E-03,  3.504099888099775E-05,
2460300.500000000, A.D. 2023-Dec-22 00:00:00.0000,  1.089005301187884E+00, -1.244302132651625E+00, -4.761996418779358E-01,  1.487456630692886E-04,  8.332043909787796E-03,  6.255786093571155E-05,
2460301.500000000, A.D. 2023-Dec-23 00:00:00.0000,  1.089122311082536E+00, -1.235933911581873E+00, -4.761232078498878E-01,  8.516217546589589E-05,  8.404443010809637E-03,  9.035790697059935E-05,
2460302.500000000, A.D. 2023-Dec-24 00:00:00.0000,  1.089175399176412E+00, -1.227493156014965E+00, -4.760188295907374E-01,  2.089958565318722E-05,  8.477113960432050E-03,  1.184473791123839E-04,
2460303.500000000, A.D. 2023-Dec-25 00:00:00.0000,  1.089163878863845E+00, -1.218979590915785E+00, -4.758862144744142E-01, -4.405718973582815E-05,  8.550063149289380E-03,  1.468327095860628E-04,
2460304.500000000, A.D. 2023-Dec-26 00:00:00.0000,  1.089087048223463E+00, -1.210392934805329E+00, -4.757250633444570E-01, -1.097237017586522E-04,  8.623297074972799E-03,  1.755205282331215E-04,
2460305.500000000, A.D. 2023-Dec-27 00:00:00.0000,  1.088944189541319E+00, -1.201732899652391E+00, -4.755350703124824E-01, -1.761159876581291E-04,  8.696822344757044E-03,  2.045176704026292E-04,
2460306.500000000, A.D. 2023-Dec-28 00:00:00.0000,  1.088734568815088E+00, -1.192999190762452E+00, -4.753159225485672E-01, -2.432505902614483E-04,  8.770645678485282E-03,  2.338311852410185E-04,
2460307.500000000, A.D. 2023-Dec-29 00:00:00.0000,  1.088457435238374E+00, -1.184191506663609E+00, -4.750673000631314E-01, -3.111445783724016E-04,  8.844773911606015E-03,  2.634683444064010E-04,
2460308.500000000, A.D. 2023-Dec-30 00:00:00.0000,  1.088112020664089E+00, -1.175309538989389E+00, -4.747888754798811E-01, -3.798155682430909E-04,  8.919213998345780E-03,  2.934366512334096E-04,
2460309.500000000, A.D. 2023-Dec-31 00:00:00.0000,  1.087697539045789E+00, -1.166352972358341E+00, -4.744803137993529E-01, -4.492817462050845E-04,  8.993973014994673E-03,  3.237438503748490E-04,
2460310.500000000, A.D. 2024-Jan-01 00:00:00.0000,  1.087213185855767E+00, -1.157321484250286E+00, -4.741412721525661E-01, -5.195618925358719E-04,  9.069058163280600E-03,  3.543979379474288E-04,
2460311.500000000, A.D. 2024-Jan-02 00:00:00.0000,  1.086658137478634E+00, -1.148214744879170E+00, -4.737713995442648E-01, -5.906754066317640E-04,  9.144476773809248E-03,  3.854071722100925E-04,
2460312.500000000, A.D. 2024-Jan-03 00:00:00.0000,  1.086031550579043E+00, -1.139032417062440E+00, -4.733703365852032E-01, -6.626423335596712E-04,  9.220236309550676E-03,  4.167800848056502E-04,
2460313.500000000, A.D. 2024-Jan-04 00:00:00.0000,  1.085332561442135E+00, -1.129774156086929E+00, -4.729377152128945E-01, -7.354833920615234E-04,  9.296344369357586E-03,  4.485254925987493E-04,
2460314.500000000, A.D. 2024-Jan-05 00:00:00.0000,  1.084560285285235E+00, -1.120439609571200E+00, -4.724731584002071E-01, -8.092200040906613E-04,  9.372808691504093E-03,  4.806525101460411E-04,
2460315.500000000, A.D. 2024-Jan-06 00:00:00.0000,  1.083713815539194E+00, -1.111028417324353E+00, -4.719762798511610E-01, -8.838743259664102E-04,  9.449637157236851E-03,  5.131705628375238E-04,
2460316.500000000, A.D. 2024-Jan-07 00:00:00.0000,  1.082792223097743E+00, -1.101540211201273E+00, -4.714466836832268E-01, -9.594692812407290E-04,  9.526837794332020E-03,  5.460894007512142E-04,
2460317.500000000, A.D. 2024-Jan-08 00:00:00.0000,  1.081794555533071E+00, -1.091974614954321E+00, -4.708839640953981E-01, -1.036028595382364E-03,  9.604418780652647E-03,  5.794191132670362E-04,
2460318.500000000, A.D. 2024-Jan-09 00:00:00.0000,  1.080719836275768E+00, -1.082331244081472E+00, -4.702877050212453E-01, -1.113576832388788E-03,  9.682388447700934E-03,  6.131701444892063E-04,
2460319.500000000, A.D. 2024-Jan-10 00:00:00.0000,  1.079567063757138E+00, -1.072609705670902E+00, -4.696574797661255E-01, -1.192139433455138E-03,  9.760755284157556E-03,  6.473533095306234E-04,
2460320.500000000, A.D. 2024-Jan-11 00:00:00.0000,  1.078335210511765E+00, -1.062809598242052E+00, -4.689928506276498E-01, -1.271742757830337E-03,  9.839527939401547E-03,  6.819798117168388E-04,
2460321.500000000, A.D. 2024-Jan-12 00:00:00.0000,  1.077023222238060E+00, -1.052930511583176E+00, -4.682933684984630E-01, -1.352414126009374E-03,  9.918715226999580E-03,  7.170612607716353E-04,
2460322.500000000, A.D. 2024-Jan-13 00:00:00.0000,  1.075630016814389E+00, -1.042972026585433E+00, -4.675585724503181E-01, -1.434181865423747E-03,  9.998326128154652E-03,  7.526096920522509E-04,
2460323.500000000, A.D. 2024-Jan-14 00:00:00.0000,  1.074154483268184E+00, -1.032933715073543E+00, -4.667879892983612E-01, -1.517075358795190E-03,  1.007836979509275E-02,  7.886375869039432E-04,
2460324.500000000, A.D. 2024-Jan-15 00:00:00.0000,  1.072595480695298E+00, -1.022815139633105E+00, -4.659811331444703E-01, -1.601125095347050E-03,  1.015885555437954E-02,  8.251578942155227E-04,
2460325.500000000, A.D. 2024-Jan-16 00:00:00.0000,  1.070951837126631E+00, -1.012615853434634E+00, -4.651375048984021E-01, -1.686362725070971E-03,  1.023979291014018E-02,  8.621840532582922E-04,
2460326.500000000, A.D. 2024-Jan-17 00:00:00.0000,  1.069222348338876E+00, -1.002335400054445E+00, -4.642565917754221E-01, -1.772821116266618E-03,  1.032119154715831E-02,  8.997300178993287E-04,
2460327.500000000, A.D. 2024-Jan-18 00:00:00.0000,  1.067405776605984E+00, -9.919733132925043E-01, -4.633378667689911E-01, -1.860534416593237E-03,  1.040306133382863E-02,  9.378102822891802E-04,
2460328.500000000, A.D. 2024-Jan-19 00:00:00.0000,  1.065500849387728E+00, -9.815291169874111E-01, -4.623807880969855E-01, -1.949538117887583E-03,  1.048541232492984E-02,  9.764399081301819E-04,
2460329.500000000, A.D. 2024-Jan-20 00:00:00.0000,  1.063506257951435E+00, -9.710023248287200E-01, -4.613847986198080E-01, -2.039869125027028E-03,  1.056825476418108E-02,  1.015634553641872E-03,
2460330.500000000, A.D. 2024-Jan-21 00:00:00.0000,  1.061420655922723E+00, -9.603924401668268E-01, -4.603493252286345E-01, -2.131565829138157E-03,  1.065159908654048E-02,  1.055410504348934E-03,
2460331.500000000, A.D. 2024-Jan-22 00:00:00.0000,  1.059242657760709E+00, -9.496989558207054E-01, -4.592737782019040E-01, -2.224668185479550E-03,  1.073545592019721E-02,  1.095784705828958E-03,
2460332.500000000, A.D. 2024-Jan-23 00:00:00.0000,  1.056970837152860E+00, -9.389213538838286E-01, -4.581575505280205E-01, -2.319217796354195E-03,  1.081983608820290E-02,  1.136774798568406E-03,
2460333.500000000, A.D. 2024-Jan-24 00:00:00.0000,  1.054603725324250E+00, -9.280591055286631E-01, -4.570000171920768E-01, -2.415257999439094E-03,  1.090475060968004E-02,  1.178399155088641E-03,
2460334.500000000, A.D. 2024-Jan-25 00:00:00.0000,  1.052139809255607E+00, -9.171116708101976E-01, -4.558005344242456E-01, -2.512833961953863E-03,  1.099021070053685E-02,  1.220676919518039E-03,
2460335.500000000, A.D. 2024-Jan-26 00:00:00.0000,  1.049577529804082E+00, -9.060784984690347E-01, -4.545584389072949E-01, -2.611992781129282E-03,  1.107622777360795E-02,  1.263628049802619E-03,
2460336.500000000, A.D. 2024-Jan-27 00:00:00.0000,  1.046915279720191E+00, -8.949590257346672E-01, -4.532730469404879E-01, -2.712783591477837E-03,  1.116281343812934E-02,  1.307273362764685E-03,
2460337.500000000, A.D. 2024-Jan-28 00:00:00.0000,  1.044151401553858E+00, -8.837526781296566E-01, -4.519436535569064E-01, -2.815257679415083E-03,  1.124997949844373E-02,  1.351634582238426E-03,
2460338.500000000, A.D. 2024-Jan-29 00:00:00.0000,  1.041284185441917E+00, -8.724588692755361E-01, -4.505695315909940E-01, -2.919468605832171E-03,  1.133773795181786E-02,  1.396734390532919E-03,
2460339.500000000, A.D. 2024-Jan-30 00:00:00.0000,  1.038311866768794E+00, -8.610770007014001E-01, -4.491499306928619E-01, -3.025472337277353E-03,  1.142610098523681E-02,  1.442596483496820E-03,
2460340.500000000, A.D. 2024-Jan-31 00:00:00.0000,  1.035232623691398E+00, -8.496064616562714E-01, -4.476840762856050E-01, -3.133327386466837E-03,  1.151508097102196E-02,  1.489245629485082E-03,
2460341.500000000, A.D. 2024-Feb-01 00:00:00.0000,  1.032044574518518E+00, -8.380466289265097E-01, -4.461711684615627E-01, -3.243094962915553E-03,  1.160469046109790E-02,  1.536707732557201E-03,
2460342.500000000, A.D. 2024-Feb-02 00:00:00.0000,  1.028745774934174E+00, -8.263968666597139E-01, -4.446103808131177E-01, -3.354839134556575E-03,  1.169494217970922E-02,  1.585009900268961E-03,
2460343.500000000, A.D. 2024-Feb-03 00:00:00.0000,  1.025334215053446E+00, -8.146565261967720E-01, -4.430008591932418E-01, -3.468627001304694E-03,  1.178584901435967E-02,  1.634180516455704E-03,
2460344.500000000, A.D. 2024-Feb-04 00:00:00.0000,  1.021807816298348E+00, -8.028249459139712E-01, -4.413417204005816E-01, -3.584528881616029E-03,  1.187742400471476E-02,  1.684249319445131E-03,
2460345.500000000, A.D. 2024-Feb-05 00:00:00.0000,  1.018164428080160E+00, -7.909014510773419E-01, -4.396320507834172E-01, -3.702618513203300E-03,  1.196968032917168E-02,  1.735247486182430E-03,
2460346.500000000, A.D. 2024-Feb-06 00:00:00.0000,  1.014401824273434E+00, -7.788853537117391E-01, -4.378709047563217E-01, -3.822973269186934E-03,  1.206263128875806E-02,  1.787207722800440E-03,
2460347.500000000, A.D. 2024-Feb-07 00:00:00.0000,  1.010517699465560E+00, -7.667759524875195E-01, -4.360573032227824E-01, -3.945674391096856E-03,  1.215629028797243E-02,  1.840164362223470E-03,
2460348.500000000, A.D. 2024-Feb-08 00:00:00.0000,  1.006509664964243E+00, -7.545725326280897E-01, -4.341902318964348E-01, -4.070807240290570E-03,  1.225067081212292E-02,  1.894153469455917E-03,
2460349.500000000, A.D. 2024-Feb-09 00:00:00.0000,  1.002375244543657E+00, -7.422743658420741E-01, -4.322686395128685E-01, -4.198461569522227E-03,  1.234578640065591E-02,  1.949212955276789E-03,
2460350.500000000, A.D. 2024-Feb-10 00:00:00.0000,  9.981118699081402E-01, -7.298807102844003E-01, -4.302914359232042E-01, -4.328731816588022E-03,  1.244165061589116E-02,  2.005382699140335E-03,
2460351.500000000, A.D. 2024-Feb-11 00:00:00.0000,  9.937168758503463E-01, -7.173908105512204E-01, -4.282574900598021E-01, -4.461717422186181E-03,  1.253827700649359E-02,  2.062704682171017E-03,
2460352.500000000, A.D. 2024-Feb-12 00:00:00.0000,  9.891874950784300E-01, -7.048038977143110E-01, -4.261656277635202E-01, -4.597523174372575E-03,  1.263567906490966E-02,  2.121223131241619E-03,
2460353.500000000, A.D. 2024-Feb-13 00:00:00.0000,  9.845208526843970E-01, -6.921191894014154E-01, -4.240146294608994E-01, -4.736259582263153E-03,  1.273387017788128E-02,  2.180984675234982E-03,
2460354.500000000, A.D. 2024-Feb-14 00:00:00.0000,  9.797139602229039E-01, -6.793358899299572E-01, -4.218032276784893E-01, -4.878043281943905E-03,  1.283286356901171E-02,  2.242038514717848E-03,
2460355.500000000, A.D. 2024-Feb-15 00:00:00.0000,  9.747637093666840E-01, -6.664531905026464E-01, -4.195301043802284E-01, -5.022997477896205E-03,  1.293267223220107E-02,  2.304436606398776E-03,
2460356.500000000, A.D. 2024-Feb-16 00:00:00.0000,  9.696668651012620E-01, -6.534702694747773E-01, -4.171938881123426E-01, -5.171252423642068E-03,  1.303330885458150E-02,  2.368233863905930E-03,
2460357.500000000, A.D. 2024-Feb-17 00:00:00.0000,  9.644200584177061E-01, -6.403862927044920E-01, -4.147931509385958E-01, -5.322945945762089E-03,  1.313478572736659E-02,  2.433488376605608E-03,
2460358.500000000, A.D. 2024-Feb-18 00:00:00.0000,  9.590197784577525E-01, -6.272004139989928E-01, -4.123264051469078E-01, -5.478224015951590E-03,  1.323711464277411E-02,  2.500261648393996E-03,
2460359.500000000, A.D. 2024-Feb-19 00:00:00.0000,  9.534623640606974E-01, -6.139117756716734E-01, -4.097920997062985E-01, -5.637241376363378E-03,  1.334030677488237E-02,  2.568618858635114E-03,
2460360.500000000, A.D. 2024-Feb-20 00:00:00.0000,  9.477439946558632E-01, -6.005195092274482E-01, -4.071886164508127E-01, -5.800162224153618E-03,  1.344437254192822E-02,  2.638629147693260E-03,
2460361.500000000, A.D. 2024-Feb-21 00:00:00.0000,  9.418606804381739E-01, -5.870227361962549E-01, -4.045142659644795E-01, -5.967160961910536E-03,  1.354932144713976E-02,  2.710365929822888E-03,
2460362.500000000, A.D. 2024-Feb-22 00:00:00.0000,  9.358082517572489E-01, -5.734205691378513E-01, -4.017672831384170E-01, -6.138423021523012E-03,  1.365516189470506E-02,  2.783907236540110E-03,
2460363.500000000, A.D. 2024-Feb-23 00:00:00.0000,  9.295823476423838E-01, -5.597121128447062E-01, -3.989458223678692E-01, -6.314145770053589E-03,  1.376190097689656E-02,  2.859336094014817E-03,
2460364.500000000, A.D. 2024-Feb-24 00:00:00.0000,  9.231784033766609E-01, -5.458964657741024E-01, -3.960479523531887E-01, -6.494539507342353E-03,  1.386954422767866E-02,  2.936740938500338E-03,
2460365.500000000, A.D. 2024-Feb-25 00:00:00.0000,  9.165916370230354E-01, -5.319727217456428E-01, -3.930716504644919E-01, -6.679828566408297E-03,  1.397809533730216E-02,  3.016216074368378E-03,
2460366.500000000, A.D. 2024-Feb-26 00:00:00.0000,  9.098170347934382E-01, -5.179399719463244E-01, -3.900147966248386E-01, -6.870252529267939E-03,  1.408755582140383E-02,  3.097862179955162E-03,
2460367.500000000, A.D. 2024-Feb-27 00:00:00.0000,  9.028493351384239E-01, -5.037973072923940E-01, -3.868751666612150E-01, -7.066067572589173E-03,  1.419792463695228E-02,  3.181786867162096E-03,
2460368.500000000, A.D. 2024-Feb-28 00:00:00.0000,  8.956830114194628E-01, -4.895438212055543E-01, -3.836504250662446E-01, -7.267547959693452E-03,  1.430919773596077E-02,  3.268105301613868E-03,
2460369.500000000, A.D. 2024-Feb-29 00:00:00.0000,  8.883122530082745E-01, -4.751786128709849E-01, -3.803381171062586E-01, -7.474987697856495E-03,  1.442136754618401E-02,  3.356940891174176E-03,
2460370.500000000, A.D. 2024-Mar-01 00:00:00.0000,  8.807309446372570E-01, -4.607007910564319E-01, -3.769356602029872E-01, -7.688702382709579E-03,  1.453442236594950E-02,  3.448426051786831E-03,
2460371.500000000, A.D. 2024-Mar-02 00:00:00.0000,  8.729326438016410E-01, -4.461094785856771E-01, -3.734403345065068E-01, -7.909031254883217E-03,  1.464834565777469E-02,  3.542703060974237E-03,
2460372.500000000, A.D. 2024-Mar-03 00:00:00.0000,  8.649105559869537E-01, -4.314038175765191E-01, -3.698492725659597E-01, -8.136339497954677E-03,  1.476311522237186E-02,  3.639925010926034E-03,
2460373.500000000, A.D. 2024-Mar-04 00:00:00.0000,  8.566575074640601E-01, -4.165829755735890E-01, -3.661594479917208E-01, -8.371020811383030E-03,  1.487870223094081E-02,  3.740256874997418E-03,
2460374.500000000, A.D. 2024-Mar-05 00:00:00.0000,  8.481659153577218E-01, -4.016461527306268E-01, -3.623676629877811E-01, -8.613500297565763E-03,  1.499507008907775E-02,  3.843876703653968E-03,
2460375.500000000, A.D. 2024-Mar-06 00:00:00.0000,  8.394277546523429E-01, -3.865925902262093E-01, -3.584705346158050E-01, -8.864237708606294E-03,  1.511217310006097E-02,  3.950976968532084E-03,
2460376.500000000, A.D. 2024-Mar-07 00:00:00.0000,  8.304345217492554E-01, -3.714215801324955E-01, -3.544644796321387E-01, -9.123731106055516E-03,  1.522995488834289E-02,  4.061766076401592E-03,
2460377.500000000, A.D. 2024-Mar-08 00:00:00.0000,  8.211771941322129E-01, -3.561324769998484E-01, -3.503456977154589E-01, -9.392520995992623E-03,  1.534834653553977E-02,  4.176470078506579E-03,
2460378.500000000, A.D. 2024-Mar-09 00:00:00.0000,  8.116461856301085E-01, -3.407247114730317E-01, -3.461101528751329E-01, -9.671195012731053E-03,  1.546726437054527E-02,  4.295334605202498E-03,
2460379.500000000, A.D. 2024-Mar-10 00:00:00.0000,  8.018312966863185E-01, -3.251978063194605E-01, -3.417535527978868E-01, -9.960393237458258E-03,  1.558660734208553E-02,  4.418627061055958E-03,
2460380.500000000, A.D. 2024-Mar-11 00:00:00.0000,  7.917216589501875E-01, -3.095513953297118E-01, -3.372713258521416E-01, -1.026081425376688E-02,  1.570625388529129E-02,  4.546639121913470E-03,
2460381.500000000, A.D. 2024-Mar-12 00:00:00.0000,  7.813056733950705E-01, -2.937852456490554E-01, -3.326585954241861E-01, -1.057322206092761E-02,  1.582605817282516E-02,  4.679689583065996E-03,
2460382.500000000, A.D. 2024-Mar-13 00:00:00.0000,  7.705709410354721E-01, -2.778992842210902E-01, -3.279101512067936E-01, -1.089845398847338E-02,  1.594584561421873E-02,  4.818127616753977E-03,
2460383.500000000, A.D. 2024-Mar-14 00:00:00.0000,  7.595041851589226E-01, -2.618936291772362E-01, -3.230204169972826E-01, -1.123742978326510E-02,  1.606540743313496E-02,  4.962336508379832E-03,
2460384.500000000, A.D. 2024-Mar-15 00:00:00.0000,  7.480911638008592E-01, -2.457686271970993E-01, -3.179834144861656E-01, -1.159116207367108E-02,  1.618449410842297E-02,  5.112737954164560E-03,
2460385.500000000, A.D. 2024-Mar-16 00:00:00.0000,  7.363165709664524E-01, -2.295248981057964E-01, -3.127927224269240E-01, -1.196076845623056E-02,  1.630280740857088E-02,  5.269797019274352E-03,
2460386.500000000, A.D. 2024-Mar-17 00:00:00.0000,  7.241639248339272E-01, -2.131633882796589E-01, -3.074414304688529E-01, -1.234748549986048E-02,  1.641999067609135E-02,  5.434027875217604E-03,
2460387.500000000, A.D. 2024-Mar-18 00:00:00.0000,  7.116154408495350E-01, -1.966854348207183E-01, -3.019220868044737E-01, -1.275268502337750E-02,  1.653561692306126E-02,  5.606000459390654E-03,
2460388.500000000, A.D. 2024-Mar-19 00:00:00.0000,  6.986518872326729E-01, -1.800928429588741E-01, -2.962266386259573E-01, -1.317789307636731E-02,  1.664917417385346E-02,  5.786348228970839E-03,
2460389.500000000, A.D. 2024-Mar-20 00:00:00.0000,  6.852524199357084E-01, -1.633879797834803E-01, -2.903463641955411E-01, -1.362481214429079E-02,  1.676004732556082E-02,  5.975777217042784E-03,
2460390.500000000, A.D. 2024-Mar-21 00:00:00.0000,  6.713943935285073E-01, -1.465738882404914E-01, -2.842717951060545E-01, -1.409534720977453E-02,  1.686749557615599E-02,  6.175076642195986E-03,
2460391.500000000, A.D. 2024-Mar-22 00:00:00.0000,  6.570531437802190E-01, -1.296544264218324E-01, -2.779926270310291E-01, -1.459163643742699E-02,  1.697062417465306E-02,  6.385131375281261E-03,
2460392.500000000, A.D. 2024-Mar-23 00:00:00.0000,  6.422017368640195E-01, -1.126344386091756E-01, -2.714976169296126E-01, -1.511608741374289E-02,  1.706834884764177E-02,  6.606936630017510E-03,
2460393.500000000, A.D. 2024-Mar-24 00:00:00.0000,  6.268106790831697E-01, -9.551996643822698E-02, -2.647744642684464E-01, -1.567142007107843E-02,  1.715935071154157E-02,  6.841615318919213E-03,
2460394.500000000, A.D. 2024-Mar-25 00:00:00.0000,  6.108475797739527E-01, -7.831851109472603E-02, -2.578096733386898E-01, -1.626071765850175E-02,  1.724201873089052E-02,  7.090438603027384E-03,
2460395.500000000, A.D. 2024-Mar-26 00:00:00.0000,  5.942767585460759E-01, -6.103936088363936E-02, -2.505883931697169E-01, -1.688748739238521E-02,  1.731437574464399E-02,  7.354850261817390E-03,
2460396.500000000, A.D. 2024-Mar-27 00:00:00.0000,  5.770587862407283E-01, -4.369400317612967E-02, -2.430942308629378E-01, -1.755573271810463E-02,  1.737398263021236E-02,  7.636495613266413E-03,
2460397.500000000, A.D. 2024-Mar-28 00:00:00.0000,  5.591499469022694E-01, -2.629664613450908E-02, -2.353090333895009E-01, -1.827003941731455E-02,  1.741781312525686E-02,  7.937255810613554E-03,
2460398.500000000, A.D. 2024-Mar-29 00:00:00.0000,  5.405016056911660E-01, -8.864884468220124E-03, -2.272126320334756E-01, -1.903567804731787E-02,  1.744208890765068E-02,  8.259288404357194E-03,
2460399.500000000, A.D. 2024-Mar-30 00:00:00.0000,  5.210594651162176E-01,  8.579444156288861E-03, -2.187825427766999E-01, -1.985872528200861E-02,  1.744206033732001E-02,  8.605075029807429E-03,
2460400.500000000, A.D. 2024-Mar-31 00:00:00.0000,  5.007626895079423E-01,  2.600914798004353E-02, -2.099936151516290E-01, -2.074620639981460E-02,  1.741171217846631E-02,  8.977476852922300E-03,
2460401.500000000, A.D. 2024-Apr-01 00:00:00.0000,  4.795428759076326E-01,  4.339022637330579E-02, -2.008176217276000E-01, -2.170625996405053E-02,  1.734336472672057E-02,  9.379797769388831E-03,
2460402.500000000, A.D. 2024-Apr-02 00:00:00.0000,  4.573228497903956E-01,  6.067994680281891E-02, -1.912227810345007E-01, -2.274832275210446E-02,  1.722712768230661E-02,  9.815853899673590E-03,
2460403.500000000, A.D. 2024-Apr-03 00:00:00.0000,  4.340152688530683E-01,  7.782427724057131E-02, -1.811732095260863E-01, -2.388332644052022E-02,  1.705014478927809E-02,  1.029004488110254E-02,
2460404.500000000, A.D. 2024-Apr-04 00:00:00.0000,  4.095210325698911E-01,  9.475442239105923E-02, -1.706283053963594E-01, -2.512388400477998E-02,  1.679553874934890E-02,  1.080741633797564E-02,
2460405.500000000, A.D. 2024-Apr-05 00:00:00.0000,  3.837275293258943E-01,  1.113821020638126E-01, -1.595420830442801E-01, -2.648441655324190E-02,  1.644092422131196E-02,  1.137369084069034E-02,
2460406.500000000, A.D. 2024-Apr-06 00:00:00.0000,  3.565068261757696E-01,  1.275930497446948E-01, -1.478625101578619E-01, -2.798111733173501E-02,  1.595629722277328E-02,  1.199522109186368E-02,
2460407.500000000, A.D. 2024-Apr-07 00:00:00.0000,  3.277140567019046E-01,  1.432379793626574E-01, -1.355309660411195E-01, -2.963154348947057E-02,  1.530102915024992E-02,  1.267877327995616E-02,
2460408.500000000, A.D. 2024-Apr-08 00:00:00.0000,  2.971865640885479E-01,  1.581199500161811E-01, -1.224820713142825E-01, -3.145341891634990E-02,  1.441960040936545E-02,  1.343096005682789E-02,
2460409.500000000, A.D. 2024-Apr-09 00:00:00.0000,  2.647449517087356E-01,  1.719766557087407E-01, -1.086443952159210E-01, -3.346183157873363E-02,  1.323564581744180E-02,  1.425697365032976E-02,
2460410.500000000, A.D. 2024-Apr-10 00:00:00.0000,  2.301983474923629E-01,  1.844557718335129E-01, -9.394303748668796E-02, -3.566325827757783E-02,  1.164400291304868E-02,  1.515795610225673E-02,
2460411.500000000, A.D. 2024-Apr-11 00:00:00.0000,  1.933583593170263E-01,  1.950814689764753E-01, -7.830599421818489E-02, -3.804352890271373E-02,  9.501199228221366E-03,  1.612579988142950E-02,
2460412.500000000, A.D. 2024-Apr-12 00:00:00.0000,  1.540700313275180E-01,  2.032116747983832E-01, -6.167780518349331E-02, -4.054486661762057E-02,  6.617336618824136E-03,  1.713337996989629E-02,
2460413.500000000, A.D. 2024-Apr-13 00:00:00.0000,  1.122739264219574E-01,  2.079915186459468E-01, -4.404633545027552E-02, -4.302552726940684E-02,  2.759130749930061E-03,  1.811764289938161E-02,
2460414.500000000, A.D. 2024-Apr-14 00:00:00.0000,  6.811884116171911E-02,  2.083246827113476E-01, -2.549056020640291E-02, -4.519956997134815E-02, -2.311595299440461E-03,  1.895488069599470E-02,
2460415.500000000, A.D. 2024-Apr-15 00:00:00.0000,  2.213737513803011E-02,  2.029184886823280E-01, -6.253649326403324E-03, -4.657919000202018E-02, -8.720829074567301E-03,  1.943826134984936E-02,
2460416.500000000, A.D. 2024-Apr-16 00:00:00.0000, -2.455479021284603E-02,  1.905000091615782E-01,  1.317655504725022E-02, -4.650643540531651E-02, -1.625939173415061E-02,  1.929450189476963E-02,
2460417.500000000, A.D. 2024-Apr-17 00:00:00.0000, -7.019550478732203E-02,  1.702704386990728E-01,  3.204773044261323E-02, -4.441257899674222E-02, -2.416925231101227E-02,  1.829604631851347E-02,
2460418.500000000, A.D. 2024-Apr-18 00:00:00.0000, -1.126856684062675E-01,  1.424323604480405E-01,  4.948102843590804E-02, -4.026262699613991E-02, -3.127302004135973E-02,  1.644587158965457E-02,
2460419.500000000, A.D. 2024-Apr-19 00:00:00.0000, -1.502573177354537E-01,  1.083331568398488E-01,  6.475390981803458E-02, -3.473324321947771E-02, -3.657699007294549E-02,  1.404318365101214E-02,
2460420.500000000, A.D. 2024-Apr-20 00:00:00.0000, -1.820247759525056E-01,  6.998342861112911E-02,  7.752446677108049E-02, -2.881229377769297E-02, -3.978765759224857E-02,  1.150741946375220E-02,
2460421.500000000, A.D. 2024-Apr-21 00:00:00.0000, -2.080105434128038E-01,  2.934991085938275E-02,  8.783168320596002E-02, -2.326257924629108E-02, -4.122852688694098E-02,  9.154195173344539E-03,
2460422.500000000, A.D. 2024-Apr-22 00:00:00.0000, -2.287964661149605E-01, -1.206466103105552E-02,  9.594257255227572E-02, -1.844259561401571E-02, -4.143956911914939E-02,  7.126017065249010E-03,
2460423.500000000, A.D. 2024-Apr-23 00:00:00.0000, -2.451617615320259E-01, -5.328033296660484E-02,  1.021992197647724E-01, -1.441631438429902E-02, -4.089883225784221E-02,  5.442583324805217E-03,
2460424.500000000, A.D. 2024-Apr-24 00:00:00.0000, -2.578687468569628E-01, -9.372504694171190E-02,  1.069304848563561E-01, -1.110780865453213E-02, -3.994204094015331E-02,  4.066953964543891E-03,
2460425.500000000, A.D. 2024-Apr-25 00:00:00.0000, -2.675772796057365E-01, -1.330969250801376E-01,  1.104181248672219E-01, -8.399194659496923E-03, -3.877994261878917E-02,  2.946438322589504E-03,
2460426.500000000, A.D. 2024-Apr-26 00:00:00.0000, -2.748283913022145E-01, -1.712585765567358E-01,  1.128915049326467E-01, -6.174965382202856E-03, -3.753702693067495E-02,  2.030639459691433E-03,
2460427.500000000, A.D. 2024-Apr-27 00:00:00.0000, -2.800556920479330E-01, -2.081679258072317E-01,  1.145334282927213E-01, -4.336841636337430E-03, -3.628391383316898E-02,  1.277207194692358E-03,
2460428.500000000, A.D. 2024-Apr-28 00:00:00.0000, -2.836042824459222E-01, -2.438360354911036E-01,  1.154887150167833E-01, -2.805913304627200E-03, -3.505909085454626E-02,  6.524113079708221E-04,
2460429.500000000, A.D. 2024-Apr-29 00:00:00.0000, -2.857491515097847E-01, -2.783022356538808E-01,  1.158723049189510E-01, -1.520341220606990E-03, -3.388230553677403E-02,  1.299749469077295E-04,
2460430.500000000, A.D. 2024-Apr-30 00:00:00.0000, -2.867106098166819E-01, -3.116197137551596E-01,  1.157759578239869E-01, -4.320582362748098E-04, -3.276252533407827E-02, -3.104308683107284E-04,
2460431.500000000, A.D. 2024-May-01 00:00:00.0000, -2.866664853597050E-01, -3.438472750093969E-01,  1.152735011028651E-01,  4.963019490971131E-04, -3.170260237175557E-02, -6.845475734145338E-04,
2460432.500000000, A.D. 2024-May-02 00:00:00.0000, -2.857615188804475E-01, -3.750447095378995E-01,  1.144248464731262E-01,  1.293917119632214E-03, -3.070199475514944E-02, -1.004625422816825E-03,
2460433.500000000, A.D. 2024-May-03 00:00:00.0000, -2.841145344627939E-01, -4.052702621110566E-01,  1.132790405524534E-01,  1.983724916442331E-03, -2.975835180439925E-02, -1.280265858945522E-03,
2460434.500000000, A.D. 2024-May-04 00:00:00.0000, -2.818239066541988E-01, -4.345793255922560E-01,  1.118765813617811E-01,  2.583899146431898E-03, -2.886843519203439E-02, -1.519055581268878E-03,
2460435.500000000, A.D. 2024-May-05 00:00:00.0000, -2.789717433269061E-01, -4.630238435507497E-01,  1.102511846275899E-01,  3.108958605642386E-03, -2.802865045585929E-02, -1.727040373390843E-03,
2460436.500000000, A.D. 2024-May-06 00:00:00.0000, -2.756271049472406E-01, -4.906521195593407E-01,  1.084311391472971E-01,  3.570598905839837E-03, -2.723534892526626E-02, -1.909079108682849E-03,
2460437.500000000, A.D. 2024-May-07 00:00:00.0000, -2.718485001150929E-01, -5.175088546616565E-01,  1.064403546708235E-01,  3.978318389630546E-03, -2.648499395771759E-02, -2.069109209671083E-03,
2460438.500000000, A.D. 2024-May-08 00:00:00.0000, -2.676858352072539E-01, -5.436353074722683E-01,  1.042991785954687E-01,  4.339891646428234E-03, -2.577424698572291E-02, -2.210346876670204E-03,
2460439.500000000, A.D. 2024-May-09 00:00:00.0000, -2.631819497548828E-01, -5.690695146523481E-01,  1.020250377100403E-01,  4.661730135712779E-03, -2.510000641346755E-02, -2.335439179437136E-03,
2460440.500000000, A.D. 2024-May-10 00:00:00.0000, -2.583738352250359E-01, -5.938465353393823E-01,  9.963294656867142E-02,  4.949158856624758E-03, -2.445941914462834E-02, -2.446580466836453E-03,
2460441.500000000, A.D. 2024-May-11 00:00:00.0000, -2.532936100262279E-01, -6.179986986062251E-01,  9.713591340204004E-02,  5.206630232284034E-03, -2.384987662628782E-02, -2.545602166287962E-03,
2460442.500000000, A.D. 2024-May-12 00:00:00.0000, -2.479693053651723E-01, -6.415558423390715E-01,  9.454526669063129E-02,  5.437890728686451E-03, -2.326900255069160E-02, -2.634042600479754E-03,
2460443.500000000, A.D. 2024-May-13 00:00:00.0000, -2.424255032170290E-01, -6.645455375120268E-01,  9.187091982589847E-02,  5.646111637838498E-03, -2.271463648716611E-02, -2.713201687373688E-03,
2460444.500000000, A.D. 2024-May-14 00:00:00.0000, -2.366838578027150E-01, -6.869932951639530E-01,  8.912158708909541E-02,  5.833992491239441E-03, -2.218481597132687E-02, -2.784184118277177E-03,
2460445.500000000, A.D. 2024-May-15 00:00:00.0000, -2.307635246345975E-01, -7.089227553344905E-01,  8.630496106778875E-02,  6.003843415577925E-03, -2.167775851412235E-02, -2.847933687723703E-03,
2460446.500000000, A.D. 2024-May-16 00:00:00.0000, -2.246815157075594E-01, -7.303558583273093E-01,  8.342785930926154E-02,  6.157651168932257E-03, -2.119184434392511E-02, -2.905260778055819E-03,
2460447.500000000, A.D. 2024-May-17 00:00:00.0000, -2.184529952815469E-01, -7.513129992682254E-01,  8.049634626552574E-02,  6.297132439618464E-03, -2.072560030051174E-02, -2.956864509953736E-03,
2460448.500000000, A.D. 2024-May-18 00:00:00.0000, -2.120915275682478E-01, -7.718131672159443E-01,  7.751583526385002E-02,  6.423777134953396E-03, -2.027768506267250E-02, -3.003350707434325E-03,
2460449.500000000, A.D. 2024-May-19 00:00:00.0000, -2.056092852408906E-01, -7.918740701886987E-01,  7.449117422949518E-02,  6.538883750851234E-03, -1.984687575131209E-02, -3.045246556393744E-03,
2460450.500000000, A.D. 2024-May-20 00:00:00.0000, -1.990172258450063E-01, -8.115122474681450E-01,  7.142671811386368E-02,  6.643588436277538E-03, -1.943205587009971E-02, -3.083012634208585E-03,
2460451.500000000, A.D. 2024-May-21 00:00:00.0000, -1.923252417622042E-01, -8.307431704801448E-01,  6.832639038320476E-02,  6.738889006756107E-03, -1.903220450291807E-02, -3.117052836089057E-03,
2460452.500000000, A.D. 2024-May-22 00:00:00.0000, -1.855422882676701E-01, -8.495813334597316E-01,  6.519373545750594E-02,  6.825664887802744E-03, -1.864638666707627E-02, -3.147722608738266E-03,
2460453.500000000, A.D. 2024-May-23 00:00:00.0000, -1.786764933503072E-01, -8.680403350023045E-01,  6.203196362455354E-02,  6.904693760178645E-03, -1.827374471449824E-02, -3.175335813965760E-03,
2460454.500000000, A.D. 2024-May-24 00:00:00.0000, -1.717352522764254E-01, -8.861329514953800E-01,  5.884398966673082E-02,  6.976665518060032E-03, -1.791349067424534E-02, -3.200170477359799E-03,
2460455.500000000, A.D. 2024-May-25 00:00:00.0000, -1.647253093316553E-01, -9.038712033210861E-01,  5.563246621023867E-02,  7.042194026704043E-03, -1.756489943522045E-02, -3.222473624887220E-03,
2460456.500000000, A.D. 2024-May-26 00:00:00.0000, -1.576528287396681E-01, -9.212664146221745E-01,  5.239981262471215E-02,  7.101827069212444E-03, -1.722730267562780E-02, -3.242465369658487E-03,
2460457.500000000, A.D. 2024-May-27 00:00:00.0000, -1.505234564062038E-01, -9.383292673351573E-01,  4.914824015550580E-02,  7.156054796001246E-03, -1.690008345436133E-02, -3.260342379298175E-03,
2460458.500000000, A.D. 2024-May-28 00:00:00.0000, -1.433423738544136E-01, -9.550698501137270E-01,  4.587977385348582E-02,  7.205316930703127E-03, -1.658267138820995E-02, -3.276280829341377E-03,
2460459.500000000, A.D. 2024-May-29 00:00:00.0000, -1.361143454884306E-01, -9.714977026937348E-01,  4.259627177202527E-02,  7.250008938777489E-03, -1.627453834714752E-02, -3.290438928285306E-03,
2460460.500000000, A.D. 2024-May-30 00:00:00.0000, -1.288437601354235E-01, -9.876218561872218E-01,  3.929944182342986E-02,  7.290487327282972E-03, -1.597519460777765E-02, -3.302959084189046E-03,
2460461.500000000, A.D. 2024-May-31 00:00:00.0000, -1.215346676636397E-01, -1.003450869736690E+00,  3.599085662365287E-02,  7.327074213954655E-03, -1.568418541211876E-02, -3.313969770144423E-03,
2460462.500000000, A.D. 2024-Jun-01 00:00:00.0000, -1.141908113484558E-01, -1.018992863911234E+00,  3.267196660205686E-02,  7.360061279284852E-03, -1.540108788529560E-02, -3.323587135852147E-03,
2460463.500000000, A.D. 2024-Jun-02 00:00:00.0000, -1.068156565550086E-01, -1.034255551182603E+00,  2.934411160995994E-02,  7.389713195479351E-03, -1.512550827134216E-02, -3.331916404401475E-03,
2460464.500000000, A.D. 2024-Jun-03 00:00:00.0000, -9.941241622046482E-02, -1.049246263780985E+00,  2.600853122601781E-02,  7.416270609991894E-03, -1.485707945122503E-02, -3.339053086755148E-03,
2460465.500000000, A.D. 2024-Jun-04 00:00:00.0000, -9.198407354811916E-02, -1.063971979196557E+00,  2.266637392677242E-02,  7.439952748108626E-03, -1.459545871138408E-02, -3.345084041054885E-03,
2460466.500000000, A.D. 2024-Jun-05 00:00:00.0000, -8.453340226663170E-02, -1.078439343562953E+00,  1.931870526587193E-02,  7.460959688240491E-03, -1.434032573459458E-02, -3.350088399424073E-03,
2460467.500000000, A.D. 2024-Jun-06 00:00:00.0000, -7.706298475859585E-02, -1.092654693132119E+00,  1.596651518469496E-02,  7.479474354819777E-03, -1.409138078785826E-02, -3.354138381244075E-03,
2460468.500000000, A.D. 2024-Jun-07 00:00:00.0000, -6.957522832135668E-02, -1.106624074025942E+00,  1.261072455973751E-02,  7.495664266730342E-03, -1.384834308446601E-02, -3.357300008760560E-03,
2460469.500000000, A.D. 2024-Jun-08 00:00:00.0000, -6.207237978788760E-02, -1.120353260428342E+00,  9.252191077626057E-03,  7.509683073808627E-03, -1.361094929955900E-02, -3.359633738230923E-03,
2460470.500000000, A.D. 2024-Jun-09 00:00:00.0000, -5.455653870513674E-02, -1.133847771361856E+00,  5.891714516551560E-03,  7.521671909854969E-03, -1.337895222068934E-02, -3.361195017600067E-03,
2460471.500000000, A.D. 2024-Jun-10 00:00:00.0000, -4.702966924045524E-02, -1.147112886175474E+00,  2.530041502878704E-03,  7.531760587451444E-03, -1.315211951726430E-02, -3.362034779872881E-03,
2460472.500000000, A.D. 2024-Jun-11 00:00:00.0000, -3.949361096279801E-02, -1.160153658855630E+00, -8.321301967526818E-04,  7.540068657117609E-03, -1.293023261541610E-02, -3.362199879956472E-03,
2460473.500000000, A.D. 2024-Jun-12 00:00:00.0000, -3.195008862417902E-02, -1.172974931260179E+00, -4.194147794737085E-03,  7.546706350767157E-03, -1.271308566758154E-02, -3.361733481703866E-03,
2460474.500000000, A.D. 2024-Jun-13 00:00:00.0000, -2.440072104833855E-02, -1.185581345365798E+00, -7.555399966501275E-03,  7.551775426343237E-03, -1.250048460841200E-02, -3.360675401179595E-03,
2460475.500000000, A.D. 2024-Jun-14 00:00:00.0000, -1.684702921827225E-02, -1.197977354611724E+00, -1.091531365818016E-02,  7.555369927553819E-03, -1.229224629075090E-02, -3.359062411649891E-03,
2460476.500000000, A.D. 2024-Jun-15 00:00:00.0000, -9.290443641857705E-03, -1.210167234417152E+00, -1.427335118224223E-02,  7.557576869490878E-03, -1.208819769599967E-02, -3.356928515266721E-03,
2460477.500000000, A.D. 2024-Jun-16 00:00:00.0000, -1.732311065391215E-03, -1.222155091944054E+00, -1.762900757003873E-02,  7.558476858388022E-03, -1.188817521372703E-02, -3.354305185933305E-03,
2460478.500000000, A.D. 2024-Jun-17 00:00:00.0000,  5.826099402419608E-03, -1.233944875171937E+00, -2.098180815444950E-02,  7.558144651901420E-03, -1.169202398499782E-02, -3.351221587227629E-03,
2460479.500000000, A.D. 2024-Jun-18 00:00:00.0000,  1.338359069922560E-02, -1.245540381345388E+00, -2.433130635937021E-02,  7.556649665169549E-03, -1.149959730363641E-02, -3.347704768657056E-03,
2460480.500000000, A.D. 2024-Jun-19 00:00:00.0000,  2.093903269872670E-02, -1.256945264849399E+00, -2.767708167576518E-02,  7.554056427353592E-03, -1.131075606953821E-02, -3.343779842941014E-03,
2460481.500000000, A.D. 2024-Jun-20 00:00:00.0000,  2.849135753401186E-02, -1.268163044561632E+00, -3.101873780645437E-02,  7.550424993129828E-03, -1.112536828834855E-02, -3.339470146527417E-03,
2460482.500000000, A.D. 2024-Jun-21 00:00:00.0000,  3.603955531168401E-02, -1.279197110725364E+00, -3.435590096380403E-02,  7.545811313480884E-03, -1.094330861230071E-02, -3.334797385162130E-03,
2460483.500000000, A.D. 2024-Jun-22 00:00:00.0000,  4.358267017817972E-02, -1.290050731381908E+00, -3.768821830616299E-02,  7.540267569974812E-03, -1.076445791763023E-02, -3.329781766044467E-03,
2460484.500000000, A.D. 2024-Jun-23 00:00:00.0000,  5.111979670376911E-02, -1.300727058397070E+00, -4.101535650030599E-02,  7.533842476479368E-03, -1.058870291464125E-02, -3.324442117894351E-03,
2460485.500000000, A.D. 2024-Jun-24 00:00:00.0000,  5.865007655351347E-02, -1.311229133112604E+00, -4.433700039839369E-02,  7.526581551938403E-03, -1.041593578710950E-02, -3.318796000104246E-03,
2460486.500000000, A.D. 2024-Jun-25 00:00:00.0000,  6.617269541790514E-02, -1.321559891650538E+00, -4.765285181907206E-02,  7.518527367472322E-03, -1.024605385821970E-02, -3.312859802029781E-03,
2460487.500000000, A.D. 2024-Jun-26 00:00:00.0000,  7.368688017898818E-02, -1.331722169895714E+00, -5.096262842333154E-02,  7.509719770686618E-03, -1.007895928065140E-02, -3.306648833374614E-03,
2460488.500000000, A.D. 2024-Jun-27 00:00:00.0000,  8.119189629045757E-02, -1.341718708179595E+00, -5.426606267666414E-02,  7.500196089719494E-03, -9.914558748741103E-03, -3.300177406533840E-03,
2460489.500000000, A.D. 2024-Jun-28 00:00:00.0000,  8.868704535260520E-02, -1.351552155686521E+00, -5.756290088987349E-02,  7.489991319222853E-03, -9.752763230910120E-03, -3.293458911683724E-03,
2460490.500000000, A.D. 2024-Jun-29 00:00:00.0000,  9.617166286502274E-02, -1.361225074601837E+00, -6.085290233164427E-02,  7.479138290194053E-03, -9.593487720728079E-03, -3.286505885324580E-03,
2460491.500000000, A.D. 2024-Jun-30 00:00:00.0000,  1.036451161417656E-01, -1.370739944019783E+00, -6.413583840665249E-02,  7.467667825329237E-03, -9.436651005155280E-03, -3.279330072915581E-03,
2460492.500000000, A.D. 2024-Jul-01 00:00:00.0000,  1.111068023752421E-01, -1.380099163627667E+00, -6.741149189359608E-02,  7.455608881342483E-03, -9.282175448626787E-03, -3.271942486177398E-03,
2460493.500000000, A.D. 2024-Jul-02 00:00:00.0000,  1.185561468364495E-01, -1.389305057181515E+00, -7.067965623808149E-02,  7.442988679542376E-03, -9.129986791762133E-03, -3.264353455573620E-03,
2460494.500000000, A.D. 2024-Jul-03 00:00:00.0000,  1.259926012003855E-01, -1.398359875787290E+00, -7.394013489577095E-02,  7.429832825781695E-03, -8.980013963586692E-03, -3.256572678434503E-03,
2460495.500000000, A.D. 2024-Jul-04 00:00:00.0000,  1.334156419865178E-01, -1.407265801000649E+00, -7.719274072165157E-02,  7.416165420782219E-03, -8.832188906231716E-03, -3.248609263133089E-03,
2460496.500000000, A.D. 2024-Jul-05 00:00:00.0000,  1.408247691051404E-01, -1.416024947757242E+00, -8.043729540166189E-02,  7.402009161719117E-03, -8.686446411178850E-03, -3.240471769683935E-03,
2460497.500000000, A.D. 2024-Jul-06 00:00:00.0000,  1.482195045012756E-01, -1.424639367144667E+00, -8.367362892326456E-02,  7.387385435856776E-03, -8.542723966172731E-03, -3.232168247093885E-03,
2460498.500000000, A.D. 2024-Jul-07 00:00:00.0000,  1.555993908885374E-01, -1.433111049026337E+00, -8.690157908187557E-02,  7.372314406944234E-03, -8.400961612012897E-03, -3.223706267761741E-03,
2460499.500000000, A.D. 2024-Jul-08 00:00:00.0000,  1.629639905660366E-01, -1.441441924526766E+00, -9.012099102032413E-02,  7.356815095005505E-03, -8.261101808487581E-03, -3.215092959192228E-03,
2460500.500000000, A.D. 2024-Jul-09 00:00:00.0000,  1.703128843120161E-01, -1.449633868387086E+00, -9.333171679878856E-02,  7.340905450099153E-03, -8.123089308778066E-03, -3.206335033263129E-03,
2460501.500000000, A.D. 2024-Jul-10 00:00:00.0000,  1.776456703484464E-01, -1.457688701198933E+00, -9.653361499286356E-02,  7.324602420561401E-03, -7.986871041715183E-03, -3.197438813260478E-03,
2460502.500000000, A.D. 2024-Jul-11 00:00:00.0000,  1.849619633713033E-01, -1.465608191524286E+00, -9.972655031762942E-02,  7.307922016201808E-03, -7.852396001318646E-03, -3.188410258875409E-03,
2460503.500000000, A.D. 2024-Jul-12 00:00:00.0000,  1.922613936416953E-01, -1.473394057908258E+00, -1.029103932757728E-01,  7.290879366872258E-03, -7.719615143097104E-03, -3.179254989337306E-03,
2460504.500000000, A.D. 2024-Jul-13 00:00:00.0000,  1.995436061334066E-01, -1.481047970791377E+00, -1.060850198279735E-01,  7.273488776793000E-03, -7.588481286627717E-03, -3.169978304841033E-03,
2460505.500000000, A.D. 2024-Jul-14 00:00:00.0000,  2.068082597327929E-01, -1.488571554327388E+00, -1.092503110839279E-01,  7.255763774983381E-03, -7.458949023972956E-03, -3.160585206411122E-03,
2460506.500000000, A.D. 2024-Jul-15 00:00:00.0000,  2.140550264872910E-01, -1.495966388112229E+00, -1.124061530125068E-01,  7.237717162112399E-03, -7.330974633527210E-03, -3.151080414332084E-03,
2460507.500000000, A.D. 2024-Jul-16 00:00:00.0000,  2.212835908991110E-01, -1.503234008829406E+00, -1.155524361696795E-01,  7.219361054057027E-03, -7.204515998917882E-03, -3.141468385262287E-03,
2460508.500000000, A.D. 2024-Jul-17 00:00:00.0000,  2.284936492609501E-01, -1.510375911816652E+00, -1.186890554429333E-01,  7.200706922429262E-03, -7.079532532614992E-03, -3.131753328137827E-03,
2460509.500000000, A.D. 2024-Jul-18 00:00:00.0000,  2.356849090308180E-01, -1.517393552558415E+00, -1.218159098110390E-01,  7.181765632310519E-03, -6.955985103930120E-03, -3.121939218963202E-03,
2460510.500000000, A.D. 2024-Jul-19 00:00:00.0000,  2.428570882432923E-01, -1.524288348108418E+00, -1.249329021180810E-01,  7.162547477410845E-03, -6.833835971110006E-03, -3.112029814577035E-03,
2460511.500000000, A.D. 2024-Jul-20 00:00:00.0000,  2.500099149547282E-01, -1.531061678446245E+00, -1.280399388607792E-01,  7.143062212851359E-03, -6.713048717252671E-03, -3.102028665472995E-03,
2460512.500000000, A.D. 2024-Jul-21 00:00:00.0000,  2.571431267201396E-01, -1.537714887771648E+00, -1.311369299881887E-01,  7.123319085751587E-03, -6.593588189794353E-03, -3.091939127749300E-03,
2460513.500000000, A.D. 2024-Jul-22 00:00:00.0000,  2.642564700996384E-01, -1.544249285740025E+00, -1.342237887129402E-01,  7.103326863787598E-03, -6.475420443334498E-03, -3.081764374253580E-03,
2460514.500000000, A.D. 2024-Jul-23 00:00:00.0000,  2.713497001924827E-01, -1.550666148642312E+00, -1.373004313332498E-01,  7.083093861872954E-03, -6.358512685583260E-03, -3.071507404984279E-03,
2460515.500000000, A.D. 2024-Jul-24 00:00:00.0000,  2.784225801969245E-01, -1.556966720532288E+00, -1.403667770649830E-01,  7.062627967101841E-03, -6.242833226231800E-03, -3.061171056804481E-03,
2460516.500000000, A.D. 2024-Jul-25 00:00:00.0000,  2.854748809941866E-01, -1.563152214304141E+00, -1.434227478831072E-01,  7.041936662082023E-03, -6.128351428560237E-03, -3.050758012519386E-03,
2460517.500000000, A.D. 2024-Jul-26 00:00:00.0000,  2.925063807550154E-01, -1.569223812722937E+00, -1.464682683719268E-01,  7.021027046774956E-03, -6.015037663611464E-03, -3.040270809364340E-03,
2460518.500000000, A.D. 2024-Jul-27 00:00:00.0000,  2.995168645673739E-01, -1.575182669410479E+00, -1.495032655835277E-01,  6.999905858950764E-03, -5.902863266771322E-03, -3.029711846946505E-03,
2460519.500000000, A.D. 2024-Jul-28 00:00:00.0000,  3.065061240839372E-01, -1.581029909788884E+00, -1.525276689039055E-01,  6.978579493357089E-03, -5.791800496606958E-03, -3.019083394679675E-03,
2460520.500000000, A.D. 2024-Jul-29 00:00:00.0000,  3.134739571881541E-01, -1.586766631984077E+00, -1.555414099262950E-01,  6.957054019693010E-03, -5.681822495825565E-03, -3.008387598748565E-03,
2460521.500000000, A.D. 2024-Jul-30 00:00:00.0000,  3.204201676777180E-01, -1.592393907691243E+00, -1.585444223312371E-01,  6.935335199471883E-03, -5.572903254225375E-03, -2.997626488636027E-03,
2460522.500000000, A.D. 2024-Jul-31 00:00:00.0000,  3.273445649643799E-01, -1.597912783004179E+00, -1.615366417729716E-01,  6.913428501850396E-03, -5.465017573519628E-03, -2.986801983243858E-03,
2460523.500000000, A.D. 2024-Aug-01 00:00:00.0000,  3.342469637891012E-01, -1.603324279210357E+00, -1.645180057717574E-01,  6.891339118495387E-03, -5.358141033922173E-03, -2.975915896635715E-03,
2460524.500000000, A.D. 2024-Aug-02 00:00:00.0000,  3.411271839516227E-01, -1.608629393553419E+00, -1.674884536117581E-01,  6.869071977553915E-03, -5.252249962391419E-03, -2.964969943428037E-03,
2460525.500000000, A.D. 2024-Aug-03 00:00:00.0000,  3.479850500535779E-01, -1.613829099964691E+00, -1.704479262441531E-01,  6.846631756787581E-03, -5.147321402435855E-03, -2.953965743853247E-03,
2460526.500000000, A.D. 2024-Aug-04 00:00:00.0000,  3.548203912543478E-01, -1.618924349765257E+00, -1.733963661951566E-01,  6.824022895927409E-03, -5.043333085390931E-03, -2.942904828517481E-03,
2460527.500000000, A.D. 2024-Aug-05 00:00:00.0000,  3.616330410389034E-01, -1.623916072340004E+00, -1.763337174786510E-01,  6.801249608300488E-03, -4.940263403083407E-03, -2.931788642873148E-03,
2460528.500000000, A.D. 2024-Aug-06 00:00:00.0000,  3.684228369969290E-01, -1.628805175784994E+00, -1.792599255131572E-01,  6.778315891778178E-03, -4.838091381803957E-03, -2.920618551426014E-03,
2460529.500000000, A.D. 2024-Aug-07 00:00:00.0000,  3.751896206125745E-01, -1.633592547529432E+00, -1.821749370428882E-01,  6.755225539088244E-03, -4.736796657515241E-03, -2.909395841693545E-03,
2460530.500000000, A.D. 2024-Aug-08 00:00:00.0000,  3.819332370642194E-01, -1.638279054933431E+00, -1.850787000626424E-01,  6.731982147533596E-03, -4.636359452226189E-03, -2.898121727931343E-03,
2460531.500000000, A.D. 2024-Aug-09 00:00:00.0000,  3.886535350336735E-01, -1.642865545862707E+00, -1.879711637463133E-01,  6.708589128155694E-03, -4.536760551467900E-03, -2.886797354642794E-03,
2460532.500000000, A.D. 2024-Aug-10 00:00:00.0000,  3.953503665242796E-01, -1.647352849241274E+00, -1.908522783788085E-01,  6.685049714377749E-03, -4.437981282812244E-03, -2.875423799885560E-03,
2460533.500000000, A.D. 2024-Aug-11 00:00:00.0000,  4.020235866874129E-01, -1.651741775583161E+00, -1.937219952911753E-01,  6.661366970161403E-03, -4.340003495373584E-03, -2.864002078388555E-03,
2460534.500000000, A.D. 2024-Aug-12 00:00:00.0000,  4.086730536569057E-01, -1.656033117504089E+00, -1.965802667987585E-01,  6.637543797706823E-03, -4.242809540244253E-03, -2.852533144490686E-03,
2460535.500000000, A.D. 2024-Aug-13 00:00:00.0000,  4.152986283909573E-01, -1.660227650214044E+00, -1.994270461422077E-01,  6.613582944725121E-03, -4.146382251811851E-03, -2.841017894913044E-03,
2460536.500000000, A.D. 2024-Aug-14 00:00:00.0000,  4.219001745211122E-01, -1.664326131991576E+00, -2.022622874311813E-01,  6.589487011310430E-03, -4.050704929911581E-03, -2.829457171375030E-03,
2460537.500000000, A.D. 2024-Aug-15 00:00:00.0000,  4.284775582079233E-01, -1.668329304640654E+00, -2.050859455905909E-01,  6.565258456434529E-03, -3.955761322770632E-03, -2.817851763063665E-03,
2460538.500000000, A.D. 2024-Aug-16 00:00:00.0000,  4.350306480029269E-01, -1.672237893930848E+00, -2.078979763092463E-01,  6.540899604091114E-03, -3.861535610701909E-03, -2.806202408965853E-03,
2460539.500000000, A.D. 2024-Aug-17 00:00:00.0000,  4.415593147165989E-01, -1.676052610021556E+00, -2.106983359907670E-01,  6.516412649107101E-03, -3.768012390509594E-03, -2.794509800071138E-03,
2460540.500000000, A.D. 2024-Aug-18 00:00:00.0000,  4.480634312919639E-01, -1.679774147870982E+00, -2.134869817066357E-01,  6.491799662643961E-03, -3.675176660568635E-03, -2.782774581453258E-03,
2460541.500000000, A.D. 2024-Aug-19 00:00:00.0000,  4.545428726835569E-01, -1.683403187630514E+00, -2.162638711512751E-01,  6.467062597408499E-03, -3.583013806543796E-03, -2.770997354237929E-03,
2460542.500000000, A.D. 2024-Aug-20 00:00:00.0000,  4.609975157414616E-01, -1.686940395025129E+00, -2.190289625990396E-01,  6.442203292589464E-03, -3.491509587714341E-03, -2.759178677463045E-03,
2460543.500000000, A.D. 2024-Aug-21 00:00:00.0000,  4.674272391001518E-01, -1.690386421720407E+00, -2.217822148630142E-01,  6.417223478539552E-03, -3.400650123874978E-03, -2.747319069838644E-03,
2460544.500000000, A.D. 2024-Aug-22 00:00:00.0000,  4.738319230718954E-01, -1.693741905676728E+00, -2.245235872555278E-01,  6.392124781216044E-03, -3.310421882780648E-03, -2.735419011411387E-03,
2460545.500000000, A.D. 2024-Aug-23 00:00:00.0000,  4.802114495444861E-01, -1.697007471491172E+00, -2.272530395502840E-01,  6.366908726395086E-03, -3.220811668107653E-03, -2.723478945139308E-03,
2460546.500000000, A.D. 2024-Aug-24 00:00:00.0000,  4.865657018830795E-01, -1.700183730727620E+00, -2.299705319460247E-01,  6.341576743677409E-03, -3.131806607903363E-03, -2.711499278382796E-03,
2460547.500000000, A.D. 2024-Aug-25 00:00:00.0000,  4.928945648359374E-01, -1.703271282235550E+00, -2.326760250316440E-01,  6.316130170292417E-03, -3.043394143497005E-03, -2.699480384314986E-03,
2460548.500000000, A.D. 2024-Aug-26 00:00:00.0000,  4.991979244438798E-01, -1.706270712457951E+00, -2.353694797526752E-01,  6.290570254712535E-03, -2.955562018846868E-03, -2.687422603256376E-03,
2460549.500000000, A.D. 2024-Aug-27 00:00:00.0000,  5.054756679532614E-01, -1.709182595728804E+00, -2.380508573790744E-01,  6.264898160095027E-03, -2.868298270294418E-03, -2.675326243938063E-03,
2460550.500000000, A.D. 2024-Aug-28 00:00:00.0000,  5.117276837323028E-01, -1.712007494560496E+00, -2.407201194742351E-01,  6.239114967544932E-03, -2.781591216708154E-03, -2.663191584695688E-03,
2460551.500000000, A.D. 2024-Aug-29 00:00:00.0000,  5.179538611906025E-01, -1.714745959921576E+00, -2.433772278651608E-01,  6.213221679215268E-03, -2.695429449985598E-03, -2.651018874597883E-03,
2460552.500000000, A.D. 2024-Aug-30 00:00:00.0000,  5.241540907016664E-01, -1.717398531505179E+00, -2.460221446137369E-01,  6.187219221241685E-03, -2.609801825895202E-03, -2.638808334511369E-03,
2460553.500000000, A.D. 2024-Aug-31 00:00:00.0000,  5.303282635282873E-01, -1.719965737988445E+00, -2.486548319890356E-01,  6.161108446515312E-03, -2.524697455248923E-03, -2.626560158106237E-03,
2460554.500000000, A.D. 2024-Sep-01 00:00:00.0000,  5.364762717506171E-01, -1.722448097283282E+00, -2.512752524405975E-01,  6.134890137276331E-03, -2.440105695361382E-03, -2.614274512799848E-03,
2460555.500000000, A.D. 2024-Sep-02 00:00:00.0000,  5.425980081967430E-01, -1.724846116778725E+00, -2.538833685726258E-01,  6.108565007548154E-03, -2.356016141822253E-03, -2.601951540646812E-03,
2460556.500000000, A.D. 2024-Sep-03 00:00:00.0000,  5.486933663756107E-01, -1.727160293575210E+00, -2.564791431190481E-01,  6.082133705381961E-03, -2.272418620552929E-03, -2.589591359173113E-03,
2460557.500000000, A.D. 2024-Sep-04 00:00:00.0000,  5.547622404120958E-01, -1.729391114711063E+00, -2.590625389193807E-01,  6.055596814915136E-03, -2.189303180158659E-03, -2.577194062158671E-03,
2460558.500000000, A.D. 2024-Sep-05 00:00:00.0000,  5.608045249840493E-01, -1.731539057381481E+00, -2.616335188953560E-01,  6.028954858261714E-03, -2.106660084569544E-03, -2.564759720372363E-03,
2460559.500000000, A.D. 2024-Sep-06 00:00:00.0000,  5.668201152611388E-01, -1.733604589150309E+00, -2.641920460282586E-01,  6.002208297209371E-03, -2.024479806017406E-03, -2.552288382263676E-03,
2460560.500000000, A.D. 2024-Sep-07 00:00:00.0000,  5.728089068453103E-01, -1.735588168154967E+00, -2.667380833369377E-01,  5.975357534773262E-03, -1.942753018327438E-03, -2.539780074616458E-03,
2460561.500000000, A.D. 2024-Sep-08 00:00:00.0000,  5.787707957127359E-01, -1.737490243304834E+00, -2.692715938564528E-01,  5.948402916622178E-03, -1.861470590556301E-03, -2.527234803171186E-03,
2460562.500000000, A.D. 2024-Sep-09 00:00:00.0000,  5.847056781571442E-01, -1.739311254473436E+00, -2.717925406173325E-01,  5.921344732416978E-03, -1.780623580968221E-03, -2.514652553220965E-03,
2460563.500000000, A.D. 2024-Sep-10 00:00:00.0000,  5.906134507344626E-01, -1.741051632684779E+00, -2.743008866254148E-01,  5.894183217109774E-03, -1.700203231339967E-03, -2.502033290187142E-03,
2460564.500000000, A.D. 2024-Sep-11 00:00:00.0000,  5.964940102087559E-01, -1.742711800294144E+00, -2.767965948422565E-01,  5.866918552241850E-03, -1.620200961561643E-03, -2.489376960177320E-03,
2460565.500000000, A.D. 2024-Sep-12 00:00:00.0000,  6.023472534994763E-01, -1.744292171163606E+00, -2.792796281660924E-01,  5.839550867272742E-03, -1.540608364495359E-03, -2.476683490527555E-03,
2460566.500000000, A.D. 2024-Sep-13 00:00:00.0000,  6.081730776300662E-01, -1.745793150832523E+00, -2.817499494133254E-01,  5.812080240954995E-03, -1.461417201035431E-03, -2.463952790327296E-03,
2460567.500000000, A.D. 2024-Sep-14 00:00:00.0000,  6.139713796779575E-01, -1.747215136683164E+00, -2.842075213005378E-01,  5.784506702755958E-03, -1.382619395321729E-03, -2.451184750924916E-03,
2460568.500000000, A.D. 2024-Sep-15 00:00:00.0000,  6.197420567260088E-01, -1.748558518101607E+00, -2.866523064269908E-01,  5.756830234302929E-03, -1.304207030060994E-03, -2.438379246409613E-03,
2460569.500000000, A.D. 2024-Sep-16 00:00:00.0000,  6.254850058153884E-01, -1.749823676634000E+00, -2.890842672575964E-01,  5.729050770825942E-03, -1.226172341925982E-03, -2.425536134066367E-03,
2460570.500000000, A.D. 2024-Sep-17 00:00:00.0000,  6.312001238998840E-01, -1.751010986138257E+00, -2.915033661063272E-01,  5.701168202563930E-03, -1.148507717016559E-03, -2.412655254800973E-03,
2460571.500000000, A.D. 2024-Sep-18 00:00:00.0000,  6.368873078015871E-01, -1.752120812931231E+00, -2.939095651200380E-01,  5.673182376101213E-03, -1.071205686382370E-03, -2.399736433533446E-03,
2460572.500000000, A.D. 2024-Sep-19 00:00:00.0000,  6.425464541678696E-01, -1.753153515931465E+00, -2.963028262626620E-01,  5.645093095613747E-03, -9.942589216171633E-04, -2.386779479560027E-03,
2460573.500000000, A.D. 2024-Sep-20 00:00:00.0000,  6.481774594295563E-01, -1.754109446797561E+00, -2.986831112997572E-01,  5.616900124010724E-03, -9.176602305386678E-04, -2.373784186884825E-03,
2460574.500000000, A.D. 2024-Sep-21 00:00:00.0000,  6.537802197601797E-01, -1.754988950062292E+00, -3.010503817833663E-01,  5.588603183963834E-03, -8.414025529732926E-04, -2.360750334523128E-03,
2460575.500000000, A.D. 2024-Sep-22 00:00:00.0000,  6.593546310362162E-01, -1.755792363262547E+00, -3.034045990371699E-01,  5.560201958831393E-03, -7.654789566557576E-04, -2.347677686778948E-03,
2460576.500000000, A.D. 2024-Sep-23 00:00:00.0000,  6.649005887981900E-01, -1.756520017065243E+00, -3.057457241419037E-01,  5.531696093482773E-03, -6.898826332595411E-04, -2.334565993499639E-03,
2460577.500000000, A.D. 2024-Sep-24 00:00:00.0000,  6.704179882125610E-01, -1.757172235389338E+00, -3.080737179210212E-01,  5.503085195035414E-03, -6.146068945590759E-04, -2.321414990309770E-03,
2460578.500000000, A.D. 2024-Sep-25 00:00:00.0000,  6.759067240343083E-01, -1.757749335524064E+00, -3.103885409265789E-01,  5.474368833514277E-03, -5.396451687282510E-04, -2.308224398826445E-03,
2460579.500000000, A.D. 2024-Sep-26 00:00:00.0000,  6.813666905701404E-01, -1.758251628243537E+00, -3.126901534253305E-01,  5.445546542447506E-03, -4.649909967719953E-04, -2.294993926857941E-03,
2460580.500000000, A.D. 2024-Sep-27 00:00:00.0000,  6.867977816422721E-01, -1.758679417917854E+00, -3.149785153850102E-01,  5.416617819404965E-03, -3.906380290876657E-04, -2.281723268586848E-03,
2460581.500000000, A.D. 2024-Sep-28 00:00:00.0000,  6.921998905527151E-01, -1.759033002620818E+00, -3.172535864607931E-01,  5.387582126489657E-03, -3.165800221491648E-04, -2.268412104738816E-03,
2460582.500000000, A.D. 2024-Sep-29 00:00:00.0000,  6.975729100480400E-01, -1.759312674234409E+00, -3.195153259819160E-01,  5.358438890787003E-03, -2.428108353082576E-04, -2.255060102737651E-03,
2460583.500000000, A.D. 2024-Sep-30 00:00:00.0000,  7.029167322845671E-01, -1.759518718550106E+00, -3.217636929384497E-01,  5.329187504777344E-03, -1.693244277059725E-04, -2.241666916847373E-03,
2460584.500000000, A.D. 2024-Oct-01 00:00:00.0000,  7.082312487939533E-01, -1.759651415367173E+00, -3.239986459682024E-01,  5.299827326714458E-03, -9.611485528711928E-05, -2.228232188301567E-03,
2460585.500000000, A.D. 2024-Oct-02 00:00:00.0000,  7.135163504491426E-01, -1.759711038588015E+00, -3.262201433437502E-01,  5.270357680972983E-03, -2.317626791224120E-05, -2.214755545420458E-03,
2460586.500000000, A.D. 2024-Oct-03 00:00:00.0000,  7.187719274306471E-01, -1.759697856310689E+00, -3.284281429595770E-01,  5.240777858366167E-03,  4.949709343924392E-05, -2.201236603715896E-03,
2460587.500000000, A.D. 2024-Oct-04 00:00:00.0000,  7.239978691931336E-01, -1.759612130918654E+00, -3.306226023193134E-01,  5.211087116435122E-03,  1.219108993796445E-04, -2.187674965984527E-03,
2460588.500000000, A.D. 2024-Oct-05 00:00:00.0000,  7.291940644322837E-01, -1.759454119167864E+00, -3.328034785230642E-01,  5.181284679710418E-03,  1.940707347423305E-04, -2.174070222389299E-03,
2460589.500000000, A.D. 2024-Oct-06 00:00:00.0000,  7.343604010519033E-01, -1.759224072271263E+00, -3.349707282548094E-01,  5.151369739946574E-03,  2.659821011338885E-04, -2.160421950529554E-03,
2460590.500000000, A.D. 2024-Oct-07 00:00:00.0000,  7.394967661312524E-01, -1.758922235980763E+00, -3.371243077698717E-01,  5.121341456329800E-03,  3.376504194132089E-04, -2.146729715499810E-03,
2460591.500000000, A.D. 2024-Oct-08 00:00:00.0000,  7.446030458925698E-01, -1.758548850666789E+00, -3.392641728824362E-01,  5.091198955659387E-03,  4.090810321008969E-04, -2.132993069937457E-03,
2460592.500000000, A.D. 2024-Oct-09 00:00:00.0000,  7.496791256687658E-01, -1.758104151395431E+00, -3.413902789531121E-01,  5.060941332503032E-03,  4.802792057223325E-04, -2.119211554059512E-03,
2460593.500000000, A.D. 2024-Oct-10 00:00:00.0000,  7.547248898712579E-01, -1.757588368003302E+00, -3.435025808765284E-01,  5.030567649326361E-03,  5.512501330873598E-04, -2.105384695688599E-03,
2460594.500000000, A.D. 2024-Oct-11 00:00:00.0000,  7.597402219579221E-01, -1.757001725170134E+00, -3.456010330689439E-01,  5.000076936596746E-03,  6.219989355093046E-04, -2.091512010268303E-03,
2460595.500000000, A.D. 2024-Oct-12 00:00:00.0000,  7.647250044011371E-01, -1.756344442489192E+00, -3.476855894558755E-01,  4.969468192862280E-03,  6.925306649660895E-04, -2.077593000868086E-03,
2460596.500000000, A.D. 2024-Oct-13 00:00:00.0000,  7.696791186558929E-01, -1.755616734535551E+00, -3.497562034597211E-01,  4.938740384805350E-03,  7.628503062055779E-04, -2.063627158177868E-03,
2460597.500000000, A.D. 2024-Oct-14 00:00:00.0000,  7.746024451279426E-01, -1.754818810932295E+00, -3.518128279873710E-01,  4.907892447271726E-03,  8.329627787976381E-04, -2.049613960492452E-03,
2460598.500000000, A.D. 2024-Oct-15 00:00:00.0000,  7.794948631419693E-01, -1.753950876414693E+00, -3.538554154178040E-01,  4.876923283275266E-03,  9.028729391350870E-04, -2.035552873685926E-03,
2460599.500000000, A.D. 2024-Oct-16 00:00:00.0000,  7.843562509097473E-01, -1.753013130892395E+00, -3.558839175896475E-01,  4.845831763978461E-03,  9.725855823848318E-04, -2.021443351176213E-03,
2460600.500000000, A.D. 2024-Oct-17 00:00:00.0000,  7.891864854982706E-01, -1.752005769509699E+00, -3.578982857887001E-01,  4.814616728649395E-03,  1.042105444393013E-03, -2.007284833879788E-03,
2460601.500000000, A.D. 2024-Oct-18 00:00:00.0000,  7.939854427978271E-01, -1.750928982703943E+00, -3.598984707354049E-01,  4.783276984594773E-03,  1.111437203543254E-03, -1.993076750156830E-03,
2460602.500000000, A.D. 2024-Oct-19 00:00:00.0000,  7.987529974899941E-01, -1.749782956262055E+00, -3.618844225722593E-01,  4.751811307069830E-03,  1.180585482571851E-03, -1.978818515746822E-03,
2460603.500000000, A.D. 2024-Oct-20 00:00:00.0000,  8.034890230155325E-01, -1.748567871375307E+00, -3.638560908511598E-01,  4.720218439165105E-03,  1.249554850340862E-03, -1.964509533694748E-03,
2460604.500000000, A.D. 2024-Oct-21 00:00:00.0000,  8.081933915421551E-01, -1.747283904692326E+00, -3.658134245206669E-01,  4.688497091670647E-03,  1.318349823570296E-03, -1.950149194267957E-03,
2460605.500000000, A.D. 2024-Oct-22 00:00:00.0000,  8.128659739321498E-01, -1.745931228370380E+00, -3.677563719131808E-01,  4.656645942916837E-03,  1.386974868531989E-03, -1.935736874863837E-03,
2460606.500000000, A.D. 2024-Oct-23 00:00:00.0000,  8.175066397098304E-01, -1.744510010125000E+00, -3.696848807320228E-01,  4.624663638593105E-03,  1.455434402704991E-03, -1.921271939908269E-03,
2460607.500000000, A.D. 2024-Oct-24 00:00:00.0000,  8.221152570287950E-01, -1.743020413277958E+00, -3.715988980384080E-01,  4.592548791543889E-03,  1.523732796395136E-03, -1.906753740745028E-03,
2460608.500000000, A.D. 2024-Oct-25 00:00:00.0000,  8.266916926389709E-01, -1.741462596803643E+00, -3.734983702383057E-01,  4.560299981542055E-03,  1.591874374319740E-03, -1.892181615516109E-03,
2460609.500000000, A.D. 2024-Oct-26 00:00:00.0000,  8.312358118534192E-01, -1.739836715373875E+00, -3.753832430691720E-01,  4.527915755040244E-03,  1.659863417158749E-03, -1.877554889032994E-03,
2460610.500000000, A.D. 2024-Oct-27 00:00:00.0000,  8.357474785148814E-01, -1.738142919401177E+00, -3.772534615865526E-01,  4.495394624898827E-03,  1.727704163073316E-03, -1.862872872638984E-03,
2460611.500000000, A.D. 2024-Oct-28 00:00:00.0000,  8.402265549620418E-01, -1.736381355080553E+00, -3.791089701505421E-01,  4.462735070092103E-03,  1.795400809193354E-03, -1.848134864062415E-03,
2460612.500000000, A.D. 2024-Oct-29 00:00:00.0000,  8.446729019954847E-01, -1.734552164429780E+00, -3.809497124120907E-01,  4.429935535391523E-03,  1.862957513075075E-03, -1.833340147260861E-03,
2460613.500000000, A.D. 2024-Oct-30 00:00:00.0000,  8.490863788433243E-01, -1.732655485328271E+00, -3.827756312991529E-01,  4.396994431025818E-03,  1.930378394129845E-03, -1.818487992256208E-03,
2460614.500000000, A.D. 2024-Oct-31 00:00:00.0000,  8.534668431264817E-01, -1.730691451554514E+00, -3.845866690026652E-01,  4.363910132319009E-03,  1.997667535024945E-03, -1.803577654960769E-03,
2460615.500000000, A.D. 2024-Nov-01 00:00:00.0000,  8.578141508235895E-01, -1.728660192822130E+00, -3.863827669623452E-01,  4.330680979303923E-03,  2.064828983058468E-03, -1.788608376993815E-03,
2460616.500000000, A.D. 2024-Nov-02 00:00:00.0000,  8.621281562354992E-01, -1.726561834814561E+00, -3.881638658523034E-01,  4.297305276313714E-03,  2.131866751508011E-03, -1.773579385489130E-03,
2460617.500000000, A.D. 2024-Nov-03 00:00:00.0000,  8.664087119493654E-01, -1.724396499218432E+00, -3.899299055664583E-01,  4.263781291549437E-03,  2.198784820955054E-03, -1.758489892893060E-03,
2460618.500000000, A.D. 2024-Nov-04 00:00:00.0000,  8.706556688022894E-01, -1.722164303755589E+00, -3.916808252037430E-01,  4.230107256623848E-03,  2.265587140586140E-03, -1.743339096752947E-03,
2460619.500000000, A.D. 2024-Nov-05 00:00:00.0000,  8.748688758444916E-01, -1.719865362213855E+00, -3.934165630530962E-01,  4.196281366081536E-03,  2.332277629470979E-03, -1.728126179496136E-03,
2460620.500000000, A.D. 2024-Nov-06 00:00:00.0000,  8.790481803019944E-01, -1.717499784476519E+00, -3.951370565782285E-01,  4.162301776894893E-03,  2.398860177819865E-03, -1.712850308198887E-03,
2460621.500000000, A.D. 2024-Nov-07 00:00:00.0000,  8.831934275387868E-01, -1.715067676550571E+00, -3.968422424021512E-01,  4.128166607936066E-03,  2.465338648219711E-03, -1.697510634345665E-03,
2460622.500000000, A.D. 2024-Nov-08 00:00:00.0000,  8.873044610184514E-01, -1.712569140593722E+00, -3.985320562914605E-01,  4.093873939424495E-03,  2.531716876850626E-03, -1.682106293578268E-03,
2460623.500000000, A.D. 2024-Nov-09 00:00:00.0000,  8.913811222652240E-01, -1.710004274940202E+00, -4.002064331403641E-01,  4.059421812349974E-03,  2.597998674683603E-03, -1.666636405434720E-03,
2460624.500000000, A.D. 2024-Nov-10 00:00:00.0000,  8.954232508244661E-01, -1.707373174125386E+00, -4.018653069544436E-01,  4.024808227871120E-03,  2.664187828660900E-03, -1.651100073077691E-03,
2460625.500000000, A.D. 2024-Nov-11 00:00:00.0000,  8.994306842225221E-01, -1.704675928909233E+00, -4.035086108341385E-01,  3.990031146689220E-03,  2.730288102858114E-03, -1.635496383012576E-03,
2460626.500000000, A.D. 2024-Nov-12 00:00:00.0000,  9.034032579259389E-01, -1.701912626298582E+00, -4.051362769579427E-01,  3.955088488397384E-03,  2.796303239631173E-03, -1.619824404794633E-03,
2460627.500000000, A.D. 2024-Nov-13 00:00:00.0000,  9.073408053000220E-01, -1.699083349568306E+00, -4.067482365653055E-01,  3.919978130805089E-03,  2.862236960748185E-03, -1.604083190725218E-03,
2460628.500000000, A.D. 2024-Nov-14 00:00:00.0000,  9.112431575667040E-01, -1.696188178281335E+00, -4.083444199392191E-01,  3.884697909238053E-03,  2.928092968506560E-03, -1.588271775536927E-03,
2460629.500000000, A.D. 2024-Nov-15 00:00:00.0000,  9.151101437617006E-01, -1.693227188307576E+00, -4.099247563884882E-01,  3.849245615813659E-03,  2.993874946837961E-03, -1.572389176067288E-03,
2460630.500000000, A.D. 2024-Nov-16 00:00:00.0000,  9.189415906909294E-01, -1.690200451841735E+00, -4.114891742296679E-01,  3.813618998692111E-03,  3.059586562401745E-03, -1.556434390920804E-03,
2460631.500000000, A.D. 2024-Nov-17 00:00:00.0000,  9.227373228861683E-01, -1.687108037420037E+00, -4.130376007686554E-01,  3.777815761303747E-03,  3.125231465668188E-03, -1.540406400119128E-03,
2460632.500000000, A.D. 2024-Nov-18 00:00:00.0000,  9.264971625599298E-01, -1.683950009935888E+00, -4.145699622819279E-01,  3.741833561550529E-03,  3.190813291995707E-03, -1.524304164738731E-03,
2460633.500000000, A.D. 2024-Nov-19 00:00:00.0000,  9.302209295595235E-01, -1.680726430654443E+00, -4.160861839974108E-01,  3.705670010987196E-03,  3.256335662699892E-03, -1.508126626536315E-03,
2460634.500000000, A.D. 2024-Nov-20 00:00:00.0000,  9.339084413202886E-01, -1.677437357226117E+00, -4.175861900749662E-01,  3.669322673974473E-03,  3.321802186123141E-03, -1.491872707560658E-03,
2460635.500000000, A.D. 2024-Nov-21 00:00:00.0000,  9.375595128179655E-01, -1.674082843699024E+00, -4.190699035864822E-01,  3.632789066808478E-03,  3.387216458704490E-03, -1.475541309750857E-03,
2460636.500000000, A.D. 2024-Nov-22 00:00:00.0000,  9.411739565201869E-01, -1.670662940530343E+00, -4.205372464955602E-01,  3.596066656825943E-03,  3.452582066055164E-03, -1.459131314520311E-03,
2460637.500000000, A.D. 2024-Nov-23 00:00:00.0000,  9.447515823370582E-01, -1.667177694596606E+00, -4.219881396367721E-01,  3.559152861474601E-03,  3.517902584041247E-03, -1.442641582325081E-03,
2460638.500000000, A.D. 2024-Nov-24 00:00:00.0000,  9.482921975707906E-01, -1.663627149202890E+00, -4.234225026944821E-01,  3.522045047359728E-03,  3.583181579887274E-03, -1.426070952216298E-03,
2460639.500000000, A.D. 2024-Nov-25 00:00:00.0000,  9.517956068643656E-01, -1.660011344090907E+00, -4.248402541812090E-01,  3.484740529245451E-03,  3.648422613294325E-03, -1.409418241374803E-03,
2460640.500000000, A.D. 2024-Nov-26 00:00:00.0000,  9.552616121491748E-01, -1.656330315445951E+00, -4.262413114155170E-01,  3.447236569011446E-03,  3.713629237581382E-03, -1.392682244627119E-03,
2460641.500000000, A.D. 2024-Nov-27 00:00:00.0000,  9.586900125915950E-01, -1.652584095902704E+00, -4.276255904994102E-01,  3.409530374551268E-03,  3.778805000860772E-03, -1.375861733940271E-03,
2460642.500000000, A.D. 2024-Nov-28 00:00:00.0000,  9.620806045384155E-01, -1.648772714549839E+00, -4.289930062952117E-01,  3.371619098615109E-03,  3.843953447225100E-03, -1.358955457897236E-03,
2460643.500000000, A.D. 2024-Nov-29 00:00:00.0000,  9.654331814610888E-01, -1.644896196933442E+00, -4.303434724019073E-01,  3.333499837544303E-03,  3.909078117973985E-03, -1.341962141145476E-03,
2460644.500000000, A.D. 2024-Nov-30 00:00:00.0000,  9.687475338986460E-01, -1.640954565059182E+00, -4.316769011309252E-01,  3.295169629927228E-03,  3.974182552838452E-03, -1.324880483824391E-03,
2460645.500000000, A.D. 2024-Dec-01 00:00:00.0000,  9.720234493992331E-01, -1.636947837393272E+00, -4.329932034813307E-01,  3.256625455153711E-03,  4.039270291207906E-03, -1.307709160968777E-03,
2460646.500000000, A.D. 2024-Dec-02 00:00:00.0000,  9.752607124601318E-01, -1.632876028862204E+00, -4.342922891144138E-01,  3.217864231833609E-03,  4.104344873330803E-03, -1.290446821887062E-03,
2460647.500000000, A.D. 2024-Dec-03 00:00:00.0000,  9.784591044661481E-01, -1.628739150851309E+00, -4.355740663276434E-01,  3.178882816115888E-03,  4.169409841464097E-03, -1.273092089519284E-03,
2460648.500000000, A.D. 2024-Dec-04 00:00:00.0000,  9.816184036262670E-01, -1.624537211202205E+00, -4.368384420279685E-01,  3.139677999904617E-03,  4.234468740947303E-03, -1.255643559775957E-03,
2460649.500000000, A.D. 2024-Dec-05 00:00:00.0000,  9.847383849084809E-01, -1.620270214209219E+00, -4.380853217044534E-01,  3.100246508997048E-03,  4.299525121180219E-03, -1.238099800861393E-03,
2460650.500000000, A.D. 2024-Dec-06 00:00:00.0000,  9.878188199727346E-01, -1.615938160614881E+00, -4.393146094002274E-01,  3.060585001179277E-03,  4.364582536492637E-03, -1.220459352585159E-03,
2460651.500000000, A.D. 2024-Dec-07 00:00:00.0000,  9.908594771019560E-01, -1.611541047604602E+00, -4.405262076837398E-01,  3.020690064316524E-03,  4.429644546913217E-03, -1.202720725663946E-03,
2460652.500000000, A.D. 2024-Dec-08 00:00:00.0000,  9.938601211311919E-01, -1.607078868800626E+00, -4.417200176193183E-01,  2.980558214471657E-03,  4.494714718854671E-03, -1.184882401014976E-03,
2460653.500000000, A.D. 2024-Dec-09 00:00:00.0000,  9.968205133748875E-01, -1.602551614255325E+00, -4.428959387370083E-01,  2.940185894078263E-03,  4.559796625754195E-03, -1.166942829039601E-03,
2460654.500000000, A.D. 2024-Dec-10 00:00:00.0000,  9.997404115523701E-01, -1.597959270443858E+00, -4.440538690016961E-01,  2.899569470179251E-03,  4.624893848708480E-03, -1.148900428894238E-03,
2460655.500000000, A.D. 2024-Dec-11 00:00:00.0000,  1.002619569711601E+00, -1.593301820256180E+00, -4.451937047814918E-01,  2.858705232718962E-03,  4.690009977150220E-03, -1.130753587743092E-03,
2460656.500000000, A.D. 2024-Dec-12 00:00:00.0000,  1.005457738151238E+00, -1.588579242988332E+00, -4.463153408153533E-01,  2.817589392867467E-03,  4.755148609601689E-03, -1.112500659987114E-03,
2460657.500000000, A.D. 2024-Dec-13 00:00:00.0000,  1.008254663341023E+00, -1.583791514332939E+00, -4.474186701799255E-01,  2.776218081340255E-03,  4.820313354527125E-03, -1.094139966463323E-03,
2460658.500000000, A.D. 2024-Dec-14 00:00:00.0000,  1.011010087840472E+00, -1.578938606368796E+00, -4.485035842555618E-01,  2.734587346675478E-03,  4.885507831295242E-03, -1.075669793609364E-03,
2460659.500000000, A.D. 2024-Dec-15 00:00:00.0000,  1.013723750215801E+00, -1.574020487549435E+00, -4.495699726914912E-01,  2.692693153430868E-03,  4.950735671243586E-03, -1.057088392589709E-03,
2460660.500000000, A.D. 2024-Dec-16 00:00:00.0000,  1.016395384955006E+00, -1.569037122690589E+00, -4.506177233700909E-01,  2.650531380274095E-03,  5.016000518830200E-03, -1.038393978381471E-03,
2460661.500000000, A.D. 2024-Dec-17 00:00:00.0000,  1.019024722380961E+00, -1.563988472956469E+00, -4.516467223702260E-01,  2.608097817947906E-03,  5.081306032852005E-03, -1.019584728818925E-03,
2460662.500000000, A.D. 2024-Dec-18 00:00:00.0000,  1.021611488562420E+00, -1.558874495844795E+00, -4.526568539296106E-01,  2.565388167096351E-03,  5.146655887706906E-03, -1.000658783596449E-03,
2460663.500000000, A.D. 2024-Dec-19 00:00:00.0000,  1.024155405222778E+00, -1.553695145170551E+00, -4.536480004061518E-01,  2.522398035956210E-03,  5.212053774681206E-03, -9.816142432308313E-04,
2460664.500000000, A.D. 2024-Dec-20 00:00:00.0000,  1.026656189646447E+00, -1.548450371048451E+00, -4.546200422382376E-01,  2.479122937911290E-03,  5.277503403248387E-03, -9.624491679828394E-04,
2460665.500000000, A.D. 2024-Dec-21 00:00:00.0000,  1.029113554582730E+00, -1.543140119874101E+00, -4.555728579039247E-01,  2.435558288919103E-03,  5.343008502366836E-03, -9.431615767388987E-04,
2460666.500000000, A.D. 2024-Dec-22 00:00:00.0000,  1.031527208147057E+00, -1.537764334303867E+00, -4.565063238789873E-01,  2.391699404812962E-03,  5.408572821772997E-03, -9.237494458523443E-04,
2460667.500000000, A.D. 2024-Dec-23 00:00:00.0000,  1.033896853719460E+00, -1.532322953233452E+00, -4.574203145937883E-01,  2.347541498488423E-03,  5.474200133266928E-03, -9.042107079441365E-04,
2460668.500000000, A.D. 2024-Dec-24 00:00:00.0000,  1.036222189840181E+00, -1.526815911775196E+00, -4.583147023889313E-01,  2.303079676975152E-03,  5.539894231991446E-03, -8.845432506618302E-04,
2460669.500000000, A.D. 2024-Dec-25 00:00:00.0000,  1.038502910102300E+00, -1.521243141234093E+00, -4.591893574696461E-01,  2.258308938398405E-03,  5.605658937706606E-03, -8.647449153957597E-04,
2460670.500000000, A.D. 2024-Dec-26 00:00:00.0000,  1.040738703041262E+00, -1.515604569082538E+00, -4.600441478588735E-01,  2.213224168829969E-03,  5.671498096063523E-03, -8.448134959507436E-04,
2460671.500000000, A.D. 2024-Dec-27 00:00:00.0000,  1.042929252021201E+00, -1.509900118933795E+00, -4.608789393489959E-01,  2.167820139026944E-03,  5.737415579880677E-03, -8.247467371715010E-04,
2460672.500000000, A.D. 2024-Dec-28 00:00:00.0000,  1.045074235117951E+00, -1.504129710514197E+00, -4.616935954521685E-01,  2.122091501056896E-03,  5.803415290426786E-03, -8.045423335198130E-04,
2460673.500000000, A.D. 2024-Dec-29 00:00:00.0000,  1.047173324998618E+00, -1.498293259634040E+00, -4.624879773492065E-01,  2.076032784804407E-03,  5.869501158713450E-03, -7.841979276011546E-04,
2460674.500000000, A.D. 2024-Dec-30 00:00:00.0000,  1.049226188797600E+00, -1.492390678157196E+00, -4.632619438369671E-01,  2.029638394355492E-03,  5.935677146800757E-03, -7.637111086385828E-04,
2460675.500000000, A.D. 2024-Dec-31 00:00:00.0000,  1.051232487988927E+00, -1.486421873969403E+00, -4.640153512741840E-01,  1.982902604253665E-03,  6.001947249118896E-03, -7.430794108913173E-04,
2460676.500000000, A.D. 2025-Jan-01 00:00:00.0000,  1.053191878254791E+00, -1.480386750945224E+00, -4.647480535256879E-01,  1.935819555622605E-03,  6.068315493807836E-03, -7.223003120155747E-04,
