2459945.500000000, A.D. 2023-Jan-01 00:00:00.0000,  6.087796500292466E-02,  1.562753194530549E+00,  3.125918232232449E-02, -1.345301618252036E-02,  1.733555844035160E-03,  3.663268884416133E-04,
2459946.500000000, A.D. 2023-Jan-02 00:00:00.0000,  4.742276995069385E-02,  1.564426362713875E+00,  3.162429701379222E-02, -1.345719912757654E-02,  1.612805806161102E-03,  3.638987364220740E-04,
2459947.500000000, A.D. 2023-Jan-03 00:00:00.0000,  3.396391557300946E-02,  1.565978858052886E+00,  3.198697232594429E-02, -1.346033559813901E-02,  1.492211495376862E-03,  3.614481767020930E-04,
2459948.500000000, A.D. 2023-Jan-04 00:00:00.0000,  2.050244604419140E-02,  1.567410840279815E+00,  3.234718599161578E-02, -1.346243020055362E-02,  1.371780907202579E-03,  3.589754902111297E-04,
2459949.500000000, A.D. 2023-Jan-05 00:00:00.0000,  7.039400914428662E-03,  1.568722477078153E+00,  3.270491602413928E-02, -1.346348757652356E-02,  1.251521948670653E-03,  3.564809570076204E-04,
2459950.500000000, A.D. 2023-Jan-06 00:00:00.0000, -6.424184924922950E-03,  1.569913943994266E+00,  3.306014071644934E-02, -1.346351240178244E-02,  1.131442438530754E-03,  3.539648562266571E-04,
2459951.500000000, A.D. 2023-Jan-07 00:00:00.0000, -1.988728127466726E-02,  1.570985424349221E+00,  3.341283864012892E-02, -1.346250938467172E-02,  1.011550107486340E-03,  3.514274660196070E-04,
2459952.500000000, A.D. 2023-Jan-08 00:00:00.0000, -3.334886265963259E-02,  1.571937109150901E+00,  3.376298864439439E-02, -1.346048326464594E-02,  8.918525985230234E-04,  3.488690634929515E-04,
2459953.500000000, A.D. 2023-Jan-09 00:00:00.0000, -4.680790835902919E-02,  1.572769197006503E+00,  3.411056985502154E-02, -1.345743881076103E-02,  7.723574673685292E-04,  3.462899246472325E-04,
2459954.500000000, A.D. 2023-Jan-10 00:00:00.0000, -6.026340243526646E-02,  1.573481894035513E+00,  3.445556167320867E-02, -1.345338082009572E-02,  6.530721829666394E-04,  3.436903243204113E-04,
2459955.500000000, A.D. 2023-Jan-11 00:00:00.0000, -7.371433376121546E-02,  1.574075413783251E+00,  3.479794377439213E-02, -1.344831411624977E-02,  5.340041281623508E-04,  3.410705361422001E-04,
2459956.500000000, A.D. 2023-Jan-12 00:00:00.0000, -8.715969604599461E-02,  1.574549977135132E+00,  3.513769610701857E-02, -1.344224354787794E-02,  4.151606004214670E-04,  3.384308324982287E-04,
2459957.500000000, A.D. 2023-Jan-13 00:00:00.0000, -1.005984878593186E-01,  1.574905812231677E+00,  3.547479889128607E-02, -1.343517398729248E-02,  2.965488126400073E-04,  3.357714845033782E-04,
2459958.500000000, A.D. 2023-Jan-14 00:00:00.0000, -1.140297126544925E-01,  1.575143154384380E+00,  3.580923261786512E-02, -1.342711032914900E-02,  1.781758940018315E-04,  3.330927619845779E-04,
2459959.500000000, A.D. 2023-Jan-15 00:00:00.0000, -1.274523787901306E-01,  1.575262245992424E+00,  3.614097804660472E-02, -1.341805748921201E-02,  6.004889086132319E-05,  3.303949334708955E-04,
2459960.500000000, A.D. 2023-Jan-16 00:00:00.0000, -1.408654995506801E-01,  1.575263336460307E+00,  3.647001620523191E-02, -1.340802040319421E-02, -5.782523236612293E-05,  3.276782661890100E-04,
2459961.500000000, A.D. 2023-Jan-17 00:00:00.0000, -1.542680931658161E-01,  1.575146682116342E+00,  3.679632838804901E-02, -1.339700402566136E-02, -1.754395923179054E-04,  3.249430260623891E-04,
2459962.500000000, A.D. 2023-Jan-18 00:00:00.0000, -1.676591828287711E-01,  1.574912546132039E+00,  3.711989615463018E-02, -1.338501332899389E-02, -2.927873858100433E-04,  3.221894777127617E-04,
2459963.500000000, A.D. 2023-Jan-19 00:00:00.0000, -1.810377967136507E-01,  1.574561198442368E+00,  3.744070132852212E-02, -1.337205330239583E-02, -4.098618889791470E-04,  3.194178844627340E-04,
2459964.500000000, A.D. 2023-Jan-20 00:00:00.0000, -1.944029679917782E-01,  1.574092915666846E+00,  3.775872599594532E-02, -1.335812895094217E-02, -5.266564564418082E-04,  3.166285083386718E-04,
2459965.500000000, A.D. 2023-Jan-21 00:00:00.0000, -2.077537348471018E-01,  1.573507981031482E+00,  3.807395250449998E-02, -1.334324529465709E-02, -6.431645204706235E-04,  3.138216100732579E-04,
2459966.500000000, A.D. 2023-Jan-22 00:00:00.0000, -2.210891404906944E-01,  1.572806684291521E+00,  3.838636346187266E-02, -1.332740736761748E-02, -7.593795901847482E-04,  3.109974491074145E-04,
2459967.500000000, A.D. 2023-Jan-23 00:00:00.0000, -2.344082331743668E-01,  1.571989321654998E+00,  3.869594173454594E-02, -1.331062021707885E-02, -8.752952507523542E-04,  3.081562835915885E-04,
2459968.500000000, A.D. 2023-Jan-24 00:00:00.0000, -2.477100662034191E-01,  1.571056195707083E+00,  3.900267044650717E-02, -1.329288890262439E-02, -9.909051626025888E-04,  3.052983703866931E-04,
2459969.500000000, A.D. 2023-Jan-25 00:00:00.0000, -2.609936979485490E-01,  1.570007615335214E+00,  3.930653297796089E-02, -1.327421849532656E-02, -1.106203060645528E-03,  3.024239650638805E-04,
2459970.500000000, A.D. 2023-Jan-26 00:00:00.0000, -2.742581918569296E-01,  1.568843895655000E+00,  3.960751296403706E-02, -1.325461407693001E-02, -1.221182753496281E-03,  2.995333219043199E-04,
2459971.500000000, A.D. 2023-Jan-27 00:00:00.0000, -2.875026164624801E-01,  1.567565357936905E+00,  3.990559429350168E-02, -1.323408073904937E-02, -1.335838122703304E-03,  2.966266938983928E-04,
2459972.500000000, A.D. 2023-Jan-28 00:00:00.0000, -3.007260453953411E-01,  1.566172329533697E+00,  4.020076110746561E-02, -1.321262358238400E-02, -1.450163121978589E-03,  2.937043327447337E-04,
2459973.500000000, A.D. 2023-Jan-29 00:00:00.0000, -3.139275573905743E-01,  1.564665143808674E+00,  4.049299779809172E-02, -1.319024771594921E-02, -1.564151776429112E-03,  2.907664888491599E-04,
2459974.500000000, A.D. 2023-Jan-30 00:00:00.0000, -3.271062362961003E-01,  1.563044140064646E+00,  4.078228900730165E-02, -1.316695825632427E-02, -1.677798181788692E-03,  2.878134113236037E-04,
2459975.500000000, A.D. 2023-Jan-31 00:00:00.0000, -3.402611710798942E-01,  1.561309663473697E+00,  4.106861962548219E-02, -1.314276032691734E-02, -1.791096503649838E-03,  2.848453479851411E-04,
2459976.500000000, A.D. 2023-Feb-01 00:00:00.0000, -3.533914558364539E-01,  1.559462065007710E+00,  4.135197479018918E-02, -1.311765905724746E-02, -1.904040976695315E-03,  2.818625453551861E-04,
2459977.500000000, A.D. 2023-Feb-02 00:00:00.0000, -3.664961897925588E-01,  1.557501701369661E+00,  4.163233988485154E-02, -1.309165958224390E-02, -2.016625903929315E-03,  2.788652486589145E-04,
2459978.500000000, A.D. 2023-Feb-03 00:00:00.0000, -3.795744773123375E-01,  1.555428934925679E+00,  4.190970053747564E-02, -1.306476704156294E-02, -2.128845655908227E-03,  2.758537018249654E-04,
2459979.500000000, A.D. 2023-Feb-04 00:00:00.0000, -3.926254279016602E-01,  1.553244133637883E+00,  4.218404261934738E-02, -1.303698657892218E-02, -2.240694669971123E-03,  2.728281474854577E-04,
2459980.500000000, A.D. 2023-Feb-05 00:00:00.0000, -4.056481562118746E-01,  1.550947670997983E+00,  4.245535224373757E-02, -1.300832334145248E-02, -2.352167449470150E-03,  2.697888269763578E-04,
2459981.500000000, A.D. 2023-Feb-06 00:00:00.0000, -4.186417820429027E-01,  1.548539925961648E+00,  4.272361576460493E-02, -1.297878247906761E-02, -2.463258563001057E-03,  2.667359803382154E-04,
2459982.500000000, A.D. 2023-Feb-07 00:00:00.0000, -4.316054303457153E-01,  1.546021282883654E+00,  4.298881977530086E-02, -1.294836914385155E-02, -2.573962643634206E-03,  2.636698463172996E-04,
2459983.500000000, A.D. 2023-Feb-08 00:00:00.0000, -4.445382312242041E-01,  1.543392131453786E+00,  4.325095110727737E-02, -1.291708848946353E-02, -2.684274388146341E-03,  2.605906623671431E-04,
2459984.500000000, A.D. 2023-Feb-09 00:00:00.0000, -4.574393199364658E-01,  1.540652866633521E+00,  4.350999682879414E-02, -1.288494567056071E-02, -2.794188556253477E-03,  2.574986646505234E-04,
2459985.500000000, A.D. 2023-Feb-10 00:00:00.0000, -4.703078368955186E-01,  1.537803888593470E+00,  4.376594424362840E-02, -1.285194584223461E-02, -2.903699969837919E-03,  2.543940880409886E-04,
2459986.500000000, A.D. 2023-Feb-11 00:00:00.0000, -4.831429276694632E-01,  1.534845602651596E+00,  4.401878088978857E-02, -1.281809415947181E-02, -3.012803512191137E-03,  2.512771661264879E-04,
2459987.500000000, A.D. 2023-Feb-12 00:00:00.0000, -4.959437429811139E-01,  1.531778419212186E+00,  4.426849453822898E-02, -1.278339577662563E-02, -3.121494127244759E-03,  2.481481312118696E-04,
2459988.500000000, A.D. 2023-Feb-13 00:00:00.0000, -5.087094387071086E-01,  1.528602753705593E+00,  4.451507319156822E-02, -1.274785584690705E-02, -3.229766818809442E-03,  2.450072143223501E-04,
2459989.500000000, A.D. 2023-Feb-14 00:00:00.0000, -5.214391758765192E-01,  1.525319026528736E+00,  4.475850508281256E-02, -1.271147952189205E-02, -3.337616649814724E-03,  2.418546452072642E-04,
2459990.500000000, A.D. 2023-Feb-15 00:00:00.0000, -5.341321206689773E-01,  1.521927662986360E+00,  4.499877867408087E-02, -1.267427195104529E-02, -3.445038741551163E-03,  2.386906523441730E-04,
2459991.500000000, A.D. 2023-Feb-16 00:00:00.0000, -5.467874444123305E-01,  1.518429093233056E+00,  4.523588265533571E-02, -1.263623828126016E-02, -3.552028272915031E-03,  2.355154629433109E-04,
2459992.500000000, A.D. 2023-Feb-17 00:00:00.0000, -5.594043235798491E-01,  1.514823752216027E+00,  4.546980594311811E-02, -1.259738365641479E-02, -3.658580479655762E-03,  2.323293029523629E-04,
2459993.500000000, A.D. 2023-Feb-18 00:00:00.0000, -5.719819397869944E-01,  1.511112079618616E+00,  4.570053767928772E-02, -1.255771321694396E-02, -3.764690653626416E-03,  2.291323970615635E-04,
2459994.500000000, A.D. 2023-Feb-19 00:00:00.0000, -5.845194797877687E-01,  1.507294519804568E+00,  4.592806722976786E-02, -1.251723209942648E-02, -3.870354142037368E-03,  2.259249687091058E-04,
2459995.500000000, A.D. 2023-Feb-20 00:00:00.0000, -5.970161354706587E-01,  1.503371521763051E+00,  4.615238418329633E-02, -1.247594543618799E-02, -3.975566346713430E-03,  2.227072400868419E-04,
2459996.500000000, A.D. 2023-Feb-21 00:00:00.0000, -6.094711038541901E-01,  1.499343539054410E+00,  4.637347835018239E-02, -1.243385835491890E-02, -4.080322723354647E-03,  2.194794321462632E-04,
2459997.500000000, A.D. 2023-Feb-22 00:00:00.0000, -6.218835870821084E-01,  1.495211029756656E+00,  4.659133976106894E-02, -1.239097597830713E-02, -4.184618780800961E-03,  2.162417646047569E-04,
2459998.500000000, A.D. 2023-Feb-23 00:00:00.0000, -6.342527924181978E-01,  1.490974456412698E+00,  4.680595866570176E-02, -1.234730342368543E-02, -4.288450080300951E-03,  2.129944559521005E-04,
2459999.500000000, A.D. 2023-Feb-24 00:00:00.0000, -6.465779322407560E-01,  1.486634285978292E+00,  4.701732553170592E-02, -1.230284580269314E-02, -4.391812234784875E-03,  2.097377234572029E-04,
2460000.500000000, A.D. 2023-Feb-25 00:00:00.0000, -6.588582240367380E-01,  1.482190989770728E+00,  4.722543104336720E-02, -1.225760822095194E-02, -4.494700908142179E-03,  2.064717831750525E-04,
2460001.500000000, A.D. 2023-Feb-26 00:00:00.0000, -6.710928903955817E-01,  1.477645043418224E+00,  4.743026610042299E-02, -1.221159577775545E-02, -4.597111814503712E-03,  2.031968499538642E-04,
2460002.500000000, A.D. 2023-Feb-27 00:00:00.0000, -6.832811590027301E-01,  1.472996926810042E+00,  4.763182181685809E-02, -1.216481356577219E-02, -4.699040717528840E-03,  1.999131374424049E-04,
2460003.500000000, A.D. 2023-Feb-28 00:00:00.0000, -6.954222626328637E-01,  1.468247124047319E+00,  4.783008951970986E-02, -1.211726667076193E-02, -4.800483429697621E-03,  1.966208580974699E-04,
2460004.500000000, A.D. 2023-Mar-01 00:00:00.0000, -7.075154391428543E-01,  1.463396123394593E+00,  4.802506074787907E-02, -1.206896017130456E-02, -4.901435811608341E-03,  1.933202231914748E-04,
2460005.500000000, A.D. 2023-Mar-02 00:00:00.0000, -7.195599314644563E-01,  1.458444417232035E+00,  4.821672725095053E-02, -1.201989913854166E-02, -5.001893771280440E-03,  1.900114428201646E-04,
2460006.500000000, A.D. 2023-Mar-03 00:00:00.0000, -7.315549875967428E-01,  1.453392502008374E+00,  4.840508098801952E-02, -1.197008863592992E-02, -5.101853263463145E-03,  1.866947259103677E-04,
2460007.500000000, A.D. 2023-Mar-04 00:00:00.0000, -7.434998605983026E-01,  1.448240878194511E+00,  4.859011412652649E-02, -1.191953371900624E-02, -5.201310288949944E-03,  1.833702802277931E-04,
2460008.500000000, A.D. 2023-Mar-05 00:00:00.0000, -7.553938085792085E-01,  1.442990050237816E+00,  4.877181904110096E-02, -1.186823943516379E-02, -5.300260893898999E-03,  1.800383123848133E-04,
2460009.500000000, A.D. 2023-Mar-06 00:00:00.0000, -7.672360946927644E-01,  1.437640526517099E+00,  4.895018831241103E-02, -1.181621082343864E-02, -5.398701169159602E-03,  1.766990278482010E-04,
2460010.500000000, A.D. 2023-Mar-07 00:00:00.0000, -7.790259871270474E-01,  1.432192819298251E+00,  4.912521472602166E-02, -1.176345291430622E-02, -5.496627249604751E-03,  1.733526309467751E-04,
2460011.500000000, A.D. 2023-Mar-08 00:00:00.0000, -7.907627590962473E-01,  1.426647444690557E+00,  4.929689127126145E-02, -1.170997072948686E-02, -5.594035313469821E-03,  1.699993248789127E-04,
2460012.500000000, A.D. 2023-Mar-09 00:00:00.0000, -8.024456888318197E-01,  1.421004922603657E+00,  4.946521114009487E-02, -1.165576928175971E-02, -5.690921581697121E-03,  1.666393117198658E-04,
2460013.500000000, A.D. 2023-Mar-10 00:00:00.0000, -8.140740595734537E-01,  1.415265776705169E+00,  4.963016772600294E-02, -1.160085357478405E-02, -5.787282317286138E-03,  1.632727924288732E-04,
2460014.500000000, A.D. 2023-Mar-11 00:00:00.0000, -8.256471595598658E-01,  1.409430534378947E+00,  4.979175462287095E-02, -1.154522860292708E-02, -5.883113824648828E-03,  1.598999668560160E-04,
2460015.500000000, A.D. 2023-Mar-12 00:00:00.0000, -8.371642820194239E-01,  1.403499726683998E+00,  4.994996562388237E-02, -1.148889935109717E-02, -5.978412448969317E-03,  1.565210337488118E-04,
2460016.500000000, A.D. 2023-Mar-13 00:00:00.0000, -8.486247251606071E-01,  1.397473888314022E+00,  5.010479472041960E-02, -1.143187079458150E-02, -6.073174575566925E-03,  1.531361907585454E-04,
2460017.500000000, A.D. 2023-Mar-14 00:00:00.0000, -8.600277921623077E-01,  1.391353557557599E+00,  5.025623610097057E-02, -1.137414789889176E-02, -6.167396629257981E-03,  1.497456344460267E-04,
2460018.500000000, A.D. 2023-Mar-15 00:00:00.0000, -8.713727911639640E-01,  1.385139276259002E+00,  5.040428415004210E-02, -1.131573561958632E-02, -6.261075073734070E-03,  1.463495602889847E-04,
2460019.500000000, A.D. 2023-Mar-16 00:00:00.0000, -8.826590352555522E-01,  1.378831589779653E+00,  5.054893344707848E-02, -1.125663890215482E-02, -6.354206410898820E-03,  1.429481626860685E-04,
2460020.500000000, A.D. 2023-Mar-17 00:00:00.0000, -8.938858424674280E-01,  1.372431046960222E+00,  5.069017876538665E-02, -1.119686268183992E-02, -6.446787180242594E-03,  1.395416349648873E-04,
2460021.500000000, A.D. 2023-Mar-18 00:00:00.0000, -9.050525357600042E-01,  1.365938200083371E+00,  5.082801507106848E-02, -1.113641188349042E-02, -6.538813958183724E-03,  1.361301693890161E-04,
2460022.500000000, A.D. 2023-Mar-19 00:00:00.0000, -9.161584430132882E-01,  1.359353604837158E+00,  5.096243752196075E-02, -1.107529142142331E-02, -6.630283357399607E-03,  1.327139571666693E-04,
2460023.500000000, A.D. 2023-Mar-20 00:00:00.0000, -9.272028970162833E-01,  1.352677820279118E+00,  5.109344146658555E-02, -1.101350619929463E-02, -6.721192026140732E-03,  1.292931884614897E-04,
2460024.500000000, A.D. 2023-Mar-21 00:00:00.0000, -9.381852354562709E-01,  1.345911408801043E+00,  5.122102244311164E-02, -1.095106110998414E-02, -6.811536647522710E-03,  1.258680524062795E-04,
2460025.500000000, A.D. 2023-Mar-22 00:00:00.0000, -9.491048009079831E-01,  1.339054936094480E+00,  5.134517617833236E-02, -1.088796103550374E-02, -6.901313938793991E-03,  1.224387371206955E-04,
2460026.500000000, A.D. 2023-Mar-23 00:00:00.0000, -9.599609408227060E-01,  1.332108971116978E+00,  5.146589858666339E-02, -1.082421084694159E-02, -6.990520650580066E-03,  1.190054297339189E-04,
2460027.500000000, A.D. 2023-Mar-24 00:00:00.0000, -9.707530075173458E-01,  1.325074086059093E+00,  5.158318576916589E-02, -1.075981540445505E-02, -7.079153566108838E-03,  1.155683164130585E-04,
2460028.500000000, A.D. 2023-Mar-25 00:00:00.0000, -9.814803581635210E-01,  1.317950856312176E+00,  5.169703401260121E-02, -1.069477955732469E-02, -7.167209500426200E-03,  1.121275823976825E-04,
2460029.500000000, A.D. 2023-Mar-26 00:00:00.0000, -9.921423547767410E-01,  1.310739860436952E+00,  5.180743978852328E-02, -1.062910814407931E-02, -7.254685299615952E-03,  1.086834120401938E-04,
2460030.500000000, A.D. 2023-Mar-27 00:00:00.0000, -1.002738364205748E+00,  1.303441680132860E+00,  5.191439975241317E-02, -1.056280599269761E-02, -7.341577840043769E-03,  1.052359888509646E-04,
2460031.500000000, A.D. 2023-Mar-28 00:00:00.0000, -1.013267758122103E+00,  1.296056900208127E+00,  5.201791074286150E-02, -1.049587792088679E-02, -7.427884027651249E-03,  1.017854955461165E-04,
2460032.500000000, A.D. 2023-Mar-29 00:00:00.0000, -1.023729913010079E+00,  1.288586108550515E+00,  5.211796978079754E-02, -1.042832873643051E-02, -7.513600797332919E-03,  9.833211409459795E-05,
2460033.500000000, A.D. 2023-Mar-30 00:00:00.0000, -1.034124210156932E+00,  1.281029896098643E+00,  5.221457406876420E-02, -1.036016323757056E-02, -7.598725112406688E-03,  9.487602576043214E-05,
2460034.500000000, A.D. 2023-Mar-31 00:00:00.0000, -1.044450035643548E+00,  1.273388856813770E+00,  5.230772099022923E-02, -1.029138621340019E-02, -7.683253964200651E-03,  9.141741113625974E-05,
2460035.500000000, A.D. 2023-Apr-01 00:00:00.0000, -1.054706780335494E+00,  1.265663587651961E+00,  5.239740810892816E-02, -1.022200244423197E-02, -7.767184371751626E-03,  8.795645016519520E-05,
2460036.500000000, A.D. 2023-Apr-02 00:00:00.0000, -1.064893839874376E+00,  1.257854688536469E+00,  5.248363316821724E-02, -1.015201670187790E-02, -7.850513381608953E-03,  8.449332214583890E-05,
2460037.500000000, A.D. 2023-Apr-03 00:00:00.0000, -1.075010614669450E+00,  1.249962762330306E+00,  5.256639409042713E-02, -1.008143374985161E-02, -7.933238067686433E-03,  8.102820572605491E-05,
2460038.500000000, A.D. 2023-Apr-04 00:00:00.0000, -1.085056509889376E+00,  1.241988414808934E+00,  5.264568897620241E-02, -1.001025834344229E-02, -8.015355531152813E-03,  7.756127888172603E-05,
2460039.500000000, A.D. 2023-Apr-05 00:00:00.0000, -1.095030935453975E+00,  1.233932254633073E+00,  5.272151610381523E-02, -9.938495229673971E-03, -8.096862900300837E-03,  7.409271888669187E-05,
2460040.500000000, A.D. 2023-Apr-06 00:00:00.0000, -1.104933306025909E+00,  1.225794893321660E+00,  5.279387392844680E-02, -9.866149147173719E-03, -8.177757330355048E-03,  7.062270227932863E-05,
2460041.500000000, A.D. 2023-Apr-07 00:00:00.0000, -1.114763041002189E+00,  1.217576945225059E+00,  5.286276108143553E-02, -9.793224825978560E-03, -8.258036003195707E-03,  6.715140483041490E-05,
2460042.500000000, A.D. 2023-Apr-08 00:00:00.0000, -1.124519564505477E+00,  1.209279027498571E+00,  5.292817636949482E-02, -9.719726987314244E-03, -8.337696126990986E-03,  6.367900151603774E-05,
2460043.500000000, A.D. 2023-Apr-09 00:00:00.0000, -1.134202305375163E+00,  1.200901760076373E+00,  5.299011877390893E-02, -9.645660343378390E-03, -8.416734935741306E-03,  6.020566649822777E-05,
2460044.500000000, A.D. 2023-Apr-10 00:00:00.0000, -1.143810697158242E+00,  1.192445765645944E+00,  5.304858744971196E-02, -9.571029597156753E-03, -8.495149688749091E-03,  5.673157311499120E-05,
2460045.500000000, A.D. 2023-Apr-11 00:00:00.0000, -1.153344178100034E+00,  1.183911669623051E+00,  5.310358172486415E-02, -9.495839442294219E-03, -8.572937670033543E-03,  5.325689388013029E-05,
2460046.500000000, A.D. 2023-Apr-12 00:00:00.0000, -1.162802191134802E+00,  1.175300100127340E+00,  5.315510109943003E-02, -9.420094563031322E-03, -8.650096187713919E-03,  4.978180049203453E-05,
2460047.500000000, A.D. 2023-Apr-13 00:00:00.0000, -1.172184183876346E+00,  1.166611687958546E+00,  5.320314524477188E-02, -9.343799634203030E-03, -8.726622573385821E-03,  4.630646384917637E-05,
2460048.500000000, A.D. 2023-Apr-14 00:00:00.0000, -1.181489608608612E+00,  1.157847066573330E+00,  5.324771400275763E-02, -9.266959321279061E-03, -8.802514181513399E-03,  4.283105406861283E-05,
2460049.500000000, A.D. 2023-Apr-15 00:00:00.0000, -1.190717922276391E+00,  1.149006872062716E+00,  5.328880738499054E-02, -9.189578280502455E-03, -8.877768388785139E-03,  3.935574050777839E-05,
2460050.500000000, A.D. 2023-Apr-16 00:00:00.0000, -1.199868586476138E+00,  1.140091743130153E+00,  5.332642557206260E-02, -9.111661158989438E-03, -8.952382593582948E-03,  3.588069179122431E-05,
2460051.500000000, A.D. 2023-Apr-17 00:00:00.0000, -1.208941067446951E+00,  1.131102321070105E+00,  5.336056891283338E-02, -9.033212594930040E-03, -9.026354215402091E-03,  3.240607583332103E-05,
2460052.500000000, A.D. 2023-Apr-18 00:00:00.0000, -1.217934836061726E+00,  1.122039249747199E+00,  5.339123792373240E-02, -8.954237217769240E-03, -9.099680694338631E-03,  2.893205986299793E-05,
2460053.500000000, A.D. 2023-Apr-19 00:00:00.0000, -1.226849367818518E+00,  1.112903175575873E+00,  5.341843328808467E-02, -8.874739648415272E-03, -9.172359490593007E-03,  2.545881044692897E-05,
2460054.500000000, A.D. 2023-Apr-20 00:00:00.0000, -1.235684142832111E+00,  1.103694747500509E+00,  5.344215585545998E-02, -8.794724499455512E-03, -9.244388083999191E-03,  2.198649351146958E-05,
2460055.500000000, A.D. 2023-Apr-21 00:00:00.0000, -1.244438645825810E+00,  1.094414616976026E+00,  5.346240664104337E-02, -8.714196375376949E-03, -9.315763973576289E-03,  1.851527436331183E-05,
2460056.500000000, A.D. 2023-Apr-22 00:00:00.0000, -1.253112366123447E+00,  1.085063437948912E+00,  5.347918682502444E-02, -8.633159872789087E-03, -9.386484677099656E-03,  1.504531770890373E-05,
2460057.500000000, A.D. 2023-Apr-23 00:00:00.0000, -1.261704797641619E+00,  1.075641866838671E+00,  5.349249775200686E-02, -8.551619580648026E-03, -9.456547730688930E-03,  1.157678767271239E-05,
2460058.500000000, A.D. 2023-Apr-24 00:00:00.0000, -1.270215438882148E+00,  1.066150562519685E+00,  5.350234093043522E-02, -8.469580080481013E-03, -9.525950688410625E-03,  8.109847814451966E-06,
2460059.500000000, A.D. 2023-Apr-25 00:00:00.0000, -1.278643792924758E+00,  1.056590186303454E+00,  5.350871803203813E-02, -8.387045946611396E-03, -9.594691121893281E-03,  4.644661145402633E-06,
2460060.500000000, A.D. 2023-Apr-26 00:00:00.0000, -1.286989367419993E+00,  1.046961401921226E+00,  5.351163089128762E-02, -8.304021746384093E-03, -9.662766619953429E-03,  1.181390143996058E-06,
2460061.500000000, A.D. 2023-Apr-27 00:00:00.0000, -1.295251674582344E+00,  1.037264875506991E+00,  5.351108150487435E-02, -8.220512040392073E-03, -9.730174788230933E-03, -2.279803229206522E-06,
2460062.500000000, A.D. 2023-Apr-28 00:00:00.0000, -1.303430231183615E+00,  1.027501275580835E+00,  5.350707203119639E-02, -8.136521382704247E-03, -9.796913248832636E-03, -5.738757517050199E-06,
2460063.500000000, A.D. 2023-Apr-29 00:00:00.0000, -1.311524558546513E+00,  1.017671273032651E+00,  5.349960478986332E-02, -8.052054321095157E-03, -9.862979639983498E-03, -9.195311751694703E-06,
2460064.500000000, A.D. 2023-Apr-30 00:00:00.0000, -1.319534182538467E+00,  1.007775541106189E+00,  5.348868226121335E-02, -7.967115397276582E-03, -9.928371615684798E-03, -1.264930544091821E-05,
2460065.500000000, A.D. 2023-May-01 00:00:00.0000, -1.327458633565686E+00,  9.978147553834521E-01,  5.347430708584498E-02, -7.881709147132220E-03, -9.993086845378212E-03, -1.610057855458993E-05,
2460066.500000000, A.D. 2023-May-02 00:00:00.0000, -1.335297446567447E+00,  9.877895937694160E-01,  5.345648206416129E-02, -7.795840100954966E-03, -1.005712301361616E-02, -1.954897151140785E-05,
2460067.500000000, A.D. 2023-May-03 00:00:00.0000, -1.343050161010623E+00,  9.777007364770859E-01,  5.343521015592768E-02, -7.709512783687507E-03, -1.012047781973762E-02, -2.299432516578533E-05,
2460068.500000000, A.D. 2023-May-04 00:00:00.0000, -1.350716320884458E+00,  9.675488660128678E-01,  5.341049447984265E-02, -7.622731715166344E-03, -1.018314897754937E-02, -2.643648079486530E-05,
2460069.500000000, A.D. 2023-May-05 00:00:00.0000, -1.358295474695582E+00,  9.573346671622572E-01,  5.338233831312181E-02, -7.535501410369310E-03, -1.024513421501253E-02, -2.987528008566385E-05,
2460070.500000000, A.D. 2023-May-06 00:00:00.0000, -1.365787175463276E+00,  9.470588269758403E-01,  5.335074509109379E-02, -7.447826379666830E-03, -1.030643127393420E-02, -3.331056512228556E-05,
2460071.500000000, A.D. 2023-May-07 00:00:00.0000, -1.373190980714998E+00,  9.367220347555998E-01,  5.331571840680992E-02, -7.359711129076867E-03, -1.036703790966423E-02, -3.674217837326195E-05,
2460072.500000000, A.D. 2023-May-08 00:00:00.0000, -1.380506452482152E+00,  9.263249820415215E-01,  5.327726201066629E-02, -7.271160160523629E-03, -1.042695189079708E-02, -4.016996267892177E-05,
2460073.500000000, A.D. 2023-May-09 00:00:00.0000, -1.387733157296128E+00,  9.158683625984968E-01,  5.323537981003788E-02, -7.182177972100010E-03, -1.048617099887871E-02, -4.359376123887100E-05,
2460074.500000000, A.D. 2023-May-10 00:00:00.0000, -1.394870666184607E+00,  9.053528724035156E-01,  5.319007586892532E-02, -7.092769058333744E-03, -1.054469302811876E-02, -4.701341759952526E-05,
2460075.500000000, A.D. 2023-May-11 00:00:00.0000, -1.401918554668126E+00,  8.947792096331441E-01,  5.314135440761519E-02, -7.002937910457179E-03, -1.060251578510784E-02, -5.042877564168268E-05,
2460076.500000000, A.D. 2023-May-12 00:00:00.0000, -1.408876402756919E+00,  8.841480746512836E-01,  5.308921980235066E-02, -6.912689016680633E-03, -1.065963708854025E-02, -5.383967956820499E-05,
2460077.500000000, A.D. 2023-May-13 00:00:00.0000, -1.415743794948036E+00,  8.734601699972022E-01,  5.303367658501641E-02, -6.822026862469195E-03, -1.071605476894223E-02, -5.724597389170125E-05,
2460078.500000000, A.D. 2023-May-14 00:00:00.0000, -1.422520320222736E+00,  8.627162003738374E-01,  5.297472944283473E-02, -6.730955930822915E-03, -1.077176666840597E-02, -6.064750342228847E-05,
2460079.500000000, A.D. 2023-May-15 00:00:00.0000, -1.429205572044164E+00,  8.519168726363600E-01,  5.291238321807400E-02, -6.639480702560234E-03, -1.082677064032957E-02, -6.404411325539223E-05,
2460080.500000000, A.D. 2023-May-16 00:00:00.0000, -1.435799148355311E+00,  8.410628957809949E-01,  5.284664290776981E-02, -6.547605656604568E-03, -1.088106454916334E-02, -6.743564875955969E-05,
2460081.500000000, A.D. 2023-May-17 00:00:00.0000, -1.442300651577265E+00,  8.301549809340983E-01,  5.277751366345729E-02, -6.455335270278586E-03, -1.093464627015430E-02, -7.082195556475515E-05,
2460082.500000000, A.D. 2023-May-18 00:00:00.0000, -1.448709688607759E+00,  8.191938413414790E-01,  5.270500079091628E-02, -6.362674019592702E-03, -1.098751368911146E-02, -7.420287954996898E-05,
2460083.500000000, A.D. 2023-May-19 00:00:00.0000, -1.455025870820004E+00,  8.081801923579557E-01,  5.262910974992782E-02, -6.269626379544652E-03, -1.103966470216436E-02, -7.757826683146289E-05,
2460084.500000000, A.D. 2023-May-20 00:00:00.0000, -1.461248814061827E+00,  7.971147514371546E-01,  5.254984615404303E-02, -6.176196824418910E-03, -1.109109721553325E-02, -8.094796375091478E-05,
2460085.500000000, A.D. 2023-May-21 00:00:00.0000, -1.467378138655109E+00,  7.859982381215288E-01,  5.246721577036381E-02, -6.082389828089721E-03, -1.114180914530459E-02, -8.431181686364729E-05,
2460086.500000000, A.D. 2023-May-22 00:00:00.0000, -1.473413469395527E+00,  7.748313740326045E-01,  5.238122451933436E-02, -5.988209864327147E-03, -1.119179841721297E-02, -8.766967292694799E-05,
2460087.500000000, A.D. 2023-May-23 00:00:00.0000, -1.479354435552604E+00,  7.636148828614361E-01,  5.229187847454581E-02, -5.893661407106033E-03, -1.124106296642948E-02, -9.102137888846099E-05,
2460088.500000000, A.D. 2023-May-24 00:00:00.0000, -1.485200670870074E+00,  7.523494903592756E-01,  5.219918386255102E-02, -5.798748930917814E-03, -1.128960073735681E-02, -9.436678187470521E-05,
2460089.500000000, A.D. 2023-May-25 00:00:00.0000, -1.490951813566546E+00,  7.410359243284385E-01,  5.210314706269185E-02, -5.703476911085111E-03, -1.133740968343092E-02, -9.770572917968811E-05,
2460090.500000000, A.D. 2023-May-26 00:00:00.0000, -1.496607506336503E+00,  7.296749146133683E-01,  5.200377460693703E-02, -5.607849824078966E-03, -1.138448776692962E-02, -1.010380682536594E-04,
2460091.500000000, A.D. 2023-May-27 00:00:00.0000, -1.502167396351606E+00,  7.182671930918868E-01,  5.190107317973128E-02, -5.511872147838631E-03, -1.143083295878810E-02, -1.043636466919883E-04,
2460092.500000000, A.D. 2023-May-28 00:00:00.0000, -1.507631135262322E+00,  7.068134936666263E-01,  5.179504961785640E-02, -5.415548362093735E-03, -1.147644323842143E-02, -1.076823122242316E-04,
2460093.500000000, A.D. 2023-May-29 00:00:00.0000, -1.512998379199879E+00,  6.953145522566347E-01,  5.168571091030179E-02, -5.318882948688654E-03, -1.152131659355423E-02, -1.109939127033642E-04,
2460094.500000000, A.D. 2023-May-30 00:00:00.0000, -1.518268788778544E+00,  6.837711067891498E-01,  5.157306419814654E-02, -5.221880391908833E-03, -1.156545102005757E-02, -1.142982960952047E-04,
2460095.500000000, A.D. 2023-May-31 00:00:00.0000, -1.523442029098223E+00,  6.721838971915293E-01,  5.145711677445204E-02, -5.124545178808831E-03, -1.160884452179321E-02, -1.175953104681248E-04,
2460096.500000000, A.D. 2023-Jun-01 00:00:00.0000, -1.528517769747401E+00,  6.605536653833368E-01,  5.133787608416399E-02, -5.026881799541720E-03, -1.165149511046516E-02, -1.208848039829776E-04,
2460097.500000000, A.D. 2023-Jun-02 00:00:00.0000, -1.533495684806403E+00,  6.488811552685692E-01,  5.121534972402502E-02, -4.928894747689471E-03, -1.169340080547874E-02, -1.241666248833629E-04,
2460098.500000000, A.D. 2023-Jun-03 00:00:00.0000, -1.538375452850986E+00,  6.371671127280236E-01,  5.108954544249712E-02, -4.830588520593810E-03, -1.173455963380682E-02, -1.274406214862172E-04,
2460099.500000000, A.D. 2023-Jun-04 00:00:00.0000, -1.543156756956271E+00,  6.254122856117937E-01,  5.096047113969200E-02, -4.731967619687216E-03, -1.177496962986384E-02, -1.307066421728023E-04,
2460100.500000000, A.D. 2023-Jun-05 00:00:00.0000, -1.547839284700989E+00,  6.136174237318878E-01,  5.082813486731183E-02, -4.633036550822725E-03, -1.181462883538596E-02, -1.339645353800960E-04,
2460101.500000000, A.D. 2023-Jun-06 00:00:00.0000, -1.552422728172075E+00,  6.017832788549639E-01,  5.069254482859713E-02, -4.533799824603077E-03, -1.185353529931900E-02, -1.372141495926500E-04,
2460102.500000000, A.D. 2023-Jun-07 00:00:00.0000, -1.556906783969576E+00,  5.899106046951741E-01,  5.055370937828364E-02, -4.434261956707114E-03, -1.189168707771196E-02, -1.404553333349344E-04,
2460103.500000000, A.D. 2023-Jun-08 00:00:00.0000, -1.561291153211893E+00,  5.780001569071129E-01,  5.041163702256524E-02, -4.334427468213125E-03, -1.192908223361581E-02, -1.436879351641614E-04,
2460104.500000000, A.D. 2023-Jun-09 00:00:00.0000, -1.565575541541335E+00,  5.660526930788626E-01,  5.026633641906542E-02, -4.234300885918359E-03, -1.196571883698662E-02, -1.469118036635786E-04,
2460105.500000000, A.D. 2023-Jun-10 00:00:00.0000, -1.569759659130002E+00,  5.540689727251363E-01,  5.011781637681386E-02, -4.133886742653853E-03, -1.200159496459145E-02, -1.501267874361875E-04,
2460106.500000000, A.D. 2023-Jun-11 00:00:00.0000, -1.573843220685971E+00,  5.420497572805139E-01,  4.996608585622986E-02, -4.033189577593815E-03, -1.203670869991467E-02, -1.533327350987609E-04,
2460107.500000000, A.D. 2023-Jun-12 00:00:00.0000, -1.577825945459788E+00,  5.299958100927714E-01,  4.981115396911148E-02, -3.932213936559341E-03, -1.207105813306224E-02, -1.565294952759568E-04,
2460108.500000000, A.D. 2023-Jun-13 00:00:00.0000, -1.581707557251273E+00,  5.179078964163104E-01,  4.965302997863086E-02, -3.830964372316789E-03, -1.210464136066051E-02, -1.597169165942309E-04,
2460109.500000000, A.D. 2023-Jun-14 00:00:00.0000, -1.585487784416604E+00,  5.057867834056911E-01,  4.949172329933531E-02, -3.729445444872238E-03, -1.213745648574609E-02, -1.628948476751357E-04,
2460110.500000000, A.D. 2023-Jun-15 00:00:00.0000, -1.589166359875709E+00,  4.936332401092829E-01,  4.932724349715653E-02, -3.627661721764635E-03, -1.216950161764284E-02, -1.660631371274063E-04,
2460111.500000000, A.D. 2023-Jun-16 00:00:00.0000, -1.592743021119944E+00,  4.814480374630448E-01,  4.915960028942767E-02, -3.525617778361744E-03, -1.220077487182154E-02, -1.692216335371266E-04,
2460112.500000000, A.D. 2023-Jun-17 00:00:00.0000, -1.596217510220074E+00,  4.692319482844582E-01,  4.898880354491235E-02, -3.423318198164844E-03, -1.223127436973789E-02, -1.723701854550556E-04,
2460113.500000000, A.D. 2023-Jun-18 00:00:00.0000, -1.599589573834565E+00,  4.569857472666314E-01,  4.881486328384754E-02, -3.320767573133059E-03, -1.226099823864826E-02, -1.755086413803037E-04,
2460114.500000000, A.D. 2023-Jun-19 00:00:00.0000, -1.602858963218215E+00,  4.447102109726062E-01,  4.863778967800630E-02, -3.217970504031219E-03, -1.228994461140183E-02, -1.786368497384562E-04,
2460115.500000000, A.D. 2023-Jun-20 00:00:00.0000, -1.606025434231154E+00,  4.324061178298628E-01,  4.845759305078257E-02, -3.114931600830349E-03, -1.231811162622136E-02, -1.817546588562615E-04,
2460116.500000000, A.D. 2023-Jun-21 00:00:00.0000, -1.609088747348269E+00,  4.200742481250807E-01,  4.827428387730753E-02, -3.011655483146434E-03, -1.234549742645316E-02, -1.848619169271079E-04,
2460117.500000000, A.D. 2023-Jun-22 00:00:00.0000, -1.612048667669093E+00,  4.077153839991184E-01,  4.808787278460080E-02, -2.908146780758460E-03, -1.237210016035589E-02, -1.879584719735965E-04,
2460118.500000000, A.D. 2023-Jun-23 00:00:00.0000, -1.614904964928265E+00,  3.953303094422069E-01,  4.789837055176263E-02, -2.804410134189435E-03, -1.239791798089601E-02, -1.910441718044936E-04,
2460119.500000000, A.D. 2023-Jun-24 00:00:00.0000, -1.617657413506584E+00,  3.829198102893231E-01,  4.770578811021052E-02, -2.700450195358597E-03, -1.242294904559534E-02, -1.941188639690686E-04,
2460120.500000000, A.D. 2023-Jun-25 00:00:00.0000, -1.620305792442762E+00,  3.704846742156767E-01,  4.751013654396102E-02, -2.596271628293417E-03, -1.244719151646355E-02, -1.971823957125486E-04,
2460121.500000000, A.D. 2023-Jun-26 00:00:00.0000, -1.622849885445902E+00,  3.580256907322130E-01,  4.731142708995436E-02, -2.491879109875644E-03, -1.247064356003632E-02, -2.002346139368010E-04,
2460122.500000000, A.D. 2023-Jun-27 00:00:00.0000, -1.625289480908730E+00,  3.455436511810193E-01,  4.710967113841336E-02, -2.387277330586849E-03, -1.249330334752769E-02, -2.032753651701173E-04,
2460123.500000000, A.D. 2023-Jun-28 00:00:00.0000, -1.627624371921549E+00,  3.330393487305250E-01,  4.690488023322770E-02, -2.282470995215243E-03, -1.251516905509331E-02, -2.063044955493302E-04,
2460124.500000000, A.D. 2023-Jun-29 00:00:00.0000, -1.629854356286870E+00,  3.205135783703861E-01,  4.669706607234782E-02, -2.177464823487428E-03, -1.253623886418942E-02, -2.093218508163690E-04,
2460125.500000000, A.D. 2023-Jun-30 00:00:00.0000, -1.631979236534626E+00,  3.079671369059765E-01,  4.648624050817553E-02, -2.072263550595873E-03, -1.255651096200051E-02, -2.123272763297390E-04,
2460126.500000000, A.D. 2023-Jul-01 00:00:00.0000, -1.633998819937849E+00,  2.954008229524303E-01,  4.627241554793601E-02, -1.966871927605437E-03, -1.257598354189734E-02, -2.153206170892967E-04,
2460127.500000000, A.D. 2023-Jul-02 00:00:00.0000, -1.635912918528696E+00,  2.828154369282326E-01,  4.605560335401999E-02, -1.861294721740135E-03, -1.259465480387521E-02, -2.183017177700947E-04,
2460128.500000000, A.D. 2023-Jul-03 00:00:00.0000, -1.637721349114712E+00,  2.702117810484072E-01,  4.583581624429053E-02, -1.755536716574598E-03, -1.261252295491142E-02, -2.212704227580927E-04,
2460129.500000000, A.D. 2023-Jul-04 00:00:00.0000, -1.639423933295246E+00,  2.575906593173820E-01,  4.561306669235407E-02, -1.649602712162824E-03, -1.262958620927529E-02, -2.242265761874059E-04,
2460130.500000000, A.D. 2023-Jul-05 00:00:00.0000, -1.641020497477979E+00,  2.449528775215807E-01,  4.538736732779539E-02, -1.543497525129137E-03, -1.264584278872028E-02, -2.271700219710625E-04,
2460131.500000000, A.D. 2023-Jul-06 00:00:00.0000, -1.642510872895542E+00,  2.322992432218826E-01,  4.515873093638682E-02, -1.437225988768372E-03, -1.266129092259645E-02, -2.301006038240583E-04,
2460132.500000000, A.D. 2023-Jul-07 00:00:00.0000, -1.643894895622251E+00,  2.196305657460011E-01,  4.492717046027873E-02, -1.330792953178834E-03, -1.267592884788697E-02, -2.330181652768017E-04,
2460133.500000000, A.D. 2023-Jul-08 00:00:00.0000, -1.645172406590992E+00,  2.069476561808544E-01,  4.469269899818107E-02, -1.224203285439129E-03, -1.268975480919273E-02, -2.359225496799103E-04,
2460134.500000000, A.D. 2023-Jul-09 00:00:00.0000, -1.646343251610317E+00,  1.942513273649701E-01,  4.445532980554429E-02, -1.117461869846387E-03, -1.270276705868542E-02, -2.388136002003787E-04,
2460135.500000000, A.D. 2023-Jul-10 00:00:00.0000, -1.647407281381805E+00,  1.815423938809421E-01,  4.421507629474782E-02, -1.010573608211739E-03, -1.271496385605126E-02, -2.416911598112770E-04,
2460136.500000000, A.D. 2023-Jul-11 00:00:00.0000, -1.648364351517747E+00,  1.688216720479418E-01,  4.397195203530097E-02, -9.035434202065478E-04, -1.272634346844211E-02, -2.445550712769544E-04,
2460137.500000000, A.D. 2023-Jul-12 00:00:00.0000, -1.649214322559194E+00,  1.560899799142696E-01,  4.372597075406029E-02, -7.963762437511815E-04, -1.273690417044538E-02, -2.474051771353801E-04,
2460138.500000000, A.D. 2023-Jul-13 00:00:00.0000, -1.649957059994418E+00,  1.433481372499235E-01,  4.347714633546552E-02, -6.890770354372508E-04, -1.274664424407980E-02, -2.502413196790485E-04,
2460139.500000000, A.D. 2023-Jul-14 00:00:00.0000, -1.650592434277801E+00,  1.305969655391578E-01,  4.322549282179475E-02, -5.816507709740221E-04, -1.275556197882093E-02, -2.530633409355784E-04,
2460140.500000000, A.D. 2023-Jul-15 00:00:00.0000, -1.651120320849189E+00,  1.178372879730010E-01,  4.297102441343875E-02, -4.741024456503174E-04, -1.276365567165704E-02, -2.558710826488773E-04,
2460141.500000000, A.D. 2023-Jul-16 00:00:00.0000, -1.651540600153700E+00,  1.050699294417023E-01,  4.271375546919372E-02, -3.664370748045218E-04, -1.277092362717460E-02, -2.586643862614389E-04,
2460142.500000000, A.D. 2023-Jul-17 00:00:00.0000, -1.651853157662011E+00,  9.229571652707945E-02,  4.245370050657082E-02, -2.586596942973957E-04, -1.277736415767087E-02, -2.614430928981088E-04,
2460143.500000000, A.D. 2023-Jul-18 00:00:00.0000, -1.652057883891121E+00,  7.951547749474150E-02,  4.219087420212147E-02, -1.507753609851944E-04, -1.278297558329104E-02, -2.642070433512968E-04,
2460144.500000000, A.D. 2023-Jul-19 00:00:00.0000, -1.652154674425579E+00,  6.673004228616287E-02,  4.192529139177659E-02, -4.278915319416009E-05, -1.278775623218758E-02, -2.669560780673877E-04,
2460145.500000000, A.D. 2023-Jul-20 00:00:00.0000, -1.652143429939190E+00,  5.394024251059003E-02,  4.165696707119867E-02,  6.529382880881531E-05, -1.279170444069290E-02, -2.696900371351927E-04,
2460146.500000000, A.D. 2023-Jul-21 00:00:00.0000, -1.652024056217192E+00,  4.114691143676590E-02,  4.138591639614476E-02,  1.734684623555308E-04, -1.279481855351776E-02, -2.724087602747750E-04,
2460147.500000000, A.D. 2023-Jul-22 00:00:00.0000, -1.651796464178883E+00,  2.835088398444690E-02,  4.111215468284018E-02,  2.817296019128630E-04, -1.279709692395898E-02, -2.751120868283046E-04,
2460148.500000000, A.D. 2023-Jul-23 00:00:00.0000, -1.651460569900717E+00,  1.555299671570845E-02,  4.083569740836062E-02,  3.900720786256346E-04, -1.279853791411988E-02, -2.777998557512897E-04,
2460149.500000000, A.D. 2023-Jul-24 00:00:00.0000, -1.651016294639855E+00,  2.754087826022598E-03,  4.055656021102292E-02,  4.984906998631836E-04, -1.279913989514386E-02, -2.804719056048774E-04,
2460150.500000000, A.D. 2023-Jul-25 00:00:00.0000, -1.650463564858161E+00, -1.004500286490357E-02,  4.027475889078286E-02,  6.069802487691854E-04, -1.279890124745871E-02, -2.831280745488797E-04,
2460151.500000000, A.D. 2023-Jul-26 00:00:00.0000, -1.649802312246657E+00, -2.284343392253833E-02,  3.999030940963973E-02,  7.155354838144037E-04, -1.279782036103077E-02, -2.857682003353844E-04,
2460152.500000000, A.D. 2023-Jul-27 00:00:00.0000, -1.649032473750417E+00, -3.564036230719513E-02,  3.970322789204708E-02,  8.241511383520619E-04, -1.279589563562870E-02, -2.883921203029308E-04,
2460153.500000000, A.D. 2023-Jul-28 00:00:00.0000, -1.648153991593903E+00, -4.843494338397056E-02,  3.941353062532896E-02,  9.328219201755576E-04, -1.279312548109635E-02, -2.909996713710980E-04,
2460154.500000000, A.D. 2023-Jul-29 00:00:00.0000, -1.647166813306746E+00, -6.122633093295980E-02,  3.912123406010138E-02,  1.041542511078270E-03, -1.278950831763479E-02, -2.935906900354977E-04,
2460155.500000000, A.D. 2023-Jul-30 00:00:00.0000, -1.646070891749969E+00, -7.401367715975850E-02,  3.882635481069875E-02,  1.150307566415244E-03, -1.278504257609316E-02, -2.961650123631120E-04,
2460156.500000000, A.D. 2023-Jul-31 00:00:00.0000, -1.644866185142640E+00, -8.679613270626006E-02,  3.852890965560458E-02,  1.259111714666563E-03, -1.277972669826852E-02, -2.987224739879320E-04,
2460157.500000000, A.D. 2023-Aug-01 00:00:00.0000, -1.643552657088966E+00, -9.957284666175717E-02,  3.822891553788661E-02,  1.367949557002258E-03, -1.277355913721461E-02, -3.012629101068879E-04,
2460158.500000000, A.D. 2023-Aug-02 00:00:00.0000, -1.642130276605819E+00, -1.123429665743568E-01,  3.792638956563581E-02,  1.476815666848658E-03, -1.276653835755976E-02, -3.037861554760183E-04,
2460159.500000000, A.D. 2023-Aug-03 00:00:00.0000, -1.640599018150697E+00, -1.251056384627170E-01,  3.762134901240900E-02,  1.585704589456086E-03, -1.275866283583381E-02, -3.062920444069084E-04,
2460160.500000000, A.D. 2023-Aug-04 00:00:00.0000, -1.638958861650117E+00, -1.378600068281167E-01,  3.731381131767512E-02,  1.694610841467901E-03, -1.274993106080441E-02, -3.087804107633573E-04,
2460161.500000000, A.D. 2023-Aug-05 00:00:00.0000, -1.637209792528431E+00, -1.506052146668647E-01,  3.700379408726442E-02,  1.803528910490777E-03, -1.274034153382266E-02, -3.112510879582637E-04,
2460162.500000000, A.D. 2023-Aug-06 00:00:00.0000, -1.635351801737085E+00, -1.633404034830601E-01,  3.669131509382099E-02,  1.912453254666299E-03, -1.272989276917838E-02, -3.137039089507595E-04,
2460163.500000000, A.D. 2023-Aug-07 00:00:00.0000, -1.633384885784294E+00, -1.760647133017131E-01,  3.637639227725772E-02,  2.021378302243848E-03, -1.271858329446499E-02, -3.161387062435626E-04,
2460164.500000000, A.D. 2023-Aug-08 00:00:00.0000, -1.631309046765145E+00, -1.887772826822347E-01,  3.605904374521401E-02,  2.130298451154810E-03, -1.270641165095435E-02, -3.185553118805669E-04,
2460165.500000000, A.D. 2023-Aug-09 00:00:00.0000, -1.629124292392131E+00, -2.014772487323071E-01,  3.573928777351573E-02,  2.239208068588164E-03, -1.269337639398159E-02, -3.209535574446693E-04,
2460166.500000000, A.D. 2023-Aug-10 00:00:00.0000, -1.626830636026102E+00, -2.141637471221432E-01,  3.541714280663716E-02,  2.348101490567511E-03, -1.267947609334007E-02, -3.233332740558348E-04,
2460167.500000000, A.D. 2023-Aug-11 00:00:00.0000, -1.624428096707645E+00, -2.268359120991469E-01,  3.509262745816474E-02,  2.456973021529598E-03, -1.266470933368673E-02, -3.256942923694167E-04,
2460168.500000000, A.D. 2023-Aug-12 00:00:00.0000, -1.621916699188878E+00, -2.394928765029836E-01,  3.476576051126255E-02,  2.565816933904458E-03, -1.264907471495789E-02, -3.280364425747231E-04,
2460169.500000000, A.D. 2023-Aug-13 00:00:00.0000, -1.619296473965666E+00, -2.521337717810722E-01,  3.443656091913880E-02,  2.674627467697225E-03, -1.263257085279570E-02, -3.303595543938742E-04,
2460170.500000000, A.D. 2023-Aug-14 00:00:00.0000, -1.616567457310254E+00, -2.647577280045080E-01,  3.410504780551363E-02,  2.783398830071766E-03, -1.261519637898539E-02, -3.326634570808960E-04,
2460171.500000000, A.D. 2023-Aug-15 00:00:00.0000, -1.613729691304318E+00, -2.773638738844296E-01,  3.377124046508741E-02,  2.892125194936247E-03, -1.259694994190338E-02, -3.349479794211301E-04,
2460172.500000000, A.D. 2023-Aug-16 00:00:00.0000, -1.610783223872426E+00, -2.899513367888386E-01,  3.343515836400966E-02,  3.000800702530767E-03, -1.257783020697665E-02, -3.372129497309224E-04,
2460173.500000000, A.D. 2023-Aug-17 00:00:00.0000, -1.607728108815909E+00, -3.025192427598840E-01,  3.309682114034806E-02,  3.109419459017215E-03, -1.255783585715309E-02, -3.394581958576109E-04,
2460174.500000000, A.D. 2023-Aug-18 00:00:00.0000, -1.604564405847148E+00, -3.150667165316239E-01,  3.275624860455739E-02,  3.217975536071549E-03, -1.253696559338356E-02, -3.416835451798405E-04,
2460175.500000000, A.D. 2023-Aug-19 00:00:00.0000, -1.601292180624257E+00, -3.275928815482737E-01,  3.241346073994783E-02,  3.326462970478642E-03, -1.251521813511518E-02, -3.438888246081913E-04,
2460176.500000000, A.D. 2023-Aug-20 00:00:00.0000, -1.597911504786179E+00, -3.400968599829540E-01,  3.206847770315260E-02,  3.434875763729957E-03, -1.249259222079653E-02, -3.460738605861607E-04,
2460177.500000000, A.D. 2023-Aug-21 00:00:00.0000, -1.594422455988182E+00, -3.525777727569502E-01,  3.172131982459449E-02,  3.543207881623455E-03, -1.246908660839608E-02, -3.482384790916224E-04,
2460178.500000000, A.D. 2023-Aug-22 00:00:00.0000, -1.590825117937743E+00, -3.650347395594953E-01,  3.137200760895046E-02,  3.651453253868254E-03, -1.244470007592964E-02, -3.503825056384494E-04,
2460179.500000000, A.D. 2023-Aug-23 00:00:00.0000, -1.587119580430843E+00, -3.774668788680880E-01,  3.102056173561467E-02,  3.759605773691170E-03, -1.241943142200343E-02, -3.525057652787199E-04,
2460180.500000000, A.D. 2023-Aug-24 00:00:00.0000, -1.583305939388636E+00, -3.898733079693578E-01,  3.066700305915915E-02,  3.867659297448016E-03, -1.239327946636765E-02, -3.546080826053082E-04,
2460181.500000000, A.D. 2023-Aug-25 00:00:00.0000, -1.579384296894517E+00, -4.022531429804928E-01,  3.031135260979135E-02,  3.975607644238626E-03, -1.236624305048333E-02, -3.566892817549049E-04,
2460182.500000000, A.D. 2023-Aug-26 00:00:00.0000, -1.575354761231570E+00, -4.146054988712379E-01,  2.995363159380868E-02,  4.083444595526418E-03, -1.233832103810196E-02, -3.587491864115769E-04,
2460183.500000000, A.D. 2023-Aug-27 00:00:00.0000, -1.571217446920388E+00, -4.269294894864816E-01,  2.959386139404911E-02,  4.191163894762874E-03, -1.230951231585823E-02, -3.607876198108264E-04,
2460184.500000000, A.D. 2023-Aug-28 00:00:00.0000, -1.566972474757275E+00, -4.392242275694403E-01,  2.923206357033744E-02,  4.298759247017424E-03, -1.227981579387576E-02, -3.628044047442046E-04,
2460185.500000000, A.D. 2023-Aug-29 00:00:00.0000, -1.562619971852805E+00, -4.514888247854559E-01,  2.886825985992688E-02,  4.406224318613278E-03, -1.224923040638619E-02, -3.647993635645630E-04,
2460186.500000000, A.D. 2023-Aug-30 00:00:00.0000, -1.558160071670756E+00, -4.637223917464189E-01,  2.850247217793458E-02,  4.513552736769854E-03, -1.221775511236149E-02, -3.667723181919180E-04,
2460187.500000000, A.D. 2023-Aug-31 00:00:00.0000, -1.553592914067381E+00, -4.759240380358303E-01,  2.813472261777143E-02,  4.620738089252548E-03, -1.218538889615962E-02, -3.687230901200324E-04,
2460188.500000000, A.D. 2023-Sep-01 00:00:00.0000, -1.548918645331040E+00, -4.880928722345166E-01,  2.776503345156478E-02,  4.727773924030640E-03, -1.215213076818331E-02, -3.706515004237265E-04,
2460189.500000000, A.D. 2023-Sep-02 00:00:00.0000, -1.544137418222159E+00, -5.002280019470076E-01,  2.739342713057303E-02,  4.834653748944252E-03, -1.211797976555174E-02, -3.725573697669730E-04,
2460190.500000000, A.D. 2023-Sep-03 00:00:00.0000, -1.539249392013524E+00, -5.123285338285960E-01,  2.701992628559257E-02,  4.941371031381346E-03, -1.208293495278445E-02, -3.744405184118021E-04,
2460191.500000000, A.D. 2023-Sep-04 00:00:00.0000, -1.534254732530891E+00, -5.243935736130831E-01,  2.664455372735473E-02,  5.047919197965807E-03, -1.204699542249707E-02, -3.763007662280085E-04,
2460192.500000000, A.D. 2023-Sep-05 00:00:00.0000, -1.529153612193897E+00, -5.364222261412280E-01,  2.626733244691262E-02,  5.154291634257779E-03, -1.201016029610743E-02, -3.781379327037130E-04,
2460193.500000000, A.D. 2023-Sep-06 00:00:00.0000, -1.523946210057273E+00, -5.484135953899059E-01,  2.588828561601750E-02,  5.260481684467121E-03, -1.197242872455062E-02, -3.799518369566245E-04,
2460194.500000000, A.D. 2023-Sep-07 00:00:00.0000, -1.518632711852329E+00, -5.603667845019877E-01,  2.550743658748333E-02,  5.366482651180453E-03, -1.193379988900184E-02, -3.817422977460238E-04,
2460195.500000000, A.D. 2023-Sep-08 00:00:00.0000, -1.513213310028707E+00, -5.722808958169400E-01,  2.512480889553857E-02,  5.472287795104812E-03, -1.189427300160073E-02, -3.835091334851139E-04,
2460196.500000000, A.D. 2023-Sep-09 00:00:00.0000, -1.507688203796385E+00, -5.841550309021566E-01,  2.474042625616645E-02,  5.577890334819976E-03, -1.185384730618263E-02, -3.852521622535271E-04,
2460197.500000000, A.D. 2023-Sep-10 00:00:00.0000, -1.502057599167922E+00, -5.959882905850159E-01,  2.435431256743217E-02,  5.683283446551868E-03, -1.181252207900088E-02, -3.869712018097130E-04,
2460198.500000000, A.D. 2023-Sep-11 00:00:00.0000, -1.496321709000917E+00, -6.077797749856579E-01,  2.396649190979820E-02,  5.788460263951478E-03, -1.177029662944587E-02, -3.886660696023101E-04,
2460199.500000000, A.D. 2023-Sep-12 00:00:00.0000, -1.490480753040698E+00, -6.195285835504781E-01,  2.357698854642927E-02,  5.893413877880482E-03, -1.172717030075387E-02, -3.903365827799531E-04,
2460200.500000000, A.D. 2023-Sep-13 00:00:00.0000, -1.484534957963213E+00, -6.312338150863207E-01,  2.318582692348808E-02,  5.998137336198705E-03, -1.168314247070091E-02, -3.919825581986950E-04,
2460201.500000000, A.D. 2023-Sep-14 00:00:00.0000, -1.478484557418142E+00, -6.428945677953585E-01,  2.279303167042585E-02,  6.102623643544254E-03, -1.163821255227964E-02, -3.936038124259933E-04,
2460202.500000000, A.D. 2023-Sep-15 00:00:00.0000, -1.472329792072237E+00, -6.545099393106415E-01,  2.239862760027047E-02,  6.206865761094532E-03, -1.159237999436053E-02, -3.952001617402798E-04,
2460203.500000000, A.D. 2023-Sep-16 00:00:00.0000, -1.466070909652913E+00, -6.660790267323000E-01,  2.200263970991827E-02,  6.310856606295426E-03, -1.154564428234230E-02, -3.967714221253149E-04,
2460204.500000000, A.D. 2023-Sep-17 00:00:00.0000, -1.459708164992136E+00, -6.776009266643981E-01,  2.160509318043338E-02,  6.414589052546740E-03, -1.149800493880145E-02, -3.983174092590191E-04,
2460205.500000000, A.D. 2023-Sep-18 00:00:00.0000, -1.453241820070643E+00, -6.890747352524398E-01,  2.120601337736166E-02,  6.518055928834442E-03, -1.144946152415523E-02, -3.998379384970657E-04,
2460206.500000000, A.D. 2023-Sep-19 00:00:00.0000, -1.446672144062569E+00, -7.004995482215552E-01,  2.080542585106284E-02,  6.621250019304452E-03, -1.140001363735837E-02, -4.013328248523781E-04,
2460207.500000000, A.D. 2023-Sep-20 00:00:00.0000, -1.439999413380523E+00, -7.118744609154101E-01,  2.040335633706425E-02,  6.724164062778639E-03, -1.134966091665992E-02, -4.028018829727423E-04,
2460208.500000000, A.D. 2023-Sep-21 00:00:00.0000, -1.433223911721173E+00, -7.231985683359157E-01,  1.999983075643723E-02,  6.826790752221223E-03, -1.129840304045332E-02, -4.042449271199280E-04,
2460209.500000000, A.D. 2023-Sep-22 00:00:00.0000, -1.426345930111384E+00, -7.344709651838415E-01,  1.959487521619085E-02,  6.929122734191312E-03, -1.124623972822999E-02, -4.056617711546116E-04,
2460210.500000000, A.D. 2023-Sep-23 00:00:00.0000, -1.419365766954883E+00, -7.456907459004433E-01,  1.918851600967665E-02,  7.031152608305133E-03, -1.119317074165692E-02, -4.070522285304043E-04,
2460211.500000000, A.D. 2023-Sep-24 00:00:00.0000, -1.412283728079466E+00, -7.568570047102232E-01,  1.878077961699415E-02,  7.132872926746051E-03, -1.113919588577686E-02, -4.084161123010624E-04,
2460212.500000000, A.D. 2023-Sep-25 00:00:00.0000, -1.405100126784625E+00, -7.679688356649591E-01,  1.837169270537974E-02,  7.234276193880514E-03, -1.108431501031815E-02, -4.097532351445330E-04,
2460213.500000000, A.D. 2023-Sep-26 00:00:00.0000, -1.397815283889516E+00, -7.790253326890659E-01,  1.796128212956490E-02,  7.335354865973287E-03, -1.102852801106074E-02, -4.110634093991086E-04,
2460214.500000000, A.D. 2023-Sep-27 00:00:00.0000, -1.390429527781147E+00, -7.900255896263519E-01,  1.754957493209187E-02,  7.436101351049947E-03, -1.097183483124604E-02, -4.123464471150168E-04,
2460215.500000000, A.D. 2023-Sep-28 00:00:00.0000, -1.382943194462626E+00, -8.009687002881802E-01,  1.713659834357170E-02,  7.536508008891543E-03, -1.091423546297118E-02, -4.136021601151609E-04,
2460216.500000000, A.D. 2023-Sep-29 00:00:00.0000, -1.375356627601363E+00, -8.118537585029997E-01,  1.672237978287905E-02,  7.636567151137208E-03, -1.085572994852826E-02, -4.148303600595569E-04,
2460217.500000000, A.D. 2023-Sep-30 00:00:00.0000, -1.367670178577127E+00, -8.226798581671789E-01,  1.630694685728380E-02,  7.736271041464412E-03, -1.079631838166679E-02, -4.160308585088539E-04,
2460218.500000000, A.D. 2023-Oct-01 00:00:00.0000, -1.359884206529899E+00, -8.334460932970583E-01,  1.589032736251976E-02,  7.835611895814129E-03, -1.073600090877151E-02, -4.172034669833091E-04,
2460219.500000000, A.D. 2023-Oct-02 00:00:00.0000, -1.351999078407486E+00, -8.441515580821414E-01,  1.547254928279889E-02,  7.934581882628848E-03, -1.067477772996037E-02, -4.183479970146003E-04,
2460220.500000000, A.D. 2023-Oct-03 00:00:00.0000, -1.344015169012908E+00, -8.547953469393482E-01,  1.505364079077722E-02,  8.033173123075511E-03, -1.061264910011563E-02, -4.194642601889627E-04,
2460221.500000000, A.D. 2023-Oct-04 00:00:00.0000, -1.335932861051576E+00, -8.653765545682748E-01,  1.463363024748285E-02,  8.131377691232840E-03, -1.054961532986763E-02, -4.205520681813611E-04,
2460222.500000000, A.D. 2023-Oct-05 00:00:00.0000, -1.327752545178307E+00, -8.758942760074211E-01,  1.421254620221342E-02,  8.229187614233359E-03, -1.048567678655431E-02, -4.216112327816037E-04,
2460223.500000000, A.D. 2023-Oct-06 00:00:00.0000, -1.319474620044213E+00, -8.863476066913781E-01,  1.379041739241036E-02,  8.326594872364469E-03, -1.042083389517966E-02, -4.226415659147416E-04,
2460224.500000000, A.D. 2023-Oct-07 00:00:00.0000, -1.311099492343508E+00, -8.967356425089802E-01,  1.336727274351534E-02,  8.423591399150410E-03, -1.035508713939269E-02, -4.236428796594337E-04,
2460225.500000000, A.D. 2023-Oct-08 00:00:00.0000, -1.302627576860245E+00, -9.070574798624460E-01,  1.294314136880812E-02,  8.520169081385625E-03, -1.028843706247714E-02, -4.246149862607905E-04,
2460226.500000000, A.D. 2023-Oct-09 00:00:00.0000, -1.294059296515036E+00, -9.173122157275237E-01,  1.251805256923492E-02,  8.616319759168819E-03, -1.022088426838734E-02, -4.255576981450411E-04,
2460227.500000000, A.D. 2023-Oct-10 00:00:00.0000, -1.285395082411731E+00, -9.274989477146939E-01,  1.209203583321907E-02,  8.712035225925410E-03, -1.015242942281183E-02, -4.264708279334096E-04,
2460228.500000000, A.D. 2023-Oct-11 00:00:00.0000, -1.276635373884083E+00, -9.376167741314496E-01,  1.166512083645870E-02,  8.807307228434607E-03, -1.008307325427531E-02, -4.273541884574973E-04,
2460229.500000000, A.D. 2023-Oct-12 00:00:00.0000, -1.267780618542370E+00, -9.476647940456993E-01,  1.123733744170858E-02,  8.902127466866175E-03, -1.001281655527418E-02, -4.282075927762452E-04,
2460230.500000000, A.D. 2023-Oct-13 00:00:00.0000, -1.258831272319989E+00, -9.576421073503181E-01,  1.080871569854256E-02,  8.996487594833192E-03, -9.941660183444280E-03, -4.290308541948773E-04,
2460231.500000000, A.D. 2023-Oct-14 00:00:00.0000, -1.249787799519967E+00, -9.675478148288850E-01,  1.037928584309791E-02,  9.090379219464404E-03, -9.869605062757421E-03, -4.298237862859138E-04,
2460232.500000000, A.D. 2023-Oct-15 00:00:00.0000, -1.240650672861411E+00, -9.773810182226262E-01,  9.949078297795828E-03,  9.183793901498906E-03, -9.796652184743812E-03, -4.305862029121657E-04,
2460233.500000000, A.D. 2023-Oct-16 00:00:00.0000, -1.231420373525833E+00, -9.871408202985963E-01,  9.518123671039625E-03,  9.276723155405009E-03, -9.722802609737459E-03, -4.313179182516936E-04,
2460234.500000000, A.D. 2023-Oct-17 00:00:00.0000, -1.222097391203353E+00, -9.968263249191121E-01,  9.086452756885405E-03,  9.369158449524512E-03, -9.648057468142226E-03, -4.320187468245721E-04,
2460235.500000000, A.D. 2023-Oct-18 00:00:00.0000, -1.212682224138742E+00, -1.006436637112463E+00,  8.654096534686904E-03,  9.461091206243083E-03, -9.572417961716390E-03, -4.326885035213451E-04,
2460236.500000000, A.D. 2023-Oct-19 00:00:00.0000, -1.203175379177286E+00, -1.015970863144917E+00,  8.221086168709308E-03,  9.552512802187106E-03, -9.495885364873839E-03, -4.333270036330428E-04,
2460237.500000000, A.D. 2023-Oct-20 00:00:00.0000, -1.193577371810426E+00, -1.025428110594031E+00,  7.787453007713334E-03,  9.643414568447155E-03, -9.418461026000448E-03, -4.339340628826048E-04,
2460238.500000000, A.D. 2023-Oct-21 00:00:00.0000, -1.183888726221184E+00, -1.034807488423286E+00,  7.353228584507802E-03,  9.733787790828135E-03, -9.340146368784372E-03, -4.345094974576017E-04,
2460239.500000000, A.D. 2023-Oct-22 00:00:00.0000, -1.174109975329301E+00, -1.044108107058063E+00,  6.918444615466974E-03,  9.823623710126315E-03, -9.260942893559382E-03, -4.350531240441860E-04,
2460240.500000000, A.D. 2023-Oct-23 00:00:00.0000, -1.164241660836102E+00, -1.053329078462965E+00,  6.483133000015237E-03,  9.912913522433628E-03, -9.180852178660678E-03, -4.355647598622387E-04,
2460241.500000000, A.D. 2023-Oct-24 00:00:00.0000, -1.154284333269035E+00, -1.062469516220498E+00,  6.047325820075271E-03,  1.000164837946951E-02, -9.099875881793828E-03, -4.360442227018617E-04,
2460242.500000000, A.D. 2023-Oct-25 00:00:00.0000, -1.144238552025867E+00, -1.071528535611135E+00,  5.611055339479065E-03,  1.008981938893755E-02, -9.018015741413775E-03, -4.364913309604182E-04,
2460243.500000000, A.D. 2023-Oct-26 00:00:00.0000, -1.134104885418511E+00, -1.080505253694757E+00,  5.174354003341437E-03,  1.017741761491231E-02, -8.935273578112734E-03, -4.369059036808643E-04,
2460244.500000000, A.D. 2023-Oct-27 00:00:00.0000, -1.123883910716446E+00, -1.089398789393488E+00,  4.737254437395298E-03,  1.026443407825237E-02, -8.851651296023354E-03, -4.372877605913272E-04,
2460245.500000000, A.D. 2023-Oct-28 00:00:00.0000, -1.113576214189720E+00, -1.098208263575942E+00,  4.299789447286071E-03,  1.035085975704111E-02, -8.767150884229543E-03, -4.376367221453963E-04,
2460246.500000000, A.D. 2023-Oct-29 00:00:00.0000, -1.103182391151490E+00, -1.106932799142888E+00,  3.861992017825536E-03,  1.043668558705575E-02, -8.681774418187627E-03, -4.379526095634178E-04,
2460247.500000000, A.D. 2023-Oct-30 00:00:00.0000, -1.092703046000085E+00, -1.115571521114330E+00,  3.423895312204324E-03,  1.052190246226459E-02, -8.595524061157468E-03, -4.382352448748001E-04,
2460248.500000000, A.D. 2023-Oct-31 00:00:00.0000, -1.082138792260549E+00, -1.124123556718034E+00,  2.985532671160934E-03,  1.060650123535304E-02, -8.508402065643288E-03, -4.384844509612754E-04,
2460249.500000000, A.D. 2023-Nov-01 00:00:00.0000, -1.071490252625654E+00, -1.132588035479498E+00,  2.546937612107778E-03,  1.069047271827861E-02, -8.420410774843784E-03, -4.387000516011174E-04,
2460250.500000000, A.D. 2023-Nov-02 00:00:00.0000, -1.060758058996335E+00, -1.140964089313371E+00,  2.108143828211840E-03,  1.077380768285525E-02, -8.331552624111256E-03, -4.388818715143045E-04,
2460251.500000000, A.D. 2023-Nov-03 00:00:00.0000, -1.049942852521532E+00, -1.149250852616344E+00,  1.669185187430276E-03,  1.085649686136746E-02, -8.241830142419354E-03, -4.390297364086077E-04,
2460252.500000000, A.D. 2023-Nov-04 00:00:00.0000, -1.039045283637397E+00, -1.157447462361507E+00,  1.230095731498744E-03,  1.093853094721466E-02, -8.151245953839073E-03, -4.391434730266143E-04,
2460253.500000000, A.D. 2023-Nov-05 00:00:00.0000, -1.028066012105845E+00, -1.165553058194187E+00,  7.909096748732624E-04,  1.101990059558619E-02, -8.059802779022615E-03, -4.392229091936717E-04,
2460254.500000000, A.D. 2023-Nov-06 00:00:00.0000, -1.017005707052413E+00, -1.173566782529275E+00,  3.516614036225233E-04,  1.110059642416758E-02, -7.967503436694723E-03, -4.392678738667413E-04,
2460255.500000000, A.D. 2023-Nov-07 00:00:00.0000, -1.005865047003400E+00, -1.181487780650048E+00, -8.761452572806246E-05,  1.118060901387839E-02, -7.874350845151047E-03, -4.392781971842041E-04,
2460256.500000000, A.D. 2023-Nov-08 00:00:00.0000, -9.946447199222477E-01, -1.189315200808489E+00, -5.268833874032164E-04,  1.125992890964238E-02, -7.780348023763113E-03, -4.392537105165448E-04,
2460257.500000000, A.D. 2023-Nov-09 00:00:00.0000, -9.833454232451387E-01, -1.197048194327122E+00, -9.661102876358927E-04,  1.133854662119034E-02, -7.685498094489436E-03, -4.391942465180036E-04,
2460258.500000000, A.D. 2023-Nov-10 00:00:00.0000, -9.719678639157755E-01, -1.204685915702354E+00, -1.405260165976976E-03,  1.141645262389634E-02, -7.589804283392312E-03, -4.390996391791336E-04,
2460259.500000000, A.D. 2023-Nov-11 00:00:00.0000, -9.605127584193023E-01, -1.212227522709338E+00, -1.844297796658267E-03,  1.149363735964780E-02, -7.493269922159792E-03, -4.389697238803013E-04,
2460260.500000000, A.D. 2023-Nov-12 00:00:00.0000, -9.489808328153445E-01, -1.219672176508367E+00, -2.283187790009112E-03,  1.157009123775001E-02, -7.395898449632363E-03, -4.388043374461282E-04,
2460261.500000000, A.D. 2023-Nov-13 00:00:00.0000, -9.373728227701235E-01, -1.227019041752788E+00, -2.721894593929505E-03,  1.164580463586573E-02, -7.297693413333780E-03, -4.386033182008875E-04,
2460262.500000000, A.D. 2023-Nov-14 00:00:00.0000, -9.256894735876140E-01, -1.234267286698450E+00, -3.160382495416085E-03,  1.172076790099040E-02, -7.198658471005563E-03, -4.383665060248426E-04,
2460263.500000000, A.D. 2023-Nov-15 00:00:00.0000, -9.139315402397087E-01, -1.241416083314695E+00, -3.598615622148145E-03,  1.179497135046358E-02, -7.098797392144585E-03, -4.380937424115850E-04,
2460264.500000000, A.D. 2023-Nov-16 00:00:00.0000, -9.020997873953540E-01, -1.248464607396883E+00, -4.036557944129374E-03,  1.186840527301720E-02, -6.998114059543248E-03, -4.377848705263181E-04,
2460265.500000000, A.D. 2023-Nov-17 00:00:00.0000, -8.901949894486174E-01, -1.255412038680452E+00, -4.474173275389015E-03,  1.194105992986133E-02, -6.896612470831591E-03, -4.374397352651678E-04,
2460266.500000000, A.D. 2023-Nov-18 00:00:00.0000, -8.782179305456502E-01, -1.262257560956536E+00, -4.911425275742834E-03,  1.201292555580794E-02, -6.794296740020867E-03, -4.370581833154821E-04,
2460267.500000000, A.D. 2023-Nov-19 00:00:00.0000, -8.661694046105082E-01, -1.269000362189112E+00, -5.348277452615651E-03,  1.208399236043338E-02, -6.691171099047909E-03, -4.366400632171697E-04,
2460268.500000000, A.D. 2023-Nov-20 00:00:00.0000, -8.540502153697896E-01, -1.275639634633702E+00, -5.784693162924033E-03,  1.215425052928024E-02, -6.587239899319737E-03, -4.361852254250785E-04,
2460269.500000000, A.D. 2023-Nov-21 00:00:00.0000, -8.418611763760513E-01, -1.282174574957612E+00, -6.220635615023037E-03,  1.222369022509923E-02, -6.482507613257753E-03, -4.356935223724510E-04,
2460270.500000000, A.D. 2023-Nov-22 00:00:00.0000, -8.296031110299624E-01, -1.288604384361720E+00, -6.656067870717294E-03,  1.229230158913175E-02, -6.376978835840916E-03, -4.351648085354702E-04,
2460271.500000000, A.D. 2023-Nov-23 00:00:00.0000, -8.172768526011555E-01, -1.294928268703806E+00, -7.090952847336744E-03,  1.236007474243393E-02, -6.270658286147179E-03, -4.345989404989257E-04,
2460272.500000000, A.D. 2023-Nov-24 00:00:00.0000, -8.048832442477321E-01, -1.301145438623415E+00, -7.525253319877214E-03,  1.242699978724283E-02, -6.163550808892583E-03, -4.339957770230397E-04,
2460273.500000000, A.D. 2023-Nov-25 00:00:00.0000, -7.924231390343809E-01, -1.307255109668270E+00, -7.958931923211522E-03,  1.249306680838627E-02, -6.055661375964943E-03, -4.333551791111762E-04,
2460274.500000000, A.D. 2023-Nov-26 00:00:00.0000, -7.798973999490632E-01, -1.313256502422204E+00, -8.391951154366509E-03,  1.255826587473682E-02, -5.946995087956346E-03, -4.326770100794223E-04,
2460275.500000000, A.D. 2023-Nov-27 00:00:00.0000, -7.673068999182232E-01, -1.319148842634633E+00, -8.824273374869424E-03,  1.262258704070884E-02, -5.837557175690156E-03, -4.319611356266366E-04,
2460276.500000000, A.D. 2023-Nov-28 00:00:00.0000, -7.546525218204784E-01, -1.324931361351542E+00, -9.255860813169078E-03,  1.268602034780455E-02, -5.727353001738694E-03, -4.312074239062650E-04,
2460277.500000000, A.D. 2023-Nov-29 00:00:00.0000, -7.419351584987381E-01, -1.330603295047996E+00, -9.686675567124376E-03,  1.274855582620538E-02, -5.616388061936047E-03, -4.304157455992755E-04,
2460278.500000000, A.D. 2023-Nov-30 00:00:00.0000, -7.291557127707100E-01, -1.336163885762149E+00, -1.011667960657000E-02,  1.281018349641221E-02, -5.504667986880991E-03, -4.295859739884072E-04,
2460279.500000000, A.D. 2023-Dec-01 00:00:00.0000, -7.163150974377388E-01, -1.341612381230762E+00, -1.054583477595583E-02,  1.287089337093540E-02, -5.392198543428798E-03, -4.287179850337008E-04,
2460280.500000000, A.D. 2023-Dec-02 00:00:00.0000, -7.034142352919307E-01, -1.346948035026191E+00, -1.097410279706259E-02,  1.293067545603545E-02, -5.278985636169996E-03, -4.278116574493221E-04,
2460281.500000000, A.D. 2023-Dec-03 00:00:00.0000, -6.904540591215120E-01, -1.352170106694866E+00, -1.140144527179432E-02,  1.298951975351584E-02, -5.165035308893428E-03, -4.268668727815580E-04,
2460282.500000000, A.D. 2023-Dec-04 00:00:00.0000, -6.774355117143670E-01, -1.357277861897204E+00, -1.182782368505059E-02,  1.304741626256860E-02, -5.050353746030373E-03, -4.258835154878860E-04,
2460283.500000000, A.D. 2023-Dec-05 00:00:00.0000, -6.643595458597045E-01, -1.362270572548969E+00, -1.225319940767699E-02,  1.310435498167361E-02, -4.934947274075879E-03, -4.248614730168778E-04,
2460284.500000000, A.D. 2023-Dec-06 00:00:00.0000, -6.512271243477982E-01, -1.367147516964034E+00, -1.267753369949683E-02,  1.316032591055115E-02, -4.818822362983010E-03, -4.238006358886102E-04,
2460285.500000000, A.D. 2023-Dec-07 00:00:00.0000, -6.380392199677483E-01, -1.371907979998523E+00, -1.310078771242324E-02,  1.321531905216661E-02, -4.701985627525220E-03, -4.227008977751417E-04,
2460286.500000000, A.D. 2023-Dec-08 00:00:00.0000, -6.247968155032128E-01, -1.376551253196298E+00, -1.352292249364999E-02,  1.326932441478499E-02, -4.584443828621694E-03, -4.215621555804469E-04,
2460287.500000000, A.D. 2023-Dec-09 00:00:00.0000, -6.115009037260617E-01, -1.381076634935748E+00, -1.394389898892423E-02,  1.332233201407095E-02, -4.466203874620246E-03, -4.203843095190540E-04,
2460288.500000000, A.D. 2023-Dec-10 00:00:00.0000, -5.981524873879104E-01, -1.385483430577845E+00, -1.436367804589458E-02,  1.337433187522874E-02, -4.347272822531988E-03, -4.191672631924246E-04,
2460289.500000000, A.D. 2023-Dec-11 00:00:00.0000, -5.847525792094972E-01, -1.389770952615394E+00, -1.478222041753536E-02,  1.342531403517231E-02, -4.227657879216806E-03, -4.179109236621913E-04,
2460290.500000000, A.D. 2023-Dec-12 00:00:00.0000, -5.713022018678788E-01, -1.393938520823460E+00, -1.519948676564128E-02,  1.347526854471436E-02, -4.107366402513996E-03, -4.166152015188065E-04,
2460291.500000000, A.D. 2023-Dec-13 00:00:00.0000, -5.578023879814352E-01, -1.397985462410896E+00, -1.561543766438939E-02,  1.352418547076548E-02, -3.986405902336958E-03, -4.152800109464008E-04,
2460292.500000000, A.D. 2023-Dec-14 00:00:00.0000, -5.442541800926717E-01, -1.401911112172935E+00, -1.603003360396160E-02,  1.357205489852738E-02, -3.864784041701210E-03, -4.139052697799588E-04,
2460293.500000000, A.D. 2023-Dec-15 00:00:00.0000, -5.306586306488400E-01, -1.405714812644807E+00, -1.644323499422300E-02,  1.361886693366540E-02, -3.742508637762035E-03, -4.124908995597402E-04,
2460294.500000000, A.D. 2023-Dec-16 00:00:00.0000, -5.170168019803950E-01, -1.409395914256391E+00, -1.685500216845241E-02,  1.366461170446640E-02, -3.619587662825799E-03, -4.110368255806566E-04,
2460295.500000000, A.D. 2023-Dec-17 00:00:00.0000, -5.033297662773032E-01, -1.412953775487875E+00, -1.726529538712090E-02,  1.370927936397527E-02, -3.496029245379422E-03, -4.095429769396962E-04,
2460296.500000000, A.D. 2023-Dec-18 00:00:00.0000, -4.895986055632207E-01, -1.416387763026469E+00, -1.767407484171731E-02,  1.375286009212272E-02, -3.371841671169420E-03, -4.080092865852029E-04,
2460297.500000000, A.D. 2023-Dec-19 00:00:00.0000, -4.758244116675378E-01, -1.419697251924237E+00, -1.808130065862766E-02,  1.379534409787072E-02, -3.247033384349340E-03, -4.064356913720538E-04,
2460298.500000000, A.D. 2023-Dec-20 00:00:00.0000, -4.620082861952542E-01, -1.422881625757104E+00, -1.848693290307247E-02,  1.383672162141057E-02, -3.121612988701956E-03, -4.048221321265670E-04,
2460299.500000000, A.D. 2023-Dec-21 00:00:00.0000, -4.481513404946151E-01, -1.425940276785130E+00, -1.889093158311586E-02,  1.387698293645205E-02, -2.995589248930505E-03, -4.031685537242553E-04,
2460300.500000000, A.D. 2023-Dec-22 00:00:00.0000, -4.342546956223958E-01, -1.428872606114094E+00, -1.929325665376051E-02,  1.391611835263933E-02, -2.868971092001418E-03, -4.014749051824021E-04,
2460301.500000000, A.D. 2023-Dec-23 00:00:00.0000, -4.203194823066960E-01, -1.431678023858445E+00, -1.969386802114124E-02,  1.395411821812236E-02, -2.741767608509472E-03, -3.997411397677837E-04,
2460302.500000000, A.D. 2023-Dec-24 00:00:00.0000, -4.063468409070771E-01, -1.434355949305602E+00, -2.009272554683419E-02,  1.399097292229913E-02, -2.613988054024992E-03, -3.979672151177645E-04,
2460303.500000000, A.D. 2023-Dec-25 00:00:00.0000, -3.923379213718722E-01, -1.436905811081579E+00, -2.048978905229277E-02,  1.402667289872595E-02, -2.485641850371823E-03, -3.961530933704264E-04,
2460304.500000000, A.D. 2023-Dec-26 00:00:00.0000, -3.782938831925122E-01, -1.439327047317826E+00, -2.088501832341335E-02,  1.406120862816952E-02, -2.356738586774089E-03, -3.942987412963357E-04,
2460305.500000000, A.D. 2023-Dec-27 00:00:00.0000, -3.642158953547439E-01, -1.441619105819157E+00, -2.127837311523444E-02,  1.409457064176723E-02, -2.227288020905876E-03, -3.924041304315187E-04,
2460306.500000000, A.D. 2023-Dec-28 00:00:00.0000, -3.501051362866405E-01, -1.443781444232658E+00, -2.166981315676653E-02,  1.412674952427276E-02, -2.097300079768004E-03, -3.904692372044016E-04,
2460307.500000000, A.D. 2023-Dec-29 00:00:00.0000, -3.359627938033478E-01, -1.445813530217398E+00, -2.205929815594534E-02,  1.415773591733603E-02, -1.966784860436738E-03, -3.884940430543934E-04,
2460308.500000000, A.D. 2023-Dec-30 00:00:00.0000, -3.217900650485416E-01, -1.447714841614821E+00, -2.244678780469626E-02,  1.418752052279585E-02, -1.835752630680461E-03, -3.864785345411206E-04,
2460309.500000000, A.D. 2023-Dec-31 00:00:00.0000, -3.075881564325918E-01, -1.449484866619701E+00, -2.283224178410763E-02,  1.421609410597403E-02, -1.704213829470301E-03, -3.844227034449651E-04,
2460310.500000000, A.D. 2024-Jan-01 00:00:00.0000, -2.933582835674381E-01, -1.451123103951564E+00, -2.321561976969631E-02,  1.424344749895310E-02, -1.572179067402579E-03, -3.823265468589980E-04,
2460311.500000000, A.D. 2024-Jan-02 00:00:00.0000, -2.791016711981968E-01, -1.452629063026498E+00, -2.359688143676519E-02,  1.426957160384159E-02, -1.439659127053434E-03, -3.801900672744545E-04,
2460312.500000000, A.D. 2024-Jan-03 00:00:00.0000, -2.648195531315045E-01, -1.454002264129280E+00, -2.397598646584063E-02,  1.429445739603270E-02, -1.306664963280139E-03, -3.780132726616266E-04,
2460313.500000000, A.D. 2024-Jan-04 00:00:00.0000, -2.505131721606046E-01, -1.455242238585796E+00, -2.435289454819211E-02,  1.431809592746414E-02, -1.173207703478560E-03, -3.757961765477854E-04,
2460314.500000000, A.D. 2024-Jan-05 00:00:00.0000, -2.361837799871690E-01, -1.456348528935690E+00, -2.472756539142592E-02,  1.434047832988720E-02, -1.039298647801915E-03, -3.735387980934606E-04,
2460315.500000000, A.D. 2024-Jan-06 00:00:00.0000, -2.218326371398425E-01, -1.457320689105216E+00, -2.509995872515790E-02,  1.436159581815368E-02, -9.049492693425040E-04, -3.712411621681383E-04,
2460316.500000000, A.D. 2024-Jan-07 00:00:00.0000, -2.074610128894895E-01, -1.458158284580248E+00, -2.547003430675816E-02,  1.438143969352825E-02, -7.701712142753249E-04, -3.689032994261484E-04,
2460317.500000000, A.D. 2024-Jan-08 00:00:00.0000, -1.930701851611109E-01, -1.458860892579425E+00, -2.583775192717710E-02,  1.440000134703275E-02, -6.349763019605752E-04, -3.665252463832426E-04,
2460318.500000000, A.D. 2024-Jan-09 00:00:00.0000, -1.786614404424003E-01, -1.459428102227363E+00, -2.620307141684251E-02,  1.441727226282659E-02, -4.993765250008324E-04, -3.641070454940732E-04,
2460319.500000000, A.D. 2024-Jan-10 00:00:00.0000, -1.642360736889007E-01, -1.459859514727905E+00, -2.656595265163935E-02,  1.443324402162489E-02, -3.633840492483420E-04, -3.616487452305055E-04,
2460320.500000000, A.D. 2024-Jan-11 00:00:00.0000, -1.497953882257241E-01, -1.460154743537357E+00, -2.692635555896597E-02,  1.444790830415228E-02, -2.270112137582128E-04, -3.591504001603969E-04,
2460321.500000000, A.D. 2024-Jan-12 00:00:00.0000, -1.353406956457979E-01, -1.460313414537638E+00, -2.728424012386976E-02,  1.446125689464144E-02, -9.027053068367904E-05, -3.566120710275429E-04,
2460322.500000000, A.D. 2024-Jan-13 00:00:00.0000, -1.208733157045917E-01, -1.460335166209305E+00, -2.763956639526311E-02,  1.447328168436616E-02,  4.682531489177567E-05, -3.540338248315892E-04,
2460323.500000000, A.D. 2024-Jan-14 00:00:00.0000, -1.063945762112937E-01, -1.460219649804366E+00, -2.799229449221929E-02,  1.448397467521394E-02,  1.842634651875547E-04, -3.514157349083861E-04,
2460324.500000000, A.D. 2024-Jan-15 00:00:00.0000, -9.190581291639577E-02, -1.459966529518836E+00, -2.834238461034923E-02,  1.449332798329449E-02,  3.220308900283749E-04, -3.487578810102903E-04,
2460325.500000000, A.D. 2024-Jan-16 00:00:00.0000, -7.740836939565254E-02, -1.459575482664953E+00, -2.868979702825807E-02,  1.450133384258276E-02,  4.601143872184429E-04, -3.460603493862891E-04,
2460326.500000000, A.D. 2024-Jan-17 00:00:00.0000, -6.290359693038056E-02, -1.459046199842972E+00, -2.903449211408107E-02,  1.450798460859489E-02,  5.985005829900311E-04, -3.433232328617516E-04,
2460327.500000000, A.D. 2024-Jan-18 00:00:00.0000, -4.839285438406652E-02, -1.458378385112490E+00, -2.937643033210035E-02,  1.451327276209501E-02,  7.371759325286693E-04, -3.405466309176353E-04,
2460328.500000000, A.D. 2024-Jan-19 00:00:00.0000, -3.387750807525352E-02, -1.457571756163192E+00, -2.971557224943909E-02,  1.451719091283096E-02,  8.761267205769802E-04, -3.377306497689946E-04,
2460329.500000000, A.D. 2024-Jan-20 00:00:00.0000, -1.935893164667831E-02, -1.456626044484960E+00, -3.005187854283583E-02,  1.451973180329690E-02,  1.015339062119045E-03, -3.348754024426455E-04,
2460330.500000000, A.D. 2024-Jan-21 00:00:00.0000, -4.838505930633095E-03, -1.455540995537256E+00, -3.038531000549300E-02,  1.452088831252084E-02,  1.154798903147031E-03, -3.319810088538600E-04,
2460331.500000000, A.D. 2024-Jan-22 00:00:00.0000,  9.682381189471489E-03, -1.454316368917696E+00, -3.071582755400428E-02,  1.452065345987491E-02,  1.294492021511707E-03, -3.290475958819647E-04,
2460332.500000000, A.D. 2024-Jan-23 00:00:00.0000,  2.420233492136455E-02, -1.452951938529726E+00, -3.104339223535601E-02,  1.451902040890650E-02,  1.434404027858358E-03, -3.260752974447369E-04,
2460333.500000000, A.D. 2024-Jan-24 00:00:00.0000,  3.871995371001347E-02, -1.451447492749330E+00, -3.136796523400193E-02,  1.451598247118800E-02,  1.574520366649548E-03, -3.230642545714865E-04,
2460334.500000000, A.D. 2024-Jan-25 00:00:00.0000,  5.323382938758096E-02, -1.449802834590661E+00, -3.168950787901061E-02,  1.451153311018306E-02,  1.714826317276105E-03, -3.200146154747331E-04,
2460335.500000000, A.D. 2024-Jan-26 00:00:00.0000,  6.774254732725529E-02, -1.448017781870520E+00, -3.200798165128422E-02,  1.450566594512730E-02,  1.855306995257656E-03, -3.169265356203714E-04,
2460336.500000000, A.D. 2024-Jan-27 00:00:00.0000,  8.224468660096804E-02, -1.446092167371589E+00, -3.232334819084596E-02,  1.449837475492127E-02,  1.995947353534042E-03, -3.138001777962449E-04,
2460337.500000000, A.D. 2024-Jan-28 00:00:00.0000,  9.673882014101072E-02, -1.444025839004330E+00, -3.263556930419630E-02,  1.448965348203479E-02,  2.136732183848985E-03, -3.106357121792329E-04,
2460338.500000000, A.D. 2024-Jan-29 00:00:00.0000,  1.112235149055545E-01, -1.441818659967447E+00, -3.294460697173339E-02,  1.447949623641197E-02,  2.277646118223776E-03, -3.074333163995980E-04,
2460339.500000000, A.D. 2024-Jan-30 00:00:00.0000,  1.256973320480896E-01, -1.439470508906832E+00, -3.325042335523982E-02,  1.446789729939763E-02,  2.418673630534276E-03, -3.041931756057058E-04,
2460340.500000000, A.D. 2024-Jan-31 00:00:00.0000,  1.401588270907803E-01, -1.436981280072884E+00, -3.355298080543076E-02,  1.445485112764941E-02,  2.559799038171783E-03, -3.009154825242412E-04,
2460341.500000000, A.D. 2024-Feb-01 00:00:00.0000,  1.546065501017393E-01, -1.434350883476124E+00, -3.385224186956186E-02,  1.444035235705917E-02,  2.701006503806961E-03, -2.976004375197866E-04,
2460342.500000000, A.D. 2024-Feb-02 00:00:00.0000,  1.690390458762213E-01, -1.431579245040990E+00, -3.414816929909652E-02,  1.442439580667240E-02,  2.842280037250542E-03, -2.942482486522022E-04,
2460343.500000000, A.D. 2024-Feb-03 00:00:00.0000,  1.834548541217347E-01, -1.428666306757730E+00, -3.444072605742866E-02,  1.440697648260330E-02,  2.983603497412036E-03, -2.908591317317978E-04,
2460344.500000000, A.D. 2024-Feb-04 00:00:00.0000,  1.978525096470655E-01, -1.425612026832275E+00, -3.472987532765977E-02,  1.438808958194306E-02,  3.124960594357485E-03, -2.874333103722358E-04,
2460345.500000000, A.D. 2024-Feb-05 00:00:00.0000,  2.122305425552044E-01, -1.422416379834021E+00, -3.501558052042809E-02,  1.436773049665905E-02,  3.266334891467225E-03, -2.839710160411242E-04,
2460346.500000000, A.D. 2024-Feb-06 00:00:00.0000,  2.265874784401679E-01, -1.419079356841389E+00, -3.529780528178640E-02,  1.434589481748241E-02,  3.407709807694479E-03, -2.804724881082492E-04,
2460347.500000000, A.D. 2024-Feb-07 00:00:00.0000,  2.409218385877000E-01, -1.415600965585080E+00, -3.557651350112767E-02,  1.432257833778130E-02,  3.549068619925507E-03, -2.769379738913781E-04,
2460348.500000000, A.D. 2024-Feb-08 00:00:00.0000,  2.552321401798393E-01, -1.411981230588920E+00, -3.585166931915498E-02,  1.429777705741764E-02,  3.690394465441906E-03, -2.733677286995800E-04,
2460349.500000000, A.D. 2024-Feb-09 00:00:00.0000,  2.695168965033326E-01, -1.408220193308194E+00, -3.612323713589270E-02,  1.427148718658426E-02,  3.831670344485559E-03, -2.697620158739924E-04,
2460350.500000000, A.D. 2024-Feb-10 00:00:00.0000,  2.837746171618760E-01, -1.404317912265355E+00, -3.639118161873873E-02,  1.424370514962013E-02,  3.972879122926631E-03, -2.661211068259614E-04,
2460351.500000000, A.D. 2024-Feb-11 00:00:00.0000,  2.980038082921577E-01, -1.400274463183021E+00, -3.665546771055225E-02,  1.421442758880064E-02,  4.114003535034869E-03, -2.624452810724856E-04,
2460352.500000000, A.D. 2024-Feb-12 00:00:00.0000,  3.122029727836788E-01, -1.396089939114150E+00, -3.691606063777633E-02,  1.418365136810045E-02,  4.255026186354412E-03, -2.587348262688889E-04,
2460353.500000000, A.D. 2024-Feb-13 00:00:00.0000,  3.263706105023212E-01, -1.391764450569280E+00, -3.717292591859023E-02,  1.415137357692579E-02,  4.395929556682215E-03, -2.549900382386514E-04,
2460354.500000000, A.D. 2024-Feb-14 00:00:00.0000,  3.405052185176313E-01, -1.387298125640745E+00, -3.742602937109275E-02,  1.411759153381365E-02,  4.536696003150009E-03, -2.512112210003186E-04,
2460355.500000000, A.D. 2024-Feb-15 00:00:00.0000,  3.546052913337859E-01, -1.382691110123758E+00, -3.767533712150903E-02,  1.408230279009469E-02,  4.677307763409817E-03, -2.473986867914107E-04,
2460356.500000000, A.D. 2024-Feb-16 00:00:00.0000,  3.686693211242011E-01, -1.377943567634254E+00, -3.792081561241946E-02,  1.404550513351725E-02,  4.817746958922678E-03, -2.435527560892821E-04,
2460357.500000000, A.D. 2024-Feb-17 00:00:00.0000,  3.826957979697442E-01, -1.373055679723393E+00, -3.816243161100953E-02,  1.400719659182924E-02,  4.957995598350514E-03, -2.396737576288312E-04,
2460358.500000000, A.D. 2024-Feb-18 00:00:00.0000,  3.966832101005061E-01, -1.368027645988621E+00, -3.840015221733482E-02,  1.396737543631519E-02,  5.098035581050648E-03, -2.357620284170146E-04,
2460359.500000000, A.D. 2024-Feb-19 00:00:00.0000,  4.106300441410863E-01, -1.362859684181184E+00, -3.863394487259772E-02,  1.392604018528549E-02,  5.237848700672621E-03, -2.318179137441073E-04,
2460360.500000000, A.D. 2024-Feb-20 00:00:00.0000,  4.245347853593427E-01, -1.357552030309997E+00, -3.886377736743744E-02,  1.388318960751471E-02,  5.377416648856869E-03, -2.278417671916408E-04,
2460361.500000000, A.D. 2024-Feb-21 00:00:00.0000,  4.383959179185523E-01, -1.352104938741758E+00, -3.908961785022146E-02,  1.383882272562632E-02,  5.516721019034815E-03, -2.238339506369683E-04,
2460362.500000000, A.D. 2024-Feb-22 00:00:00.0000,  4.522119251329291E-01, -1.346518682297218E+00, -3.931143483534331E-02,  1.379293881942073E-02,  5.655743310329826E-03, -2.197948342544247E-04,
2460363.500000000, A.D. 2024-Feb-23 00:00:00.0000,  4.659812897264404E-01, -1.340793552343496E+00, -3.952919721151860E-02,  1.374553742914387E-02,  5.794464931558583E-03, -2.157247965130279E-04,
2460364.500000000, A.D. 2024-Feb-24 00:00:00.0000,  4.797024940948613E-01, -1.334929858882341E+00, -3.974287425007704E-02,  1.369661835869359E-02,  5.932867205332404E-03, -2.116242241706890E-04,
2460365.500000000, A.D. 2024-Feb-25 00:00:00.0000,  4.933740205710015E-01, -1.328927930634250E+00, -3.995243561324700E-02,  1.364618167876084E-02,  6.070931372258283E-03, -2.074935122648917E-04,
2460366.500000000, A.D. 2024-Feb-26 00:00:00.0000,  5.069943516930426E-01, -1.322788115118325E+00, -4.015785136242880E-02,  1.359422772990317E-02,  6.208638595239400E-03, -2.033330640997976E-04,
2460367.500000000, A.D. 2024-Feb-27 00:00:00.0000,  5.205619704759107E-01, -1.316510778727789E+00, -4.035909196645358E-02,  1.354075712554761E-02,  6.345969963875204E-03, -1.991432912297132E-04,
2460368.500000000, A.D. 2024-Feb-28 00:00:00.0000,  5.340753606856178E-01, -1.310096306801044E+00, -4.055612830982351E-02,  1.348577075492038E-02,  6.482906498961284E-03, -1.949246134388786E-04,
2460369.500000000, A.D. 2024-Feb-29 00:00:00.0000,  5.475330071164995E-01, -1.303545103688189E+00, -4.074893170093074E-02,  1.342926978591354E-02,  6.619429157092177E-03, -1.906774587183385E-04,
2460370.500000000, A.D. 2024-Mar-01 00:00:00.0000,  5.609333958712669E-01, -1.296857592812875E+00, -4.093747388024908E-02,  1.337125566784378E-02,  6.755518835353393E-03, -1.864022632361688E-04,
2460371.500000000, A.D. 2024-Mar-02 00:00:00.0000,  5.742750146438003E-01, -1.290034216729419E+00, -4.112172702849747E-02,  1.331173013417181E-02,  6.891156376142122E-03, -1.820994713077891E-04,
2460372.500000000, A.D. 2024-Mar-03 00:00:00.0000,  5.875563530045962E-01, -1.283075437175050E+00, -4.130166377476770E-02,  1.325069520509941E-02,  7.026322572062081E-03, -1.777695353576258E-04,
2460373.500000000, A.D. 2024-Mar-04 00:00:00.0000,  6.007759026887819E-01, -1.275981735117200E+00, -4.147725720461371E-02,  1.318815319009902E-02,  7.160998170944970E-03, -1.734129158778760E-04,
2460374.500000000, A.D. 2024-Mar-05 00:00:00.0000,  6.139321578866084E-01, -1.268753610795728E+00, -4.164848086809603E-02,  1.312410669034237E-02,  7.295163880977147E-03, -1.690300813813206E-04,
2460375.500000000, A.D. 2024-Mar-06 00:00:00.0000,  6.270236155363218E-01, -1.261391583759947E+00, -4.181530878777619E-02,  1.305855860102635E-02,  7.428800375937395E-03, -1.646215083477144E-04,
2460376.500000000, A.D. 2024-Mar-07 00:00:00.0000,  6.400487756193053E-01, -1.253896192900374E+00, -4.197771546665396E-02,  1.299151211358791E-02,  7.561888300549080E-03, -1.601876811628996E-04,
2460377.500000000, A.D. 2024-Mar-08 00:00:00.0000,  6.530061414573765E-01, -1.246267996475053E+00, -4.213567589603963E-02,  1.292297071779596E-02,  7.694408275946889E-03, -1.557290920496280E-04,
2460378.500000000, A.D. 2024-Mar-09 00:00:00.0000,  6.658942200121076E-01, -1.238507572130372E+00, -4.228916556335222E-02,  1.285293820370525E-02,  7.826340905254747E-03, -1.512462409891115E-04,
2460379.500000000, A.D. 2024-Mar-10 00:00:00.0000,  6.787115221860260E-01, -1.230615516916236E+00, -4.243816045983499E-02,  1.278141866345672E-02,  7.957666779267283E-03, -1.467396356325622E-04,
2460380.500000000, A.D. 2024-Mar-11 00:00:00.0000,  6.914565631255304E-01, -1.222592447295516E+00, -4.258263708817660E-02,  1.270841649290950E-02,  8.088366482222584E-03, -1.422097912024033E-04,
2460381.500000000, A.D. 2024-Mar-12 00:00:00.0000,  7.041278625253501E-01, -1.214438999147691E+00, -4.272257247002867E-02,  1.263393639309263E-02,  8.218420597648742E-03, -1.376572303835337E-04,
2460382.500000000, A.D. 2024-Mar-13 00:00:00.0000,  7.167239449343630E-01, -1.206155827766613E+00, -4.285794415341052E-02,  1.255798337146861E-02,  8.347809714260907E-03, -1.330824832058186E-04,
2460383.500000000, A.D. 2024-Mar-14 00:00:00.0000,  7.292433400625814E-01, -1.197743607852357E+00, -4.298873021999213E-02,  1.248056274300741E-02,  8.476514431879341E-03, -1.284860869200819E-04,
2460384.500000000, A.D. 2024-Mar-15 00:00:00.0000,  7.416845830891199E-01, -1.189203033497163E+00, -4.311490929225214E-02,  1.240168013107726E-02,  8.604515367332075E-03, -1.238685858711068E-04,
2460385.500000000, A.D. 2024-Mar-16 00:00:00.0000,  7.540462149709731E-01, -1.180534818165495E+00, -4.323646054050798E-02,  1.232134146818627E-02,  8.731793160330173E-03, -1.192305313717207E-04,
2460386.500000000, A.D. 2024-Mar-17 00:00:00.0000,  7.663267827524778E-01, -1.171739694668232E+00, -4.335336368982382E-02,  1.223955299659552E-02,  8.858328479289797E-03, -1.145724815818676E-04,
2460387.500000000, A.D. 2024-Mar-18 00:00:00.0000,  7.785248398753226E-01, -1.162818415131077E+00, -4.346559902679925E-02,  1.215632126883873E-02,  8.984102027104002E-03, -1.098950013956027E-04,
2460388.500000000, A.D. 2024-Mar-19 00:00:00.0000,  7.906389464890726E-01, -1.153771750957217E+00, -4.357314740625302E-02,  1.207165314820734E-02,  9.109094546870627E-03, -1.051986623407386E-04,
2460389.500000000, A.D. 2024-Mar-20 00:00:00.0000,  8.026676697621450E-01, -1.144600492784246E+00, -4.367599025780883E-02,  1.198555580918667E-02,  9.233286827628457E-03, -1.004840424855196E-04,
2460390.500000000, A.D. 2024-Mar-21 00:00:00.0000,  8.146095841932203E-01, -1.135305450435357E+00, -4.377410959239481E-02,  1.189803673789025E-02,  9.356659710110812E-03, -9.575172635570112E-05,
2460391.500000000, A.D. 2024-Mar-22 00:00:00.0000,  8.264632719230807E-01, -1.125887452864737E+00, -4.386748800866026E-02,  1.180910373247319E-02,  9.479194092571551E-03, -9.100230485570232E-05,
2460392.500000000, A.D. 2024-Mar-23 00:00:00.0000,  8.382273230468391E-01, -1.116347348097091E+00, -4.395610869931479E-02,  1.171876490349709E-02,  9.600870936717998E-03, -8.623637518835943E-05,
2460393.500000000, A.D. 2024-Mar-24 00:00:00.0000,  8.499003359264959E-01, -1.106686003161174E+00, -4.403995545738480E-02,  1.162702867421340E-02,  9.721671273767883E-03, -8.145454076864446E-05,
2460394.500000000, A.D. 2024-Mar-25 00:00:00.0000,  8.614809175037228E-01, -1.096904304017195E+00, -4.411901268237828E-02,  1.153390378073027E-02,  9.841576210632842E-03, -7.665741112782569E-05,
2460395.500000000, A.D. 2024-Mar-26 00:00:00.0000,  8.729676836127421E-01, -1.087003155477983E+00, -4.419326538634785E-02,  1.143939927202860E-02,  9.960566936219242E-03, -7.184560180552016E-05,
2460396.500000000, A.D. 2024-Mar-27 00:00:00.0000,  8.843592592931329E-01, -1.076983481123803E+00, -4.426269919984033E-02,  1.134352450979780E-02,  1.007862472782830E-02, -6.701973422821306E-05,
2460397.500000000, A.D. 2024-Mar-28 00:00:00.0000,  8.956542791023741E-01, -1.066846223210722E+00, -4.432730037771641E-02,  1.124628916806910E-02,  1.019573095763143E-02, -6.218043557403430E-05,
2460398.500000000, A.D. 2024-Mar-29 00:00:00.0000,  9.068513874279138E-01, -1.056592342572486E+00, -4.438705580482954E-02,  1.114770323263507E-02,  1.031186709919391E-02, -5.732833862478929E-05,
2460399.500000000, A.D. 2024-Mar-30 00:00:00.0000,  9.179492387985522E-01, -1.046222818515852E+00, -4.444195300155119E-02,  1.104777700025819E-02,  1.042701473401919E-02, -5.246408160757051E-05,
2460400.500000000, A.D. 2024-Mar-31 00:00:00.0000,  9.289464981949340E-01, -1.035738648709377E+00, -4.449198012913428E-02,  1.094652107768849E-02,  1.054115555808964E-02, -4.758830802962503E-05,
2460401.500000000, A.D. 2024-Apr-01 00:00:00.0000,  9.398418413589648E-01, -1.025140849065671E+00, -4.453712599490681E-02,  1.084394638047505E-02,  1.065427138841282E-02, -4.270166650516078E-05,
2460402.500000000, A.D. 2024-Apr-02 00:00:00.0000,  9.506339551019238E-01, -1.014430453617113E+00, -4.457738005729014E-02,  1.074006413157697E-02,  1.076634416951896E-02, -3.780481057554942E-05,
2460403.500000000, A.D. 2024-Apr-03 00:00:00.0000,  9.613215376111168E-01, -1.003608514385087E+00, -4.461273243063463E-02,  1.063488585981173E-02,  1.087735597994450E-02, -3.289839852782616E-05,
2460404.500000000, A.D. 2024-Apr-04 00:00:00.0000,  9.719032987548814E-01, -9.926761012427543E-01, -4.464317388987338E-02,  1.052842339812296E-02,  1.098728903867341E-02, -2.798309320879037E-05,
2460405.500000000, A.D. 2024-Apr-05 00:00:00.0000,  9.823779603857770E-01, -9.816343017713965E-01, -4.466869587498802E-02,  1.042068888168275E-02,  1.109612571154059E-02, -2.305956183665887E-05,
2460406.500000000, A.D. 2024-Apr-06 00:00:00.0000,  9.927442566417993E-01, -9.704842211103836E-01, -4.468929049528442E-02,  1.031169474583274E-02,  1.120384851759410E-02, -1.812847581051289E-05,
2460407.500000000, A.D. 2024-Apr-07 00:00:00.0000,  1.003000934245453E+00, -9.592269818007950E-01, -4.470495053347803E-02,  1.020145372386682E-02,  1.131044013541487E-02, -1.319051051762298E-05,
2460408.500000000, A.D. 2024-Apr-08 00:00:00.0000,  1.013146752800529E+00, -9.478637236227464E-01, -4.471566944958438E-02,  1.008997884465794E-02,  1.141588340939272E-02, -8.246345138770125E-06,
2460409.500000000, A.D. 2024-Apr-09 00:00:00.0000,  1.023180485086436E+00, -9.363956034264612E-01, -4.472144138461498E-02,  9.977283430130615E-03,  1.152016135595636E-02, -3.296662451533677E-06,
2460410.500000000, A.D. 2024-Apr-10 00:00:00.0000,  1.033100917349921E+00, -9.248237949571370E-01, -4.472226116407438E-02,  9.863381092580318E-03,  1.162325716975545E-02,  1.657851368393788E-06,
2460411.500000000, A.D. 2024-Apr-11 00:00:00.0000,  1.042906849594038E+00, -9.131494886736538E-01, -4.471812430125834E-02,  9.748285731840452E-03,  1.172515422979191E-02,  6.616506947938219E-06,
2460412.500000000, A.D. 2024-Apr-12 00:00:00.0000,  1.052597095864207E+00, -9.013738915611795E-01, -4.470902700035020E-02,  9.632011532297709E-03,  1.182583610549769E-02,  1.157861191943801E-05,
2460413.500000000, A.D. 2024-Apr-13 00:00:00.0000,  1.062170484531210E+00, -8.894982269377235E-01, -4.469496615931256E-02,  9.514572959756228E-03,  1.192528656275564E-02,  1.654347112549850E-05,
2460414.500000000, A.D. 2024-Apr-14 00:00:00.0000,  1.071625858570979E+00, -8.775237342547008E-01, -4.467593937257469E-02,  9.395984758151271E-03,  1.202348956985997E-02,  2.151038682590909E-05,
2460415.500000000, A.D. 2024-Apr-15 00:00:00.0000,  1.080962075841022E+00, -8.654516688915669E-01, -4.465194493351005E-02,  9.276261946113269E-03,  1.212042930341241E-02,  2.647865890657891E-05,
2460416.500000000, A.D. 2024-Apr-16 00:00:00.0000,  1.090178009353338E+00, -8.532833019445910E-01, -4.462298183670546E-02,  9.155419813383575E-03,  1.221609015414983E-02,  3.144758509041917E-05,
2460417.500000000, A.D. 2024-Apr-17 00:00:00.0000,  1.099272547543671E+00, -8.410199200098362E-01, -4.458904978001789E-02,  9.033473917082195E-03,  1.231045673269990E-02,  3.641646115019685E-05,
2460418.500000000, A.D. 2024-Apr-18 00:00:00.0000,  1.108244594536968E+00, -8.286628249604233E-01, -4.455014916641713E-02,  8.910440077829717E-03,  1.240351387525977E-02,  4.138458112315145E-05,
2460419.500000000, A.D. 2024-Apr-19 00:00:00.0000,  1.117093070408876E+00, -8.162133337181550E-01, -4.450628110561337E-02,  8.786334375724484E-03,  1.249524664919406E-02,  4.635123752739070E-05,
2460420.500000000, A.D. 2024-Apr-20 00:00:00.0000,  1.125816911443147E+00, -8.036727780195855E-01, -4.445744741546754E-02,  8.661173146176853E-03,  1.258564035854765E-02,  5.131572157989699E-05,
2460421.500000000, A.D. 2024-Apr-21 00:00:00.0000,  1.134415070384814E+00, -7.910425041766198E-01, -4.440365062318277E-02,  8.534972975602467E-03,  1.267468054946903E-02,  5.627732341604605E-05,
2460422.500000000, A.D. 2024-Apr-22 00:00:00.0000,  1.142886516688980E+00, -7.783238728317384E-01, -4.434489396627558E-02,  8.407750696976614E-03,  1.276235301553994E-02,  6.123533231050236E-05,
2460423.500000000, A.D. 2024-Apr-23 00:00:00.0000,  1.151230236765098E+00, -7.655182587079392E-01, -4.428118139332572E-02,  8.279523385251942E-03,  1.284864380300710E-02,  6.618903689940680E-05,
2460424.500000000, A.D. 2024-Apr-24 00:00:00.0000,  1.159445234216606E+00, -7.526270503534987E-01, -4.421251756450287E-02,  8.150308352642010E-03,  1.293353921591180E-02,  7.113772540362556E-05,
2460425.500000000, A.D. 2024-Apr-25 00:00:00.0000,  1.167530530075769E+00, -7.396516498816582E-01, -4.413890785187038E-02,  8.020123143773223E-03,  1.301702582111333E-02,  7.608068585303738E-05,
2460426.500000000, A.D. 2024-Apr-26 00:00:00.0000,  1.175485163033616E+00, -7.265934727053379E-01, -4.406035833946332E-02,  7.888985530707996E-03,  1.309909045320211E-02,  8.101720631158805E-05,
2460427.500000000, A.D. 2024-Apr-27 00:00:00.0000,  1.183308189664839E+00, -7.134539472669984E-01, -4.397687582314165E-02,  7.756913507842043E-03,  1.317972021929870E-02,  8.594657510306836E-05,
2460428.500000000, A.D. 2024-Apr-28 00:00:00.0000,  1.190998684647515E+00, -7.002345147637584E-01, -4.388846781021752E-02,  7.623925286678832E-03,  1.325890250373471E-02,  9.086808103739767E-05,
2460429.500000000, A.D. 2024-Apr-29 00:00:00.0000,  1.198555740977560E+00, -6.869366288678954E-01, -4.379514251885537E-02,  7.490039290484527E-03,  1.333662497261194E-02,  9.578101363728005E-05,
2460430.500000000, A.D. 2024-Apr-30 00:00:00.0000,  1.205978470177766E+00, -6.735617554428469E-01, -4.369690887724659E-02,  7.355274148826723E-03,  1.341287557823612E-02,  1.006846633650696E-04,
2460431.500000000, A.D. 2024-May-01 00:00:00.0000,  1.213266002501324E+00, -6.601113722548437E-01, -4.359377652255512E-02,  7.219648692000467E-03,  1.348764256342173E-02,  1.055783218497013E-04,
2460432.500000000, A.D. 2024-May-02 00:00:00.0000,  1.220417487129721E+00, -6.465869686803036E-01, -4.348575579963878E-02,  7.083181945345304E-03,  1.356091446566444E-02,  1.104612821134962E-04,
2460433.500000000, A.D. 2024-May-03 00:00:00.0000,  1.227432092364901E+00, -6.329900454091223E-01, -4.337285775954146E-02,  6.945893123459100E-03,  1.363268012117494E-02,  1.153328387988839E-04,
2460434.500000000, A.D. 2024-May-04 00:00:00.0000,  1.234309005815575E+00, -6.193221141439915E-01, -4.325509415776090E-02,  6.807801624294183E-03,  1.370292866878530E-02,  1.201922883937463E-04,
2460435.500000000, A.D. 2024-May-05 00:00:00.0000,  1.241047434577608E+00, -6.055846972958977E-01, -4.313247745228955E-02,  6.668927023196327E-03,  1.377164955369106E-02,  1.250389294583717E-04,
2460436.500000000, A.D. 2024-May-06 00:00:00.0000,  1.247646605408368E+00, -5.917793276759342E-01, -4.300502080143016E-02,  6.529289066803304E-03,  1.383883253107091E-02,  1.298720628490397E-04,
2460437.500000000, A.D. 2024-May-07 00:00:00.0000,  1.254105764894939E+00, -5.779075481835763E-01, -4.287273806138781E-02,  6.388907666878050E-03,  1.390446766954853E-02,  1.346909919421024E-04,
2460438.500000000, A.D. 2024-May-08 00:00:00.0000,  1.260424179616130E+00, -5.639709114915659E-01, -4.273564378363835E-02,  6.247802894055334E-03,  1.396854535450443E-02,  1.394950228568568E-04,
2460439.500000000, A.D. 2024-May-09 00:00:00.0000,  1.266601136298184E+00, -5.499709797275641E-01, -4.259375321207436E-02,  6.105994971506888E-03,  1.403105629123501E-02,  1.442834646770829E-04,
2460440.500000000, A.D. 2024-May-10 00:00:00.0000,  1.272635941964116E+00, -5.359093241527187E-01, -4.244708227993071E-02,  5.963504268529814E-03,  1.409199150795665E-02,  1.490556296711317E-04,
2460441.500000000, A.D. 2024-May-11 00:00:00.0000,  1.278527924076602E+00, -5.217875248373092E-01, -4.229564760649054E-02,  5.820351294063222E-03,  1.415134235865215E-02,  1.538108335104130E-04,
2460442.500000000, A.D. 2024-May-12 00:00:00.0000,  1.284276430674351E+00, -5.076071703336223E-01, -4.213946649357361E-02,  5.676556690137915E-03,  1.420910052575770E-02,  1.585483954861053E-04,
2460443.500000000, A.D. 2024-May-13 00:00:00.0000,  1.289880830501896E+00, -4.933698573462229E-01, -4.197855692180925E-02,  5.532141225264034E-03,  1.426525802268804E-02,  1.632676387239729E-04,
2460444.500000000, A.D. 2024-May-14 00:00:00.0000,  1.295340513132746E+00, -4.790771903997812E-01, -4.181293754669465E-02,  5.387125787761594E-03,  1.431980719619818E-02,  1.679678903970897E-04,
2460445.500000000, A.D. 2024-May-15 00:00:00.0000,  1.300654889085832E+00, -4.647307815046202E-01, -4.164262769444264E-02,  5.241531379038819E-03,  1.437274072857987E-02,  1.726484819363204E-04,
2460446.500000000, A.D. 2024-May-16 00:00:00.0000,  1.305823389935220E+00, -4.503322498201499E-01, -4.146764735761961E-02,  5.095379106823244E-03,  1.442405163969135E-02,  1.773087492383376E-04,
2460447.500000000, A.D. 2024-May-17 00:00:00.0000,  1.310845468413030E+00, -4.358832213163560E-01, -4.128801719057656E-02,  4.948690178350623E-03,  1.447373328881902E-02,  1.819480328710572E-04,
2460448.500000000, A.D. 2024-May-18 00:00:00.0000,  1.315720598505514E+00, -4.213853284335115E-01, -4.110375850467642E-02,  4.801485893516678E-03,  1.452177937636985E-02,  1.865656782762379E-04,
2460449.500000000, A.D. 2024-May-19 00:00:00.0000,  1.320448275542291E+00, -4.068402097402811E-01, -4.091489326332009E-02,  4.653787637996868E-03,  1.456818394539369E-02,  1.911610359691104E-04,
2460450.500000000, A.D. 2024-May-20 00:00:00.0000,  1.325028016278663E+00, -3.922495095903872E-01, -4.072144407677462E-02,  4.505616876339364E-03,  1.461294138293481E-02,  1.957334617348153E-04,
2460451.500000000, A.D. 2024-May-21 00:00:00.0000,  1.329459358971032E+00, -3.776148777780128E-01, -4.052343419680628E-02,  4.356995145036409E-03,  1.465604642121172E-02,  2.002823168214768E-04,
2460452.500000000, A.D. 2024-May-22 00:00:00.0000,  1.333741863445373E+00, -3.629379691921072E-01, -4.032088751112266E-02,  4.207944045580047E-03,  1.469749413862649E-02,  2.048069681297453E-04,
2460453.500000000, A.D. 2024-May-23 00:00:00.0000,  1.337875111158752E+00, -3.482204434697698E-01, -4.011382853762682E-02,  4.058485237506577E-03,  1.473727996060175E-02,  2.093067883986113E-04,
2460454.500000000, A.D. 2024-May-24 00:00:00.0000,  1.341858705253897E+00, -3.334639646488824E-01, -3.990228241848767E-02,  3.908640431436503E-03,  1.477539966024767E-02,  2.137811563873809E-04,
2460455.500000000, A.D. 2024-May-25 00:00:00.0000,  1.345692270606796E+00, -3.186702008201585E-01, -3.968627491403037E-02,  3.758431382115142E-03,  1.481184935885950E-02,  2.182294570536477E-04,
2460456.500000000, A.D. 2024-May-26 00:00:00.0000,  1.349375453867347E+00, -3.038408237787793E-01, -3.946583239645064E-02,  3.607879881459464E-03,  1.484662552624696E-02,  2.226510817272102E-04,
2460457.500000000, A.D. 2024-May-27 00:00:00.0000,  1.352907923493060E+00, -2.889775086757845E-01, -3.924098184335745E-02,  3.457007751616802E-03,  1.487972498089784E-02,  2.270454282798950E-04,
2460458.500000000, A.D. 2024-May-28 00:00:00.0000,  1.356289369775820E+00, -2.740819336693795E-01, -3.901175083114761E-02,  3.305836838041038E-03,  1.491114488997891E-02,  2.314119012913047E-04,
2460459.500000000, A.D. 2024-May-29 00:00:00.0000,  1.359519504861745E+00, -2.591557795763232E-01, -3.877816752821694E-02,  3.154389002591294E-03,  1.494088276917784E-02,  2.357499122106583E-04,
2460460.500000000, A.D. 2024-May-30 00:00:00.0000,  1.362598062764145E+00, -2.442007295235499E-01, -3.854026068801111E-02,  3.002686116657601E-03,  1.496893648239079E-02,  2.400588795149746E-04,
2460461.500000000, A.D. 2024-May-31 00:00:00.0000,  1.365524799369637E+00, -2.292184686001800E-01, -3.829805964192026E-02,  2.850750054316912E-03,  1.499530424126061E-02,  2.443382288639996E-04,
2460462.500000000, A.D. 2024-Jun-01 00:00:00.0000,  1.368299492437415E+00, -2.142106835100641E-01, -3.805159429201982E-02,  2.698602685521655E-03,  1.501998460457141E-02,  2.485873932524745E-04,
2460463.500000000, A.D. 2024-Jun-02 00:00:00.0000,  1.370921941591741E+00, -1.991790622250020E-01, -3.780089510366030E-02,  2.546265869321445E-03,  1.504297647750563E-02,  2.528058131604202E-04,
2460464.500000000, A.D. 2024-Jun-03 00:00:00.0000,  1.373391968307661E+00, -1.841252936387709E-01, -3.754599309790742E-02,  2.393761447116757E-03,  1.506427911077017E-02,  2.569929367025105E-04,
2460465.500000000, A.D. 2024-Jun-04 00:00:00.0000,  1.375709415890004E+00, -1.690510672221029E-01, -3.728691984383273E-02,  2.241111235960330E-03,  1.508389209956587E-02,  2.611482197768075E-04,
2460466.500000000, A.D. 2024-Jun-05 00:00:00.0000,  1.377874149445676E+00, -1.539580726787375E-01, -3.702370745065616E-02,  2.088337021830542E-03,  1.510181538247266E-02,  2.652711262135641E-04,
2460467.500000000, A.D. 2024-Jun-06 00:00:00.0000,  1.379886055849250E+00, -1.388479996026838E-01, -3.675638855973830E-02,  1.935460552975601E-03,  1.511804924015753E-02,  2.693611279267652E-04,
2460468.500000000, A.D. 2024-Jun-07 00:00:00.0000,  1.381745043701896E+00, -1.237225371368124E-01, -3.648499633642038E-02,  1.782503533224129E-03,  1.513259429397657E-02,  2.734177050663186E-04,
2460469.500000000, A.D. 2024-Jun-08 00:00:00.0000,  1.383451043283617E+00, -1.085833736329488E-01, -3.620956446171239E-02,  1.629487615302209E-03,  1.514545150438741E-02,  2.774403461703867E-04,
2460470.500000000, A.D. 2024-Jun-09 00:00:00.0000,  1.385004006498808E+00, -9.343219631362842E-02, -3.593012712382819E-02,  1.476434394152252E-03,  1.515662216920726E-02,  2.814285483184323E-04,
2460471.500000000, A.D. 2024-Jun-10 00:00:00.0000,  1.386403906815128E+00, -7.827069093568877E-02, -3.564671900956866E-02,  1.323365400251749E-03,  1.516610792167295E-02,  2.853818172816343E-04,
2460472.500000000, A.D. 2024-Jun-11 00:00:00.0000,  1.387650739195708E+00, -6.310054145591401E-02, -3.535937529555729E-02,  1.170302092949069E-03,  1.517391072827315E-02,  2.892996676667976E-04,
2460473.500000000, A.D. 2024-Jun-12 00:00:00.0000,  1.388744520024697E+00, -4.792342969896841E-02, -3.506813163933686E-02,  1.017265853847019E-03,  1.518003288633582E-02,  2.931816230495945E-04,
2460474.500000000, A.D. 2024-Jun-13 00:00:00.0000,  1.389685287026252E+00, -3.274103502786725E-02, -3.477302417033989E-02,  8.642779802731585E-04,  1.518447702136727E-02,  2.970272160933642E-04,
2460475.500000000, A.D. 2024-Jun-14 00:00:00.0000,  1.390473099177047E+00, -1.755503401722962E-02, -3.447408948074876E-02,  7.113596788786952E-04,  1.518724608415076E-02,  3.008359886503253E-04,
2460476.500000000, A.D. 2024-Jun-15 00:00:00.0000,  1.391108036612461E+00, -2.367100129544999E-03, -3.417136461626429E-02,  5.585320594052442E-04,  1.518834334762521E-02,  3.046074918433423E-04,
2460477.500000000, A.D. 2024-Jun-16 00:00:00.0000,  1.391590200526639E+00,  1.282109660534157E-02, -3.386488706680241E-02,  4.058161286507956E-04,  1.518777240357536E-02,  3.083412861279895E-04,
2460478.500000000, A.D. 2024-Jun-17 00:00:00.0000,  1.391919713066619E+00,  2.800788990735766E-02, -3.355469475713813E-02,  2.532327846529163E-04,  1.518553715917619E-02,  3.120369413367433E-04,
2460479.500000000, A.D. 2024-Jun-18 00:00:00.0000,  1.392096717220753E+00,  4.319161755982467E-02, -3.324082603751229E-02,  1.008028110884916E-04,  1.518164183344452E-02,  3.156940367097738E-04,
2460480.500000000, A.D. 2024-Jun-19 00:00:00.0000,  1.392121376701632E+00,  5.837062171951044E-02, -3.292331967421138E-02, -5.145312813478834E-05,  1.517609095366124E-02,  3.193121609197703E-04,
2460481.500000000, A.D. 2024-Jun-20 00:00:00.0000,  1.391993875823676E+00,  7.354324922308547E-02, -3.260221484012456E-02, -2.035144941221360E-04,  1.516888935173171E-02,  3.228909120906173E-04,
2460482.500000000, A.D. 2024-Jun-21 00:00:00.0000,  1.391714419375560E+00,  8.870785188992186E-02, -3.227755110528337E-02, -3.553608780967712E-04,  1.516004216055787E-02,  3.264298978183468E-04,
2460483.500000000, A.D. 2024-Jun-22 00:00:00.0000,  1.391283232487592E+00,  1.038627868212718E-01, -3.194936842737737E-02, -5.069720064081279E-04,  1.514955481038452E-02,  3.299287351950743E-04,
2460484.500000000, A.D. 2024-Jun-23 00:00:00.0000,  1.390700560494106E+00,  1.190064166957720E-01, -3.161770714224410E-02, -6.583277454637221E-04,  1.513743302511927E-02,  3.333870508377449E-04,
2460485.500000000, A.D. 2024-Jun-24 00:00:00.0000,  1.389966668790971E+00,  1.341371100612480E-01, -3.128260795432838E-02, -8.094081065924231E-04,  1.512368281860549E-02,  3.368044809206312E-04,
2460486.500000000, A.D. 2024-Jun-25 00:00:00.0000,  1.389081842688261E+00,  1.492532416227598E-01, -3.094411192710719E-02, -9.601932508531634E-04,  1.510831049083153E-02,  3.401806712114953E-04,
2460487.500000000, A.D. 2024-Jun-26 00:00:00.0000,  1.388046387258144E+00,  1.643531925268188E-01, -3.060226047347724E-02, -1.110663493782154E-03,  1.509132262405806E-02,  3.435152771091521E-04,
2460488.500000000, A.D. 2024-Jun-27 00:00:00.0000,  1.386860627178063E+00,  1.794353506416844E-01, -3.025709534610543E-02, -1.260799310069703E-03,  1.507272607885180E-02,  3.468079636805966E-04,
2460489.500000000, A.D. 2024-Jun-28 00:00:00.0000,  1.385524906569275E+00,  1.944981108336457E-01, -2.990865862774287E-02, -1.410581338156459E-03,  1.505252799001827E-02,  3.500584056960657E-04,
2460490.500000000, A.D. 2024-Jun-29 00:00:00.0000,  1.384039588830837E+00,  2.095398752391830E-01, -2.955699272150538E-02, -1.559990384738344E-03,  1.503073576243124E-02,  3.532662876607050E-04,
2460491.500000000, A.D. 2024-Jun-30 00:00:00.0000,  1.382405056469148E+00,  2.245590535329084E-01, -2.920214034112467E-02, -1.709007429169534E-03,  1.500735706675946E-02,  3.564313038417944E-04,
2460492.500000000, A.D. 2024-Jul-01 00:00:00.0000,  1.380621710923126E+00,  2.395540631911823E-01, -2.884414450117475E-02, -1.857613627753686E-03,  1.498239983509418E-02,  3.595531582907490E-04,
2460493.500000000, A.D. 2024-Jul-02 00:00:00.0000,  1.378689972385172E+00,  2.545233297513103E-01, -2.848304850727900E-02, -2.005790317915103E-03,  1.495587225648302E-02,  3.626315648594335E-04,
2460494.500000000, A.D. 2024-Jul-03 00:00:00.0000,  1.376610279618008E+00,  2.694652870662302E-01, -2.811889594630413E-02, -2.153519022243756E-03,  1.492778277237672E-02,  3.656662472105477E-04,
2460495.500000000, A.D. 2024-Jul-04 00:00:00.0000,  1.374383089767548E+00,  2.843783775546047E-01, -2.775173067654677E-02, -2.300781452410944E-03,  1.489814007199569E-02,  3.686569388221716E-04,
2460496.500000000, A.D. 2024-Jul-05 00:00:00.0000,  1.372008878171911E+00,  2.992610524462432E-01, -2.738159681791776E-02, -2.447559512956035E-03,  1.486695308762294E-02,  3.716033829867985E-04,
2460497.500000000, A.D. 2024-Jul-06 00:00:00.0000,  1.369488138166720E+00,  3.141117720227827E-01, -2.700853874213072E-02, -2.593835304920675E-03,  1.483423098982861E-02,  3.745053328051305E-04,
2460498.500000000, A.D. 2024-Jul-07 00:00:00.0000,  1.366821380886833E+00,  3.289290058535611E-01, -2.663260106289960E-02, -2.739591129374110E-03,  1.479998318263506E-02,  3.773625511730873E-04,
2460499.500000000, A.D. 2024-Jul-08 00:00:00.0000,  1.364009135064617E+00,  3.437112330266301E-01, -2.625382862615161E-02, -2.884809490779285E-03,  1.476421929862754E-02,  3.801748107650841E-04,
2460500.500000000, A.D. 2024-Jul-09 00:00:00.0000,  1.361051946824923E+00,  3.584569423748513E-01, -2.587226650025934E-02, -3.029473100231285E-03,  1.472694919401349E-02,  3.829418940116704E-04,
2460501.500000000, A.D. 2024-Jul-10 00:00:00.0000,  1.357950379476894E+00,  3.731646326970298E-01, -2.548795996629790E-02, -3.173564878556890E-03,  1.468818294363848E-02,  3.856635930725477E-04,
2460502.500000000, A.D. 2024-Jul-11 00:00:00.0000,  1.354705013302739E+00,  3.878328129740440E-01, -2.510095450833108E-02, -3.317067959277374E-03,  1.464793083596264E-02,  3.883397098050261E-04,
2460503.500000000, A.D. 2024-Jul-12 00:00:00.0000,  1.351316445343618E+00,  4.024600025799328E-01, -2.471129580373121E-02, -3.459965691435050E-03,  1.460620336800207E-02,  3.909700557280919E-04,
2460504.500000000, A.D. 2024-Jul-13 00:00:00.0000,  1.347785289182759E+00,  4.170447314879101E-01, -2.431902971353762E-02, -3.602241642284127E-03,  1.456301124023935E-02,  3.935544519822719E-04,
2460505.500000000, A.D. 2024-Jul-14 00:00:00.0000,  1.344112174725959E+00,  4.315855404712750E-01, -2.392420227285623E-02, -3.743879599846561E-03,  1.451836535150765E-02,  3.960927292854452E-04,
2460506.500000000, A.D. 2024-Jul-15 00:00:00.0000,  1.340297747979596E+00,  4.460809812991947E-01, -2.352685968130666E-02, -3.884863575333609E-03,  1.447227679385222E-02,  3.985847278847356E-04,
2460507.500000000, A.D. 2024-Jul-16 00:00:00.0000,  1.336342670826283E+00,  4.605296169273396E-01, -2.312704829351794E-02, -4.025177805433919E-03,  1.442475684737319E-02,  4.010302975046441E-04,
2460508.500000000, A.D. 2024-Jul-17 00:00:00.0000,  1.332247620798302E+00,  4.749300216833530E-01, -2.272481460967908E-02, -4.164806754469017E-03,  1.437581697505338E-02,  4.034292972915231E-04,
2460509.500000000, A.D. 2024-Jul-18 00:00:00.0000,  1.328013290848947E+00,  4.892807814471433E-01, -2.232020526614619E-02, -4.303735116417139E-03,  1.432546881757489E-02,  4.057815957545170E-04,
2460510.500000000, A.D. 2024-Jul-19 00:00:00.0000,  1.323640389121913E+00,  5.035804938259875E-01, -2.191326702611076E-02, -4.441947816806407E-03,  1.427372418812777E-02,  4.080870707031219E-04,
2460511.500000000, A.D. 2024-Jul-20 00:00:00.0000,  1.319129638718851E+00,  5.178277683244422E-01, -2.150404677033189E-02, -4.579430014478397E-03,  1.422059506721447E-02,  4.103456091814035E-04,
2460512.500000000, A.D. 2024-Jul-21 00:00:00.0000,  1.314481777465226E+00,  5.320212265090569E-01, -2.109259148793591E-02, -4.716167103223219E-03,  1.416609359745340E-02,  4.125571073990599E-04,
2460513.500000000, A.D. 2024-Jul-22 00:00:00.0000,  1.309697557674607E+00,  5.461595021678939E-01, -2.067894826728645E-02, -4.852144713287362E-03,  1.411023207838480E-02,  4.147214706593759E-04,
2460514.500000000, A.D. 2024-Jul-23 00:00:00.0000,  1.304777745911507E+00,  5.602412414648537E-01, -2.026316428692834E-02, -4.987348712755466E-03,  1.405302296128232E-02,  4.168386132842118E-04,
2460515.500000000, A.D. 2024-Jul-24 00:00:00.0000,  1.299723122752904E+00,  5.742651030888187E-01, -1.984528680660746E-02, -5.121765208807441E-03,  1.399447884397330E-02,  4.189084585361048E-04,
2460516.500000000, A.D. 2024-Jul-25 00:00:00.0000,  1.294534482548575E+00,  5.882297583976221E-01, -1.942536315837043E-02, -5.255380548852264E-03,  1.393461246567106E-02,  4.209309385375902E-04,
2460517.500000000, A.D. 2024-Jul-26 00:00:00.0000,  1.289212633180343E+00,  6.021338915568553E-01, -1.900344073774588E-02, -5.388181321539919E-03,  1.387343670182206E-02,  4.229059941878632E-04,
2460518.500000000, A.D. 2024-Jul-27 00:00:00.0000,  1.283758395820386E+00,  6.159761996735325E-01, -1.857956699501074E-02, -5.520154357653046E-03,  1.381096455897092E-02,  4.248335750768416E-04,
2460519.500000000, A.D. 2024-Jul-28 00:00:00.0000,  1.278172604688705E+00,  6.297553929246293E-01, -1.815378942654321E-02, -5.651286730879826E-03,  1.374720916964622E-02,  4.267136393967655E-04,
2460520.500000000, A.D. 2024-Jul-29 00:00:00.0000,  1.272456106809884E+00,  6.434701946805206E-01, -1.772615556626583E-02, -5.781565758469784E-03,  1.368218378726980E-02,  4.285461538514196E-04,
2460521.500000000, A.D. 2024-Jul-30 00:00:00.0000,  1.266609761769245E+00,  6.571193416233376E-01, -1.729671297718048E-02, -5.910979001774212E-03,  1.361590178109238E-02,  4.303310935630526E-04,
2460522.500000000, A.D. 2024-Jul-31 00:00:00.0000,  1.260634441468525E+00,  6.707015838602777E-01, -1.686550924299695E-02, -6.039514266672956E-03,  1.354837663115807E-02,  4.320684419771368E-04,
2460523.500000000, A.D. 2024-Aug-01 00:00:00.0000,  1.254531029881182E+00,  6.842156850318926E-01, -1.643259195985855E-02, -6.167159603889409E-03,  1.347962192330032E-02,  4.337581907650152E-04,
2460524.500000000, A.D. 2024-Aug-02 00:00:00.0000,  1.248300422807440E+00,  6.976604224153894E-01, -1.599800872816557E-02, -6.293903309195549E-03,  1.340965134417176E-02,  4.354003397245587E-04,
2460525.500000000, A.D. 2024-Aug-03 00:00:00.0000,  1.241943527629179E+00,  7.110345870229808E-01, -1.556180714449913E-02, -6.419733923508917E-03,  1.333847867631045E-02,  4.369948966789178E-04,
2460526.500000000, A.D. 2024-Aug-04 00:00:00.0000,  1.235461263064791E+00,  7.243369836953185E-01, -1.512403479364787E-02, -6.544640232883551E-03,  1.326611779324458E-02,  4.385418773734524E-04,
2460527.500000000, A.D. 2024-Aug-05 00:00:00.0000,  1.228854558924086E+00,  7.375664311900528E-01, -1.468473924073692E-02, -6.668611268396758E-03,  1.319258265463802E-02,  4.400413053709430E-04,
2460528.500000000, A.D. 2024-Aug-06 00:00:00.0000,  1.222124355863373E+00,  7.507217622655596E-01, -1.424396802346486E-02, -6.791636305933833E-03,  1.311788730147872E-02,  4.414932119451648E-04,
2460529.500000000, A.D. 2024-Aug-07 00:00:00.0000,  1.215271605140795E+00,  7.638018237598787E-01, -1.380176864444498E-02, -6.913704865874837E-03,  1.304204585131576E-02,  4.428976359734212E-04,
2460530.500000000, A.D. 2024-Aug-08 00:00:00.0000,  1.208297268372045E+00,  7.768054766649031E-01, -1.335818856365909E-02, -7.034806712668418E-03,  1.296507249352724E-02,  4.442546238244833E-04,
2460531.500000000, A.D. 2024-Aug-09 00:00:00.0000,  1.201202317286530E+00,  7.897315961958818E-01, -1.291327519101776E-02, -7.154931854346726E-03,  1.288698148466962E-02,  4.455642292524562E-04,
2460532.500000000, A.D. 2024-Aug-10 00:00:00.0000,  1.193987733484085E+00,  8.025790718562756E-01, -1.246707587903344E-02, -7.274070541903065E-03,  1.280778714384421E-02,  4.468265132810737E-04,
2460533.500000000, A.D. 2024-Aug-11 00:00:00.0000,  1.186654508192360E+00,  8.153468074980137E-01, -1.201963791560685E-02, -7.392213268599902E-03,  1.272750384813079E-02,  4.480415440907907E-04,
2460534.500000000, A.D. 2024-Aug-12 00:00:00.0000,  1.179203642024929E+00,  8.280337213772119E-01, -1.157100851692753E-02, -7.509350769185515E-03,  1.264614602807474E-02,  4.492093969044636E-04,
2460535.500000000, A.D. 2024-Aug-13 00:00:00.0000,  1.171636144740235E+00,  8.406387462054045E-01, -1.112123482048908E-02, -7.625474019021938E-03,  1.256372816322911E-02,  4.503301538717529E-04,
2460536.500000000, A.D. 2024-Aug-14 00:00:00.0000,  1.163953035001447E+00,  8.531608291963461E-01, -1.067036387822061E-02, -7.740574233126429E-03,  1.248026477775336E-02,  4.514039039523532E-04,
2460537.500000000, A.D. 2024-Aug-15 00:00:00.0000,  1.156155340137322E+00,  8.655989321084424E-01, -1.021844264973569E-02, -7.854642865128821E-03,  1.239577043607042E-02,  4.524307427981604E-04,
2460538.500000000, A.D. 2024-Aug-16 00:00:00.0000,  1.148244095904143E+00,  8.779520312828661E-01, -9.765517995699179E-03, -7.967671606146687E-03,  1.231025973858332E-02,  4.534107726344576E-04,
2460539.500000000, A.D. 2024-Aug-17 00:00:00.0000,  1.140220346248834E+00,  8.902191176774215E-01, -9.311636671313928E-03, -8.079652383580282E-03,  1.222374731745316E-02,  4.543441021401718E-04,
2460540.500000000, A.D. 2024-Aug-18 00:00:00.0000,  1.132085143073307E+00,  9.023991968962169E-01, -8.856845319927423E-03, -8.190577359829004E-03,  1.213624783243973E-02,  4.552308463272810E-04,
2460541.500000000, A.D. 2024-Aug-19 00:00:00.0000,  1.123839546000138E+00,  9.144912892152114E-01, -8.401190466758751E-03, -8.300438930931022E-03,  1.204777596680660E-02,  4.560711264194066E-04,
2460542.500000000, A.D. 2024-Aug-20 00:00:00.0000,  1.115484622139643E+00,  9.264944296036974E-01, -7.944718512748803E-03, -8.409229725127575E-03,  1.195834642329214E-02,  4.568650697296851E-04,
2460543.500000000, A.D. 2024-Aug-21 00:00:00.0000,  1.107021445858419E+00,  9.384076677417903E-01, -7.487475728531682E-03, -8.516942601353375E-03,  1.186797392014867E-02,  4.576128095379483E-04,
2460544.500000000, A.D. 2024-Aug-22 00:00:00.0000,  1.098451098549439E+00,  9.502300680339902E-01, -7.029508248529448E-03, -8.623570647654412E-03,  1.177667318725148E-02,  4.583144849673106E-04,
2460545.500000000, A.D. 2024-Aug-23 00:00:00.0000,  1.089774668403759E+00,  9.619607096188907E-01, -6.570862065171351E-03, -8.729107179534776E-03,  1.168445896228078E-02,  4.589702408603218E-04,
2460546.500000000, A.D. 2024-Aug-24 00:00:00.0000,  1.080993250183918E+00,  9.735986863751036E-01, -6.111583023235750E-03, -8.833545738234428E-03,  1.159134598697800E-02,  4.595802276548095E-04,
2460547.500000000, A.D. 2024-Aug-25 00:00:00.0000,  1.072107944999090E+00,  9.851431069234853E-01, -5.651716814317624E-03, -8.936880088937598E-03,  1.149734900348428E-02,  4.601446012597592E-04,
2460548.500000000, A.D. 2024-Aug-26 00:00:00.0000,  1.063119860082062E+00,  9.965930946257345E-01, -5.191308971418706E-03, -9.039104218922001E-03,  1.140248275075525E-02,  4.606635229315741E-04,
2460549.500000000, A.D. 2024-Aug-27 00:00:00.0000,  1.054030108568093E+00,  1.007947787579456E+00, -4.730404863661934E-03, -9.140212335639414E-03,  1.130676196106998E-02,  4.611371591510355E-04,
2460550.500000000, A.D. 2024-Aug-28 00:00:00.0000,  1.044839809275723E+00,  1.019206338609771E+00, -4.269049691128159E-03, -9.240198864745688E-03,  1.121020135662757E-02,  4.615656815019670E-04,
2460551.500000000, A.D. 2024-Aug-29 00:00:00.0000,  1.035550086489571E+00,  1.030367915257580E+00, -3.807288479812390E-03, -9.339058448081815E-03,  1.111281564623920E-02,  4.619492665521856E-04,
2460552.500000000, A.D. 2024-Aug-30 00:00:00.0000,  1.026162069745183E+00,  1.041431699764559E+00, -3.345166076698324E-03, -9.436785941613830E-03,  1.101461952212034E-02,  4.622880957376392E-04,
2460553.500000000, A.D. 2024-Aug-31 00:00:00.0000,  1.016676893615943E+00,  1.052396889055001E+00, -2.882727144946127E-03, -9.533376413343645E-03,  1.091562765678508E-02,  4.625823552509045E-04,
2460554.500000000, A.D. 2024-Sep-01 00:00:00.0000,  1.007095697502094E+00,  1.063262694714610E+00, -2.420016159190037E-03, -9.628825141205591E-03,  1.081585470004083E-02,  4.628322359350311E-04,
2460555.500000000, A.D. 2024-Sep-02 00:00:00.0000,  9.974196254218528E-01,  1.074028342966326E+00, -1.957077400937463E-03, -9.723127610964217E-03,  1.071531527607747E-02,  4.630379331835527E-04,
2460556.500000000, A.D. 2024-Sep-03 00:00:00.0000,  9.876498258046271E-01,  1.084693074643287E+00, -1.493954954066400E-03, -9.816279514128053E-03,  1.061402398064049E-02,  4.631996468470229E-04,
2460557.500000000, A.D. 2024-Sep-04 00:00:00.0000,  9.777874512863042E-01,  1.095256145159007E+00, -1.030692700412543E-03, -9.908276745891335E-03,  1.051199537827250E-02,  4.633175811457538E-04,
2460558.500000000, A.D. 2024-Sep-05 00:00:00.0000,  9.678336585065775E-01,  1.105716824474805E+00, -5.673343154407128E-04, -9.999115403111235E-03,  1.040924399960200E-02,  4.633919445875927E-04,
2460559.500000000, A.D. 2024-Sep-06 00:00:00.0000,  9.577896079082817E-01,  1.116074397064554E+00, -1.039232639969236E-04, -1.008879178232196E-02,  1.030578433865177E-02,  4.634229498885095E-04,
2460560.500000000, A.D. 2024-Sep-07 00:00:00.0000,  9.476564635386935E-01,  1.126328161876720E+00,  3.594972038589752E-04, -1.017730237777915E-02,  1.020163085013313E-02,  4.634108138924858E-04,
2460561.500000000, A.D. 2024-Sep-08 00:00:00.0000,  9.374353928527873E-01,  1.136477432293708E+00,  8.228840569430570E-04, -1.026464387950227E-02,  1.009679794676920E-02,  4.633557574923197E-04,
2460562.500000000, A.D. 2024-Sep-09 00:00:00.0000,  9.271275665184676E-01,  1.146521536088482E+00,  1.286194486947331E-03, -1.035081317127841E-02,  9.991299996488255E-03,  4.632580055314262E-04,
2460563.500000000, A.D. 2024-Sep-10 00:00:00.0000,  9.167341582238220E-01,  1.156459815378404E+00,  1.749385912342635E-03, -1.043580732859750E-02,  9.885151319687171E-03,  4.631177867047269E-04,
2460564.500000000, A.D. 2024-Sep-11 00:00:00.0000,  9.062563444864994E-01,  1.166291626576285E+00,  2.212415982170024E-03, -1.051962361647781E-02,  9.778366186401887E-03,  4.629353334377737E-04,
2460565.500000000, A.D. 2024-Sep-12 00:00:00.0000,  8.956953044653153E-01,  1.176016340338638E+00,  2.675242579708634E-03, -1.060225948717118E-02,  9.670958813544650E-03,  4.627108817578377E-04,
2460566.500000000, A.D. 2024-Sep-13 00:00:00.0000,  8.850522197742331E-01,  1.185633341511191E+00,  3.137823826006744E-03, -1.068371257770987E-02,  9.562943362187569E-03,  4.624446711511615E-04,
2460567.500000000, A.D. 2024-Sep-14 00:00:00.0000,  8.743282742988676E-01,  1.195142029071730E+00,  3.600118083265407E-03, -1.076398070731607E-02,  9.454333934950255E-03,  4.621369444129365E-04,
2460568.500000000, A.D. 2024-Sep-15 00:00:00.0000,  8.635246540156377E-01,  1.204541816070399E+00,  4.062083958072787E-03, -1.084306187470271E-02,  9.345144573528849E-03,  4.617879474956230E-04,
2460569.500000000, A.D. 2024-Sep-16 00:00:00.0000,  8.526425468136577E-01,  1.213832129567607E+00,  4.523680304485573E-03, -1.092095425529933E-02,  9.235389256386289E-03,  4.613979293602659E-04,
2460570.500000000, A.D. 2024-Sep-17 00:00:00.0000,  8.416831423194259E-01,  1.223012410569709E+00,  4.984866226966183E-03, -1.099765619843820E-02,  9.125081896609186E-03,  4.609671418344057E-04,
2460571.500000000, A.D. 2024-Sep-18 00:00:00.0000,  8.306476317243320E-01,  1.232082113962625E+00,  5.445601083182141E-03, -1.107316622453449E-02,  9.014236339924969E-03,  4.604958394790960E-04,
2460572.500000000, A.D. 2024-Sep-19 00:00:00.0000,  8.195372076149764E-01,  1.241040708443555E+00,  5.905844486677377E-03, -1.114748302228970E-02,  8.902866362864331E-03,  4.599842794664482E-04,
2460573.500000000, A.D. 2024-Sep-20 00:00:00.0000,  8.083530638062635E-01,  1.249887676450908E+00,  6.365556309426421E-03, -1.122060544593984E-02,  8.790985671048289E-03,  4.594327214678911E-04,
2460574.500000000, A.D. 2024-Sep-21 00:00:00.0000,  7.970963951772203E-01,  1.258622514092589E+00,  6.824696684281827E-03, -1.129253251255892E-02,  8.678607897576277E-03,  4.588414275521701E-04,
2460575.500000000, A.D. 2024-Sep-22 00:00:00.0000,  7.857683975094845E-01,  1.267244731072696E+00,  7.283226007324327E-03, -1.136326339941445E-02,  8.565746601491874E-03,  4.582106620907805E-04,
2460576.500000000, A.D. 2024-Sep-23 00:00:00.0000,  7.743702673284184E-01,  1.275753850616727E+00,  7.741104940119252E-03, -1.143279744135442E-02,  8.452415266305762E-03,  4.575406916672766E-04,
2460577.500000000, A.D. 2024-Sep-24 00:00:00.0000,  7.629032017468144E-01,  1.284149409395333E+00,  8.198294411886395E-03, -1.150113412825743E-02,  8.338627298582603E-03,  4.568317849938167E-04,
2460578.500000000, A.D. 2024-Sep-25 00:00:00.0000,  7.513683983111245E-01,  1.292430957446678E+00,  8.654755621587499E-03, -1.156827310249737E-02,  8.224396026559241E-03,  4.560842128278146E-04,
2460579.500000000, A.D. 2024-Sep-26 00:00:00.0000,  7.397670548502251E-01,  1.300598058097443E+00,  9.110450039930773E-03, -1.163421415643772E-02,  8.109734698810364E-03,  4.552982478913399E-04,
2460580.500000000, A.D. 2024-Sep-27 00:00:00.0000,  7.281003693266729E-01,  1.308650287882508E+00,  9.565339411295514E-03, -1.169895722994047E-02,  7.994656482951156E-03,  4.544741647910012E-04,
2460581.500000000, A.D. 2024-Sep-28 00:00:00.0000,  7.163695396904467E-01,  1.316587236463368E+00,  1.001938575557636E-02, -1.176250240788676E-02,  7.879174464380823E-03,  4.536122399383273E-04,
2460582.500000000, A.D. 2024-Sep-29 00:00:00.0000,  7.045757637351654E-01,  1.324408506545296E+00,  1.047255136994873E-02, -1.182484991770446E-02,  7.763301645067583E-03,  4.527127514702261E-04,
2460583.500000000, A.D. 2024-Sep-30 00:00:00.0000,  6.927202389567739E-01,  1.332113713793330E+00,  1.092479883055520E-02, -1.188600012690107E-02,  7.647050942377500E-03,  4.517759791695527E-04,
2460584.500000000, A.D. 2024-Oct-01 00:00:00.0000,  6.808041624146972E-01,  1.339702486747103E+00,  1.137609099411020E-02, -1.194595354060066E-02,  7.530435187949206E-03,  4.508022043857797E-04,
2460585.500000000, A.D. 2024-Oct-02 00:00:00.0000,  6.688287305954522E-01,  1.347174466734570E+00,  1.182639099942898E-02, -1.200471079908481E-02,  7.413467126616125E-03,  4.497917099559158E-04,
2460586.500000000, A.D. 2024-Oct-03 00:00:00.0000,  6.567951392787186E-01,  1.354529307784687E+00,  1.227566226887391E-02, -1.206227267533796E-02,  7.296159415377507E-03,  4.487447801257713E-04,
2460587.500000000, A.D. 2024-Oct-04 00:00:00.0000,  6.447045834058608E-01,  1.361766676539082E+00,  1.272386850972522E-02, -1.211864007259793E-02,  7.178524622419201E-03,  4.476617004717285E-04,
2460588.500000000, A.D. 2024-Oct-05 00:00:00.0000,  6.325582569508973E-01,  1.368886252162773E+00,  1.317097371547281E-02, -1.217381402191309E-02,  7.060575226184748E-03,  4.465427578231581E-04,
2460589.500000000, A.D. 2024-Oct-06 00:00:00.0000,  6.203573527939076E-01,  1.375887726253983E+00,  1.361694216702973E-02, -1.222779567970756E-02,  6.942323614497000E-03,  4.453882401856732E-04,
2460590.500000000, A.D. 2024-Oct-07 00:00:00.0000,  6.081030625968701E-01,  1.382770802753099E+00,  1.406173843387158E-02, -1.228058632535603E-02,  6.823782083730142E-03,  4.441984366652898E-04,
2460591.500000000, A.D. 2024-Oct-08 00:00:00.0000,  5.957965766819197E-01,  1.389535197850833E+00,  1.450532737509925E-02, -1.233218735876982E-02,  6.704962838031614E-03,  4.429736373936681E-04,
2460592.500000000, A.D. 2024-Oct-09 00:00:00.0000,  5.834390839120127E-01,  1.396180639895623E+00,  1.494767414042707E-02, -1.238260029799550E-02,  6.585877988593113E-03,  4.417141334544541E-04,
2460593.500000000, A.D. 2024-Oct-10 00:00:00.0000,  5.710317715739932E-01,  1.402706869300344E+00,  1.538874417109782E-02, -1.243182677680985E-02,  6.466539552985849E-03,  4.404202168102784E-04,
2460594.500000000, A.D. 2024-Oct-11 00:00:00.0000,  5.585758252640468E-01,  1.409113638448360E+00,  1.582850320072787E-02, -1.247986854236273E-02,  6.346959454514012E-03,  4.390921802319513E-04,
2460595.500000000, A.D. 2024-Oct-12 00:00:00.0000,  5.460724287755117E-01,  1.415400711598966E+00,  1.626691725607907E-02, -1.252672745280565E-02,  6.227149521643337E-03,  4.377303172281053E-04,
2460596.500000000, A.D. 2024-Oct-13 00:00:00.0000,  5.335227639890501E-01,  1.421567864792276E+00,  1.670395265776160E-02, -1.257240547494911E-02,  6.107121487465242E-03,  4.363349219765241E-04,
2460597.500000000, A.D. 2024-Oct-14 00:00:00.0000,  5.209280107651550E-01,  1.427614885753607E+00,  1.713957602087011E-02, -1.261690468193519E-02,  5.986886989208839E-03,  4.349062892567087E-04,
2460598.500000000, A.D. 2024-Oct-15 00:00:00.0000,  5.082893468389744E-01,  1.433541573797384E+00,  1.757375425555214E-02, -1.266022725092819E-02,  5.866457567798143E-03,  4.334447143838016E-04,
2460599.500000000, A.D. 2024-Oct-16 00:00:00.0000,  4.956079477174359E-01,  1.439347739730637E+00,  1.800645456751080E-02, -1.270237546082422E-02,  5.745844667453490E-03,  4.319504931438645E-04,
2460600.500000000, A.D. 2024-Oct-17 00:00:00.0000,  4.828849865786525E-01,  1.445033205756115E+00,  1.843764445844470E-02, -1.274335168998051E-02,  5.625059635336195E-03,  4.304239217305326E-04,
2460601.500000000, A.D. 2024-Oct-18 00:00:00.0000,  4.701216341735876E-01,  1.450597805375067E+00,  1.886729172642400E-02, -1.278315841396496E-02,  5.504113721235402E-03,  4.288652966830378E-04,
2460602.500000000, A.D. 2024-Oct-19 00:00:00.0000,  4.573190587299610E-01,  1.456041383289727E+00,  1.929536446620499E-02, -1.282179820332678E-02,  5.383018077296188E-03,  4.272749148255954E-04,
2460603.500000000, A.D. 2024-Oct-20 00:00:00.0000,  4.444784258583739E-01,  1.461363795305559E+00,  1.972183106948663E-02, -1.285927372138866E-02,  5.261783757787850E-03,  4.256530732081752E-04,
2460604.500000000, A.D. 2024-Oct-21 00:00:00.0000,  4.316008984606293E-01,  1.466564908233272E+00,  2.014666022510623E-02, -1.289558772206100E-02,  5.140421718911424E-03,  4.240000690486189E-04,
2460605.500000000, A.D. 2024-Oct-22 00:00:00.0000,  4.186876366402287E-01,  1.471644599790678E+00,  2.056982091917880E-02, -1.293074304767886E-02,  5.018942818645417E-03,  4.223161996761314E-04,
2460606.500000000, A.D. 2024-Oct-23 00:00:00.0000,  4.057397976150184E-01,  1.476602758504406E+00,  2.099128243518245E-02, -1.296474262686178E-02,  4.897357816628764E-03,  4.206017624760943E-04,
2460607.500000000, A.D. 2024-Oct-24 00:00:00.0000,  3.927585356319662E-01,  1.481439283611519E+00,  2.141101435398505E-02, -1.299758947239728E-02,  4.775677374080012E-03,  4.188570548362410E-04,
2460608.500000000, A.D. 2024-Oct-25 00:00:00.0000,  3.797450018840410E-01,  1.486154084961067E+00,  2.182898655382195E-02, -1.302928667914813E-02,  4.653912053751772E-03,  4.170823740941303E-04,
2460609.500000000, A.D. 2024-Oct-26 00:00:00.0000,  3.667003444291745E-01,  1.490747082915615E+00,  2.224516921021964E-02, -1.305983742198380E-02,  4.532072319919441E-03,  4.152780174859494E-04,
2460610.500000000, A.D. 2024-Oct-27 00:00:00.0000,  3.536257081112782E-01,  1.495218208252771E+00,  2.265953279586909E-02, -1.308924495373655E-02,  4.410168538403247E-03,  4.134442820966001E-04,
2460611.500000000, A.D. 2024-Oct-28 00:00:00.0000,  3.405222344832921E-01,  1.499567402066759E+00,  2.307204808045022E-02, -1.311751260318228E-02,  4.288210976622644E-03,  4.115814648110639E-04,
2460612.500000000, A.D. 2024-Oct-29 00:00:00.0000,  3.273910617322406E-01,  1.503794615670054E+00,  2.348268613040836E-02, -1.314464377304647E-02,  4.166209803682084E-03,  4.096898622670373E-04,
2460613.500000000, A.D. 2024-Oct-30 00:00:00.0000,  3.142333246062690E-01,  1.507899810495128E+00,  2.389141830868336E-02, -1.317064193803547E-02,  4.044175090487273E-03,  4.077697708087964E-04,
2460614.500000000, A.D. 2024-Oct-31 00:00:00.0000,  3.010501543436369E-01,  1.511882957996316E+00,  2.429821627439420E-02, -1.319551064289327E-02,  3.922116809890896E-03,  4.058214864422989E-04,
2460615.500000000, A.D. 2024-Nov-01 00:00:00.0000,  2.878426786036407E-01,  1.515744039551853E+00,  2.470305198247783E-02, -1.321925350048394E-02,  3.800044836866931E-03,  4.038453047914739E-04,
2460616.500000000, A.D. 2024-Nov-02 00:00:00.0000,  2.746120213994424E-01,  1.519483046366089E+00,  2.510589768328711E-02, -1.324187418989983E-02,  3.677968948712580E-03,  4.018415210556956E-04,
2460617.500000000, A.D. 2024-Nov-03 00:00:00.0000,  2.613593030327757E-01,  1.523099979371931E+00,  2.550672592214433E-02, -1.326337645459577E-02,  3.555898825276926E-03,  3.998104299684074E-04,
2460618.500000000, A.D. 2024-Nov-04 00:00:00.0000,  2.480856400305062E-01,  1.526594849133511E+00,  2.590550953885537E-02, -1.328376410054900E-02,  3.433844049215375E-03,  3.977523257568665E-04,
2460619.500000000, A.D. 2024-Nov-05 00:00:00.0000,  2.347921450830180E-01,  1.529967675749140E+00,  2.630222166718379E-02, -1.330304099444530E-02,  3.311814106268962E-03,  3.956675021029866E-04,
2460620.500000000, A.D. 2024-Nov-06 00:00:00.0000,  2.214799269844009E-01,  1.533218488754534E+00,  2.669683573428696E-02, -1.332121106189081E-02,  3.189818385567662E-03,  3.935562521052304E-04,
2460621.500000000, A.D. 2024-Nov-07 00:00:00.0000,  2.081500905744143E-01,  1.536347327026371E+00,  2.708932546011299E-02, -1.333827828564979E-02,  3.067866179956769E-03,  3.914188682415352E-04,
2460622.500000000, A.D. 2024-Nov-08 00:00:00.0000,  1.948037366821984E-01,  1.539354238686176E+00,  2.747966485676289E-02, -1.335424670390804E-02,  2.945966686345517E-03,  3.892556423332163E-04,
2460623.500000000, A.D. 2024-Nov-09 00:00:00.0000,  1.814419620717111E-01,  1.542239281004568E+00,  2.786782822781582E-02, -1.336912040856175E-02,  2.824129006077079E-03,  3.870668655098071E-04,
2460624.500000000, A.D. 2024-Nov-10 00:00:00.0000,  1.680658593888624E-01,  1.545002520305887E+00,  2.825379016762031E-02, -1.338290354353158E-02,  2.702362145319119E-03,  3.848528281747981E-04,
2460625.500000000, A.D. 2024-Nov-11 00:00:00.0000,  1.546765171103194E-01,  1.547644031873225E+00,  2.863752556055178E-02, -1.339560030310552E-02,  2.580675015474460E-03,  3.826138199726122E-04,
2460626.500000000, A.D. 2024-Nov-12 00:00:00.0000,  1.412750194939734E-01,  1.550163899853872E+00,  2.901900958023572E-02, -1.340721493028335E-02,  2.459076433610115E-03,  3.803501297539813E-04,
2460627.500000000, A.D. 2024-Nov-13 00:00:00.0000,  1.278624465310131E-01,  1.552562217165203E+00,  2.939821768874002E-02, -1.341775171519711E-02,  2.337575122904252E-03,  3.780620455476687E-04,
2460628.500000000, A.D. 2024-Nov-14 00:00:00.0000,  1.144398738996056E-01,  1.554839085401019E+00,  2.977512563573603E-02, -1.342721499349668E-02,  2.216179713115045E-03,  3.757498545265332E-04,
2460629.500000000, A.D. 2024-Nov-15 00:00:00.0000,  1.010083729201610E-01,  1.556994614738372E+00,  3.014970945762720E-02, -1.343560914478627E-02,  2.094898741062839E-03,  3.734138429773648E-04,
2460630.500000000, A.D. 2024-Nov-16 00:00:00.0000,  8.756901051215242E-02,  1.559028923844873E+00,  3.052194547664895E-02, -1.344293859108051E-02,  1.973740651131304E-03,  3.710542962711436E-04,
2460631.500000000, A.D. 2024-Nov-17 00:00:00.0000,  7.412284915246901E-02,  1.560942139786513E+00,  3.089181029993660E-02, -1.344920779528022E-02,  1.852713795786912E-03,  3.686714988337520E-04,
2460632.500000000, A.D. 2024-Nov-18 00:00:00.0000,  6.067094683528385E-02,  1.562734397936014E+00,  3.125928081856785E-02, -1.345442125966745E-02,  1.731826436116904E-03,  3.662657341171970E-04,
2460633.500000000, A.D. 2024-Nov-19 00:00:00.0000,  4.721435703341736E-02,  1.564405841881729E+00,  3.162433420657277E-02, -1.345858352441909E-02,  1.611086742386666E-03,  3.638372845714389E-04,
2460634.500000000, A.D. 2024-Nov-20 00:00:00.0000,  3.375412866117831E-02,  1.565956623337104E+00,  3.198694791991951E-02, -1.346169916613863E-02,  1.490502794618146E-03,  3.613864316169584E-04,
2460635.500000000, A.D. 2024-Nov-21 00:00:00.0000,  2.029130603866356E-02,  1.567386902050735E+00,  3.234709969547059E-02, -1.346377279640589E-02,  1.370082583191497E-03,  3.589134556182907E-04,
2460636.500000000, A.D. 2024-Nov-22 00:00:00.0000,  6.826928857499442E-03,  1.568696845717038E+00,  3.270476754991469E-02, -1.346480906034537E-02,  1.249834009472674E-03,  3.564186358588509E-04,
2460637.500000000, A.D. 2024-Nov-23 00:00:00.0000, -6.637967851995568E-03,  1.569886629887560E+00,  3.305992977867350E-02, -1.346481263521472E-02,  1.129764886470155E-03,  3.539022505174827E-04,
2460638.500000000, A.D. 2024-Nov-24 00:00:00.0000, -2.010235375224762E-02,  1.570956437882963E+00,  3.341256495478613E-02, -1.346378822901624E-02,  1.009882939524292E-03,  3.513645766473197E-04,
2460639.500000000, A.D. 2024-Nov-25 00:00:00.0000, -3.356520322848902E-02,  1.571906460705718E+00,  3.376265192777456E-02, -1.346174057913569E-02,  8.901958070330942E-04,  3.488058901576969E-04,
2460640.500000000, A.D. 2024-Nov-26 00:00:00.0000, -4.702549541747478E-02,  1.572736896953537E+00,  3.411016982249190E-02, -1.345867445101466E-02,  7.707110412184153E-04,  3.462264658000477E-04,
2460641.500000000, A.D. 2024-Nov-27 00:00:00.0000, -6.048221423489254E-02,  1.573447952733601E+00,  3.445509803795953E-02, -1.345459463686641E-02,  6.514361089315405E-04,  3.436265771586195E-04,
2460642.500000000, A.D. 2024-Nov-28 00:00:00.0000, -7.393434840151329E-02,  1.574039841577614E+00,  3.479741624619891E-02, -1.344950595444661E-02,  5.323783925016961E-04,  3.410064966474175E-04,
2460643.500000000, A.D. 2024-Nov-29 00:00:00.0000, -8.738089146814718E-02,  1.574512784357702E+00,  3.513710439105951E-02, -1.344341324588716E-02,  4.135451906064529E-04,  3.383664955124002E-04,
2460644.500000000, A.D. 2024-Nov-30 00:00:00.0000, -1.008208418394678E-01,  1.574867009203230E+00,  3.547414268705813E-02, -1.343632137661107E-02,  2.949437191922348E-04,  3.357068438429523E-04,
2460645.500000000, A.D. 2024-Dec-01 00:00:00.0000, -1.142532027967997E-01,  1.575102751418515E+00,  3.580851161822898E-02, -1.342823523433882E-02,  1.765811123654610E-04,  3.330278105871275E-04,
2460646.500000000, A.D. 2024-Dec-02 00:00:00.0000, -1.276769825199555E-01,  1.575220253401434E+00,  3.614019193699191E-02, -1.341915972818250E-02,  5.846442328885690E-05,  3.303296635731956E-04,
2460647.500000000, A.D. 2024-Dec-03 00:00:00.0000, -1.410911941082129E-01,  1.575219764562915E+00,  3.646916466304552E-02, -1.340909978783178E-02, -5.939937496448582E-05,  3.276126695340565E-04,
2460648.500000000, A.D. 2024-Dec-04 00:00:00.0000, -1.544948556005183E-01,  1.575101541247241E+00,  3.679541108228361E-02, -1.339806036281711E-02, -1.770033886326157E-04,  3.248770941305205E-04,
2460649.500000000, A.D. 2024-Dec-05 00:00:00.0000, -1.678869899949816E-01,  1.574865846653090E+00,  3.711891274573219E-02, -1.338604642182197E-02, -2.943408025816155E-04,  3.221232019693464E-04,
2460650.500000000, A.D. 2024-Dec-06 00:00:00.0000, -1.812666252676918E-01,  1.574512950755208E+00,  3.743965146850194E-02, -1.337306295200837E-02, -4.114048797248187E-04,  3.193512566122589E-04,
2460651.500000000, A.D. 2024-Dec-07 00:00:00.0000, -1.946327943908498E-01,  1.574043130226607E+00,  3.775760932874121E-02, -1.335911495831684E-02, -5.281889605390172E-04,  3.165615205729506E-04,
2460652.500000000, A.D. 2024-Dec-08 00:00:00.0000, -2.079845353501723E-01,  1.573456668361214E+00,  3.807276866658228E-02, -1.334420746270512E-02, -6.446864626606613E-04,  3.137542553002959E-04,
2460653.500000000, A.D. 2024-Dec-09 00:00:00.0000, -2.213208911614924E-01,  1.572753854996885E+00,  3.838511208306108E-02, -1.332834550329816E-02, -7.608908805340118E-04,  3.109297211476791E-04,
2460654.500000000, A.D. 2024-Dec-10 00:00:00.0000, -2.346409098864591E-01,  1.571934986438770E+00,  3.869462243900263E-02, -1.331153413343515E-02, -8.767957850727586E-04,  3.080881773304550E-04,
2460655.500000000, A.D. 2024-Dec-11 00:00:00.0000, -2.479436446472333E-01,  1.571000365383022E+00,  3.900128285385677E-02, -1.329377842061884E-02, -9.923948232868050E-04,  3.052298818761241E-04,
2460656.500000000, A.D. 2024-Dec-12 00:00:00.0000, -2.612281536400958E-01,  1.569950300840924E+00,  3.930507670448675E-02, -1.327508344539639E-02, -1.107681717816689E-03,  3.023550915748160E-04,
2460657.500000000, A.D. 2024-Dec-13 00:00:00.0000, -2.744935001479306E-01,  1.568785108063540E+00,  3.960598762390707E-02, -1.325545430023935E-02, -1.222650266374794E-03,  2.994640619313932E-04,
2460658.500000000, A.D. 2024-Dec-14 00:00:00.0000, -2.877387525515542E-01,  1.567505108466933E+00,  3.990399949997588E-02, -1.323489608834225E-02, -1.337294341113306E-03,  2.965570471215508E-04,
2460659.500000000, A.D. 2024-Dec-15 00:00:00.0000, -3.009629843398793E-01,  1.566110629558123E+00,  4.019909647404851E-02, -1.321341392252252E-02, -1.451607887848506E-03,  2.936342999604723E-04,
2460660.500000000, A.D. 2024-Dec-16 00:00:00.0000, -3.141652741189963E-01,  1.564602004861818E+00,  4.049126293960593E-02, -1.319101292414483E-02, -1.565584925238017E-03,  2.906960718801305E-04,
2460661.500000000, A.D. 2024-Dec-17 00:00:00.0000, -3.273447056202132E-01,  1.562979573848017E+00,  4.078048354086316E-02, -1.316769822212025E-02, -1.679219543884495E-03,  2.877426129160669E-04,
2460662.500000000, A.D. 2024-Dec-18 00:00:00.0000, -3.405003677071359E-01,  1.561243681860537E+00,  4.106674317137053E-02, -1.314347495198538E-02, -1.792505905402397E-03,  2.847741717029716E-04,
2460663.500000000, A.D. 2024-Dec-19 00:00:00.0000, -3.536313543818637E-01,  1.559394680046464E+00,  4.135002697261354E-02, -1.311834825505620E-02, -1.905438241469712E-03,  2.817909954768753E-04,
2460664.500000000, A.D. 2024-Dec-20 00:00:00.0000, -3.667367647903749E-01,  1.557432925286574E+00,  4.163032033261681E-02, -1.309232327764939E-02, -2.018010852880638E-03,  2.787933300820458E-04,
2460665.500000000, A.D. 2024-Dec-21 00:00:00.0000, -3.798157032271625E-01,  1.555358780126677E+00,  4.190760888455747E-02, -1.306540517036267E-02, -2.130218108610229E-03,  2.757814199809725E-04,
2460666.500000000, A.D. 2024-Dec-22 00:00:00.0000, -3.928672791391767E-01,  1.553172612709904E+00,  4.218187850538925E-02, -1.303759908740471E-02, -2.242054444897740E-03,  2.727555082660855E-04,
2460667.500000000, A.D. 2024-Dec-23 00:00:00.0000, -4.058906071291183E-01,  1.550874796709887E+00,  4.245311531447823E-02, -1.300891018596566E-02, -2.353514364352013E-03,  2.697158366721600E-04,
2460668.500000000, A.D. 2024-Dec-24 00:00:00.0000, -4.188848069581189E-01,  1.548465711264828E+00,  4.272130567225172E-02, -1.297934362561955E-02, -2.464592435079493E-03,  2.666626455885917E-04,
2460669.500000000, A.D. 2024-Dec-25 00:00:00.0000, -4.318490035478362E-01,  1.545945740912428E+00,  4.298643617885876E-02, -1.294890456775145E-02, -2.575283289833689E-03,  2.635961740710415E-04,
2460670.500000000, A.D. 2024-Dec-26 00:00:00.0000, -4.447823269819874E-01,  1.543315275525662E+00,  4.324849367284137E-02, -1.291759817500413E-02, -2.685581625183702E-03,  2.605166598521831E-04,
2460671.500000000, A.D. 2024-Dec-27 00:00:00.0000, -4.576839125073372E-01,  1.540574710249363E+00,  4.350746522981707E-02, -1.288542961074166E-02, -2.795482200699207E-03,  2.574243393515691E-04,
2460672.500000000, A.D. 2024-Dec-28 00:00:00.0000, -4.705529005341579E-01,  1.537724445437634E+00,  4.376333816117018E-02, -1.285240403853077E-02, -2.904979838149734E-03,  2.543194476848918E-04,
2460673.500000000, A.D. 2024-Dec-29 00:00:00.0000, -4.833884366361774E-01,  1.534764886592033E+00,  4.401610001275245E-02, -1.281852662162988E-02, -3.014069420715860E-03,  2.512022186719284E-04,
2460674.500000000, A.D. 2024-Dec-30 00:00:00.0000, -4.961896715500205E-01,  1.531696444300558E+00,  4.426573856359006E-02, -1.278380252249457E-02, -3.122745892209527E-03,  2.480728848442302E-04,
2460675.500000000, A.D. 2024-Dec-31 00:00:00.0000, -5.089557611741640E-01,  1.528519534177404E+00,  4.451224182460004E-02, -1.274823690229306E-02, -3.231004256302854E-03,  2.449316774520424E-04,
2460676.500000000, A.D. 2025-Jan-01 00:00:00.0000, -5.216858665674121E-01,  1.525234576803478E+00,  4.475559803731194E-02, -1.271183492043410E-02, -3.338839575763387E-03,  2.417788264708381E-04,
