2415020.500000000, A.D. 1900-Jan-01 00:00:00.0000, -3.873786086579065E-01, -1.626546484088456E-01,  2.239016479422692E-02,  5.080088572356584E-03, -2.470280930917782E-02, -2.482303035708166E-03,
2415030.500000000, A.D. 1900-Jan-11 00:00:00.0000, -2.715159222785259E-01, -3.671800308659091E-01, -4.954987176402051E-03,  1.693108001866011E-02, -1.539094962558986E-02, -2.813660630544863E-03,
2415040.500000000, A.D. 1900-Jan-21 00:00:00.0000, -7.073373289247981E-02, -4.599387806638646E-01, -3.100101578229219E-02,  2.216713341555680E-02, -2.829121782897768E-03, -2.271090691520973E-03,
2415050.500000000, A.D. 1900-Jan-31 00:00:00.0000,  1.501855137174329E-01, -4.198023543075506E-01, -4.806187486259612E-02,  2.085654206526894E-02,  1.091986342114218E-02, -1.029118682412778E-03,
2415060.500000000, A.D. 1900-Feb-10 00:00:00.0000,  3.198761925575345E-01, -2.444449053286033E-01, -4.937909371874334E-02,  1.153919649817130E-02,  2.368081019116405E-02,  8.692444178891954E-04,
2415070.500000000, A.D. 1900-Feb-20 00:00:00.0000,  3.463670435351465E-01,  3.114430599911120E-02, -2.934092806790636E-02, -7.948849928553083E-03,  2.929858645336192E-02,  3.121176143591231E-03,
2415080.500000000, A.D. 1900-Mar-02 00:00:00.0000,  1.473701983914774E-01,  2.719768957721840E-01,  8.617335934138881E-03, -3.034723490654753E-02,  1.453404282157783E-02,  3.978644902772547E-03,
2415090.500000000, A.D. 1900-Mar-12 00:00:00.0000, -1.764877317178684E-01,  2.695109611285487E-01,  3.822535570867826E-02, -2.920354176476654E-02, -1.430668537163039E-02,  1.521181533344240E-03,
2415100.500000000, A.D. 1900-Mar-22 00:00:00.0000, -3.731069862267760E-01,  4.685646940270210E-02,  3.816368583261249E-02, -9.345888178015120E-03, -2.668862151568902E-02, -1.316440280006331E-03,
2415110.500000000, A.D. 1900-Apr-01 00:00:00.0000, -3.739862260867945E-01, -2.113949475836770E-01,  1.718213172479182E-02,  8.057146952057588E-03, -2.324253841526232E-02, -2.637227047606542E-03,
2415120.500000000, A.D. 1900-Apr-11 00:00:00.0000, -2.354782155182299E-01, -3.960479206980289E-01, -1.062661117940395E-02,  1.851003300919219E-02, -1.301509058061179E-02, -2.765218910693218E-03,
2415130.500000000, A.D. 1900-Apr-21 00:00:00.0000, -2.537481170696383E-02, -4.629026032493916E-01, -3.541785197504176E-02,  2.245301389028912E-02, -8.154832808506129E-05, -2.073309379040537E-03,
2415140.500000000, A.D. 1900-May-01 00:00:00.0000,  1.914183054804328E-01, -3.947944269531107E-01, -4.981751331601410E-02,  1.968972490410255E-02,  1.369895354025006E-02, -6.950534747211032E-04,
2415150.500000000, A.D. 1900-May-11 00:00:00.0000,  3.402366057500822E-01, -1.942064719372264E-01, -4.715571713124145E-02,  8.435530377778411E-03,  2.573911627589595E-02,  1.322796803538325E-03,
2415160.500000000, A.D. 1900-May-21 00:00:00.0000,  3.251793890772606E-01,  8.989285410947832E-02, -2.259919493275334E-02, -1.294069509313436E-02,  2.839156746323519E-02,  3.506670440995202E-03,
2415170.500000000, A.D. 1900-May-31 00:00:00.0000,  8.310903705237067E-02,  2.956635178025649E-01,  1.646409289943694E-02, -3.271729132241557E-02,  8.691244682021952E-03,  3.720258032142534E-03,
2415180.500000000, A.D. 1900-Jun-10 00:00:00.0000, -2.324025300722032E-01,  2.359420649203514E-01,  4.063413685175526E-02, -2.574584754705762E-02, -1.859316037762821E-02,  8.533167854942218E-04,
2415190.500000000, A.D. 1900-Jun-20 00:00:00.0000, -3.879377939911304E-01, -7.668963576197797E-03,  3.508170389266739E-02, -5.292722822265030E-03, -2.690177054471696E-02, -1.706896164595133E-03,
2415200.500000000, A.D. 1900-Jun-30 00:00:00.0000, -3.548490940356419E-01, -2.568956639897472E-01,  1.170965217045036E-02,  1.073790273890449E-02, -2.152213410369765E-02, -2.743657712436594E-03,
2415210.500000000, A.D. 1900-Jul-10 00:00:00.0000, -1.965032075146912E-01, -4.199795250381289E-01, -1.616584766654308E-02,  1.982390372195492E-02, -1.053422687661035E-02, -2.683809491136277E-03,
2415220.500000000, A.D. 1900-Jul-20 00:00:00.0000,  2.029252233573308E-02, -4.602452802033741E-01, -3.940442511309198E-02,  2.246804472406170E-02,  2.702764592209457E-03, -1.847596511582127E-03,
2415230.500000000, A.D. 1900-Jul-30 00:00:00.0000,  2.299360434888869E-01, -3.641925414945780E-01, -5.086675157377019E-02,  1.817663059588636E-02,  1.642142655397101E-02, -3.337254825190403E-04,
2415240.500000000, A.D. 1900-Aug-09 00:00:00.0000,  3.538392029504993E-01, -1.401249003751100E-01, -4.399654411758791E-02,  4.880271436700916E-03,  2.744700746873103E-02,  1.789342417092722E-03,
2415250.500000000, A.D. 1900-Aug-19 00:00:00.0000,  2.937689024797227E-01,  1.457812197556035E-01, -1.514946059030030E-02, -1.798440697498415E-02,  2.646256894539930E-02,  3.813575216384228E-03,
2415260.500000000, A.D. 1900-Aug-29 00:00:00.0000,  1.539833599205432E-02,  3.070175804911975E-01,  2.362261192282254E-02, -3.373704915855161E-02,  2.454817620466459E-03,  3.305446557661337E-03,
2415270.500000000, A.D. 1900-Sep-08 00:00:00.0000, -2.807141001644281E-01,  1.946392329323532E-01,  4.171205571627812E-02, -2.177558961004343E-02, -2.193435706159859E-02,  2.153394457385222E-04,
2415280.500000000, A.D. 1900-Sep-18 00:00:00.0000, -3.947672647781738E-01, -6.203364709287696E-02,  3.127588885859856E-02, -1.477269416740240E-03, -2.656580561733678E-02, -2.030698383307480E-03,
2415290.500000000, A.D. 1900-Sep-28 00:00:00.0000, -3.305706521103355E-01, -2.986636493898481E-01,  6.067883131912853E-03,  1.312694156554242E-02, -1.958775137527433E-02, -2.805781618506299E-03,
2415300.500000000, A.D. 1900-Oct-08 00:00:00.0000, -1.551357824128591E-01, -4.387745792340202E-01, -2.150676808294789E-02,  2.087597735898770E-02, -7.966128456890448E-03, -2.571175302572878E-03,
2415310.500000000, A.D. 1900-Oct-18 00:00:00.0000,  6.569723432413843E-02, -4.519088206907611E-01, -4.290390905919983E-02,  2.220292363282029E-02,  5.509808665733021E-03, -1.594230425270861E-03,
2415320.500000000, A.D. 1900-Oct-28 00:00:00.0000,  2.650007527760183E-01, -3.281573643164117E-01, -5.115521442764833E-02,  1.629388992795694E-02,  1.905167393655683E-02,  5.410542263900451E-05,
2415330.500000000, A.D. 1900-Nov-07 00:00:00.0000,  3.597607204456665E-01, -8.303771438292022E-02, -3.988549838298677E-02,  8.770206685015541E-04,  2.869361886447259E-02,  2.259488049126112E-03,
2415340.500000000, A.D. 1900-Nov-17 00:00:00.0000,  2.522818788753307E-01,  1.966183889157249E-01, -7.184586672895851E-03, -2.282007745097454E-02,  2.342149045910606E-02,  4.010626665830742E-03,
2415350.500000000, A.D. 1900-Nov-27 00:00:00.0000, -5.295401170676524E-02,  3.056534303171554E-01,  2.980263999421700E-02, -3.335992573917767E-02, -3.759666580726246E-03,  2.763876330134430E-03,
2415360.500000000, A.D. 1900-Dec-07 00:00:00.0000, -3.206588940949681E-01,  1.474938842628913E-01,  4.154341446272451E-02, -1.754339811219197E-02, -2.435024675232017E-02, -3.712470695443667E-04,
2415370.500000000, A.D. 1900-Dec-17 00:00:00.0000, -3.941204623513834E-01, -1.152457692387914E-01,  2.687624293334754E-02,  2.065175422376021E-03, -2.577299749052077E-02, -2.292096324439549E-03,
2415380.500000000, A.D. 1900-Dec-27 00:00:00.0000, -3.017282893306326E-01, -3.363236773144507E-01,  3.414567598445987E-04,  1.523194454822131E-02, -1.747531417826625E-02, -2.827240438609701E-03,
2415390.500000000, A.D. 1901-Jan-06 00:00:00.0000, -1.118956046240306E-01, -4.522816731501931E-01, -2.658845817342660E-02,  2.166763488007849E-02, -5.324411131362280E-03, -2.428576873147837E-03,
2415400.500000000, A.D. 1901-Jan-16 00:00:00.0000,  1.102670648314229E-01, -4.378636851304009E-01, -4.586074299115993E-02,  2.164514519631715E-02,  8.325430430169131E-03, -1.313239474567765E-03,
2415410.500000000, A.D. 1901-Jan-26 00:00:00.0000,  2.958425915189912E-01, -2.869137155912782E-01, -5.063008406396701E-02,  1.401628877897851E-02,  2.154581398327423E-02,  4.671721492807078E-04,
2415420.500000000, A.D. 1901-Feb-05 00:00:00.0000,  3.571163940169272E-01, -2.399844319494429E-02, -3.482675057426186E-02, -3.546013284659870E-03,  2.934821838166643E-02,  2.719985953029913E-03,
2415430.500000000, A.D. 1901-Feb-15 00:00:00.0000,  2.014477013074019E-01,  2.401384217842218E-01,  1.043892952723076E-03, -2.712923717310217E-02,  1.926485893940579E-02,  4.068229604710438E-03,
2415440.500000000, A.D. 1901-Feb-25 00:00:00.0000, -1.192111420208914E-01,  2.920212822386632E-01,  3.478924920694104E-02, -3.169413320124947E-02, -9.565168838919620E-03,  2.137043890986339E-03,
2415450.500000000, A.D. 1901-Mar-07 00:00:00.0000, -3.519205824338104E-01,  9.631213217752409E-02,  4.024629587532047E-02, -1.324688526581435E-02, -2.591436607801048E-02, -8.942882098214862E-04,
2415460.500000000, A.D. 1901-Mar-17 00:00:00.0000, -3.865718833980024E-01, -1.664623938332109E-01,  2.200402388428577E-02,  5.316905068819239E-03, -2.460232098231984E-02, -2.495915482659258E-03,
2415470.500000000, A.D. 1901-Mar-27 00:00:00.0000, -2.688868649370993E-01, -3.695449726202159E-01, -5.391066241502719E-03,  1.706061451626844E-02, -1.521444355952760E-02, -2.811154796346445E-03,
2415480.500000000, A.D. 1901-Apr-06 00:00:00.0000, -6.730364022490207E-02, -4.603610655696460E-01, -3.135189308030681E-02,  2.219817565357800E-02, -2.621732830255980E-03, -2.256970855659692E-03,
2415490.500000000, A.D. 1901-Apr-16 00:00:00.0000,  1.534037631769143E-01, -4.181008664546376E-01, -4.821933554475825E-02,  2.077935191067698E-02,  1.113244712963030E-02, -1.004600693146765E-03,
2415500.500000000, A.D. 1901-Apr-26 00:00:00.0000,  3.216433465019866E-01, -2.407778310409551E-01, -4.924196787652811E-02,  1.131881768523523E-02,  2.384721716009494E-02,  9.031627518387469E-04,
2415510.500000000, A.D. 1901-May-06 00:00:00.0000,  3.451142154373474E-01,  3.566083817744328E-02, -2.885615954050405E-02, -8.321567915167511E-03,  2.926238847371175E-02,  3.152538776249833E-03,
2415520.500000000, A.D. 1901-May-16 00:00:00.0000,  1.426734349412220E-01,  2.741851215501291E-01,  9.230490789720363E-03, -3.057091734861482E-02,  1.411290795790392E-02,  3.964808759452883E-03,
2415530.500000000, A.D. 1901-May-26 00:00:00.0000, -1.809736146046955E-01,  2.672740317945310E-01,  3.845556166032834E-02, -2.896540172779192E-02, -1.466470021480952E-02,  1.469958167196877E-03,
2415540.500000000, A.D. 1901-Jun-05 00:00:00.0000, -3.745227343577137E-01,  4.273116422411983E-02,  3.795645442892533E-02, -9.030705098167599E-03, -2.672661597121649E-02, -1.348606024904576E-03,
2415550.500000000, A.D. 1901-Jun-15 00:00:00.0000, -3.727213338133889E-01, -2.149772827983434E-01,  1.677218593470790E-02,  8.271524242578437E-03, -2.312030609475394E-02, -2.646987602667072E-03,
2415560.500000000, A.D. 1901-Jun-25 00:00:00.0000, -2.326051168272066E-01, -3.980455677852698E-01, -1.105507509741445E-02,  1.861937436035839E-02, -1.282978973665245E-02, -2.760122946223733E-03,
2415570.500000000, A.D. 1901-Jul-05 00:00:00.0000, -2.189913491793090E-02, -4.628991179082613E-01, -3.573794165000941E-02,  2.246381262760112E-02,  1.292240929751629E-04, -2.057037496831175E-03,
2415580.500000000, A.D. 1901-Jul-15 00:00:00.0000,  1.944580179323657E-01, -3.926612789402587E-01, -4.992296670485129E-02,  1.958699241386623E-02,  1.390840540633582E-02, -6.684314642116295E-04,
2415590.500000000, A.D. 1901-Jul-25 00:00:00.0000,  3.415250818568754E-01, -1.902198463096163E-01, -4.694807083680022E-02,  8.181047679706920E-03,  2.588229049668790E-02,  1.357955093427440E-03,
2415600.500000000, A.D. 1901-Aug-04 00:00:00.0000,  3.231581638191962E-01,  9.426609605315581E-02, -2.205514289163476E-02, -1.332473547130525E-02,  2.828204669018843E-02,  3.533067215642797E-03,
2415610.500000000, A.D. 1901-Aug-14 00:00:00.0000,  7.805985351250024E-02,  2.969690061552281E-01,  1.703594089756942E-02, -3.284345090750807E-02,  8.226500918322043E-03,  3.693850436538541E-03,
2415620.500000000, A.D. 1901-Aug-24 00:00:00.0000, -2.363450590891302E-01,  2.330553724650161E-01,  4.076094210274277E-02, -2.545915669862885E-02, -1.888024260807754E-02,  8.033956147866149E-04,
2415630.500000000, A.D. 1901-Sep-03 00:00:00.0000, -3.887267955177185E-01, -1.181625839131780E-02,  3.481456586996537E-02, -4.994019048867872E-03, -2.689460319207610E-02, -1.733856151677397E-03,
2415640.500000000, A.D. 1901-Sep-13 00:00:00.0000, -3.531721653646166E-01, -2.602056373813041E-01,  1.128367335866644E-02,  1.092979145595791E-02, -2.138235769265777E-02, -2.749903477787996E-03,
2415650.500000000, A.D. 1901-Sep-23 00:00:00.0000, -1.934296436769548E-01, -4.215906823684000E-01, -1.658140138757596E-02,  1.991323273649371E-02, -1.034190164630749E-02, -2.676280831047282E-03,
2415660.500000000, A.D. 1901-Oct-03 00:00:00.0000,  2.376796082090779E-02, -4.598109715386979E-01, -3.968933075903895E-02,  2.245790202573284E-02,  2.915594539288315E-03, -1.829210763489753E-03,
2415670.500000000, A.D. 1901-Oct-13 00:00:00.0000,  2.327392150567113E-01, -3.616410993494558E-01, -5.091612488991961E-02,  1.804666898094201E-02,  1.662497640023773E-02, -3.050650517002096E-04,
2415680.500000000, A.D. 1901-Oct-23 00:00:00.0000,  3.545767566804467E-01, -1.358817090077186E-01, -4.371701322102121E-02,  4.591615709911257E-03,  2.755898725223223E-02,  1.825097713004720E-03,
2415690.500000000, A.D. 1901-Nov-02 00:00:00.0000,  2.909751093739104E-01,  1.498446777577390E-01, -1.455947844249413E-02, -1.836206781135950E-02,  2.627107196607803E-02,  3.832671021572646E-03,
2415700.500000000, A.D. 1901-Nov-12 00:00:00.0000,  1.020857645980897E-02,  3.073601572507129E-01,  2.412864364415467E-02, -3.375680576381943E-02,  1.977721784377164E-03,  3.268211570443104E-03,
2415710.500000000, A.D. 1901-Nov-22 00:00:00.0000, -2.840375018761512E-01,  1.912469124576698E-01,  4.174028742597607E-02, -2.146122369766655E-02, -2.214952036106006E-02,  1.687368106288986E-04,
2415720.500000000, A.D. 1901-Dec-02 00:00:00.0000, -3.949677426358639E-01, -6.612267994322280E-02,  3.095906226950420E-02, -1.198490069244957E-03, -2.652098572532000E-02, -2.052740603047525E-03,
2415730.500000000, A.D. 1901-Dec-12 00:00:00.0000, -3.285264643395929E-01, -3.016717814149090E-01,  5.632599445503189E-03,  1.329693971940869E-02, -1.943337421188660E-02, -2.808805178418910E-03,
2415740.500000000, A.D. 1901-Dec-22 00:00:00.0000, -1.519014574088187E-01, -4.399876065221423E-01, -2.190460216788192E-02,  2.094549024596110E-02, -7.767799976539654E-03, -2.561317340337832E-03,
2415750.500000000, A.D. 1902-Jan-01 00:00:00.0000,  6.912973977979445E-02, -4.510404564783526E-01, -4.314928152372157E-02,  2.217100014734934E-02,  5.723787921768321E-03, -1.573735847315747E-03,
2415760.500000000, A.D. 1902-Jan-11 00:00:00.0000,  2.675106456257791E-01, -3.252005313469384E-01, -5.114429566299407E-02,  1.613481820264148E-02,  1.924651779801594E-02,  8.473513398938012E-05,
2415770.500000000, A.D. 1902-Jan-21 00:00:00.0000,  3.598782754016630E-01, -7.860576124546431E-02, -3.953332966782153E-02,  5.552173428804446E-04,  2.876541495701389E-02,  2.295005044065672E-03,
2415780.500000000, A.D. 1902-Jan-31 00:00:00.0000,  2.487468157537263E-01,  2.002063168391401E-01, -6.565174897203894E-03, -2.316926677059673E-02,  2.314422700262504E-02,  4.020081402017020E-03,
2415790.500000000, A.D. 1902-Feb-10 00:00:00.0000, -5.807534813565977E-02,  3.050420983028003E-01,  3.022432791435492E-02, -3.327644051867207E-02, -4.218246616030520E-03,  2.718633651050266E-03,
2415800.500000000, A.D. 1902-Feb-20 00:00:00.0000, -3.233287176106180E-01,  1.437372405681606E-01,  4.148147683355761E-02, -1.721806887691553E-02, -2.449772616374301E-02, -4.133369263728779E-04,
2415810.500000000, A.D. 1902-Mar-02 00:00:00.0000, -3.937770813937617E-01, -1.192076856847030E-01,  2.651946517284586E-02,  2.322224914292650E-03, -2.569690909366749E-02, -2.309582997107972E-03,
2415820.500000000, A.D. 1902-Mar-12 00:00:00.0000, -2.993623483782890E-01, -3.390027612170057E-01, -9.680306522030969E-05,  1.538064514581883E-02, -1.730873932513214E-02, -2.827301778276456E-03,
2415830.500000000, A.D. 1902-Mar-22 00:00:00.0000, -1.085420303136728E-01, -4.530845913193576E-01, -2.696394069639375E-02,  2.171739196264954E-02, -5.121041417307699E-03, -2.416481079773472E-03,
2415840.500000000, A.D. 1902-Apr-01 00:00:00.0000,  1.136107870744993E-01, -4.365583233387277E-01, -4.606233748075778E-02,  2.159045635744171E-02,  8.539461171347063E-03, -1.290636762128596E-03,
2415850.500000000, A.D. 1902-Apr-11 00:00:00.0000,  2.979978827352294E-01, -2.835690743511322E-01, -5.055485669131560E-02,  1.382616238952156E-02,  2.172833692829287E-02,  4.996611588073180E-04,
2415860.500000000, A.D. 1902-Apr-21 00:00:00.0000,  3.565471514753690E-01, -1.946357778569938E-02, -3.440291568715821E-02, -3.897745151707318E-03,  2.936927992815662E-02,  2.754115959884661E-03,
2415870.500000000, A.D. 1902-May-01 00:00:00.0000,  1.972467080771256E-01,  2.430849863748974E-01,  1.672240727942081E-03, -2.742470590584367E-02,  1.890594670941276E-02,  4.066064586454032E-03,
2415880.500000000, A.D. 1902-May-11 00:00:00.0000, -1.240758910887959E-01,  2.905209837714828E-01,  3.511464384394015E-02, -3.152084824715413E-02, -9.979412033953645E-03,  2.087147210601828E-03,
2415890.500000000, A.D. 1902-May-21 00:00:00.0000, -3.539328325110941E-01,  9.232024324350348E-02,  4.010451045074652E-02, -1.292301330612822E-02, -2.600101585158274E-02, -9.312727874685869E-04,
2415900.500000000, A.D. 1902-May-31 00:00:00.0000, -3.857320672972855E-01, -1.702396326787313E-01,  2.161660058879974E-02,  5.551535409716569E-03, -2.450035476940604E-02, -2.509215174856660E-03,
2415910.500000000, A.D. 1902-Jun-10 00:00:00.0000, -2.662434696660653E-01, -3.718722939141139E-01, -5.826067814550306E-03,  1.718861334367910E-02, -1.503772553464724E-02, -2.808472202774003E-03,
2415920.500000000, A.D. 1902-Jun-20 00:00:00.0000, -6.387229423123278E-02, -4.607452328934743E-01, -3.170016908560224E-02,  2.222803646837918E-02, -2.414371431263215E-03, -2.242708272190308E-03,
2415930.500000000, A.D. 1902-Jun-30 00:00:00.0000,  1.566103687990772E-01, -4.163620767258907E-01, -4.837265923968784E-02,  2.070063901882677E-02,  1.134482676638419E-02, -9.799143377987329E-04,
2415940.500000000, A.D. 1902-Jul-10 00:00:00.0000,  3.233793731122272E-01, -2.370803973095065E-01, -4.909904731752496E-02,  1.109605977501673E-02,  2.401210395262554E-02,  9.372139940940992E-04,
2415950.500000000, A.D. 1902-Jul-20 00:00:00.0000,  3.438087963097544E-01,  4.017481398252334E-02, -2.836606365933686E-02, -8.695242076292771E-03,  2.922073917222631E-02,  3.183550178815987E-03,
2415960.500000000, A.D. 1902-Jul-30 00:00:00.0000,  1.379562064177413E-01,  2.763313980741746E-01,  9.840960046957704E-03, -3.078663273503126E-02,  1.368815262999477E-02,  3.949896287711935E-03,
2415970.500000000, A.D. 1902-Aug-09 00:00:00.0000, -1.854038750412053E-01,  2.650002109354533E-01,  3.867750223534604E-02, -2.872331359819627E-02, -1.501583390724241E-02,  1.418866161933060E-03,
2415980.500000000, A.D. 1902-Aug-19 00:00:00.0000, -3.758839277229784E-01,  3.862866252906658E-02,  3.774536861551266E-02, -8.718125199374165E-03, -2.676067158158885E-02, -1.380251971653872E-03,
2415990.500000000, A.D. 1902-Aug-29 00:00:00.0000, -3.714307393381024E-01, -2.185162455063949E-01,  1.636247004619706E-02,  8.483210081558329E-03, -2.299743334033482E-02, -2.656457670361098E-03,
2416000.500000000, A.D. 1902-Sep-08 00:00:00.0000, -2.297285249540518E-01, -4.000000587388786E-01, -1.148124760132110E-02,  1.872693331515280E-02, -1.264492487799571E-02, -2.754883506918131E-03,
2416010.500000000, A.D. 1902-Sep-18 00:00:00.0000, -1.843503373061304E-02, -4.628580806217659E-01, -3.605457846820812E-02,  2.247327880013561E-02,  3.393766003521466E-04, -2.040663916600315E-03,
2416020.500000000, A.D. 1902-Sep-28 00:00:00.0000,  1.974724813910614E-01, -3.904974002179343E-01, -5.002393597667132E-02,  1.948275597902779E-02,  1.411703769068377E-02, -6.417029060678679E-04,
2416030.500000000, A.D. 1902-Oct-08 00:00:00.0000,  3.427706296313111E-01, -1.862158396948470E-01, -4.673505069909963E-02,  7.924582112709468E-03,  2.602327369579309E-02,  1.393151451301655E-03,
2416040.500000000, A.D. 1902-Oct-18 00:00:00.0000,  3.210811050358330E-01,  9.861776022362009E-02, -2.150741131360359E-02, -1.370823158306380E-02,  2.816677666804143E-02,  3.558966609911387E-03,
2416050.500000000, A.D. 1902-Oct-28 00:00:00.0000,  7.300335887933886E-02,  2.982045307041312E-01,  1.760312070275207E-02, -3.296103252322041E-02,  7.760772968346865E-03,  3.666562202193112E-03,
2416060.500000000, A.D. 1902-Nov-07 00:00:00.0000, -2.402315876691288E-01,  2.301408491668508E-01,  4.088044039249786E-02, -2.517039832870252E-02, -1.916049238779585E-02,  7.538073547977986E-04,
2416070.500000000, A.D. 1902-Nov-17 00:00:00.0000, -3.894700012094018E-01, -1.593840593235173E-02,  3.454503870903924E-02, -4.698049778241746E-03, -2.688415894478984E-02, -1.760328394732871E-03,
2416080.500000000, A.D. 1902-Nov-27 00:00:00.0000, -3.514776565593967E-01, -2.634734833254602E-01,  1.085904267322081E-02,  1.111908990589678E-02, -2.124207760544014E-02, -2.755886542381599E-03,
2416090.500000000, A.D. 1902-Dec-07 00:00:00.0000, -1.903602686708014E-01, -4.231607903117957E-01, -1.699377124136128E-02,  2.000077322910620E-02, -1.015010609775578E-02, -2.668629564194170E-03,
2416100.500000000, A.D. 1902-Dec-17 00:00:00.0000,  2.722391678676329E-02, -4.593428880178006E-01, -3.997013248136381E-02,  2.244640424329574E-02,  3.127547869329669E-03, -1.810752494632315E-03,
2416110.500000000, A.D. 1902-Dec-27 00:00:00.0000,  2.355093432713740E-01, -3.590663669859674E-01, -5.096075821740916E-02,  1.791527511620242E-02,  1.682722078138840E-02, -2.763523063568150E-04,
2416120.500000000, A.D. 1903-Jan-06 00:00:00.0000,  3.552661236004613E-01, -1.316349461144792E-01, -4.343268693120255E-02,  4.301534909235947E-03,  2.766798077462084E-02,  1.860766866089922E-03,
2416130.500000000, A.D. 1903-Jan-16 00:00:00.0000,  2.881331078454888E-01,  1.538661297052705E-01, -1.396820338265283E-02, -1.873699524129654E-02,  2.607381653756501E-02,  3.851058372747313E-03,
2416140.500000000, A.D. 1903-Jan-26 00:00:00.0000,  5.036541305413275E-03,  3.076312421781565E-01,  2.462748001189552E-02, -3.376819182079413E-02,  1.502885038101003E-03,  3.230374155753641E-03,
2416150.500000000, A.D. 1903-Feb-05 00:00:00.0000, -2.872987477806097E-01,  1.878408904265269E-01,  4.176168674115583E-02, -2.114682948988102E-02, -2.235821103696449E-02,  1.226274964402916E-04,
2416160.500000000, A.D. 1903-Feb-15 00:00:00.0000, -3.951268074449825E-01, -7.018098291250095E-02,  3.064062617694089E-02, -9.227440282617546E-04, -2.647372830817989E-02, -2.074332486992692E-03,
2416170.500000000, A.D. 1903-Feb-25 00:00:00.0000, -3.264696109768684E-01, -3.046378396943237E-01,  5.199061720840764E-03,  1.346439352084503E-02, -1.927882005044908E-02, -2.811594996935495E-03,
2416180.500000000, A.D. 1903-Mar-07 00:00:00.0000, -1.486760580849189E-01, -4.411616442227149E-01, -2.229903278491287E-02,  2.101318994460406E-02, -7.570121580594524E-03, -2.551346348998095E-03,
2416190.500000000, A.D. 1903-Mar-17 00:00:00.0000,  7.253747216434754E-02, -4.501413808245224E-01, -4.339040902380969E-02,  2.213765112519092E-02,  5.936792200649857E-03, -1.553177349704812E-03,
2416200.500000000, A.D. 1903-Mar-27 00:00:00.0000,  2.699816327360098E-01, -3.222247479673744E-01, -5.112860888704781E-02,  1.597427944013906E-02,  1.943987839841762E-02,  1.154026149399527E-04,
2416210.500000000, A.D. 1903-Apr-06 00:00:00.0000,  3.599421627113712E-01, -7.417751201713889E-02, -3.917660304261104E-02,  2.321874046879338E-04,  2.883378503911164E-02,  2.330386227132575E-03,
2416220.500000000, A.D. 1903-Apr-16 00:00:00.0000,  2.451653896435445E-01,  2.037417818728580E-01, -5.945568921681800E-03, -2.351438217475327E-02,  2.286151179315200E-02,  4.028739190196340E-03,
2416230.500000000, A.D. 1903-Apr-26 00:00:00.0000, -6.317187707562889E-02,  3.043636864849761E-01,  3.063856688275560E-02, -3.318569856020268E-02, -4.672892646466748E-03,  2.673039928732999E-03,
2416240.500000000, A.D. 1903-May-06 00:00:00.0000, -3.259430617631468E-01,  1.399731645400677E-01,  4.141399516418292E-02, -1.689344616190274E-02, -2.463954773458399E-02, -4.549193984550353E-04,
2416250.500000000, A.D. 1903-May-16 00:00:00.0000, -3.933996476748704E-01, -1.231396261325594E-01,  2.616198496775041E-02,  2.576539516313790E-03, -2.561882070224640E-02, -2.326670900104871E-03,
2416260.500000000, A.D. 1903-May-26 00:00:00.0000, -2.969879233880978E-01, -3.416428032046436E-01, -5.328038654115590E-04,  1.552707591922190E-02, -1.714207306817888E-02, -2.827156629992660E-03,
2416270.500000000, A.D. 1903-Jun-05 00:00:00.0000, -1.051996447149010E-01, -4.538520087457907E-01, -2.733570395613319E-02,  2.176544397551347E-02, -4.918363976091964E-03, -2.404287153421404E-03,
2416280.500000000, A.D. 1903-Jun-15 00:00:00.0000,  1.169278307740454E-01, -4.352267486894389E-01, -4.625953147767697E-02,  2.153431892609406E-02,  8.752325484984492E-03, -1.267991171795614E-03,
2416290.500000000, A.D. 1903-Jun-25 00:00:00.0000,  3.001121800465605E-01, -2.802135536308900E-01, -5.047508852184237E-02,  1.363462058188058E-02,  2.190881070957816E-02,  5.321228775702944E-04,
2416300.500000000, A.D. 1903-Jul-05 00:00:00.0000,  3.559262253731912E-01, -1.494854581145705E-02, -3.397595352906632E-02, -4.249684464725072E-03,  2.938596343986816E-02,  2.787919183594032E-03,
2416310.500000000, A.D. 1903-Jul-15 00:00:00.0000,  1.930213909858534E-01,  2.459617231225126E-01,  2.297214590426707E-03, -2.771355843886972E-02,  1.854319100086924E-02,  4.062983581973633E-03,
2416320.500000000, A.D. 1903-Jul-25 00:00:00.0000, -1.288897463919198E-01,  2.889654914095818E-01,  3.543095290582120E-02, -3.134244379113975E-02, -1.038735839728845E-02,  2.037289891544681E-03,
2416330.500000000, A.D. 1903-Aug-04 00:00:00.0000, -3.558859492417787E-01,  8.833608504257741E-02,  3.995794270197844E-02, -1.260133268070429E-02, -2.608295223377093E-02, -9.676816617721485E-04,
2416340.500000000, A.D. 1903-Aug-14 00:00:00.0000, -3.848618711379613E-01, -1.739813590313916E-01,  2.122918577735323E-02,  5.783186503460751E-03, -2.439715610425366E-02, -2.522153201218079E-03,
2416350.500000000, A.D. 1903-Aug-24 00:00:00.0000, -2.635963410740073E-01, -3.741603481179820E-01, -6.258429538550008E-03,  1.731428546942808E-02, -1.486125921287793E-02, -2.805608124280433E-03,
2416360.500000000, A.D. 1903-Sep-03 00:00:00.0000, -6.045760445157226E-02, -4.610961662997475E-01, -3.204453598858398E-02,  2.225610551993019E-02, -2.207892547938125E-03, -2.228363797149721E-03,
2416370.500000000, A.D. 1903-Sep-13 00:00:00.0000,  1.597840593122453E-01, -4.146010716284128E-01, -4.852157744709523E-02,  2.062042609298292E-02,  1.155587464898427E-02, -9.552069797763050E-04,
2416380.500000000, A.D. 1903-Sep-23 00:00:00.0000,  3.250681373142422E-01, -2.333778008911462E-01, -4.895182988440678E-02,  1.087194300161532E-02,  2.417474770911269E-02,  9.712100800869740E-04,
2416390.500000000, A.D. 1903-Oct-03 00:00:00.0000,  3.424476803270825E-01,  4.466064466512282E-02, -2.787348074475391E-02, -9.068583040428551E-03,  2.917442236417075E-02,  3.214174828636749E-03,
2416400.500000000, A.D. 1903-Oct-13 00:00:00.0000,  1.332200581759760E-01,  2.784029293543420E-01,  1.044707528966018E-02, -3.099495646200004E-02,  1.326098313343073E-02,  3.934147117973571E-03,
2416410.500000000, A.D. 1903-Oct-23 00:00:00.0000, -1.897851616531027E-01,  2.626790333150147E-01,  3.889142371069686E-02, -2.847770171824142E-02, -1.536062488968087E-02,  1.367991506633216E-03,
2416420.500000000, A.D. 1903-Nov-02 00:00:00.0000, -3.771956852690645E-01,  3.453481780813815E-02,  3.753089036682903E-02, -8.407715274327005E-03, -2.679076185236496E-02, -1.411378030608187E-03,
2416430.500000000, A.D. 1903-Nov-12 00:00:00.0000, -3.701169377310951E-01, -2.220227349366336E-01,  1.595359213533069E-02,  8.692215940704169E-03, -2.287344702584459E-02, -2.665610061359857E-03,
2416440.500000000, A.D. 1903-Nov-22 00:00:00.0000, -2.268531039401920E-01, -4.019185404746629E-01, -1.190428193922073E-02,  1.883232333483837E-02, -1.246029827761725E-02, -2.749488825399018E-03,
2416450.500000000, A.D. 1903-Dec-02 00:00:00.0000, -1.499132193521750E-02, -4.627872700342409E-01, -3.636705558572858E-02,  2.248104235815153E-02,  5.485739831845480E-04, -2.024233061461115E-03,
2416460.500000000, A.D. 1903-Dec-12 00:00:00.0000,  2.004510840408100E-01, -3.883163481484321E-01, -5.012051933259791E-02,  1.937709855898026E-02,  1.432407321976311E-02, -6.149854079724062E-04,
2416470.500000000, A.D. 1903-Dec-22 00:00:00.0000,  3.439674501947152E-01, -1.822160417101205E-01, -4.651825341845840E-02,  7.667060389492120E-03,  2.616138167141582E-02,  1.428212831045616E-03,
2416480.500000000, A.D. 1904-Jan-01 00:00:00.0000,  3.189552114250768E-01,  1.029247913138352E-01, -2.095908609854806E-02, -1.408977694876855E-02,  2.804637206539472E-02,  3.584286196308959E-03,
2416490.500000000, A.D. 1904-Jan-11 00:00:00.0000,  6.795331230832330E-02,  2.993599867420897E-01,  1.816316340212047E-02, -3.307043606098390E-02,  7.295517922902491E-03,  3.638588154025051E-03,
2416500.500000000, A.D. 1904-Jan-21 00:00:00.0000, -2.440573484406194E-01,  2.271941803726488E-01,  4.099195111486006E-02, -2.488036664268351E-02, -1.943415290649622E-02,  7.046557132102282E-04,
2416510.500000000, A.D. 1904-Jan-31 00:00:00.0000, -3.901658063382513E-01, -2.004326883691177E-02,  3.427285134189589E-02, -4.404802138022641E-03, -2.687066474478206E-02, -1.786303939793453E-03,
2416520.500000000, A.D. 1904-Feb-10 00:00:00.0000, -3.497638133375422E-01, -2.667072102150241E-01,  1.043561750840655E-02,  1.130571518571636E-02, -2.110115802162740E-02, -2.761585555863556E-03,
2416530.500000000, A.D. 1904-Feb-20 00:00:00.0000, -1.872958424373631E-01, -4.246964998593666E-01, -1.740284859800168E-02,  2.008611816806783E-02, -9.958767546351112E-03, -2.660833153425881E-03,
2416540.500000000, A.D. 1904-Mar-01 00:00:00.0000,  3.065492787713843E-02, -4.588483132873775E-01, -4.024668204700197E-02,  2.243309073774880E-02,  3.338416677379233E-03, -1.792243907904023E-03,
2416550.500000000, A.D. 1904-Mar-11 00:00:00.0000,  2.382380420762260E-01, -3.564787615892651E-01, -5.100103759250707E-02,  1.778238804287685E-02,  1.702779378890826E-02, -2.476673101394748E-04,
2416560.500000000, A.D. 1904-Mar-21 00:00:00.0000,  3.559007870776709E-01, -1.273973112863646E-01, -4.314476847316942E-02,  4.010389996657846E-03,  2.777402343863245E-02,  1.896288014834621E-03,
2416570.500000000, A.D. 1904-Mar-31 00:00:00.0000,  2.852379385233570E-01,  1.578370247636288E-01, -1.337671082765202E-02, -1.910950666677463E-02,  2.587145575447624E-02,  3.868843275957740E-03,
2416580.500000000, A.D. 1904-Apr-10 00:00:00.0000, -1.311513259964436E-04,  3.078231933405624E-01,  2.511945374365048E-02, -3.377211736055696E-02,  1.029490727794968E-03,  3.192033281390215E-03,
2416590.500000000, A.D. 1904-Apr-20 00:00:00.0000, -2.905112322151693E-01,  1.844015507559789E-01,  4.177646318864261E-02, -2.083151196198267E-02, -2.256142187980804E-02,  7.692614128276723E-05,
2416600.500000000, A.D. 1904-Apr-30 00:00:00.0000, -3.952466337065044E-01, -7.423119024840193E-02,  3.032009559155567E-02, -6.489858728645655E-04, -2.642372754376343E-02, -2.095508684361426E-03,
2416610.500000000, A.D. 1904-May-10 00:00:00.0000, -3.243952871381083E-01, -3.075785579292854E-01,  4.766771764164600E-03,  1.362963618195570E-02, -1.912336487581488E-02, -2.814128420179335E-03,
2416620.500000000, A.D. 1904-May-20 00:00:00.0000, -1.454544787238731E-01, -4.423069831072361E-01, -2.269028648206740E-02,  2.107885747960943E-02, -7.372597268484327E-03, -2.541239205900658E-03,
2416630.500000000, A.D. 1904-May-30 00:00:00.0000,  7.592210276829767E-02, -4.492192270864123E-01, -4.362746878644457E-02,  2.210247693998935E-02,  6.148839746848594E-03, -1.532573887872806E-03,
2416640.500000000, A.D. 1904-Jun-09 00:00:00.0000,  2.724123011966200E-01, -3.192397590199114E-01, -5.110883669744840E-02,  1.581213290222767E-02,  1.963135832306804E-02,  1.460248938297188E-04,
2416650.500000000, A.D. 1904-Jun-19 00:00:00.0000,  3.599523971556387E-01, -6.976665853764003E-02, -3.881703328431237E-02, -9.164038969719896E-05,  2.889848832976524E-02,  2.365525440274504E-03,
2416660.500000000, A.D. 1904-Jun-29 00:00:00.0000,  2.415419028451176E-01,  2.072130433233594E-01, -5.327947572480793E-03, -2.385530803213128E-02,  2.257396062313953E-02,  4.036647792846672E-03,
2416670.500000000, A.D. 1904-Jul-09 00:00:00.0000, -6.824466181974943E-02,  3.036095398370553E-01,  3.104435132993474E-02, -3.308855725180487E-02, -5.124050511023255E-03,  2.627208528500895E-03,
2416680.500000000, A.D. 1904-Jul-19 00:00:00.0000, -3.285051659776071E-01,  1.361835379499866E-01,  4.134014759286981E-02, -1.656901988391352E-02, -2.477665966451455E-02, -4.960501288696862E-04,
2416690.500000000, A.D. 1904-Jul-29 00:00:00.0000, -3.929835506732442E-01, -1.270636070732804E-01,  2.580242489639833E-02,  2.828918605135309E-03, -2.553855362352637E-02, -2.343391927139992E-03,
2416700.500000000, A.D. 1904-Aug-08 00:00:00.0000, -2.945951764835956E-01, -3.442604537655822E-01, -9.678904604287059E-04,  1.567143988807192E-02, -1.697455419335022E-02, -2.826772015148186E-03,
2416710.500000000, A.D. 1904-Aug-18 00:00:00.0000, -1.018594478034240E-01, -4.545928388647379E-01, -2.770464076376988E-02,  2.181147177824365E-02, -4.715663484387283E-03, -2.391946681077802E-03,
2416720.500000000, A.D. 1904-Aug-28 00:00:00.0000,  1.202228501083337E-01, -4.338720206093838E-01, -4.645283046251628E-02,  2.147623833273658E-02,  8.964476271713370E-03, -1.245276313674674E-03,
2416730.500000000, A.D. 1904-Sep-07 00:00:00.0000,  3.021852508160928E-01, -2.768464850733973E-01, -5.039109522739734E-02,  1.344117662323285E-02,  2.208757555304374E-02,  5.645772172335063E-04,
2416740.500000000, A.D. 1904-Sep-17 00:00:00.0000,  3.552472055926915E-01, -1.044893618382624E-02, -3.354569548882133E-02, -4.602715473526691E-03,  2.939864098086025E-02,  2.821487860412875E-03,
2416750.500000000, A.D. 1904-Sep-27 00:00:00.0000,  1.887518294514841E-01,  2.487723386931717E-01,  2.920276278211142E-03, -2.799747570369996E-02,  1.817568311980493E-02,  4.059110746831439E-03,
2416760.500000000, A.D. 1904-Oct-07 00:00:00.0000, -1.336819326985712E-01,  2.873386887129240E-01,  3.573955373822343E-02, -3.115853440971310E-02, -1.079154851702933E-02,  1.987309788094948E-03,
2416770.500000000, A.D. 1904-Oct-17 00:00:00.0000, -3.577939618076990E-01,  8.432610951720124E-02,  3.980587084120921E-02, -1.227972958112397E-02, -2.616083177214312E-02, -1.003705640784556E-03,
2416780.500000000, A.D. 1904-Oct-27 00:00:00.0000, -3.839564113159384E-01, -1.777187616006707E-01,  2.083988890257028E-02,  6.013346888501080E-03, -2.429183736688971E-02, -2.534775274323134E-03,
2416790.500000000, A.D. 1904-Nov-06 00:00:00.0000, -2.609305362241012E-01, -3.764289460022048E-01, -6.690015020340813E-03,  1.743818595779768E-02, -1.468379603402739E-02, -2.802523808549617E-03,
2416800.500000000, A.D. 1904-Nov-16 00:00:00.0000, -5.704264622934167E-02, -4.614219072155367E-01, -3.238630030389530E-02,  2.228227096073746E-02, -2.001248264513829E-03, -2.213871537250678E-03,
2416810.500000000, A.D. 1904-Nov-26 00:00:00.0000,  1.629383551894693E-01, -4.128174972817251E-01, -4.866674125512744E-02,  2.053818163623752E-02,  1.176619368665816E-02, -9.304182284886779E-04,
2416820.500000000, A.D. 1904-Dec-06 00:00:00.0000,  3.267167843581678E-01, -2.296663957217017E-01, -4.880051568950963E-02,  1.064577537277886E-02,  2.433520056809628E-02,  1.005176032088240E-03,
2416830.500000000, A.D. 1904-Dec-16 00:00:00.0000,  3.410315306115781E-01,  4.912030780227252E-02, -2.737858207823152E-02, -9.442178879213923E-03,  2.912312005147406E-02,  3.244400305529501E-03,
2416840.500000000, A.D. 1904-Dec-26 00:00:00.0000,  1.284590996494639E-01,  2.803975591158557E-01,  1.104865412325502E-02, -3.119668656311543E-02,  1.283074832293712E-02,  3.917572990657431E-03,
2416850.500000000, A.D. 1905-Jan-05 00:00:00.0000, -1.941285343703789E-01,  2.602958262910621E-01,  3.909675156081502E-02, -2.822839074510246E-02, -1.570076287265619E-02,  1.317216032963732E-03,
2416860.500000000, A.D. 1905-Jan-15 00:00:00.0000, -3.784591919190595E-01,  3.042184554083050E-02,  3.731090910283794E-02, -8.097949418425728E-03, -2.681754665353592E-02, -1.442131481146105E-03,
2416870.500000000, A.D. 1905-Jan-25 00:00:00.0000, -3.687659993403979E-01, -2.255240335913421E-01,  1.554251220672394E-02,  8.899857395687586E-03, -2.274769132174038E-02, -2.674477430350500E-03,
2416880.500000000, A.D. 1905-Feb-04 00:00:00.0000, -2.239555332179446E-01, -4.038181510947120E-01, -1.232700277097832E-02,  1.893607927385667E-02, -1.227464975828616E-02, -2.743870519791863E-03,
2416890.500000000, A.D. 1905-Feb-14 00:00:00.0000, -1.154332799342486E-02, -4.626905774470787E-01, -3.667720522586466E-02,  2.248685753021778E-02,  7.581356821505443E-04, -2.007622437226531E-03,
2416900.500000000, A.D. 1905-Feb-24 00:00:00.0000,  2.034126979219127E-01, -3.861099547770412E-01, -5.021322112459333E-02,  1.926912854850712E-02,  1.453056151126726E-02, -5.881409638183858E-04,
2416910.500000000, A.D. 1905-Mar-06 00:00:00.0000,  3.451226932533761E-01, -1.782041689996075E-01, -4.629682270572139E-02,  7.407036039160012E-03,  2.629713877586218E-02,  1.463270797780070E-03,
2416920.500000000, A.D. 1905-Mar-16 00:00:00.0000,  3.167706514890936E-01,  1.072041005262017E-01, -2.040813621499957E-02, -1.447126603687535E-02,  2.792028586219552E-02,  3.609117141580528E-03,
2416930.500000000, A.D. 1905-Mar-26 00:00:00.0000,  6.288330410331484E-02,  3.004375743906239E-01,  1.871821210049976E-02, -3.317266319103004E-02,  6.828335373601896E-03,  3.609825467378777E-03,
2416940.500000000, A.D. 1905-Apr-05 00:00:00.0000, -2.478454422223028E-01,  2.241917818374528E-01,  4.109544577527469E-02, -2.458746152478756E-02, -1.970339233866709E-02,  6.556583040361137E-04,
2416950.500000000, A.D. 1905-Apr-15 00:00:00.0000, -3.908161330948607E-01, -2.416597544247288E-02,  3.399555458006624E-02, -4.112025570312521E-03, -2.685428619320082E-02, -1.811956849057374E-03,
2416960.500000000, A.D. 1905-Apr-25 00:00:00.0000, -3.480131976016176E-01, -2.699364959175535E-01,  1.000999644322338E-02,  1.149119619969048E-02, -2.095849582903437E-02, -2.767023137600377E-03,
2416970.500000000, A.D. 1905-May-05 00:00:00.0000, -1.842081715221932E-01, -4.262133094136088E-01, -1.781172154327275E-02,  2.016990557790209E-02, -9.766248681551251E-03, -2.652815964584934E-03,
2416980.500000000, A.D. 1905-May-15 00:00:00.0000,  3.409153019387175E-02, -4.583258433361694E-01, -4.052099087990688E-02,  2.241779272343699E-02,  3.549868437567582E-03, -1.773547419478895E-03,
2416990.500000000, A.D. 1905-May-25 00:00:00.0000,  2.409498173988080E-01, -3.538619123753123E-01, -5.103734987539509E-02,  1.764695467652127E-02,  1.722793977498092E-02, -2.188290167729042E-04,
2417000.500000000, A.D. 1905-Jun-04 00:00:00.0000,  3.564905785826589E-01, -1.231446126058669E-01, -4.285188811126803E-02,  3.716376724527759E-03,  2.787730761529535E-02,  1.931813104617519E-03,
2417010.500000000, A.D. 1905-Jun-14 00:00:00.0000,  2.822815141877638E-01,  1.617756273517205E-01, -1.278281292459357E-02, -1.948111767360782E-02,  2.566262238844347E-02,  3.886016627013563E-03,
2417020.500000000, A.D. 1905-Jun-24 00:00:00.0000, -5.310906356689613E-03,  3.079364088877529E-01,  2.560575357319604E-02, -3.376867900945938E-02,  5.555686706574991E-04,  3.153017274033739E-03,
2417030.500000000, A.D. 1905-Jul-04 00:00:00.0000, -2.936852945123448E-01,  1.809117433476300E-01,  4.178375659254108E-02, -2.051405037925839E-02, -2.276049039669599E-02,  3.141763907355486E-05,
2417040.500000000, A.D. 1905-Jul-14 00:00:00.0000, -3.953226971490762E-01, -7.829736912579507E-02,  2.999481764606843E-02, -3.756436666931498E-04, -2.637103159128514E-02, -2.116398156926956E-03,
2417050.500000000, A.D. 1905-Jul-24 00:00:00.0000, -3.222848037460373E-01, -3.105132176922181E-01,  4.332386902536650E-03,  1.379386371647312E-02, -1.896607805373692E-02, -2.816415850633618E-03,
2417060.500000000, A.D. 1905-Aug-03 00:00:00.0000, -1.422089699884376E-01, -4.434303741343043E-01, -2.308129037480418E-02,  2.114308732347175E-02, -7.173703587455522E-03, -2.530905709371284E-03,
2417070.500000000, A.D. 1905-Aug-13 00:00:00.0000,  7.931365538336226E-02, -4.482636969360421E-01, -4.386203517292583E-02,  2.206529570165867E-02,  6.361771679006633E-03, -1.511745290292547E-03,
2417080.500000000, A.D. 1905-Aug-23 00:00:00.0000,  2.748255251997276E-01, -3.162168468106396E-01, -5.108430434474426E-02,  1.564705389644021E-02,  1.982268842147572E-02,  1.768692141128843E-04,
2417090.500000000, A.D. 1905-Sep-02 00:00:00.0000,  3.599114634523106E-01, -6.533222787952959E-02, -3.845109010059788E-02, -4.189802267159087E-04,  2.895994427471355E-02,  2.400697170641698E-03,
2417100.500000000, A.D. 1905-Sep-12 00:00:00.0000,  2.378509672758858E-01,  2.106510441352555E-01, -4.707227615242720E-03, -2.419427600106821E-02,  2.227906750311919E-02,  4.043778756886553E-03,
2417110.500000000, A.D. 1905-Sep-22 00:00:00.0000, -7.332497196697717E-02,  3.027803073738348E-01,  3.144449467828428E-02, -3.298398573135507E-02, -5.574456544470582E-03,  2.580788227895236E-03,
2417120.500000000, A.D. 1905-Oct-02 00:00:00.0000, -3.310294550211847E-01,  1.323524608510653E-01,  4.125961120255829E-02, -1.624291710990418E-02, -2.490972489062229E-02, -5.369681383278943E-04,
2417130.500000000, A.D. 1905-Oct-12 00:00:00.0000, -3.925264423345551E-01, -1.309964084736776E-01,  2.543883321799621E-02,  3.080824981762870E-03, -2.545578344830568E-02, -2.359845323556738E-03,
2417140.500000000, A.D. 1905-Oct-22 00:00:00.0000, -2.921690226387065E-01, -3.468667354892909E-01, -1.404552594503933E-03,  1.581482600554821E-02, -1.680538417390054E-02, -2.826160222579581E-03,
2417150.500000000, A.D. 1905-Nov-01 00:00:00.0000, -9.849769223954720E-02, -4.553081830992505E-01, -2.807295570657362E-02,  2.185607899606799E-02, -4.511770317891560E-03, -2.379388847537239E-03,
2417160.500000000, A.D. 1905-Nov-11 00:00:00.0000,  1.235219608750135E-01, -4.324824312384267E-01, -4.664329264683001E-02,  2.141602796252349E-02,  9.177246791344134E-03, -1.222335342563542E-03,
2417170.500000000, A.D. 1905-Nov-21 00:00:00.0000,  3.042362231079746E-01, -2.734442603288437E-01, -5.030207682885644E-02,  1.324460713559314E-02,  2.226553550530463E-02,  5.972251631258280E-04,
2417180.500000000, A.D. 1905-Dec-01 00:00:00.0000,  3.545131962296776E-01, -5.938460992896282E-03, -3.310966827583674E-02, -4.958612728962456E-03,  2.940678332522509E-02,  2.854920631271997E-03,
2417190.500000000, A.D. 1905-Dec-11 00:00:00.0000,  1.844283463960945E-01,  2.515303362422349E-01,  3.543612802789818E-03, -2.827694717179211E-02,  1.780171734587020E-02,  4.054292923934760E-03,
2417200.500000000, A.D. 1905-Dec-21 00:00:00.0000, -1.384604255593393E-01,  2.856400470467713E-01,  3.604072582552494E-02, -3.096856474532097E-02, -1.119298764557969E-02,  1.937021214886666E-03,
2417210.500000000, A.D. 1905-Dec-31 00:00:00.0000, -3.596579125454914E-01,  8.028252331707536E-02,  3.964701654673838E-02, -1.195738509806653E-02, -2.623513696558026E-02, -1.039471238174802E-03,
2417220.500000000, A.D. 1906-Jan-10 00:00:00.0000, -3.830076224390980E-01, -1.814618342568634E-01,  2.044647204498968E-02,  6.242983023610577E-03, -2.418433576114564E-02, -2.547144586442871E-03,
2417230.500000000, A.D. 1906-Jan-20 00:00:00.0000, -2.582286979071709E-01, -3.786844155787535E-01, -7.123318556201115E-03,  1.756115633974077E-02, -1.450466656265743E-02, -2.799205268200369E-03,
2417240.500000000, A.D. 1906-Jan-30 00:00:00.0000, -5.360355140242095E-02, -4.617192784755997E-01, -3.272738747643259E-02,  2.230693974405011E-02, -1.793228074851497E-03, -2.199130420750706E-03,
2417250.500000000, A.D. 1906-Feb-09 00:00:00.0000,  1.660975579729469E-01, -4.109942133611413E-01, -4.880860692093034E-02,  2.045351781638950E-02,  1.197730416281473E-02, -9.053555237054432E-04,
2417260.500000000, A.D. 1906-Feb-19 00:00:00.0000,  3.283400531386239E-01, -2.259147884635366E-01, -4.864325979536457E-02,  1.041598237456507E-02,  2.449461517443179E-02,  1.039367724517696E-03,
2417270.500000000, A.D. 1906-Mar-01 00:00:00.0000,  3.395542462787109E-01,  5.358889070385567E-02, -2.687727761282711E-02, -9.818361263889918E-03,  2.906613833136158E-02,  3.274369815501408E-03,
2417280.500000000, A.D. 1906-Mar-11 00:00:00.0000,  1.236516811100251E-01,  2.823324951000863E-01,  1.164941056717560E-02, -3.139211416593252E-02,  1.239505148303612E-02,  3.899952470861256E-03,
2417290.500000000, A.D. 1906-Mar-21 00:00:00.0000, -1.984481695726118E-01,  2.578501963715550E-01,  3.929450973984711E-02, -2.797413732980918E-02, -1.603715791241708E-02,  1.266299199306610E-03,
2417300.500000000, A.D. 1906-Mar-31 00:00:00.0000, -3.796777266886726E-01,  2.628540941275170E-02,  3.708475375406430E-02, -7.787928297562889E-03, -2.684112296665806E-02, -1.472624239698727E-03,
2417310.500000000, A.D. 1906-Apr-10 00:00:00.0000, -3.673731169230607E-01, -2.290242891628090E-01,  1.512775711113704E-02,  9.106895863622002E-03, -2.262003128275075E-02, -2.683113897867726E-03,
2417320.500000000, A.D. 1906-Apr-20 00:00:00.0000, -2.210237462710955E-01, -4.057000502157455E-01, -1.275116557571766E-02,  1.903886747601317E-02, -1.208749291722882E-02, -2.738028089615332E-03,
2417330.500000000, A.D. 1906-Apr-30 00:00:00.0000, -8.073747104964717E-03, -4.625622350012099E-01, -3.698642278924488E-02,  2.249105200804019E-02,  9.689520874185835E-04, -1.990757459728772E-03,
2417340.500000000, A.D. 1906-May-10 00:00:00.0000,  2.063747299042628E-01, -3.838622413478092E-01, -5.030227278807820E-02,  1.915847533302322E-02,  1.473758855008355E-02, -5.610123224419041E-04,
2417350.500000000, A.D. 1906-May-20 00:00:00.0000,  3.462452954838402E-01, -1.741550287853766E-01, -4.606914485518333E-02,  7.143182147001674E-03,  2.643112825202982E-02,  1.498520835536718E-03,
2417360.500000000, A.D. 1906-May-30 00:00:00.0000,  3.145207769910648E-01,  1.114792852609443E-01, -1.985150745195486E-02, -1.485417695987916E-02,  2.778748330786878E-02,  3.633508704027487E-03,
2417370.500000000, A.D. 1906-Jun-09 00:00:00.0000,  5.778001753586724E-02,  3.014455292504272E-01,  1.927044677298244E-02, -3.326746598507047E-02,  6.357681396839896E-03,  3.580081656532646E-03,
2417380.500000000, A.D. 1906-Jun-19 00:00:00.0000, -2.516027743807472E-01,  2.211322390352142E-01,  4.119119411128783E-02, -2.429094116435744E-02, -1.996864470298658E-02,  6.066561786025895E-04,
2417390.500000000, A.D. 1906-Jun-29 00:00:00.0000, -3.914214397671804E-01, -2.830960184925944E-02,  3.371223750478366E-02, -3.819146506719427E-03, -2.683501067559795E-02, -1.837370397635784E-03,
2417400.500000000, A.D. 1906-Jul-09 00:00:00.0000, -3.462202474779954E-01, -2.731630400902962E-01,  9.580680624654871E-03,  1.167620412178318E-02, -2.081381947659893E-02, -2.772236380327943E-03,
2417410.500000000, A.D. 1906-Jul-19 00:00:00.0000, -1.810842420940485E-01, -4.277084689693801E-01, -1.822201546040720E-02,  2.025291168050761E-02, -9.571904011381950E-03, -2.644559974291940E-03,
2417420.500000000, A.D. 1906-Jul-29 00:00:00.0000,  3.755328208104750E-02, -4.577637462589064E-01, -4.079404426745803E-02,  2.240094621710639E-02,  3.763064442565910E-03, -1.754547093044559E-03,
2417430.500000000, A.D. 1906-Aug-08 00:00:00.0000,  2.436642929235784E-01, -3.511905278077979E-01, -5.106895347568109E-02,  1.750844444969109E-02,  1.742911043166750E-02, -1.896103339114793E-04,
2417440.500000000, A.D. 1906-Aug-18 00:00:00.0000,  3.570430234410329E-01, -1.188399562391689E-01, -4.255076157465888E-02,  3.417636771480920E-03,  2.797840516185341E-02,  1.967591177244915E-03,
2417450.500000000, A.D. 1906-Aug-28 00:00:00.0000,  2.792522065357900E-01,  1.657128733472752E-01, -1.218192992704749E-02, -1.985318355871782E-02,  2.544551983712602E-02,  3.902523246153653E-03,
2417460.500000000, A.D. 1906-Sep-07 00:00:00.0000, -1.051337738245723E-02,  3.079835987922382E-01,  2.608869509480825E-02, -3.375664068659224E-02,  8.012146915674297E-05,  3.113035672114824E-03,
2417470.500000000, A.D. 1906-Sep-17 00:00:00.0000, -2.968220365817344E-01,  1.773842533351588E-01,  4.178407325940214E-02, -2.019410927298743E-02, -2.295493559418136E-02, -1.396911356201279E-05,
2417480.500000000, A.D. 1906-Sep-27 00:00:00.0000, -3.953564856871739E-01, -8.236469322351361E-02,  2.966496475401918E-02, -1.028721537831875E-04, -2.631579070041791E-02, -2.137026050953094E-03,
2417490.500000000, A.D. 1906-Oct-07 00:00:00.0000, -3.201392950319571E-01, -3.134305632588285E-01,  3.895718747173697E-03,  1.395734174291213E-02, -1.880740213732001E-02, -2.818500386771604E-03,
2417500.500000000, A.D. 1906-Oct-17 00:00:00.0000, -1.389362938872112E-01, -4.445238816391173E-01, -2.347256613277344E-02,  2.120641864396169E-02, -6.973600249335607E-03, -2.520360312533880E-03,
2417510.500000000, A.D. 1906-Oct-27 00:00:00.0000,  8.272015999909867E-02, -4.472662919542527E-01, -4.409445458592026E-02,  2.202644630067796E-02,  6.575842703405660E-03, -1.490639261195368E-03,
2417520.500000000, A.D. 1906-Nov-06 00:00:00.0000,  2.772300370640476E-01, -3.131441167209117E-01, -5.105453699725023E-02,  1.547881015823940E-02,  2.001419747984127E-02,  2.080385398167715E-04,
2417530.500000000, A.D. 1906-Nov-16 00:00:00.0000,  3.598234346132037E-01, -6.086160848210404E-02, -3.807741627855433E-02, -7.503916245571753E-04,  2.901784922906191E-02,  2.435947868449584E-03,
2417540.500000000, A.D. 1906-Nov-26 00:00:00.0000,  2.340951841668238E-01,  2.140621957011742E-01, -4.082497968114510E-03, -2.453079276733022E-02,  2.197620817392202E-02,  4.049999038687217E-03,
2417550.500000000, A.D. 1906-Dec-06 00:00:00.0000, -7.840300145585326E-02,  3.018837509673681E-01,  3.183876475772356E-02, -3.287159217529489E-02, -6.023252888099571E-03,  2.533740768666951E-03,
2417560.500000000, A.D. 1906-Dec-16 00:00:00.0000, -3.335089994648835E-01,  1.284954126547744E-01,  4.117239117499000E-02, -1.591586699647335E-02, -2.503835500788643E-02, -5.776266037567966E-04,
2417570.500000000, A.D. 1906-Dec-26 00:00:00.0000, -3.920281434872108E-01, -1.349230394436679E-01,  2.507147384231310E-02,  3.331777257200189E-03, -2.537088193219355E-02, -2.376029909326869E-03,
2417580.500000000, A.D. 1907-Jan-05 00:00:00.0000, -2.897112936911871E-01, -3.494511731808861E-01, -1.842671616843549E-03,  1.595729659921470E-02, -1.663499575417150E-02, -2.825343809095152E-03,
2417590.500000000, A.D. 1907-Jan-15 00:00:00.0000, -9.511378802388838E-02, -4.559903279702718E-01, -2.844068598604497E-02,  2.189963177433599E-02, -4.306761508485632E-03, -2.366615523228517E-03,
2417600.500000000, A.D. 1907-Jan-25 00:00:00.0000,  1.268293639926494E-01, -4.310486585895854E-01, -4.683072027183008E-02,  2.135397128127975E-02,  9.391030132418156E-03, -1.199114724197565E-03,
2417610.500000000, A.D. 1907-Feb-04 00:00:00.0000,  3.062698367391330E-01, -2.699921544496957E-01, -5.020696246281536E-02,  1.304466930821151E-02,  2.244328427369156E-02,  6.301842667551024E-04,
2417620.500000000, A.D. 1907-Feb-14 00:00:00.0000,  3.537234941579097E-01, -1.399124880700941E-03, -3.266564291357915E-02, -5.318086371707946E-03,  2.941025261775502E-02,  2.888298136714561E-03,
2417630.500000000, A.D. 1907-Feb-24 00:00:00.0000,  1.800480561882438E-01,  2.542474463358201E-01,  4.169165752946991E-03, -2.855137746956318E-02,  1.742057877750344E-02,  4.048390439386000E-03,
2417640.500000000, A.D. 1907-Mar-06 00:00:00.0000, -1.432191751231049E-01,  2.838831768912030E-01,  3.633522104593277E-02, -3.077201488983232E-02, -1.159061908340411E-02,  1.886393277993066E-03,
2417650.500000000, A.D. 1907-Mar-16 00:00:00.0000, -3.614750284583022E-01,  7.622888513297331E-02,  3.948256463421279E-02, -1.163524472958199E-02, -2.630531020649431E-02, -1.074906253174487E-03,
2417660.500000000, A.D. 1907-Mar-26 00:00:00.0000, -3.820226463615101E-01, -1.851873497066442E-01,  2.005054310308583E-02,  6.471250497399723E-03, -2.407517355552681E-02, -2.559257183399881E-03,
2417670.500000000, A.D. 1907-Apr-05 00:00:00.0000, -2.555032619968484E-01, -3.809110514333200E-01, -7.557016355407072E-03,  1.768299063798358E-02, -1.432473780456718E-02, -2.795704983450729E-03,
2417680.500000000, A.D. 1907-Apr-15 00:00:00.0000, -5.015211628041023E-02, -4.619807170204144E-01, -3.306706372987096E-02,  2.233039971008061E-02, -1.584539583212696E-03, -2.184198009979863E-03,
2417690.500000000, A.D. 1907-Apr-25 00:00:00.0000,  1.692539381806077E-01, -4.091291012637087E-01, -4.894687801563800E-02,  2.036690605001577E-02,  1.218882958562161E-02, -8.800449123151642E-04,
2417700.500000000, A.D. 1907-May-05 00:00:00.0000,  3.299346537140115E-01, -2.221232610912685E-01, -4.847984378842471E-02,  1.018295534161348E-02,  2.465285486733115E-02,  1.073791427219256E-03,
2417710.500000000, A.D. 1907-May-15 00:00:00.0000,  3.380164511457372E-01,  5.806504203797224E-02, -2.636933108211766E-02, -1.019664856419123E-02,  2.900339148141969E-02,  3.304067532883897E-03,
2417720.500000000, A.D. 1907-May-25 00:00:00.0000,  1.188054658743386E-01,  2.842082216379776E-01,  1.224922277966287E-02, -3.158044336484881E-02,  1.195458029960797E-02,  3.881256459184071E-03,
2417730.500000000, A.D. 1907-Jun-04 00:00:00.0000, -2.027338125791288E-01,  2.553540337048003E-01,  3.948490511998622E-02, -2.771537813419407E-02, -1.636855375094633E-02,  1.215329716314603E-03,
2417740.500000000, A.D. 1907-Jun-14 00:00:00.0000, -3.808499285154842E-01,  2.214580590398625E-02,  3.685358717197491E-02, -7.478769403530114E-03, -2.686115062338879E-02, -1.502774583414142E-03,
2417750.500000000, A.D. 1907-Jun-24 00:00:00.0000, -3.659468937869228E-01, -2.325041968389102E-01,  1.471097492225371E-02,  9.312561993372643E-03, -2.249091879462346E-02, -2.691505425549840E-03,
2417760.500000000, A.D. 1907-Jul-04 00:00:00.0000, -2.180707918075738E-01, -4.075510924314657E-01, -1.317526477021721E-02,  1.914057312530550E-02, -1.189951863415144E-02, -2.731998179412760E-03,
2417770.500000000, A.D. 1907-Jul-14 00:00:00.0000, -4.593956651690306E-03, -4.623952467545866E-01, -3.729364791444728E-02,  2.249402838022114E-02,  1.180542772899664E-03, -1.973682598521016E-03,
2417780.500000000, A.D. 1907-Jul-24 00:00:00.0000,  2.093309198773098E-01, -3.815689555431838E-01, -5.038690948551026E-02,  1.904568430829795E-02,  1.494509262613467E-02, -5.336083557336079E-04,
2417790.500000000, A.D. 1907-Aug-03 00:00:00.0000,  3.473333707153386E-01, -1.700635858232873E-01, -4.583431778926956E-02,  6.875788521836909E-03,  2.656348159331446E-02,  1.533992101674209E-03,
2417800.500000000, A.D. 1907-Aug-13 00:00:00.0000,  3.122064308526039E-01,  1.157551838860253E-01, -1.928823804653814E-02, -1.523804266494180E-02,  2.764777920010175E-02,  3.657417198726794E-03,
2417810.500000000, A.D. 1907-Aug-23 00:00:00.0000,  5.265378487988397E-02,  3.023908492207054E-01,  1.982000432058002E-02, -3.335369262755104E-02,  5.884611549383079E-03,  3.549296837294858E-03,
2417820.500000000, A.D. 1907-Sep-02 00:00:00.0000, -2.553163450095305E-01,  2.180395547679585E-01,  4.127992541705981E-02, -2.399163597989818E-02, -2.022815816774556E-02,  5.578079763996290E-04,
2417830.500000000, A.D. 1907-Sep-12 00:00:00.0000, -3.919831834931103E-01, -3.244045428513662E-02,  3.342522339425827E-02, -3.527848692324273E-03, -2.681274079994990E-02, -1.862422678005765E-03,
2417840.500000000, A.D. 1907-Sep-22 00:00:00.0000, -3.444007771617192E-01, -2.763590869788423E-01,  9.150560331997950E-03,  1.185964497533961E-02, -2.066825494409244E-02, -2.777229845873242E-03,
2417850.500000000, A.D. 1907-Oct-02 00:00:00.0000, -1.779471499657162E-01, -4.291679226682507E-01, -1.863130206093140E-02,  2.033475186437587E-02, -9.377241265604512E-03, -2.636143779558672E-03,
2417860.500000000, A.D. 1907-Oct-12 00:00:00.0000,  4.101626838082376E-02, -4.571631271610038E-01, -4.106441757776325E-02,  2.238276197105646E-02,  3.976515041050944E-03, -1.735362978524761E-03,
2417870.500000000, A.D. 1907-Oct-22 00:00:00.0000,  2.463627274882487E-01, -3.484797708813311E-01, -5.109581450950126E-02,  1.736770692611009E-02,  1.763002289958248E-02, -1.601696526844615E-04,
2417880.500000000, A.D. 1907-Nov-01 00:00:00.0000,  3.575519058529618E-01, -1.145085849713676E-01, -4.224308643069358E-02,  3.115850027628732E-03,  2.807671488120090E-02,  2.003442766723971E-03,
2417890.500000000, A.D. 1907-Nov-11 00:00:00.0000,  2.761635554955627E-01,  1.696255346806577E-01, -1.157717551905086E-02, -2.022368205442984E-02,  2.522136987806059E-02,  3.918299174600724E-03,
2417900.500000000, A.D. 1907-Nov-21 00:00:00.0000, -1.571363119096043E-02,  3.079630078919852E-01,  2.656604101798831E-02, -3.373613836766573E-02, -3.942966687437511E-04,  3.072319279739348E-03,
2417910.500000000, A.D. 1907-Dec-01 00:00:00.0000, -2.999074935540406E-01,  1.738359190735029E-01,  4.177771110127543E-02, -1.987329406683126E-02, -2.314375190332929E-02, -5.901155720355502E-05,
2417920.500000000, A.D. 1907-Dec-11 00:00:00.0000, -3.953495994465187E-01, -8.641288532736090E-02,  2.933242737386581E-02,  1.679267704729178E-04, -2.625817951862579E-02, -2.157292780647520E-03,
2417930.500000000, A.D. 1907-Dec-21 00:00:00.0000, -3.179720361049860E-01, -3.163152227970523E-01,  3.459175236469861E-03,  1.411915138723378E-02, -1.864807701996394E-02, -2.820373038663039E-03,
2417940.500000000, A.D. 1907-Dec-31 00:00:00.0000, -1.356562147275182E-01, -4.455810507055003E-01, -2.386196883174312E-02,  2.126848301032387E-02, -6.773291516583789E-03, -2.509661734439869E-03,
2417950.500000000, A.D. 1908-Jan-10 00:00:00.0000,  8.612118958090774E-02, -4.462309707904821E-01, -4.432343732075652E-02,  2.198617495286346E-02,  6.790014091841281E-03, -1.469364976407509E-03,
2417960.500000000, A.D. 1908-Jan-20 00:00:00.0000,  2.796111579754694E-01, -3.100349852521604E-01, -5.101949603730475E-02,  1.530830944502773E-02,  2.020508495143736E-02,  2.393964813966300E-04,
2417970.500000000, A.D. 1908-Jan-30 00:00:00.0000,  3.596860085203937E-01, -5.637347193297606E-02, -3.769734120693542E-02, -1.084317085799174E-03,  2.907204125327911E-02,  2.471147090328416E-03,
2417980.500000000, A.D. 1908-Feb-09 00:00:00.0000,  2.302898360415737E-01,  2.174327723573654E-01, -3.456042867306893E-03, -2.486310410318923E-02,  2.166673258842254E-02,  4.055278860492937E-03,
2417990.500000000, A.D. 1908-Feb-19 00:00:00.0000, -8.345466038926662E-02,  3.009275485784292E-01,  3.222590378132807E-02, -3.275172712526551E-02, -6.467990914305017E-03,  2.486292567153305E-03,
2418000.500000000, A.D. 1908-Feb-29 00:00:00.0000, -3.359325664979940E-01,  1.246376651752449E-01,  4.107966915689426E-02, -1.558969025105067E-02, -2.516165199302078E-02, -6.178116760874976E-04,
2418010.500000000, A.D. 1908-Mar-10 00:00:00.0000, -3.914953361143073E-01, -1.388167281201039E-01,  2.470299811706691E-02,  3.580155176360837E-03, -2.528431380323350E-02, -2.391865439782566E-03,
2418020.500000000, A.D. 1908-Mar-20 00:00:00.0000, -2.872419081813849E-01, -3.519954983798459E-01, -2.279354419941983E-03,  1.609784437067282E-02, -1.646453982750656E-02, -2.824348311223562E-03,
2418030.500000000, A.D. 1908-Mar-30 00:00:00.0000, -9.173439866710330E-02, -4.566342952932504E-01, -2.880558841118191E-02,  2.194179555988716E-02, -4.102099127783404E-03, -2.353727479870274E-03,
2418040.500000000, A.D. 1908-Apr-09 00:00:00.0000,  1.301187299356313E-01, -4.295808569716319E-01, -4.701418427922406E-02,  2.129049253697846E-02,  9.604307155190705E-03, -1.175774512680090E-03,
2418050.500000000, A.D. 1908-Apr-19 00:00:00.0000,  3.082685070158344E-01, -2.665142619032838E-01, -5.010665194402054E-02,  1.284271691120800E-02,  2.261965245626672E-02,  6.632543628460680E-04,
2418060.500000000, A.D. 1908-Apr-29 00:00:00.0000,  3.528787409398190E-01,  3.138637547450400E-03, -3.221643592431028E-02, -5.678933313957777E-03,  2.940916541057217E-02,  2.921461965027736E-03,
2418070.500000000, A.D. 1908-May-09 00:00:00.0000,  1.756317629822934E-01,  2.569056014434472E-01,  4.793643629222906E-03, -2.881944056829145E-02,  1.703458949491339E-02,  4.041505930946473E-03,
2418080.500000000, A.D. 1908-May-19 00:00:00.0000, -1.479376113639642E-01,  2.820745489975734E-01,  3.662200884513725E-02, -3.057005180543506E-02, -1.198246340563838E-02,  1.835704480019018E-03,
2418090.500000000, A.D. 1908-May-29 00:00:00.0000, -3.632396079886914E-01,  7.218333556154956E-02,  3.931378344889372E-02, -1.131485672166802E-02, -2.637087443858310E-02, -1.109839717526087E-03,
2418100.500000000, A.D. 1908-Jun-08 00:00:00.0000, -3.810097940749101E-01, -1.888770370450224E-01,  1.965454527961743E-02,  6.696934929680324E-03, -2.396473005113404E-02, -2.571045007833517E-03,
2418110.500000000, A.D. 1908-Jun-18 00:00:00.0000, -2.527723006705150E-01, -3.830972531971208E-01, -7.988423151811194E-03,  1.780296847284146E-02, -1.414492179967622E-02, -2.792040281554877E-03,
2418120.500000000, A.D. 1908-Jun-28 00:00:00.0000, -4.671080508891134E-02, -4.622054377168589E-01, -3.340318656272051E-02,  2.235250314855491E-02, -1.376399242073268E-03, -2.169163505573858E-03,
2418130.500000000, A.D. 1908-Jul-08 00:00:00.0000,  1.723867469074098E-01, -4.072341308911787E-01, -4.908063250527202E-02,  2.027886081889359E-02,  1.239948401720365E-02, -8.546412908572067E-04,
2418140.500000000, A.D. 1908-Jul-18 00:00:00.0000,  3.314892028325434E-01, -2.183153230907880E-01, -4.831119702821995E-02,  9.948099850340651E-03,  2.480900013278310E-02,  1.108237159204098E-03,
2418150.500000000, A.D. 1908-Jul-28 00:00:00.0000,  3.364256249175552E-01,  6.252157429917292E-02, -2.585773678079769E-02, -1.057476896542772E-02,  2.893529612156610E-02,  3.333318806124359E-03,
2418160.500000000, A.D. 1908-Aug-07 00:00:00.0000,  1.139478017700571E-01,  2.860135918284556E-01,  1.284461695516010E-02, -3.176056340244546E-02,  1.151203477152916E-02,  3.861610656245727E-03,
2418170.500000000, A.D. 1908-Aug-17 00:00:00.0000, -2.069619338779282E-01,  2.528223680746440E-01,  3.966705033951586E-02, -2.745367946769202E-02, -1.669304367347600E-02,  1.164618006368544E-03,
2418180.500000000, A.D. 1908-Aug-27 00:00:00.0000, -3.819705675420978E-01,  1.802719820439773E-02,  3.661903078686510E-02, -7.172281561473605E-03, -2.687754983695306E-02, -1.532405830622379E-03,
2418190.500000000, A.D. 1908-Sep-06 00:00:00.0000, -3.644978814161705E-01, -2.359438077071872E-01,  1.429487380556125E-02,  9.515518928362464E-03, -2.236116001003309E-02, -2.699602881861099E-03,
2418200.500000000, A.D. 1908-Sep-16 00:00:00.0000, -2.151183082341471E-01, -4.093619048249069E-01, -1.359656573013299E-02,  1.924031449014434E-02, -1.171200482695991E-02, -2.725821289971035E-03,
2418210.500000000, A.D. 1908-Sep-26 00:00:00.0000, -1.131776823933894E-03, -4.621948756165721E-01, -3.759697770695459E-02,  2.249547311066568E-02,  1.391275592453142E-03, -1.956525772289712E-03,
2418220.500000000, A.D. 1908-Oct-06 00:00:00.0000,  2.122546385603135E-01, -3.792526071981338E-01, -5.046700084414163E-02,  1.893138926915824E-02,  1.515133173523518E-02, -5.061559038065451E-04,
2418230.500000000, A.D. 1908-Oct-16 00:00:00.0000,  3.483732533088514E-01, -1.659671153394906E-01, -4.559483060560342E-02,  6.606839262784966E-03,  2.669321306936297E-02,  1.569407542904770E-03,
2418240.500000000, A.D. 1908-Oct-26 00:00:00.0000,  3.098378752299890E-01,  1.199953153496783E-01, -1.872292135964382E-02, -1.562046491398399E-02,  2.750256183868209E-02,  3.680759961080352E-03,
2418250.500000000, A.D. 1908-Nov-05 00:00:00.0000,  4.752704158033975E-02,  3.032607211165300E-01,  2.036357839116598E-02, -3.343167543291300E-02,  5.411735485594070E-03,  3.517780044808782E-03,
2418260.500000000, A.D. 1908-Nov-15 00:00:00.0000, -2.589752469274635E-01,  2.149169709667625E-01,  4.136135662201013E-02, -2.369087953940966E-02, -2.048130443559716E-02,  5.093440754768070E-04,
2418270.500000000, A.D. 1908-Nov-25 00:00:00.0000, -3.925011249722160E-01, -3.655302926318290E-02,  3.313578905455599E-02, -3.239003462003775E-03, -2.678746566661782E-02, -1.887011373429660E-03,
2418280.500000000, A.D. 1908-Dec-05 00:00:00.0000, -3.425629276678075E-01, -2.795201676892067E-01,  8.721636753568296E-03,  1.204068616452908E-02, -2.052203797539801E-02, -2.781958282225703E-03,
2418290.500000000, A.D. 1908-Dec-15 00:00:00.0000, -1.748129175482652E-01, -4.305914873194809E-01, -1.903744665791266E-02,  2.041473073767056E-02, -9.182905815301809E-03, -2.627590315525715E-03,
2418300.500000000, A.D. 1908-Dec-25 00:00:00.0000,  4.445965219376687E-02, -4.565325063317340E-01, -4.133064045126877E-02,  2.236304037767946E-02,  4.189144036162954E-03, -1.716107063519673E-03,
2418310.500000000, A.D. 1909-Jan-04 00:00:00.0000,  2.490265004661900E-01, -3.457500373271038E-01, -5.111803226691582E-02,  1.722545128969215E-02,  1.782945986465214E-02, -1.307054973492285E-04,
2418320.500000000, A.D. 1909-Jan-14 00:00:00.0000,  3.580114626098523E-01, -1.101807142163225E-01, -4.193118010865649E-02,  2.812873542650432E-03,  2.817168742418696E-02,  2.039141099420296E-03,
2418330.500000000, A.D. 1909-Jan-24 00:00:00.0000,  2.730311109715875E-01,  1.734871735028376E-01, -1.097248409879346E-02, -2.059059306106573E-02,  2.499168117403127E-02,  3.933300376265512E-03,
2418340.500000000, A.D. 1909-Feb-03 00:00:00.0000, -2.088775740128916E-02,  3.078706854963490E-01,  2.703522958581536E-02, -3.370777093253729E-02, -8.654036394125762E-04,  3.031147466590201E-03,
2418350.500000000, A.D. 1909-Feb-13 00:00:00.0000, -3.029303576454576E-01,  1.702760087756898E-01,  4.176468410069054E-02, -1.955300369834161E-02, -2.332650313716458E-02, -1.035203328584320E-04,
2418360.500000000, A.D. 1909-Feb-23 00:00:00.0000, -3.953024172420135E-01, -9.043238408469449E-02,  2.899845064384473E-02,  4.357866192208980E-04, -2.619841595938372E-02, -2.177125402146746E-03,
2418370.500000000, A.D. 1909-Mar-05 00:00:00.0000, -3.157920206208912E-01, -3.191611722320384E-01,  3.024431808328526E-03,  1.427850881181851E-02, -1.848859414386431E-02, -2.822017052174837E-03,
2418380.500000000, A.D. 1909-Mar-15 00:00:00.0000, -1.323847458735548E-01, -4.466024643282409E-01, -2.424792390959129E-02,  2.132868775286745E-02, -6.573623065612589E-03, -2.498849594066782E-03,
2418390.500000000, A.D. 1909-Mar-25 00:00:00.0000,  8.949684688060201E-02, -4.451686839997998E-01, -4.454817078801433E-02,  2.194436252661603E-02,  7.003075203058213E-03, -1.448038646877990E-03,
2418400.500000000, A.D. 1909-Apr-04 00:00:00.0000,  2.819520101253346E-01, -3.069131799047942E-01, -5.097995716078946E-02,  1.513635091350714E-02,  2.039411087634496E-02,  2.707447831772068E-04,
2418410.500000000, A.D. 1909-Apr-14 00:00:00.0000,  3.594959248938740E-01, -5.189997772384009E-02, -3.731373989439158E-02, -1.418904026837897E-03,  2.912232793133483E-02,  2.506103487857679E-03,
2418420.500000000, A.D. 1909-Apr-24 00:00:00.0000,  2.264490281085778E-01,  2.207394069964520E-01, -2.831504470541829E-03, -2.519013779135178E-02,  2.135254002399990E-02,  4.059703885655062E-03,
2418430.500000000, A.D. 1909-May-04 00:00:00.0000, -8.846805456234678E-02,  2.999064936830507E-01,  3.260437944829644E-02, -3.262553722139496E-02, -6.907606363433044E-03,  2.438685670439869E-03,
2418440.500000000, A.D. 1909-May-14 00:00:00.0000, -3.382976243117068E-01,  1.207769294077485E-01,  4.098147345335919E-02, -1.526491958416249E-02, -2.527970828306616E-02, -6.574425630280012E-04,
2418450.500000000, A.D. 1909-May-24 00:00:00.0000, -3.909285691747345E-01, -1.426802517566531E-01,  2.433397710406578E-02,  3.825741774602189E-03, -2.519606086157829E-02, -2.407310422670722E-03,
2418460.500000000, A.D. 1909-Jun-03 00:00:00.0000, -2.847640319505391E-01, -3.545024238940234E-01, -2.713685203455359E-03,  1.623614895454665E-02, -1.629407393450892E-02, -2.823149061575905E-03,
2418470.500000000, A.D. 1909-Jun-13 00:00:00.0000, -8.836618719671116E-02, -4.572448435468750E-01, -2.916668350424695E-02,  2.198222496295129E-02, -3.898163694996265E-03, -2.340741424840206E-03,
2418480.500000000, A.D. 1909-Jun-23 00:00:00.0000,  1.333809528396523E-01, -4.280896523151460E-01, -4.719320274413474E-02,  2.122551283087711E-02,  9.816286780925002E-03, -1.152402599697126E-03,
2418490.500000000, A.D. 1909-Jul-03 00:00:00.0000,  3.102256315233616E-01, -2.630305123734340E-01, -5.000200538097787E-02,  1.263942528458278E-02,  2.279365129426593E-02,  6.962538898545340E-04,
2418500.500000000, A.D. 1909-Jul-13 00:00:00.0000,  3.519847933742241E-01,  7.647814100197811E-03, -3.176501398188441E-02, -6.039355757201523E-03,  2.940337348092841E-02,  2.954200090125999E-03,
2418510.500000000, A.D. 1909-Jul-23 00:00:00.0000,  1.712029093711466E-01,  2.594875092293389E-01,  5.413036188203826E-03, -2.908004514207658E-02,  1.664583861942044E-02,  4.033705074341102E-03,
2418520.500000000, A.D. 1909-Aug-02 00:00:00.0000, -1.525956472376669E-01,  2.802167423231046E-01,  3.689917346711717E-02, -3.036406202530651E-02, -1.236736377741983E-02,  1.785210602128693E-03,
2418530.500000000, A.D. 1909-Aug-12 00:00:00.0000, -3.649442757105201E-01,  6.815075370983563E-02,  3.914050004223942E-02, -1.099712591212724E-02, -2.643216583099763E-02, -1.144178689232940E-03,
2418540.500000000, A.D. 1909-Aug-22 00:00:00.0000, -3.799677549636408E-01, -1.925299368715626E-01,  1.925882335294447E-02,  6.919600948084064E-03, -2.385335903590211E-02, -2.582479670058193E-03,
2418550.500000000, A.D. 1909-Sep-01 00:00:00.0000, -2.500390131245130E-01, -3.852451835635697E-01, -8.416977013981624E-03,  1.792057906588951E-02, -1.396553186782283E-02, -2.788195623314026E-03,
2418560.500000000, A.D. 1909-Sep-11 00:00:00.0000, -4.328845321344782E-02, -4.623996056265167E-01, -3.373519488031660E-02,  2.237268153322745E-02, -1.169321232253991E-03, -2.154050909225219E-03,
2418570.500000000, A.D. 1909-Sep-21 00:00:00.0000,  1.754830512828458E-01, -4.053217290717306E-01, -4.920993295071281E-02,  2.018922881025709E-02,  1.260856331206023E-02, -8.292472068222453E-04,
2418580.500000000, A.D. 1909-Oct-01 00:00:00.0000,  3.329931441731049E-01, -2.145096239996515E-01, -4.813865745638356E-02,  9.712044837179972E-03,  2.496264392313532E-02,  1.142570378041681E-03,
2418590.500000000, A.D. 1909-Oct-11 00:00:00.0000,  3.347789294205772E-01,  6.694091489373796E-02, -2.534465179331177E-02, -1.095208738964916E-02,  2.886254856467789E-02,  3.362132168457624E-03,
2418600.500000000, A.D. 1909-Oct-21 00:00:00.0000,  1.090746455448215E-01,  2.877393923449666E-01,  1.343469732135628E-02, -3.193338233425564E-02,  1.106784169490577E-02,  3.841213885736348E-03,
2418610.500000000, A.D. 1909-Oct-31 00:00:00.0000, -2.111436744423787E-01,  2.502408638475698E-01,  3.984120044348363E-02, -2.718902868026052E-02, -1.701168074801489E-02,  1.114165220739215E-03,
2418620.500000000, A.D. 1909-Nov-10 00:00:00.0000, -3.830444740997008E-01,  1.390907111809922E-02,  3.638092033896959E-02, -6.867571266065963E-03, -2.689034384321607E-02, -1.561560132792238E-03,
2418630.500000000, A.D. 1909-Nov-20 00:00:00.0000, -3.630241166862378E-01, -2.393596587667441E-01,  1.387917357832226E-02,  9.716149563509831E-03, -2.223010057575673E-02, -2.707391001905102E-03,
2418640.500000000, A.D. 1909-Nov-30 00:00:00.0000, -2.121633415368251E-01, -4.111425157472455E-01, -1.401510253996557E-02,  1.933795841095649E-02, -1.152438765372930E-02, -2.719472500378239E-03,
2418650.500000000, A.D. 1909-Dec-10 00:00:00.0000,  2.313325420905336E-03, -4.619672863499459E-01, -3.789632818142949E-02,  2.249509675299262E-02,  1.601343869284402E-03, -1.939292420741575E-03,
2418660.500000000, A.D. 1909-Dec-20 00:00:00.0000,  2.151441467209142E-01, -3.769192529976674E-01, -5.054272599977053E-02,  1.881547128976950E-02,  1.535615796094525E-02, -4.787019147234244E-04,
2418670.500000000, A.D. 1909-Dec-30 00:00:00.0000,  3.493637796318054E-01, -1.618738501817484E-01, -4.535148845515925E-02,  6.336584251158207E-03,  2.682010470606402E-02,  1.604694752375944E-03,
2418680.500000000, A.D. 1910-Jan-09 00:00:00.0000,  3.074177237750383E-01,  1.241911050116987E-01, -1.815693488651236E-02, -1.600105572932346E-02,  2.735206847518652E-02,  3.703515479738436E-03,
2418690.500000000, A.D. 1910-Jan-19 00:00:00.0000,  4.240249128439381E-02,  3.040504925408162E-01,  2.090023260728914E-02, -3.350187961360192E-02,  4.939304751330200E-03,  3.485624619144354E-03,
2418700.500000000, A.D. 1910-Jan-29 00:00:00.0000, -2.625811200204776E-01,  2.117570184179988E-01,  4.143509816447204E-02, -2.338875783709393E-02, -2.072871790333080E-02,  4.612599661403445E-04,
2418710.500000000, A.D. 1910-Feb-08 00:00:00.0000, -3.929741729368461E-01, -4.065936229159604E-02,  3.284323564796376E-02, -2.952148873235259E-03, -2.675933877518507E-02, -1.911170348947826E-03,
2418720.500000000, A.D. 1910-Feb-18 00:00:00.0000, -3.407017770666045E-01, -2.826570507104025E-01,  8.293067464946747E-03,  1.221956307556054E-02, -2.037483754043149E-02, -2.786415697357313E-03,
2418730.500000000, A.D. 1910-Feb-28 00:00:00.0000, -1.716761538779001E-01, -4.319860819408355E-01, -1.944109959273193E-02,  2.049271897201958E-02, -8.988518795306310E-03, -2.618872494857497E-03,
2418740.500000000, A.D. 1910-Mar-10 00:00:00.0000,  4.788634597676473E-02, -4.558758703189347E-01, -4.159311692334405E-02,  2.234145390930223E-02,  4.401139842114303E-03, -1.696761495145987E-03,
2418750.500000000, A.D. 1910-Mar-20 00:00:00.0000,  2.516552590139767E-01, -3.430044163406123E-01, -5.113594803456138E-02,  1.708138614395307E-02,  1.802743970378183E-02, -1.012225905861974E-04,
2418760.500000000, A.D. 1910-Mar-30 00:00:00.0000,  3.584189075749291E-01, -1.058589837007752E-01, -4.161542634766936E-02,  2.508468292670320E-03,  2.826345008083219E-02,  2.074694398317405E-03,
2418770.500000000, A.D. 1910-Apr-09 00:00:00.0000,  2.698475059810229E-01,  1.772970299820543E-01, -1.036775981924645E-02, -2.095472353638685E-02,  2.475654185791641E-02,  3.947617528521547E-03,
2418780.500000000, A.D. 1910-Apr-19 00:00:00.0000, -2.605262583409102E-02,  3.077000028279900E-01,  2.749705515707914E-02, -3.367217639205959E-02, -1.334591264744445E-03,  2.989513152667109E-03,
2418790.500000000, A.D. 1910-Apr-29 00:00:00.0000, -3.059039399917892E-01,  1.666830564157432E-01,  4.174477299003812E-02, -1.923202240401638E-02, -2.350426033369081E-02, -1.476435849473209E-04,
2418800.500000000, A.D. 1910-May-09 00:00:00.0000, -3.952142472634689E-01, -9.444796829359151E-02,  2.866167916734538E-02,  7.020268539025575E-04, -2.613619308988682E-02, -2.196588821082761E-03,
2418810.500000000, A.D. 1910-May-19 00:00:00.0000, -3.135885792440142E-01, -3.219867020229539E-01,  2.589935019947673E-03,  1.443606479053713E-02, -1.832809249551176E-02, -2.823415348903847E-03,
2418820.500000000, A.D. 1910-May-29 00:00:00.0000, -1.291079602482286E-01, -4.475975496344502E-01, -2.463160827336925E-02,  2.138706159271501E-02, -6.373747085119633E-03, -2.487872724476568E-03,
2418830.500000000, A.D. 1910-Jun-08 00:00:00.0000,  9.285905379485219E-02, -4.440816726002271E-01, -4.476930590643439E-02,  2.190061794383858E-02,  7.215583669459506E-03, -1.426611559561537E-03,
2418840.500000000, A.D. 1910-Jun-18 00:00:00.0000,  2.842595851159229E-01, -3.037773835869657E-01, -5.093621672906524E-02,  1.496238977956925E-02,  2.058142239951582E-02,  3.021019422638666E-04,
2418850.500000000, A.D. 1910-Jun-28 00:00:00.0000,  3.592552066163618E-01, -4.744012295353968E-02, -3.692691522252973E-02, -1.754566474418435E-03,  2.916854258273327E-02,  2.540800877004862E-03,
2418860.500000000, A.D. 1910-Jul-08 00:00:00.0000,  2.225709725579422E-01,  2.239811773954034E-01, -2.209277939472833E-03, -2.551234601107468E-02,  2.103341131276619E-02,  4.063286534678128E-03,
2418870.500000000, A.D. 1910-Jul-18 00:00:00.0000, -9.345051708109627E-02,  2.988137974313346E-01,  3.297394482641217E-02, -3.249341425703656E-02, -7.343217720777640E-03,  2.390897271379762E-03,
2418880.500000000, A.D. 1910-Jul-28 00:00:00.0000, -3.406085424128813E-01,  1.168940981870712E-01,  4.087667849076022E-02, -1.494061914085433E-02, -2.539349444246567E-02, -6.966444239641504E-04,
2418890.500000000, A.D. 1910-Aug-07 00:00:00.0000, -3.903209633089271E-01, -1.465364199306504E-01,  2.396226344324701E-02,  4.069634175559004E-03, -2.510591703414121E-02, -2.422427631908802E-03,
2418900.500000000, A.D. 1910-Aug-17 00:00:00.0000, -2.822625976660830E-01, -3.569888117982978E-01, -3.147972213978484E-03,  1.637270291903315E-02, -1.612272331220477E-02, -2.821719719566204E-03,
2418910.500000000, A.D. 1910-Aug-27 00:00:00.0000, -8.499247428321961E-02, -4.578290777315762E-01, -2.952573049879756E-02,  2.202077552095340E-02, -3.693943546327168E-03, -2.327581381873481E-03,
2418920.500000000, A.D. 1910-Sep-06 00:00:00.0000,  1.366288976705130E-01, -4.265724843860030E-01, -4.736867904300724E-02,  2.115844509441752E-02,  1.002787207003142E-02, -1.128906568719886E-03,
2418930.500000000, A.D. 1910-Sep-16 00:00:00.0000,  3.121463464488544E-01, -2.595300279814232E-01, -4.989290697931995E-02,  1.243381096644542E-02,  2.296603880751947E-02,  7.292997897557311E-04,
2418940.500000000, A.D. 1910-Sep-26 00:00:00.0000,  3.510334564804574E-01,  1.214514040568738E-02, -3.130981054590605E-02, -6.401127790253616E-03,  2.939313628006075E-02,  2.986686219803181E-03,
2418950.500000000, A.D. 1910-Oct-06 00:00:00.0000,  1.667322711133448E-01,  2.620030684602077E-01,  6.030403782545125E-03, -2.933522616127693E-02,  1.625236501771411E-02,  4.025050223598030E-03,
2418960.500000000, A.D. 1910-Oct-16 00:00:00.0000, -1.572292170724146E-01,  2.782905246756056E-01,  3.716851497945661E-02, -3.015298562190244E-02, -1.274839723280695E-02,  1.734619174364607E-03,
2418970.500000000, A.D. 1910-Oct-26 00:00:00.0000, -3.666036113979508E-01,  6.409290484911349E-02,  3.896147783945925E-02, -1.067946120103288E-02, -2.648976308703974E-02, -1.178172837480407E-03,
2418980.500000000, A.D. 1910-Nov-05 00:00:00.0000, -3.788884750711861E-01, -1.961804342291528E-01,  1.886059466557261E-02,  7.141039346057232E-03, -2.373997009934857E-02, -2.593627958786396E-03,
2418990.500000000, A.D. 1910-Nov-15 00:00:00.0000, -2.472825118895294E-01, -3.873750783882930E-01, -8.845516764355171E-03,  1.803664425771556E-02, -1.378494635382207E-02, -2.784128817193923E-03,
2419000.500000000, A.D. 1910-Nov-25 00:00:00.0000, -3.985951958456343E-02, -4.625666483888050E-01, -3.406521118186642E-02,  2.239107718912231E-02, -9.616153773103851E-04, -2.138762102567324E-03,
2419010.500000000, A.D. 1910-Dec-05 00:00:00.0000,  1.785664598296196E-01, -4.033791976006941E-01, -4.933561942880329E-02,  2.009743958127764E-02,  1.281755628823968E-02, -8.037021787297339E-04,
2419020.500000000, A.D. 1910-Dec-15 00:00:00.0000,  3.344596900838724E-01, -2.106812549000577E-01, -4.796120531998123E-02,  9.473260928526302E-03,  2.511462264114460E-02,  1.176991726828691E-03,
2419030.500000000, A.D. 1910-Dec-25 00:00:00.0000,  3.330706873217137E-01,  7.134919154497857E-02, -2.482733532221277E-02, -1.133064874644330E-02,  2.878438691777968E-02,  3.390617866815909E-03,
2419040.500000000, A.D. 1911-Jan-04 00:00:00.0000,  1.041651412847972E-01,  2.893953026909056E-01,  1.402207863340638E-02, -3.209956316791961E-02,  1.061974571573124E-02,  3.819925157454889E-03,
2419050.500000000, A.D. 1911-Jan-14 00:00:00.0000, -2.152966862310876E-01,  2.475981820962486E-01,  4.000783010594747E-02, -2.692029665727531E-02, -1.732610969602563E-02,  1.063726527985229E-03,
2419060.500000000, A.D. 1911-Jan-24 00:00:00.0000, -3.840748518299356E-01,  9.770591049679450E-03,  3.613762220727947E-02, -6.563089046733165E-03, -2.689982304414508E-02, -1.590398653779993E-03,
2419070.500000000, A.D. 1911-Feb-03 00:00:00.0000, -3.615147237831971E-01, -2.427705807295223E-01,  1.346119565271949E-02,  9.915662863027586E-03, -2.209713463275201E-02, -2.714920187505593E-03,
2419080.500000000, A.D. 1911-Feb-13 00:00:00.0000, -2.091855092600513E-01, -4.129029590797725E-01, -1.443358650366163E-02,  1.943417976101924E-02, -1.133556214453066E-02, -2.712911100090248E-03,
2419090.500000000, A.D. 1911-Feb-23 00:00:00.0000,  5.765368921132419E-03, -4.617099795733223E-01, -3.819360995544003E-02,  2.249292955561177E-02,  1.812115410195712E-03, -1.921864654890657E-03,
2419100.500000000, A.D. 1911-Mar-05 00:00:00.0000,  2.180198240601115E-01, -3.745523518046620E-01, -5.061446089236520E-02,  1.869713250742774E-02,  1.556095839690145E-02, -4.510585562949652E-04,
2419110.500000000, A.D. 1911-Mar-15 00:00:00.0000,  3.503121291796196E-01, -1.577553641991483E-01, -4.510251396119317E-02,  6.063149225544703E-03,  2.694499535507951E-02,  1.640087587176915E-03,
2419120.500000000, A.D. 1911-Mar-25 00:00:00.0000,  3.049300890760615E-01,  1.283711799936831E-01, -1.758645553015768E-02, -1.638229550382528E-02,  2.719522534969809E-02,  3.725814010411935E-03,
2419130.500000000, A.D. 1911-Apr-04 00:00:00.0000,  3.724783640594572E-02,  3.047666068439144E-01,  2.143340577292429E-02, -3.356460418004948E-02,  4.464400222874284E-03,  3.452615121903104E-03,
2419140.500000000, A.D. 1911-Apr-14 00:00:00.0000, -2.661561006829128E-01,  2.085424672458084E-01,  4.150173710386149E-02, -2.308340366108724E-02, -2.097184625643956E-02,  4.132730126260702E-04,
2419150.500000000, A.D. 1911-Apr-24 00:00:00.0000, -3.934054684970487E-01, -4.478224704491610E-02,  3.254604809641475E-02, -2.665553311022327E-03, -2.672821614832140E-02, -1.935035810341994E-03,
2419160.500000000, A.D. 1911-May-04 00:00:00.0000, -3.388060776865253E-01, -2.857872557410887E-01,  7.862552233434378E-03,  1.239742127133999E-02, -2.022584162662953E-02, -2.790631627647862E-03,
2419170.500000000, A.D. 1911-May-14 00:00:00.0000, -1.685169962610766E-01, -4.333594181867536E-01, -1.984447739077998E-02,  2.056929209829069E-02, -8.792965313929930E-03, -2.609946869529374E-03,
2419180.500000000, A.D. 1911-May-24 00:00:00.0000,  5.131886970081070E-02, -4.551890483011346E-01, -4.185330877569591E-02,  2.231793795711326E-02,  4.613729342921751E-03, -1.677219894385275E-03,
2419190.500000000, A.D. 1911-Jun-03 00:00:00.0000,  2.542670896610562E-01, -3.402270860254658E-01, -5.114969252414763E-02,  1.693466798040417E-02,  1.822499248372464E-02, -7.156533019753080E-05,
2419200.500000000, A.D. 1911-Jun-13 00:00:00.0000,  3.587799425639951E-01, -1.015207552189415E-01, -4.129435655091894E-02,  2.201054982566664E-03,  2.835219562871610E-02,  2.110250552056593E-03,
2419210.500000000, A.D. 1911-Jun-23 00:00:00.0000,  2.666025043441576E-01,  1.810722737562324E-01, -9.760669138710642E-03, -2.131739941370776E-02,  2.451464726230792E-02,  3.961249556492252E-03,
2419220.500000000, A.D. 1911-Jul-03 00:00:00.0000, -3.122439699638890E-02,  3.074514180421378E-01,  2.795289230154029E-02, -3.362917905675619E-02, -1.803593411518184E-03,  2.947248786015580E-03,
2419230.500000000, A.D. 1911-Jul-13 00:00:00.0000, -3.088371080613687E-01,  1.630438525278082E-01,  4.171750974545966E-02, -1.890923693237692E-02, -2.367790894932035E-02, -1.915585035609580E-04,
2419240.500000000, A.D. 1911-Jul-23 00:00:00.0000, -3.950821622240604E-01, -9.847653251694287E-02,  2.832024852752683E-02,  9.677829042125059E-04, -2.607141138356371E-02, -2.215779079786720E-03,
2419250.500000000, A.D. 1911-Aug-02 00:00:00.0000, -3.113490485914647E-01, -3.248042616522476E-01,  2.153305779492676E-03,  1.459260810658793E-02, -1.816583725781610E-02, -2.824577227470051E-03,
2419260.500000000, A.D. 1911-Aug-12 00:00:00.0000, -1.258073341921760E-01, -4.485692892316743E-01, -2.501512584536925E-02,  2.144398115013898E-02, -6.172530264097266E-03, -2.476668603362622E-03,
2419270.500000000, A.D. 1911-Aug-22 00:00:00.0000,  9.622763105480314E-02, -4.429600802407336E-01, -4.498796788084749E-02,  2.185478560686087E-02,  7.428955746802736E-03, -1.404948163577736E-03,
2419280.500000000, A.D. 1911-Sep-01 00:00:00.0000,  2.865479983443032E-01, -3.006030184774175E-01, -5.088760126624828E-02,  1.478535058206002E-02,  2.076846715898208E-02,  3.336942555855734E-04,
2419290.500000000, A.D. 1911-Sep-11 00:00:00.0000,  3.589604892517080E-01, -4.295850393217306E-02, -3.653359557360688E-02, -2.093737420608792E-03,  2.921111344820661E-02,  2.575508955368324E-03,
2419300.500000000, A.D. 1911-Sep-21 00:00:00.0000,  2.186262283109179E-01,  2.271844583904924E-01, -1.584348755965445E-03, -2.583188614737704E-02,  2.070695478368478E-02,  4.066033737916049E-03,
2419310.500000000, A.D. 1911-Oct-01 00:00:00.0000, -9.843654223875441E-02,  2.976459734387031E-01,  3.333761348591566E-02, -3.235417414647258E-02, -7.777535000300397E-03,  2.342588161916456E-03,
2419320.500000000, A.D. 1911-Oct-11 00:00:00.0000, -3.428812607575099E-01,  1.129705915560283E-01,  4.076524062115537E-02, -1.461480422604825E-02, -2.550341427690463E-02, -7.356451784976825E-04,
2419330.500000000, A.D. 1911-Oct-21 00:00:00.0000, -3.896719064724242E-01, -1.504019526108773E-01,  2.358634370681538E-02,  4.313148926776747E-03, -2.501331790322215E-02, -2.437298749283884E-03,
2419340.500000000, A.D. 1911-Oct-31 00:00:00.0000, -2.797263564016890E-01, -3.594641424581633E-01, -3.584141038878093E-03,  1.650835738860202E-02, -1.594964315196221E-02, -2.820067473822368E-03,
2419350.500000000, A.D. 1911-Nov-10 00:00:00.0000, -8.159538818493763E-02, -4.583870540069307E-01, -2.988441840935007E-02,  2.205790359018846E-02, -3.488402304465712E-03, -2.314191300747143E-03,
2419360.500000000, A.D. 1911-Nov-20 00:00:00.0000,  1.398821626622181E-01, -4.250184042438422E-01, -4.754137874359785E-02,  2.108912555474492E-02,  1.024019119936479E-02, -1.105157275209339E-03,
2419370.500000000, A.D. 1911-Nov-30 00:00:00.0000,  3.140442769951465E-01, -2.559917636273728E-01, -4.977853939496539E-02,  1.222481816557376E-02,  2.313758789018220E-02,  7.625690769382748E-04,
2419380.500000000, A.D. 1911-Dec-10 00:00:00.0000,  3.500242203081948E-01,  1.665388732509185E-02, -3.084846596167495E-02, -6.765845806954092E-03,  2.937796956488501E-02,  3.019019983804141E-03,
2419390.500000000, A.D. 1911-Dec-20 00:00:00.0000,  1.622076308251653E-01,  2.644636831317787E-01,  6.647977956266984E-03, -2.958544380821862E-02,  1.585255053758959E-02,  4.015413877892448E-03,
2419400.500000000, A.D. 1911-Dec-30 00:00:00.0000, -1.618484162203849E-01,  2.762935408083184E-01,  3.743053002938812E-02, -2.993616370374826E-02, -1.312655033330300E-02,  1.683750091010420E-03,
2419410.500000000, A.D. 1912-Jan-09 00:00:00.0000, -3.682198157910544E-01,  6.000129992465099E-02,  3.877571067071202E-02, -1.036101513125794E-02, -2.654395453556303E-02, -1.211938598408841E-03,
2419420.500000000, A.D. 1912-Jan-19 00:00:00.0000, -3.777657046878985E-01, -1.998372737313218E-01,  1.845802363358531E-02,  7.362084599005361E-03, -2.362434208879422E-02, -2.604540929368458E-03,
2419430.500000000, A.D. 1912-Jan-29 00:00:00.0000, -2.444884906328743E-01, -3.894912858465083E-01, -9.276092721872378E-03,  1.815191517125172E-02, -1.360252216018666E-02, -2.779830644600256E-03,
2419440.500000000, A.D. 1912-Feb-08 00:00:00.0000, -3.640373974774778E-02, -4.627026947593392E-01, -3.439481072353791E-02,  2.240806444148987E-02, -7.522923299586482E-04, -2.123207614387705E-03,
2419450.500000000, A.D. 1912-Feb-18 00:00:00.0000,  1.816574697607399E-01, -4.013916311001177E-01, -4.945795197879079E-02,  2.000310850258431E-02,  1.302762448760273E-02, -7.778363175144948E-04,
2419460.500000000, A.D. 1912-Feb-28 00:00:00.0000,  3.359006446806259E-01, -2.068051623140343E-01, -4.777718110400465E-02,  9.230393901136906E-03,  2.526564729465675E-02,  1.211699839676997E-03,
2419470.500000000, A.D. 1912-Mar-09 00:00:00.0000,  3.312965112455232E-01,  7.577163001561286E-02, -2.430264637626415E-02, -1.171204822165971E-02,  2.869997467815488E-02,  3.418831584123649E-03,
2419480.500000000, A.D. 1912-Mar-19 00:00:00.0000,  9.920720640720006E-02,  2.909923446716722E-01,  1.460901306662705E-02, -3.225885154639164E-02,  1.016625934203540E-02,  3.797539255259298E-03,
2419490.500000000, A.D. 1912-Mar-29 00:00:00.0000, -2.194261554585178E-01,  2.448972120545973E-01,  4.016730044774244E-02, -2.664677650936793E-02, -1.763655981185016E-02,  1.013169271907695E-03,
2419500.500000000, A.D. 1912-Apr-08 00:00:00.0000, -3.850619370163409E-01,  5.613605591697340E-03,  3.588865570207025E-02, -6.258466729883829E-03, -2.690609394818533E-02, -1.618975663818826E-03,
2419510.500000000, A.D. 1912-Apr-18 00:00:00.0000, -3.599659436325847E-01, -2.461759381048612E-01,  1.304002089898945E-02,  1.011451878756830E-02, -2.196234858522995E-02, -2.722224785403010E-03,
2419520.500000000, A.D. 1912-Apr-28 00:00:00.0000, -2.061761054031461E-01, -4.146422167723829E-01, -1.485312691402678E-02,  1.952946930514270E-02, -1.114533907630158E-02, -2.706136654659243E-03,
2419530.500000000, A.D. 1912-May-08 00:00:00.0000,  9.236968901613895E-03, -4.614184811954288E-01, -3.848966988047550E-02,  2.248921198189244E-02,  2.024071200180064E-03, -1.904188947932942E-03,
2419540.500000000, A.D. 1912-May-18 00:00:00.0000,  2.208943036286363E-01, -3.721421879100117E-01, -5.068227163850429E-02,  1.857610722504418E-02,  1.576622726605110E-02, -4.231284920997687E-04,
2419550.500000000, A.D. 1912-May-28 00:00:00.0000,  3.512258260692177E-01, -1.535992683449056E-01, -4.484703693915009E-02,  5.785856296144047E-03,  2.706781493042683E-02,  1.675656817166843E-03,
2419560.500000000, A.D. 1912-Jun-07 00:00:00.0000,  3.023776752978319E-01,  1.325429869146559E-01, -1.701060238030262E-02, -1.676421906305035E-02,  2.703124745170100E-02,  3.747572015763612E-03,
2419570.500000000, A.D. 1912-Jun-17 00:00:00.0000,  3.207039095048536E-02,  3.054126950288310E-01,  2.196282553126523E-02, -3.361928478768362E-02,  3.987291335284852E-03,  3.418665690910528E-03,
2419580.500000000, A.D. 1912-Jun-27 00:00:00.0000, -2.696926551954115E-01,  2.052815585586608E-01,  4.156080032443241E-02, -2.277524246202714E-02, -2.121038735777368E-02,  3.653979578788144E-04,
2419590.500000000, A.D. 1912-Jul-07 00:00:00.0000, -3.937917772080380E-01, -4.891360307395334E-02,  3.224379413507104E-02, -2.379511136237575E-03, -2.669434027328661E-02, -1.958618171760146E-03,
2419600.500000000, A.D. 1912-Jul-17 00:00:00.0000, -3.368733321353508E-01, -2.889053352854487E-01,  7.429494794114830E-03,  1.257439552115412E-02, -2.007525533389783E-02, -2.794622138908109E-03,
2419610.500000000, A.D. 1912-Jul-27 00:00:00.0000, -1.653301344741729E-01, -4.347064805994305E-01, -2.024822514255023E-02,  2.064483493901829E-02, -8.596095640669460E-03, -2.600802457510554E-03,
2419620.500000000, A.D. 1912-Aug-06 00:00:00.0000,  5.476632134745345E-02, -4.544632874381329E-01, -4.211150063808147E-02,  2.229279723169940E-02,  4.827508741838947E-03, -1.657416635941459E-03,
2419630.500000000, A.D. 1912-Aug-16 00:00:00.0000,  2.568718000844574E-01, -3.374017093217065E-01, -5.115853586819440E-02,  1.678504932490116E-02,  1.842296636159618E-02, -4.159674716499225E-05,
2419640.500000000, A.D. 1912-Aug-26 00:00:00.0000,  3.590976383879497E-01, -9.714308470626762E-02, -4.096570525726752E-02,  1.889564634174492E-03,  2.843818917462776E-02,  2.145955546739500E-03,
2419650.500000000, A.D. 1912-Sep-05 00:00:00.0000,  2.632891778640458E-01,  1.848310850870141E-01, -9.148375777400235E-03, -2.167911184765386E-02,  2.426484484187625E-02,  3.974124845786192E-03,
2419660.500000000, A.D. 1912-Sep-15 00:00:00.0000, -3.640577990519042E-02,  3.071344998112534E-01,  2.840399179625035E-02, -3.357783965058894E-02, -2.272471947784041E-03,  2.904193722981782E-03,
2419670.500000000, A.D. 1912-Sep-25 00:00:00.0000, -3.117281311856625E-01,  1.593731711608604E-01,  4.168348457347309E-02, -1.858482058924888E-02, -2.384680300414487E-02, -2.352536047395712E-04,
2419680.500000000, A.D. 1912-Oct-05 00:00:00.0000, -3.949088633521353E-01, -1.025008015419536E-01,  2.797497761244071E-02,  1.232567547853935E-03, -2.600423837841039E-02, -2.234684063673055E-03,
2419690.500000000, A.D. 1912-Oct-15 00:00:00.0000, -3.090788534785362E-01, -3.276007905275820E-01,  1.715252736779887E-03,  1.474811797174972E-02, -1.800239470405161E-02, -2.825532683921231E-03,
2419700.500000000, A.D. 1912-Oct-25 00:00:00.0000, -1.224863723058091E-01, -4.495100155462746E-01, -2.539810703463964E-02,  2.149979830472192E-02, -5.970431169941105E-03, -2.465267075266476E-03,
2419710.500000000, A.D. 1912-Nov-04 00:00:00.0000,  9.960294748192705E-02, -4.417996351768219E-01, -4.520393479544572E-02,  2.180722898163586E-02,  7.642955678842060E-03, -1.383046495861902E-03,
2419720.500000000, A.D. 1912-Nov-14 00:00:00.0000,  2.888202589140921E-01, -2.973880406668953E-01, -5.083378275257921E-02,  1.460539895895600E-02,  2.095496897954205E-02,  3.655301942101391E-04,
2419730.500000000, A.D. 1912-Nov-24 00:00:00.0000,  3.586169746580433E-01, -3.845733735176254E-02, -3.613372295365732E-02, -2.435977584639037E-03,  2.924948670414168E-02,  2.610147160294958E-03,
2419740.500000000, A.D. 1912-Dec-04 00:00:00.0000,  2.146296412458070E-01,  2.303444298070929E-01, -9.579857349273597E-04, -2.614735414190824E-02,  2.037361845093297E-02,  4.067802816016489E-03,
2419750.500000000, A.D. 1912-Dec-14 00:00:00.0000, -1.034031449581357E-01,  2.964124449779636E-01,  3.369387495240756E-02, -3.220809005903928E-02, -8.208666366394371E-03,  2.293867788597900E-03,
2419760.500000000, A.D. 1912-Dec-24 00:00:00.0000, -3.451036613721631E-01,  1.090280828946860E-01,  4.064709194779161E-02, -1.428891679584541E-02, -2.560907387064093E-02, -7.743165872923177E-04,
2419770.500000000, A.D. 1913-Jan-03 00:00:00.0000, -3.889813166744310E-01, -1.542572050032628E-01,  2.320692967067800E-02,  4.555427157369760E-03, -2.491886696624742E-02, -2.451891563365275E-03,
2419780.500000000, A.D. 1913-Jan-13 00:00:00.0000, -2.771602240202908E-01, -3.619157756761224E-01, -4.021426162475008E-03,  1.664293108208148E-02, -1.577553175141636E-02, -2.818204314295373E-03,
2419790.500000000, A.D. 1913-Jan-23 00:00:00.0000, -7.817947875295847E-02, -4.589119009468737E-01, -3.024212903337897E-02,  2.209381239053900E-02, -3.281965110150280E-03, -2.300583447571663E-03,
2419800.500000000, A.D. 1913-Feb-02 00:00:00.0000,  1.431389146064563E-01, -4.234230769447946E-01, -4.771071073022896E-02,  2.101784739807845E-02,  1.045315282142232E-02, -1.081145929475309E-03,
2419810.500000000, A.D. 1913-Feb-12 00:00:00.0000,  3.159199379993676E-01, -2.524113165923448E-01, -4.965812234633089E-02,  1.201260173835646E-02,  2.330834394600309E-02,  7.960857849030404E-04,
2419820.500000000, A.D. 1913-Feb-22 00:00:00.0000,  3.489590997655572E-01,  2.117775908283939E-02, -3.038016321818357E-02, -7.133229521607587E-03,  2.935763975617225E-02,  3.051164223459360E-03,
2419830.500000000, A.D. 1913-Mar-04 00:00:00.0000,  1.576386081644182E-01,  2.668721501912285E-01,  7.265642887747983E-03, -2.982948804126920E-02,  1.544686110748091E-02,  4.004681739494848E-03,
2419840.500000000, A.D. 1913-Mar-14 00:00:00.0000, -1.664364935369316E-01,  2.742420064148950E-01,  3.768497575330014E-02, -2.971384869718940E-02, -1.350004214265156E-02,  1.632709102606114E-03,
2419850.500000000, A.D. 1913-Mar-24 00:00:00.0000, -3.697867575457865E-01,  5.590419533960856E-02,  3.858437937891492E-02, -1.004327508277532E-02, -2.659431605410107E-02, -1.245344742587415E-03,
2419860.500000000, A.D. 1913-Apr-03 00:00:00.0000, -3.766065299645475E-01, -2.034747670949453E-01,  1.805305806598379E-02,  7.581720234664905E-03, -2.350725864936180E-02, -2.615197138580815E-03,
2419870.500000000, A.D. 1913-Apr-13 00:00:00.0000, -2.416706132329679E-01, -3.915782812509432E-01, -9.706925545333553E-03,  1.826605987916016E-02, -1.341939244458692E-02, -2.775345176237729E-03,
2419880.500000000, A.D. 1913-Apr-23 00:00:00.0000, -3.293562423423986E-02, -4.628032685153026E-01, -3.472277715258423E-02,  2.242377342429014E-02, -5.423962605528405E-04, -2.107452497513739E-03,
2419890.500000000, A.D. 1913-May-03 00:00:00.0000,  1.847446337192082E-01, -3.993642524432709E-01, -4.957643710079426E-02,  1.990671543332462E-02,  1.323786465261196E-02, -7.517307264546490E-04,
2419900.500000000, A.D. 1913-May-13 00:00:00.0000,  3.373115540556057E-01, -2.028950122461611E-01, -4.758706985504056E-02,  8.984418030716632E-03,  2.541495141974451E-02,  1.246574322993340E-03,
2419910.500000000, A.D. 1913-May-23 00:00:00.0000,  3.294659735127218E-01,  8.018967376167249E-02, -2.377254078752894E-02, -1.209441561893840E-02,  2.860933858198469E-02,  3.446611503465937E-03,
2419920.500000000, A.D. 1913-Jun-02 00:00:00.0000,  9.422889410381433E-02,  2.925237323491061E-01,  1.519268577318898E-02, -3.241006776669394E-02,  9.709775019151167E-03,  3.774110645199686E-03,
2419930.500000000, A.D. 1913-Jun-12 00:00:00.0000, -2.235074232591386E-01,  2.421558452287227E-01,  4.031867978483502E-02, -2.637005685619719E-02, -1.794119910413459E-02,  9.627398670320746E-04,
2419940.500000000, A.D. 1913-Jun-22 00:00:00.0000, -3.859994193283771E-01,  1.464207418845071E-03,  3.563502973096631E-02, -5.955442161137329E-03, -2.690918238033281E-02, -1.647163567403540E-03,
2419950.500000000, A.D. 1913-Jul-02 00:00:00.0000, -3.583850253376115E-01, -2.495544401495536E-01,  1.261735940946345E-02,  1.031177009937432E-02, -2.182652241601983E-02, -2.729282121126999E-03,
2419960.500000000, A.D. 1913-Jul-12 00:00:00.0000, -2.031480081777887E-01, -4.163476570462243E-01, -1.527208572576728E-02,  1.962361784680855E-02, -1.095459842083158E-02, -2.699179097024121E-03,
2419970.500000000, A.D. 1913-Jul-22 00:00:00.0000,  1.271594706915761E-02, -4.610880921606212E-01, -3.878327541871694E-02,  2.248425154251745E-02,  2.236537624771071E-03, -1.886311297983842E-03,
2419980.500000000, A.D. 1913-Aug-01 00:00:00.0000,  2.237599770435082E-01, -3.696892886795510E-01, -5.074536181637553E-02,  1.845295899045250E-02,  1.597158855537394E-02, -3.949511107312704E-04,
2419990.500000000, A.D. 1913-Aug-11 00:00:00.0000,  3.521034570253491E-01, -1.494089255670017E-01, -4.458466343533283E-02,  5.505396588154773E-03,  2.718832995067745E-02,  1.711352580015474E-03,
2420000.500000000, A.D. 1913-Aug-21 00:00:00.0000,  2.997685664086425E-01,  1.367015496936421E-01, -1.642982943452799E-02, -1.714547851447389E-02,  2.686021677401314E-02,  3.768665645918036E-03,
2420010.500000000, A.D. 1913-Aug-31 00:00:00.0000,  2.689302248450176E-02,  3.059940901506886E-01,  2.248718512975943E-02, -3.366491826475863E-02,  3.510122165665085E-03,  3.383802040325753E-03,
2420020.500000000, A.D. 1913-Sep-10 00:00:00.0000, -2.731716028479966E-01,  2.020026000525997E-01,  4.161255946818261E-02, -2.246584883770970E-02, -2.144256870385223E-02,  3.178640712100519E-04,
2420030.500000000, A.D. 1913-Sep-20 00:00:00.0000, -3.941330652269091E-01, -5.301788317826308E-02,  3.193864357664804E-02, -2.095907898030258E-03, -2.665794951748790E-02, -1.981792505521580E-03,
2420040.500000000, A.D. 1913-Sep-30 00:00:00.0000, -3.349183526965307E-01, -2.919841138159729E-01,  6.996610195654322E-03,  1.274944918425594E-02, -1.992433395773477E-02, -2.798393989333038E-03,
2420050.500000000, A.D. 1913-Oct-10 00:00:00.0000, -1.621365789149589E-01, -4.360141744070882E-01, -2.065008928402631E-02,  2.071910197412145E-02, -8.399386102038827E-03, -2.591515271168224E-03,
2420060.500000000, A.D. 1913-Oct-20 00:00:00.0000,  5.820820607498257E-02, -4.536999833793010E-01, -4.236637791381036E-02,  2.226635629120924E-02,  5.041077290927422E-03, -1.637461332438402E-03,
2420070.500000000, A.D. 1913-Oct-30 00:00:00.0000,  2.594548769070147E-01, -3.345429741230427E-01, -5.116244058828609E-02,  1.663343144912933E-02,  1.862012079161224E-02, -1.146636311314114E-05,
2420080.500000000, A.D. 1913-Nov-09 00:00:00.0000,  3.593707146882228E-01, -9.275102105385562E-02, -4.063121034632416E-02,  1.575816680919525E-03,  2.852073444199009E-02,  2.181605982927231E-03,
2420090.500000000, A.D. 1913-Nov-19 00:00:00.0000,  2.599290305038804E-01,  1.885502011109349E-01, -8.534475557110016E-03, -2.203739952002466E-02,  2.400854973888336E-02,  3.986128642995954E-03,
2420100.500000000, A.D. 1913-Nov-29 00:00:00.0000, -4.156165849251531E-02,  3.067526536451761E-01,  2.884751630378770E-02, -3.351847069312908E-02, -2.737997114115471E-03,  2.860613790047699E-03,
2420110.500000000, A.D. 1913-Dec-09 00:00:00.0000, -3.145577093120402E-01,  1.556971249063247E-01,  4.164289007857957E-02, -1.826099279935628E-02, -2.400986614378329E-02, -2.784621872258857E-04,
2420120.500000000, A.D. 1913-Dec-19 00:00:00.0000, -3.946954627462516E-01, -1.064930300541009E-01,  2.762788275474727E-02,  1.494671563405181E-03, -2.593519050610313E-02, -2.253200257380595E-03,
2420130.500000000, A.D. 1913-Dec-29 00:00:00.0000, -3.067921651092701E-01, -3.303570404932130E-01,  1.278252777755372E-03,  1.490167576332436E-02, -1.783883673396542E-02, -2.826283099495738E-03,
2420140.500000000, A.D. 1914-Jan-08 00:00:00.0000, -1.191650117750577E-01, -4.504120046795853E-01, -2.577841652799824E-02,  2.155425904492442E-02, -5.768638139553499E-03, -2.453730089931176E-03,
2420150.500000000, A.D. 1914-Jan-18 00:00:00.0000,  1.029654967907006E-01, -4.406041666474594E-01, -4.541590100843820E-02,  2.175828216866022E-02,  7.856494242684807E-03, -1.361008439682158E-03,
2420160.500000000, A.D. 1914-Jan-28 00:00:00.0000,  2.910631535900380E-01, -2.941456845221382E-01, -5.077462873252366E-02,  1.442346997259587E-02,  2.114018694196243E-02,  3.974798013041920E-04,
2420170.500000000, A.D. 1914-Feb-07 00:00:00.0000,  3.582240093243605E-01, -3.395410995299818E-02, -3.572848982751924E-02, -2.779719860128898E-03,  2.928362780259766E-02,  2.644587461218575E-03,
2420180.500000000, A.D. 1914-Feb-17 00:00:00.0000,  2.105978838790061E-01,  2.334499281064384E-01, -3.323154345340558E-04, -2.645708389247247E-02,  2.003489214051352E-02,  4.068567811976734E-03,
2420190.500000000, A.D. 1914-Feb-27 00:00:00.0000, -1.083263836262995E-01,  2.951240470325676E-01,  3.404165694010101E-02, -3.205567562313556E-02, -8.634216922586112E-03,  2.244959480486765E-03,
2420200.500000000, A.D. 1914-Mar-09 00:00:00.0000, -3.472656638703020E-01,  1.050938963668951E-01,  4.052352067431649E-02, -1.396481812343361E-02, -2.570970955345033E-02, -8.124546932392416E-04,
2420210.500000000, A.D. 1914-Mar-19 00:00:00.0000, -3.882569615934801E-01, -1.580746547053281E-01,  2.282668237410361E-02,  4.794897303671860E-03, -2.482314694120438E-02, -2.466134977765557E-03,
2420220.500000000, A.D. 1914-Mar-29 00:00:00.0000, -2.745844240171749E-01, -3.643256039077556E-01, -4.457002318173035E-03,  1.677551688817809E-02, -1.560159825409096E-02, -2.816161631018080E-03,
2420230.500000000, A.D. 1914-Apr-08 00:00:00.0000, -7.477063012699170E-02, -4.593989662242335E-01, -3.059671761765752E-02,  2.212827796306020E-02, -3.076065743768965E-03, -2.286858486638422E-03,
2420240.500000000, A.D. 1914-Apr-18 00:00:00.0000,  1.463746152265582E-01, -4.217962140956030E-01, -4.787580382853453E-02,  2.094511993197860E-02,  1.066536369207628E-02, -1.057024088108661E-03,
2420250.500000000, A.D. 1914-Apr-28 00:00:00.0000,  3.177580253195270E-01, -2.488106479738660E-01, -4.953247232238073E-02,  1.179851407572405E-02,  2.347734068195211E-02,  8.296699538739145E-04,
2420260.500000000, A.D. 1914-May-08 00:00:00.0000,  3.478401956984020E-01,  2.569040952762944E-02, -2.990738415335643E-02, -7.501248019962522E-03,  2.933241679046913E-02,  3.082988076000529E-03,
2420270.500000000, A.D. 1914-May-18 00:00:00.0000,  1.530450921273762E-01,  2.692147800870819E-01,  7.880637568402633E-03, -3.006628951583951E-02,  1.503748911036653E-02,  3.992960618003603E-03,
2420280.500000000, A.D. 1914-May-28 00:00:00.0000, -1.709751235908131E-01,  2.721443938132757E-01,  3.793116157533712E-02, -2.948718999855722E-02, -1.386714120176696E-02,  1.581739559925479E-03,
2420290.500000000, A.D. 1914-Jun-07 00:00:00.0000, -3.713001879152463E-01,  5.182008405233735E-02,  3.838877495913719E-02, -9.727687683968514E-03, -2.664047591877901E-02, -1.278245683201340E-03,
2420300.500000000, A.D. 1914-Jun-17 00:00:00.0000, -3.754197398919431E-01, -2.070750993300898E-01,  1.764796474194318E-02,  7.798822002520629E-03, -2.338915029683407E-02, -2.625542990731920E-03,
2420310.500000000, A.D. 1914-Jun-27 00:00:00.0000, -2.388465582255348E-01, -3.936249531178285E-01, -1.013559542033846E-02,  1.837844709097957E-02, -1.323641912662662E-02, -2.770693649401937E-03,
2420320.500000000, A.D. 1914-Jul-07 00:00:00.0000, -2.947626810069064E-02, -4.628669328212236E-01, -3.504722929492759E-02,  2.243816269910719E-02, -3.329580366682891E-04, -2.091580578674576E-03,
2420330.500000000, A.D. 1914-Jul-17 00:00:00.0000,  1.878095757844916E-01, -3.973056746504445E-01, -4.969026325347369E-02,  1.980884804327736E-02,  1.344734635515456E-02, -7.255114078261173E-04,
2420340.500000000, A.D. 1914-Jul-27 00:00:00.0000,  3.386830070071780E-01, -1.989668623479934E-01, -4.739141205325040E-02,  8.736527157364043E-03,  2.556204243524443E-02,  1.281476882055200E-03,
2420350.500000000, A.D. 1914-Aug-06 00:00:00.0000,  3.275839955597812E-01,  8.458660404584448E-02, -2.323879286092862E-02, -1.247614750544725E-02,  2.851296087173787E-02,  3.473864120967439E-03,
2420360.500000000, A.D. 1914-Aug-16 00:00:00.0000,  8.924871840713841E-02,  2.939853474985566E-01,  1.577121712315915E-02, -3.255247924927754E-02,  9.252273061014704E-03,  3.749740320269539E-03,
2420370.500000000, A.D. 1914-Aug-26 00:00:00.0000, -2.275250586736290E-01,  2.393892340578891E-01,  4.046194579983568E-02, -2.609129836454174E-02, -1.823857104589468E-02,  9.126577872233620E-04,
2420380.500000000, A.D. 1914-Sep-05 00:00:00.0000, -3.868861132915998E-01, -2.655065157808158E-03,  3.537852878271656E-02, -5.655493798020647E-03, -2.690900217402635E-02, -1.674833596817507E-03,
2420390.500000000, A.D. 1914-Sep-15 00:00:00.0000, -3.567840051410980E-01, -2.528872896468395E-01,  1.219574037713698E-02,  1.050628754661902E-02, -2.169040320480966E-02, -2.736067684098823E-03,
2420400.500000000, A.D. 1914-Sep-25 00:00:00.0000, -2.001223839978759E-01, -4.180104188446578E-01, -1.568809332989481E-02,  1.971593420023682E-02, -1.076453907309032E-02, -2.692091388922107E-03,
2420410.500000000, A.D. 1914-Oct-05 00:00:00.0000,  1.617676147823400E-02, -4.607233992181550E-01, -3.907293021690523E-02,  2.247789582157358E-02,  2.448052061914726E-03, -1.868353886699173E-03,
2420420.500000000, A.D. 1914-Oct-15 00:00:00.0000,  2.265936004324641E-01, -3.672131522527165E-01, -5.080381776082680E-02,  1.832836045436782E-02,  1.617559844911941E-02, -3.667194403398342E-04,
2420430.500000000, A.D. 1914-Oct-25 00:00:00.0000,  3.529338584287562E-01, -1.452152031895624E-01, -4.431759251648703E-02,  5.223506609982062E-03,  2.730590342002831E-02,  1.746965009542975E-03,
2420440.500000000, A.D. 1914-Nov-04 00:00:00.0000,  2.971110806260391E-01,  1.408189696376762E-01, -1.584770206441438E-02, -1.752429140616771E-02,  2.668349757102479E-02,  3.789079644287868E-03,
2420450.500000000, A.D. 1914-Nov-14 00:00:00.0000,  2.173096892381812E-02,  3.065024240967940E-01,  2.300440649247640E-02, -3.370205851893054E-02,  3.034777093609429E-03,  3.348290378284586E-03,
2420460.500000000, A.D. 1914-Nov-24 00:00:00.0000, -2.765874834568394E-01,  1.987073595890519E-01,  4.165718986320468E-02, -2.215615960556015E-02, -2.166807761223337E-02,  2.708207684265280E-04,
2420470.500000000, A.D. 1914-Dec-04 00:00:00.0000, -3.944310975436712E-01, -5.709197877345679E-02,  3.163173591213226E-02, -1.815349890451040E-03, -2.661898037992301E-02, -2.004496358290400E-03,
2420480.500000000, A.D. 1914-Dec-14 00:00:00.0000, -3.329490532565760E-01, -2.950206035561420E-01,  6.565476282157401E-03,  1.292195215454683E-02, -1.977320490515468E-02, -2.801922318615945E-03,
2420490.500000000, A.D. 1914-Dec-24 00:00:00.0000, -1.589501550761804E-01, -4.372825071603298E-01, -2.104848882474841E-02,  2.079158636183313E-02, -8.203317645226985E-03, -2.582112654622195E-03,
2420500.500000000, A.D. 1915-Jan-03 00:00:00.0000,  6.162748408044672E-02, -4.529055326399900E-01, -4.261694649296231E-02,  2.223853016003285E-02,  5.253670947006839E-03, -1.617443990280605E-03,
2420510.500000000, A.D. 1915-Jan-13 00:00:00.0000,  2.620016824573756E-01, -3.316650678827007E-01, -5.116157010109124E-02,  1.648040978444385E-02,  1.881574013571261E-02,  1.869061766815927E-05,
2420520.500000000, A.D. 1915-Jan-23 00:00:00.0000,  3.595939568457142E-01, -8.836325428234498E-02, -4.029236011131367E-02,  1.261042556556444E-03,  2.859976348847163E-02,  2.217088720793594E-03,
2420530.500000000, A.D. 1915-Feb-02 00:00:00.0000,  2.565291573330074E-01,  1.922160168155587E-01, -7.920960706355921E-03, -2.239127836199566E-02,  2.374686550198369E-02,  3.997296122722781E-03,
2420540.500000000, A.D. 1915-Feb-12 00:00:00.0000, -4.668235909359637E-02,  3.063053085336640E-01,  2.928271414532900E-02, -3.345154485565311E-02, -3.199050469395764E-03,  2.816684004684227E-03,
2420550.500000000, A.D. 1915-Feb-22 00:00:00.0000, -3.173230480329973E-01,  1.520212945235503E-01,  4.159638117691738E-02, -1.793845447408752E-02, -2.416686363664397E-02, -3.210892396914370E-04,
2420560.500000000, A.D. 1915-Mar-04 00:00:00.0000, -3.944457392621711E-01, -1.104468632193416E-01,  2.728025037752302E-02,  1.753449516194004E-03, -2.586431704161615E-02, -2.271288823367956E-03,
2420570.500000000, A.D. 1915-Mar-14 00:00:00.0000, -3.044993319453688E-01, -3.330685834157611E-01,  8.437924330131544E-04,  1.505262323935938E-02, -1.767551790465218E-02, -2.826827654505775E-03,
2420580.500000000, A.D. 1915-Mar-24 00:00:00.0000, -1.158596975485665E-01, -4.512761782351957E-01, -2.615478564802145E-02,  2.160684060998334E-02, -5.567860460118583E-03, -2.442104833494690E-03,
2420590.500000000, A.D. 1915-Apr-03 00:00:00.0000,  1.062955504249249E-01, -4.393828789063679E-01, -4.562338407916457E-02,  2.170787798571537E-02,  8.068675423902185E-03, -1.338945019191054E-03,
2420600.500000000, A.D. 1915-Apr-13 00:00:00.0000,  2.932600023230427E-01, -2.908932266612463E-01, -5.071097595483270E-02,  1.424025403294785E-02,  2.132351276266936E-02,  4.294043680049166E-04,
2420610.500000000, A.D. 1915-Apr-23 00:00:00.0000,  3.577740773180283E-01, -2.946752137559894E-02, -3.531972791758840E-02, -3.124024631628477E-03,  2.931397256209119E-02,  2.678800669705301E-03,
2420620.500000000, A.D. 1915-May-03 00:00:00.0000,  2.065271494712977E-01,  2.364908842532382E-01,  2.917003313055693E-04, -2.676149715896150E-02,  1.969168790925457E-02,  4.068519566895461E-03,
2420630.500000000, A.D. 1915-May-13 00:00:00.0000, -1.132174566630184E-01,  2.937718765622510E-01,  3.438163637741307E-02, -3.189738327635600E-02, -9.054840474481098E-03,  2.195933201569314E-03,
2420640.500000000, A.D. 1915-May-23 00:00:00.0000, -3.493761566626585E-01,  1.011538261973437E-01,  4.039514851033358E-02, -1.364187525150578E-02, -2.580541010820349E-02, -8.500908805387932E-04,
2420650.500000000, A.D. 1915-Jun-02 00:00:00.0000, -3.875028243396850E-01, -1.618654069103250E-01,  2.244614893216878E-02,  5.031794819234318E-03, -2.472561966352245E-02, -2.480013297671753E-03,
2420660.500000000, A.D. 1915-Jun-12 00:00:00.0000, -2.720030901297822E-01, -3.666998514594054E-01, -4.890115154691524E-03,  1.690590741481132E-02, -1.542748667735032E-02, -2.813923519444087E-03,
2420670.500000000, A.D. 1915-Jun-22 00:00:00.0000, -7.137566289288656E-02, -4.598529398537117E-01, -3.094745571063734E-02,  2.216103110354309E-02, -2.870754195298643E-03, -2.273041194419788E-03,
2420680.500000000, A.D. 1915-Jul-02 00:00:00.0000,  1.495807649731093E-01, -4.201446076308937E-01, -4.803642015105174E-02,  2.087091727196505E-02,  1.087649437349013E-02, -1.032863674480786E-03,
2420690.500000000, A.D. 1915-Jul-12 00:00:00.0000,  3.195517310480842E-01, -2.451998381569285E-01, -4.940220959363493E-02,  1.158292311178118E-02,  2.364432849048984E-02,  8.632305325400812E-04,
2420700.500000000, A.D. 1915-Jul-22 00:00:00.0000,  3.466654762558009E-01,  3.018173028253422E-02, -2.943142299166321E-02, -7.869426395436432E-03,  2.930260360839705E-02,  3.114467307024462E-03,
2420710.500000000, A.D. 1915-Aug-01 00:00:00.0000,  1.484265899199908E-01,  2.714864591284489E-01,  8.492133731568353E-03, -3.029612402714932E-02,  1.462490898915673E-02,  3.980360398355197E-03,
2420720.500000000, A.D. 1915-Aug-11 00:00:00.0000, -1.754688522597496E-01,  2.699956108283754E-01,  3.816923930225629E-02, -2.925639969483993E-02, -1.422827174624583E-02,  1.530891707798655E-03,
2420730.500000000, A.D. 1915-Aug-21 00:00:00.0000, -3.727633366153197E-01,  4.774018564098512E-02,  3.818915453989873E-02, -9.413940708530907E-03, -2.668258715443785E-02, -1.310648321410433E-03,
2420740.500000000, A.D. 1915-Aug-31 00:00:00.0000, -3.742066449843059E-01, -2.106463358056899E-01,  1.724300329182519E-02,  8.013387581397819E-03, -2.326980001077412E-02, -2.635569432907540E-03,
2420750.500000000, A.D. 1915-Sep-10 00:00:00.0000, -2.360198323613240E-01, -3.956374446622740E-01, -1.056173712182960E-02,  1.848867009940514E-02, -1.305350455877798E-02, -2.765870119336592E-03,
2420760.500000000, A.D. 1915-Sep-20 00:00:00.0000, -2.603406311040652E-02, -4.629006757043608E-01, -3.536791640576123E-02,  2.245073009183389E-02, -1.242593575106398E-04, -2.075626449848257E-03,
2420770.500000000, A.D. 1915-Sep-30 00:00:00.0000,  1.908402490997076E-01, -3.952272808342127E-01, -4.979982311955952E-02,  1.970935072652298E-02,  1.365553287464314E-02, -6.992713625089854E-04,
2420780.500000000, A.D. 1915-Oct-10 00:00:00.0000,  3.400043072462639E-01, -1.950362668743963E-01, -4.719162174528984E-02,  8.487116092224283E-03,  2.570677250644374E-02,  1.316317875300782E-03,
2420790.500000000, A.D. 1915-Oct-20 00:00:00.0000,  3.256429234180293E-01,  8.895035968683486E-02, -2.270292130669071E-02, -1.285736090969868E-02,  2.841163468462768E-02,  3.500692198429637E-03,
2420800.500000000, A.D. 1915-Oct-30 00:00:00.0000,  8.424944504535928E-02,  2.953690263428833E-01,  1.634500778517159E-02, -3.268757489534906E-02,  8.793105521955273E-03,  3.724622972250141E-03,
2420810.500000000, A.D. 1915-Nov-09 00:00:00.0000, -2.315015637858119E-01,  2.365727989034994E-01,  4.059782178580978E-02, -2.580967991906147E-02, -1.853051298492791E-02,  8.628046085265299E-04,
2420820.500000000, A.D. 1915-Nov-19 00:00:00.0000, -3.877294997702433E-01, -6.777463762463704E-03,  3.511854495647407E-02, -5.356974382581277E-03, -2.690540372715270E-02, -1.702082877255668E-03,
2420830.500000000, A.D. 1915-Nov-29 00:00:00.0000, -3.551583290701287E-01, -2.562001891149487E-01,  1.177418176364216E-02,  1.069875932799558E-02, -2.155288031589317E-02, -2.742569625487411E-03,
2420840.500000000, A.D. 1915-Dec-09 00:00:00.0000, -1.970922626171611E-01, -4.196451691257569E-01, -1.610180878538743E-02,  1.980629651280776E-02, -1.057417397138189E-02, -2.684833850964319E-03,
2420850.500000000, A.D. 1915-Dec-19 00:00:00.0000,  1.962329209533602E-02, -4.603314546970966E-01, -3.935900441258136E-02,  2.246972957083287E-02,  2.659138311880898E-03, -1.850303503125140E-03,
2420860.500000000, A.D. 1915-Dec-29 00:00:00.0000,  2.293951262043308E-01, -3.647176198277393E-01, -5.085805128197139E-02,  1.820198397412605E-02,  1.637841706577187E-02, -3.384518758432059E-04,
2420870.500000000, A.D. 1916-Jan-08 00:00:00.0000,  3.537145293319759E-01, -1.410208004113753E-01, -4.404641386468101E-02,  4.939985000509294E-03,  2.742066474627728E-02,  1.782488864727544E-03,
2420880.500000000, A.D. 1916-Jan-18 00:00:00.0000,  2.943991386150396E-01,  1.448942654888562E-01, -1.526445773561345E-02, -1.790131151904451E-02,  2.650120733778031E-02,  3.808898133476939E-03,
2420890.500000000, A.D. 1916-Jan-28 00:00:00.0000,  1.656887918183418E-02,  3.069323203289441E-01,  2.351516349468348E-02, -3.373156273956235E-02,  2.560017318303053E-03,  3.312172575598982E-03,
2420900.500000000, A.D. 1916-Feb-07 00:00:00.0000, -2.799550344110580E-01,  1.953745167887973E-01,  4.169467775144069E-02, -2.184515313178359E-02, -2.188830330686705E-02,  2.241205603585294E-04,
2420910.500000000, A.D. 1916-Feb-17 00:00:00.0000, -3.946870085799654E-01, -6.116318022094231E-02,  3.132173809764746E-02, -1.536475365516241E-03, -2.657727367158753E-02, -2.026819209933375E-03,
2420920.500000000, A.D. 1916-Feb-27 00:00:00.0000, -3.309565149164012E-01, -2.980359978779629E-01,  6.134384832027218E-03,  1.309250333191800E-02, -1.962097365037158E-02, -2.805199954448085E-03,
2420930.500000000, A.D. 1916-Mar-08 00:00:00.0000, -1.557597629401549E-01, -4.385234147373989E-01, -2.144480835205619E-02,  2.086217169760173E-02, -8.007019451865337E-03, -2.572546598793161E-03,
2420940.500000000, A.D. 1916-Mar-18 00:00:00.0000,  6.503187573028105E-02, -4.520847521082471E-01, -4.286411002075979E-02,  2.220881846655597E-02,  5.465821132925049E-03, -1.597322004958483E-03,
2420950.500000000, A.D. 1916-Mar-28 00:00:00.0000,  2.645143639188550E-01, -3.287691478447881E-01, -5.115650562509653E-02,  1.632540720796616E-02,  1.901006216809814E-02,  4.889794071228790E-05,
2420960.500000000, A.D. 1916-Apr-07 00:00:00.0000,  3.597634164955467E-01, -8.397868194055425E-02, -3.994941101173290E-02,  9.445219408644423E-04,  2.867554116338450E-02,  2.252461049282214E-03,
2420970.500000000, A.D. 1916-Apr-17 00:00:00.0000,  2.530742823991516E-01,  1.958311195628616E-01, -7.306997366610818E-03, -2.274240114411706E-02,  2.347950656831262E-02,  4.007777615928772E-03,
2420980.500000000, A.D. 1916-Apr-27 00:00:00.0000, -5.179842151060064E-02,  3.057800523873118E-01,  2.971111649086464E-02, -3.337768557047672E-02, -3.658299445091228E-03,  2.772319198561184E-03,
2420990.500000000, A.D. 1916-May-07 00:00:00.0000, -3.200448011001553E-01,  1.483089071492739E-01,  4.154337350718827E-02, -1.761499848052890E-02, -2.431931026969169E-02, -3.633889289477856E-04,
2421000.500000000, A.D. 1916-May-17 00:00:00.0000, -3.941571124589149E-01, -1.144022367313753E-01,  2.692967044248970E-02,  2.010972815399080E-03, -2.579094479226769E-02, -2.289046047316427E-03,
2421010.500000000, A.D. 1916-May-27 00:00:00.0000, -3.021825744910126E-01, -3.357635046554249E-01,  4.092310025412858E-04,  1.520191845133487E-02, -1.751093090524585E-02, -2.827130908709919E-03,
2421020.500000000, A.D. 1916-Jun-06 00:00:00.0000, -1.125477912380434E-01, -4.521148863767920E-01, -2.652920508712343E-02,  2.165762332434105E-02, -5.366541844880237E-03, -2.430308261856336E-03,
2421030.500000000, A.D. 1916-Jun-16 00:00:00.0000,  1.096135498033232E-01, -4.381339447223037E-01, -4.582747735955112E-02,  2.165552312359948E-02,  8.280734127399556E-03, -1.316760602047308E-03,
2421040.500000000, A.D. 1916-Jun-26 00:00:00.0000,  2.954236987318326E-01, -2.876190040231579E-01, -5.064291774592575E-02,  1.405473674109072E-02,  2.150564645868746E-02,  4.614055439750486E-04,
2421050.500000000, A.D. 1916-Jul-06 00:00:00.0000,  3.572677413118703E-01, -2.498263556067725E-02, -3.490658972737470E-02, -3.470292842620410E-03,  2.934041450146889E-02,  2.712866758684579E-03,
2421060.500000000, A.D. 1916-Jul-16 00:00:00.0000,  2.024043552255402E-01,  2.394755893567934E-01,  9.153800753583946E-04, -2.706175982127576E-02,  1.934275013147123E-02,  4.067660337722726E-03,
2421070.500000000, A.D. 1916-Jul-26 00:00:00.0000, -1.180949745493920E-01,  2.923469735174147E-01,  3.471446246194120E-02, -3.173295127570686E-02, -9.472507508250629E-03,  2.146648357277023E-03,
2421080.500000000, A.D. 1916-Aug-05 00:00:00.0000, -3.514433650945101E-01,  9.718347395112244E-02,  4.026090586395770E-02, -1.331853249135240E-02, -2.589705833261261E-02, -8.873931144346755E-04,
2421090.500000000, A.D. 1916-Aug-15 00:00:00.0000, -3.867117488352063E-01, -1.656555936497191E-01,  2.206305699906353E-02,  5.267462170317879E-03, -2.462585112663065E-02, -2.493592700813115E-03,
2421100.500000000, A.D. 1916-Aug-25 00:00:00.0000, -2.693993184953504E-01, -3.690566793865145E-01, -5.323199671219254E-03,  1.703468824388835E-02, -1.525214833994432E-02, -2.811462829462240E-03,
2421110.500000000, A.D. 1916-Sep-04 00:00:00.0000, -6.797550145902957E-02, -4.602807148091648E-01, -3.129622124080714E-02,  2.219194903677566E-02, -2.664887499365490E-03, -2.259054396531401E-03,
2421120.500000000, A.D. 1916-Sep-14 00:00:00.0000,  1.527724516241449E-01, -4.184643822631399E-01, -4.819355697281760E-02,  2.079459159799983E-02,  1.108753152557353E-02, -1.008568346772329E-03,
2421130.500000000, A.D. 1916-Sep-24 00:00:00.0000,  3.213073377185234E-01, -2.415663609619760E-01, -4.926726777154089E-02,  1.136469577739916E-02,  2.381003137520920E-02,  8.968880796697622E-04,
2421140.500000000, A.D. 1916-Oct-04 00:00:00.0000,  3.454263994281687E-01,  3.466875437300965E-02, -2.895078763983885E-02, -8.239642439671497E-03,  2.926821651812003E-02,  3.145763154226718E-03,
2421150.500000000, A.D. 1916-Oct-14 00:00:00.0000,  1.437542366774912E-01,  2.736946426528836E-01,  9.102854270367564E-03, -3.052074308664174E-02,  1.420696545821797E-02,  3.966909043942388E-03,
2421160.500000000, A.D. 1916-Oct-24 00:00:00.0000, -1.799500516690127E-01,  2.677748260310878E-01,  3.840055623497297E-02, -2.902022999199106E-02, -1.458618855566248E-02,  1.479895280525297E-03,
2421170.500000000, A.D. 1916-Nov-03 00:00:00.0000, -3.741876023650783E-01,  4.362770216443675E-02,  3.798422807033662E-02, -9.099632716220826E-03, -2.672102193382953E-02, -1.342758999443741E-03,
2421180.500000000, A.D. 1916-Nov-13 00:00:00.0000, -3.729580373533157E-01, -2.142204904895014E-01,  1.683566495856705E-02,  8.227026193530898E-03, -2.314811770457642E-02, -2.645322333892171E-03,
2421190.500000000, A.D. 1916-Nov-23 00:00:00.0000, -2.331698494648748E-01, -3.976342844894446E-01, -1.098780237771229E-02,  1.859742981898253E-02, -1.286915425535861E-02, -2.760828065891266E-03,
2421200.500000000, A.D. 1916-Dec-03 00:00:00.0000, -2.258507178728638E-02, -4.629080325921301E-01, -3.568656035537973E-02,  2.246146966389956E-02,  8.515887521255137E-05, -2.059494601549354E-03,
2421210.500000000, A.D. 1916-Dec-13 00:00:00.0000,  1.938572864077276E-01, -3.931192221161768E-01, -4.990570353528704E-02,  1.960756287213319E-02,  1.386359509020154E-02, -6.728812512829205E-04,
2421220.500000000, A.D. 1916-Dec-23 00:00:00.0000,  3.412860990721070E-01, -1.910846943182960E-01, -4.698693302256889E-02,  8.234865367175256E-03,  2.584961415863669E-02,  1.351228767866675E-03,
2421230.500000000, A.D. 1917-Jan-02 00:00:00.0000,  3.236386570575625E-01,  9.329820794644871E-02, -2.216320548339390E-02, -1.323951255450481E-02,  2.830456905457557E-02,  3.527135035779934E-03,
2421240.500000000, A.D. 1917-Jan-12 00:00:00.0000,  7.921675523290854E-02,  2.966787886842484E-01,  1.691539249348688E-02, -3.281580299475973E-02,  8.330599942224097E-03,  3.698648619378640E-03,
2421250.500000000, A.D. 1917-Jan-22 00:00:00.0000, -2.354490975679744E-01,  2.336941507995551E-01,  4.072609557423386E-02, -2.552434649642528E-02, -1.881843109715103E-02,  8.129987104416977E-04,
2421260.500000000, A.D. 1917-Feb-01 00:00:00.0000, -3.885295725223307E-01, -1.092403301844480E-02,  3.485323149932731E-02, -5.058494192092843E-03, -2.689867667388103E-02, -1.729039351466719E-03,
2421270.500000000, A.D. 1917-Feb-11 00:00:00.0000, -3.534951454818204E-01, -2.595122027991714E-01,  1.135005322486187E-02,  1.089028304238166E-02, -2.141334367919332E-02, -2.748816866184231E-03,
2421280.500000000, A.D. 1917-Feb-21 00:00:00.0000, -1.940365720269042E-01, -4.212621917291809E-01, -1.651571371471484E-02,  1.989523008453405E-02, -1.038241957424949E-02, -2.677351656072100E-03,
2421290.500000000, A.D. 1917-Mar-03 00:00:00.0000,  2.307864814690568E-02, -4.599107280664410E-01, -3.964310706086525E-02,  2.245962554088252E-02,  2.871027103352295E-03, -1.832043973693297E-03,
2421300.500000000, A.D. 1917-Mar-13 00:00:00.0000,  2.321828644664589E-01, -3.621893765354517E-01, -5.090829029140142E-02,  1.807298441626099E-02,  1.658111097417372E-02, -3.099923051731176E-04,
2421310.500000000, A.D. 1917-Mar-23 00:00:00.0000,  3.544515233123848E-01, -1.368044781344045E-01, -4.376973394674260E-02,  4.653236333629684E-03,  2.753302092158416E-02,  1.818082378536405E-03,
2421320.500000000, A.D. 1917-Apr-02 00:00:00.0000,  2.916207521817666E-01,  1.489461581908442E-01, -1.467751319742691E-02, -1.827834709678197E-02,  2.631230795987486E-02,  3.828174109303185E-03,
2421330.500000000, A.D. 1917-Apr-12 00:00:00.0000,  1.138310050521846E-02,  3.072847200805060E-01,  2.402143701952542E-02, -3.375365327509022E-02,  2.083595185230119E-03,  3.275273964456732E-03,
2421340.500000000, A.D. 1917-Apr-22 00:00:00.0000, -2.832900685395059E-01,  1.919858153162494E-01,  4.172475274427971E-02, -2.153129606261763E-02, -2.210453691369430E-02,  1.775352933391063E-04,
2421350.500000000, A.D. 1917-May-02 00:00:00.0000, -3.948996650909246E-01, -6.525531480108346E-02,  3.100663809094975E-02, -1.257623934265236E-03, -2.653275027668868E-02, -2.048874835549404E-03,
2421360.500000000, A.D. 1917-May-12 00:00:00.0000, -3.289252569321747E-01, -3.010490952074720E-01,  5.700734273094438E-03,  1.326227286430261E-02, -1.946679839077958E-02, -2.808236368661201E-03,
2421370.500000000, A.D. 1917-May-22 00:00:00.0000, -1.525413135830450E-01, -4.397451708941620E-01, -2.184133818596418E-02,  2.093139263116632E-02, -7.809280183396823E-03, -2.562748828891060E-03,
2421380.500000000, A.D. 1917-Jun-01 00:00:00.0000,  6.844722066377053E-02, -4.512332392467339E-01, -4.310916930653116E-02,  2.217702057789086E-02,  5.678793997810710E-03, -1.576969518871724E-03,
2421390.500000000, A.D. 1917-Jun-11 00:00:00.0000,  2.670128069827719E-01, -3.258396401383942E-01, -5.114713473866519E-02,  1.616744012450858E-02,  1.920396019886211E-02,  7.930343531406062E-05,
2421400.500000000, A.D. 1917-Jun-21 00:00:00.0000,  3.598862801586449E-01, -7.957769709342997E-02, -3.960099613234876E-02,  6.248223929067267E-04,  2.874788961903432E-02,  2.287805420089392E-03,
2421410.500000000, A.D. 1917-Jul-01 00:00:00.0000,  2.495598820554015E-01,  1.994071807286234E-01, -6.691218862934234E-03, -2.309145031494924E-02,  2.320522756134812E-02,  4.017486535379694E-03,
2421420.500000000, A.D. 1917-Jul-11 00:00:00.0000, -5.691609937748437E-02,  3.051765848242209E-01,  3.013286313021888E-02, -3.329672797827841E-02, -4.116803079423166E-03,  2.727389695700038E-03,
2421430.500000000, A.D. 1917-Jul-21 00:00:00.0000, -3.227250449710354E-01,  1.445500551632501E-01,  4.148272620973718E-02, -1.728992239686920E-02, -2.446800661873631E-02, -4.054877238254884E-04,
2421440.500000000, A.D. 1917-Jul-31 00:00:00.0000, -3.938226643520258E-01, -1.183736115812367E-01,  2.657392314534526E-02,  2.268248156561844E-03, -2.571513442753636E-02, -2.306551367657433E-03,
2421450.500000000, A.D. 1917-Aug-10 00:00:00.0000, -2.998253068359716E-01, -3.384529945343267E-01, -2.806236426700616E-05,  1.535043856352755E-02, -1.734439900915324E-02, -2.827195050687141E-03,
2421460.500000000, A.D. 1917-Aug-20 00:00:00.0000, -1.092057256667993E-01, -4.529299888122705E-01, -2.690392807806257E-02,  2.170707641036823E-02, -5.163535945986765E-03, -2.418260905347139E-03,
2421470.500000000, A.D. 1917-Aug-30 00:00:00.0000,  1.129444092800583E-01, -4.368464102531631E-01, -4.602921202544723E-02,  2.160096719764997E-02,  8.494039897866852E-03, -1.294292421052691E-03,
2421480.500000000, A.D. 1917-Sep-09 00:00:00.0000,  2.975719182975540E-01, -2.842990348615715E-01, -5.056955148636081E-02,  1.386568967061409E-02,  2.168770114159179E-02,  4.936984257847405E-04,
2421490.500000000, A.D. 1917-Sep-19 00:00:00.0000,  3.567058369216441E-01, -2.046986416761053E-02, -3.448617349046628E-02, -3.820522578496530E-03,  2.936273932416277E-02,  2.746937735074683E-03,
2421500.500000000, A.D. 1917-Sep-29 00:00:00.0000,  1.982140091795246E-01,  2.424217109243869E-01,  1.541854930136152E-03, -2.735869284864841E-02,  1.898613028095106E-02,  4.065861986777736E-03,
2421510.500000000, A.D. 1917-Oct-09 00:00:00.0000, -1.229725484636677E-01,  2.908497327712444E-01,  3.504119059218286E-02, -3.156151329200236E-02, -9.888382773436852E-03,  2.096884002694895E-03,
2421520.500000000, A.D. 1917-Oct-19 00:00:00.0000, -3.534714970394530E-01,  9.317688457521206E-02,  4.012015089606815E-02, -1.299388363256265E-02, -2.598491595553599E-02, -9.244805028740518E-04,
2421530.500000000, A.D. 1917-Oct-29 00:00:00.0000, -3.858792291525492E-01, -1.694519138509018E-01,  2.167592016868183E-02,  5.502760862922780E-03, -2.452375088004652E-02, -2.506928954602425E-03,
2421540.500000000, A.D. 1917-Nov-08 00:00:00.0000, -2.667600568845256E-01, -3.714000761682086E-01, -5.758042525860748E-03,  1.716268272227109E-02, -1.507511623573252E-02, -2.808782063197526E-03,
2421550.500000000, A.D. 1917-Nov-18 00:00:00.0000, -6.455005587963963E-02, -4.606795749961395E-01, -3.164449024904011E-02,  2.222155694326442E-02, -2.457606739754925E-03, -2.244830439658980E-03,
2421560.500000000, A.D. 1917-Nov-28 00:00:00.0000,  1.559719314398557E-01, -4.167432063147276E-01, -4.834763116564497E-02,  2.071598983277904E-02,  1.129946171819429E-02, -9.839972142758919E-04,
2421570.500000000, A.D. 1917-Dec-08 00:00:00.0000,  3.230412896674412E-01, -2.378901984664106E-01, -4.912652670804776E-02,  1.114285818302012E-02,  2.397483641074866E-02,  9.307874710125954E-04,
2421580.500000000, A.D. 1917-Dec-18 00:00:00.0000,  3.441291466771235E-01,  3.916856553984347E-02, -2.846366685100460E-02, -8.612638172712541E-03,  2.922825712974383E-02,  3.176830752010303E-03,
2421590.500000000, A.D. 1917-Dec-28 00:00:00.0000,  1.390357469050503E-01,  2.758460539140934E-01,  9.712974122268110E-03, -3.073920927458269E-02,  1.378321302697003E-02,  3.952391019826409E-03,
2421600.500000000, A.D. 1918-Jan-07 00:00:00.0000, -1.844055843188019E-01,  2.654928288365300E-01,  3.862416364123675E-02, -2.877889960720597E-02, -1.494018072515476E-02,  1.428744249859768E-03,
2421610.500000000, A.D. 1918-Jan-17 00:00:00.0000, -3.755654543084160E-01,  3.949553957167015E-02,  3.777317692887535E-02, -8.785313673337861E-03, -2.675607500995121E-02, -1.374576524395400E-03,
2421620.500000000, A.D. 1918-Jan-27 00:00:00.0000, -3.716684815887982E-01, -2.177895611596758E-01,  1.642494003222622E-02,  8.439876038707462E-03, -2.302462113324980E-02, -2.654831623936774E-03,
2421630.500000000, A.D. 1918-Feb-06 00:00:00.0000, -2.302874811152415E-01, -3.996106965635078E-01, -1.141499363223535E-02,  1.870524137720373E-02, -1.268343857352773E-02, -2.755567114348604E-03,
2421640.500000000, A.D. 1918-Feb-16 00:00:00.0000, -1.911528299848029E-02, -4.628820459086169E-01, -3.600404056211415E-02,  2.247076089772062E-02,  2.957900653686291E-04, -2.043117464416776E-03,
2421650.500000000, A.D. 1918-Feb-26 00:00:00.0000,  1.968759197657403E-01, -3.909676829436926E-01, -5.000774698771070E-02,  1.950328552543627E-02,  1.407233821487311E-02, -6.462043162738371E-04,
2421660.500000000, A.D. 1918-Mar-08 00:00:00.0000,  3.425376766908043E-01, -1.870913877216186E-01, -4.677567082918025E-02,  7.978803200693128E-03,  2.599098804243101E-02,  1.386358212207600E-03,
2421670.500000000, A.D. 1918-Mar-18 00:00:00.0000,  3.215699476455617E-01,  9.764901468004195E-02, -2.161713559149704E-02, -1.362341207940525E-02,  2.819090087408828E-02,  3.553171905465474E-03,
2421680.500000000, A.D. 1918-Mar-28 00:00:00.0000,  7.414999279077115E-02,  2.979239979738782E-01,  1.748352053385109E-02, -3.293632808205076E-02,  7.864297659628910E-03,  3.671626817045451E-03,
2421690.500000000, A.D. 1918-Apr-07 00:00:00.0000, -2.393623350773566E-01,  2.307656854288611E-01,  4.084684533121519E-02, -2.523526889970548E-02, -1.910167662370831E-02,  7.632247451008618E-04,
2421700.500000000, A.D. 1918-Apr-17 00:00:00.0000, -3.892843945837616E-01, -1.507932812706696E-02,  3.458280150347651E-02, -4.760503403683364E-03, -2.688893474759398E-02, -1.755690051633815E-03,
2421710.500000000, A.D. 1918-Apr-27 00:00:00.0000, -3.517949556495785E-01, -2.628116132507540E-01,  1.092349206593848E-02,  1.108086833229892E-02, -2.127229814524455E-02, -2.754834137279954E-03,
2421720.500000000, A.D. 1918-May-07 00:00:00.0000, -1.909535736191331E-01, -4.228541267960519E-01, -1.692993768395515E-02,  1.998311662253154E-02, -1.018957946284244E-02, -2.669665190651791E-03,
2421730.500000000, A.D. 1918-May-17 00:00:00.0000,  2.654862428626598E-02, -4.594550588247692E-01, -3.992538183716835E-02,  2.244794574583041E-02,  3.083773018024461E-03, -1.813554153035726E-03,
2421740.500000000, A.D. 1918-May-27 00:00:00.0000,  2.349646662900237E-01, -3.596208195387259E-01, -5.095425087485454E-02,  1.794137626240696E-02,  1.678383885219809E-02, -2.812821972504013E-04,
2421750.500000000, A.D. 1918-Jun-06 00:00:00.0000,  3.551512791955443E-01, -1.325588410662404E-01, -4.348679753897929E-02,  4.363068132938488E-03,  2.764267887236035E-02,  1.853759410832320E-03,
2421760.500000000, A.D. 1918-Jun-16 00:00:00.0000,  2.887842209181535E-01,  1.529767333205556E-01, -1.408675321573722E-02, -1.865459708311216E-02,  2.611628435071303E-02,  3.846761793726497E-03,
2421770.500000000, A.D. 1918-Jun-26 00:00:00.0000,  6.193026543844918E-03,  3.075654447022499E-01,  2.452207274634444E-02, -3.376757814885443E-02,  1.606906998900261E-03,  3.237565002908136E-03,
2421780.500000000, A.D. 1918-Jul-06 00:00:00.0000, -2.865767631921479E-01,  1.885612495061674E-01,  4.174700902067393E-02, -2.121579189538531E-02, -2.231588589253100E-02,  1.311841038246155E-04,
2421790.500000000, A.D. 1918-Jul-16 00:00:00.0000, -3.950657758755107E-01, -6.934677868133680E-02,  3.068685477265103E-02, -9.798453020340579E-04, -2.648581657357153E-02, -2.070625882150413E-03,
2421800.500000000, A.D. 1918-Jul-26 00:00:00.0000, -3.268586618830269E-01, -3.040444159825413E-01,  5.264989309384003E-03,  1.343096864481607E-02, -1.931135648391276E-02, -2.811049048768765E-03,
2421810.500000000, A.D. 1918-Aug-05 00:00:00.0000, -1.492981426520845E-01, -4.409378179250047E-01, -2.223782080359545E-02,  2.099949619817033E-02, -7.610467555701199E-03, -2.552735542800057E-03,
2421820.500000000, A.D. 1918-Aug-15 00:00:00.0000,  7.187380332949465E-02, -4.503421612136349E-01, -4.335184676367349E-02,  2.214353930227317E-02,  5.892746066126939E-03, -1.556360048518254E-03,
2421830.500000000, A.D. 1918-Aug-25 00:00:00.0000,  2.695000260184348E-01, -3.228637669450639E-01, -5.113257267864312E-02,  1.600656017327955E-02,  1.939800861840044E-02,  1.100036908117139E-04,
2421840.500000000, A.D. 1918-Sep-04 00:00:00.0000,  3.599625908253303E-01, -7.514251191087357E-02, -3.924505608703453E-02,  3.013181298150805E-04,  2.881703670613562E-02,  2.323237524252043E-03,
2421850.500000000, A.D. 1918-Sep-14 00:00:00.0000,  2.459808939628151E-01,  2.029584417748834E-01, -6.071207418060341E-03, -2.343841264714835E-02,  2.292320252844462E-02,  4.026344086342479E-03,
2421860.500000000, A.D. 1918-Sep-24 00:00:00.0000, -6.203316605297507E-02,  3.045061261003736E-01,  3.054903597733311E-02, -3.320774174484725E-02, -4.573937224097800E-03,  2.681792897240553E-03,
2421870.500000000, A.D. 1918-Oct-04 00:00:00.0000, -3.253600535611619E-01,  1.407665715465030E-01,  4.141551872346208E-02, -1.696387595566812E-02, -2.461197414384566E-02, -4.473139991839545E-04,
2421880.500000000, A.D. 1918-Oct-14 00:00:00.0000, -3.934479164747285E-01, -1.223354512559052E-01,  2.621473535838064E-02,  2.524359526272891E-03, -2.563712690557743E-02, -2.323770724170845E-03,
2421890.500000000, A.D. 1918-Oct-24 00:00:00.0000, -2.974390481274797E-01, -3.411179550360139E-01, -4.664323076963022E-04,  1.549793377592886E-02, -1.717682985390437E-02, -2.827060826430417E-03,
2421900.500000000, A.D. 1918-Nov-03 00:00:00.0000, -1.058445678376876E-01, -4.537117352054225E-01, -2.727782718969283E-02,  2.175548437715532E-02, -4.959724568465839E-03, -2.406018417536852E-03,
2421910.500000000, A.D. 1918-Nov-13 00:00:00.0000,  1.162811389078068E-01, -4.355180891467316E-01, -4.622793893137520E-02,  2.154469086832872E-02,  8.707959053635691E-03, -1.271579188725556E-03,
2421920.500000000, A.D. 1918-Nov-23 00:00:00.0000,  2.997027080597519E-01, -2.809368517659335E-01, -5.049059903005865E-02,  1.367365573077263E-02,  2.186911979301072E-02,  5.262379213977764E-04,
2421930.500000000, A.D. 1918-Dec-03 00:00:00.0000,  3.560939260267439E-01, -1.593856138301610E-02, -3.405902090852296E-02, -4.173596592350540E-03,  2.938041132364395E-02,  2.780880740976856E-03,
2421940.500000000, A.D. 1918-Dec-13 00:00:00.0000,  1.939782400500347E-01,  2.453208464600534E-01,  2.168980722725855E-03, -2.765035277835775E-02,  1.862302288948182E-02,  4.062997403842982E-03,
2421950.500000000, A.D. 1918-Dec-23 00:00:00.0000, -1.278193954917058E-01,  2.892946067891067E-01,  3.536009063391470E-02, -3.138375470295128E-02, -1.029985204854694E-02,  2.046842122123591E-03,
2421960.500000000, A.D. 1919-Jan-02 00:00:00.0000, -3.554463345929992E-01,  8.916464309526574E-02,  3.997335857373049E-02, -1.266997398407556E-02, -2.606849730314683E-02, -9.611722709366203E-04,
2421970.500000000, A.D. 1919-Jan-12 00:00:00.0000, -3.850083310058243E-01, -1.732267492517979E-01,  2.128628891763956E-02,  5.736401849505556E-03, -2.442015705616806E-02, -2.519980145023423E-03,
2421980.500000000, A.D. 1919-Jan-22 00:00:00.0000, -2.640966781092567E-01, -3.737125781319519E-01, -6.193083764195688E-03,  1.728947431373897E-02, -1.489746453616921E-02, -2.805909482116653E-03,
2421990.500000000, A.D. 1919-Feb-01 00:00:00.0000, -6.111180077210464E-02, -4.610419183906787E-01, -3.199109912974635E-02,  2.224999849001772E-02, -2.249769111198731E-03, -2.230414152833755E-03,
2422000.500000000, A.D. 1919-Feb-11 00:00:00.0000,  1.591697915531332E-01, -4.149803330416408E-01, -4.849789775326009E-02,  2.063554211715288E-02,  1.151177708621171E-02, -9.591868405698569E-04,
2422010.500000000, A.D. 1919-Feb-21 00:00:00.0000,  3.247491221857964E-01, -2.341740671381341E-01, -4.897954658559538E-02,  1.091795515337632E-02,  2.413853569392179E-02,  9.649017494343926E-04,
2422020.500000000, A.D. 1919-Mar-03 00:00:00.0000,  3.427757108702071E-01,  4.367721432567351E-02, -2.797000010483729E-02, -8.987580008184538E-03,  2.918269506628004E-02,  3.207610076917893E-03,
2422030.500000000, A.D. 1919-Mar-13 00:00:00.0000,  1.342845966618090E-01,  2.779407169382041E-01,  1.032180584747088E-02, -3.095024243988312E-02,  1.335478930579449E-02,  3.936756720157429E-03,
2422040.500000000, A.D. 1919-Mar-23 00:00:00.0000, -1.888173451105286E-01,  2.631677327749241E-01,  3.883999968009637E-02, -2.853304585245697E-02, -1.528829428456107E-02,  1.377603579991037E-03,
2422050.500000000, A.D. 1919-Apr-02 00:00:00.0000, -3.768923302396569E-01,  3.537399832298523E-02,  3.755768109726902E-02, -8.472679201644131E-03, -2.678738040346083E-02, -1.405957546619787E-03,
2422060.500000000, A.D. 1919-Apr-12 00:00:00.0000, -3.703485524093638E-01, -2.213264153891172E-01,  1.601332354166334E-02,  8.650730057980234E-03, -2.290015171603777E-02, -2.664075928340159E-03,
2422070.500000000, A.D. 1919-Apr-22 00:00:00.0000, -2.273915254039817E-01, -4.015504511805780E-01, -1.184105237905704E-02,  1.881165710965931E-02, -1.249759424263137E-02, -2.750146944755701E-03,
2422080.500000000, A.D. 1919-May-02 00:00:00.0000, -1.564472769131122E-02, -4.628189329721074E-01, -3.631890416028410E-02,  2.247877664712782E-02,  5.064245340323161E-04, -2.026590892700962E-03,
2422090.500000000, A.D. 1919-May-12 00:00:00.0000,  1.998803878468873E-01, -3.887800831984846E-01, -5.010554257563841E-02,  1.939719053809891E-02,  1.428074962487530E-02, -6.193516728758944E-04,
2422100.500000000, A.D. 1919-May-22 00:00:00.0000,  3.437526201391522E-01, -1.830723625335974E-01, -4.655861014446721E-02,  7.720155319997801E-03,  2.613023015158227E-02,  1.421578964080506E-03,
2422110.500000000, A.D. 1919-Jun-01 00:00:00.0000,  3.194462082388093E-01,  1.019842142696317E-01, -2.106679172668547E-02, -1.400713819435655E-02,  2.807099556375987E-02,  3.578683896769868E-03,
2422120.500000000, A.D. 1919-Jun-11 00:00:00.0000,  6.907562658801690E-02,  2.991005919823556E-01,  1.804703473896728E-02, -3.304824688586080E-02,  7.396683569728605E-03,  3.643667620237802E-03,
2422130.500000000, A.D. 1919-Jun-21 00:00:00.0000, -2.432198695925220E-01,  2.278074157187851E-01,  4.095985984886634E-02, -2.494407021831873E-02, -1.937849687318058E-02,  7.137326689019850E-04,
2422140.500000000, A.D. 1919-Jul-01 00:00:00.0000, -3.899913468934927E-01, -1.921512414924677E-02,  3.430899745999200E-02, -4.464845041000053E-03, -2.687615901758310E-02, -1.781905408251164E-03,
2422150.500000000, A.D. 1919-Jul-11 00:00:00.0000, -3.500704130601334E-01, -2.660749440323690E-01,  1.049693625943458E-02,  1.126935420456480E-02, -2.113058275423330E-02, -2.760604449719888E-03,
2422160.500000000, A.D. 1919-Jul-21 00:00:00.0000, -1.878635646081482E-01, -4.244075638142701E-01, -1.734225620653590E-02,  2.006958260256779E-02, -9.996752749680217E-03, -2.661827618681890E-03,
2422170.500000000, A.D. 1919-Jul-31 00:00:00.0000,  3.001272445830911E-02, -4.589617098893318E-01, -4.020432598720980E-02,  2.243499421997140E-02,  3.296394242625021E-03, -1.794918887110196E-03,
2422180.500000000, A.D. 1919-Aug-10 00:00:00.0000,  2.377255445297326E-01, -3.570171861100709E-01, -5.099528850944170E-02,  1.780791303742783E-02,  1.698603253624128E-02, -2.524030508672667E-04,
2422190.500000000, A.D. 1919-Aug-20 00:00:00.0000,  3.558074734664923E-01, -1.282919415436028E-01, -4.319763153440209E-02,  4.070416239643303E-03,  2.774964270742586E-02,  1.889470554350321E-03,
2422200.500000000, A.D. 1919-Aug-30 00:00:00.0000,  2.858928381683994E-01,  1.569804713711796E-01, -1.349255997754957E-02, -1.902905905059625E-02,  2.591366218988631E-02,  3.864635241840200E-03,
2422210.500000000, A.D. 1919-Sep-09 00:00:00.0000,  1.010888050516989E-03,  3.077793062210399E-01,  2.501676407210235E-02, -3.377283247469511E-02,  1.131540893217170E-03,  3.199114723516732E-03,
2422220.500000000, A.D. 1919-Sep-19 00:00:00.0000, -2.898060823721887E-01,  1.851220829105830E-01,  4.176249598388528E-02, -2.089972889308246E-02, -2.252100657933350E-02,  8.524030743557545E-05,
2422230.500000000, A.D. 1919-Sep-29 00:00:00.0000, -3.951905255386732E-01, -7.340965353654015E-02,  3.036493089270321E-02, -7.046614450466640E-04, -2.643649533184428E-02, -2.091966611396976E-03,
2422240.500000000, A.D. 1919-Oct-09 00:00:00.0000, -3.247750348590344E-01, -3.069996433708383E-01,  4.830181575150752E-03,  1.359756506746856E-02, -1.915564097442643E-02, -2.813643688588370E-03,
2422250.500000000, A.D. 1919-Oct-19 00:00:00.0000, -1.460553944937400E-01, -4.420914522550185E-01, -2.263171723299077E-02,  2.106613992832036E-02, -7.411998437616829E-03, -2.542593386190312E-03,
2422260.500000000, A.D. 1919-Oct-29 00:00:00.0000,  7.528637813210595E-02, -4.494164452118085E-01, -4.359075064872059E-02,  2.210869814912976E-02,  6.106170224500778E-03, -1.535633831315860E-03,
2422270.500000000, A.D. 1919-Nov-08 00:00:00.0000,  2.719576650545810E-01, -3.198608849101164E-01, -5.111306662110413E-02,  1.584385378222565E-02,  1.959088947878015E-02,  1.408116777208333E-04,
2422280.500000000, A.D. 1919-Nov-18 00:00:00.0000,  3.599895369193376E-01, -7.070222471915019E-02, -3.888385427933524E-02, -2.396049374509245E-05,  2.888253438216116E-02,  2.358554298701721E-03,
2422290.500000000, A.D. 1919-Nov-28 00:00:00.0000,  2.423568668106915E-01,  2.064615310563507E-01, -5.450632119456833E-03, -2.378123873852549E-02,  2.263522892785088E-02,  4.034324141346313E-03,
2422300.500000000, A.D. 1919-Dec-08 00:00:00.0000, -6.712221069569439E-02,  3.037710054183592E-01,  3.095744591552427E-02, -3.311142453355580E-02, -5.027079912516445E-03,  2.635811377672600E-03,
2422310.500000000, A.D. 1919-Dec-18 00:00:00.0000, -3.279371229465953E-01,  1.369776310606555E-01,  4.134227678879428E-02, -1.663862789818315E-02, -2.475047369774654E-02, -4.886501937215783E-04,
2422320.500000000, A.D. 1919-Dec-28 00:00:00.0000, -3.930362658719424E-01, -1.262675397248296E-01,  2.585412688538479E-02,  2.777907618197711E-03, -2.555730091223745E-02, -2.340615152289257E-03,
2422330.500000000, A.D. 1920-Jan-07 00:00:00.0000, -2.950389548572288E-01, -3.437447082086185E-01, -9.034159715787548E-04,  1.564345342501635E-02, -1.700909138004445E-02, -2.826723600595806E-03,
2422340.500000000, A.D. 1920-Jan-17 00:00:00.0000, -1.024864762754080E-01, -4.544565423398130E-01, -2.764874998871049E-02,  2.180241939102373E-02, -4.756232262749614E-03, -2.393646981442793E-03,
2422350.500000000, A.D. 1920-Jan-27 00:00:00.0000,  1.196005812073263E-01, -4.341571339415752E-01, -4.642249974547751E-02,  2.148695240353359E-02,  8.921315678474326E-03, -1.248751281347743E-03,
2422360.500000000, A.D. 1920-Feb-06 00:00:00.0000,  3.017995476157533E-01, -2.775510239266664E-01, -5.040641687614604E-02,  1.347971101731418E-02,  2.204908834304013E-02,  5.588601236734219E-04,
2422370.500000000, A.D. 1920-Feb-16 00:00:00.0000,  3.554296844122830E-01, -1.141085344729403E-02, -3.362697104073744E-02, -4.527850443032912E-03,  2.939365794800613E-02,  2.814583059617147E-03,
2422380.500000000, A.D. 1920-Feb-26 00:00:00.0000,  1.897098530730936E-01,  2.481606192386153E-01,  2.794620174890561E-03, -2.793568109302103E-02,  1.825511204684208E-02,  4.059140945244462E-03,
2422390.500000000, A.D. 1920-Mar-07 00:00:00.0000, -1.326212466507368E-01,  2.876874372189012E-01,  3.567067050416860E-02, -3.120037193068279E-02, -1.070535881990626E-02,  1.996733640488235E-03,
2422400.500000000, A.D. 1920-Mar-17 00:00:00.0000, -3.573641057979950E-01,  8.516238150609044E-02,  3.982186300473090E-02, -1.234801960953859E-02, -2.614735532663242E-02, -9.973272193152080E-04,
2422410.500000000, A.D. 1920-Mar-27 00:00:00.0000, -3.841072705825526E-01, -1.769640546809526E-01,  2.089646085001086E-02,  5.967249405085923E-03, -2.431538528391819E-02, -2.532692936999884E-03,
2422420.500000000, A.D. 1920-Apr-06 00:00:00.0000, -2.614274478282679E-01, -3.759841538307769E-01, -6.625885958352201E-03,  1.741421849908426E-02, -1.472005360713570E-02, -2.802869146667132E-03,
2422430.500000000, A.D. 1920-Apr-16 00:00:00.0000, -5.768520287553881E-02, -4.613684290671195E-01, -3.233421881127470E-02,  2.227691512312226E-02, -2.042631795681654E-03, -2.215903029122620E-03,
2422440.500000000, A.D. 1920-Apr-26 00:00:00.0000,  1.623414867043860E-01, -4.131901538169629E-01, -4.864386480873385E-02,  2.055364280859813E-02,  1.172304804636845E-02, -9.343060667715521E-04,
2422450.500000000, A.D. 1920-May-06 00:00:00.0000,  3.264152541280118E-01, -2.304454275239347E-01, -4.882779052720589E-02,  1.069141724336270E-02,  2.430008638883244E-02,  9.990187831142739E-04,
2422460.500000000, A.D. 1920-May-16 00:00:00.0000,  3.413692528336776E-01,  4.816350621461011E-02, -2.747309918632354E-02, -9.362344453707254E-03,  2.913206254437910E-02,  3.237981280123020E-03,
2422470.500000000, A.D. 1920-May-26 00:00:00.0000,  1.295192510496834E-01,  2.799631722223018E-01,  1.092634495716531E-02, -3.115341617339180E-02,  1.292397029859926E-02,  3.920201864099414E-03,
2422480.500000000, A.D. 1920-Jun-05 00:00:00.0000, -1.931735864574728E-01,  2.608014752164623E-01,  3.904750698981779E-02, -2.828388378637789E-02, -1.562963270601309E-02,  1.326685409888348E-03,
2422490.500000000, A.D. 1920-Jun-15 00:00:00.0000, -3.781668755595319E-01,  3.126893664495491E-02,  3.733857395382621E-02, -8.162570059590061E-03, -2.681481622644988E-02, -1.436816753878878E-03,
2422500.500000000, A.D. 1920-Jun-25 00:00:00.0000, -3.690044009407809E-01, -2.248250625615605E-01,  1.560225388291895E-02,  8.858898287837215E-03, -2.277481387091429E-02, -2.673015153179543E-03,
2422510.500000000, A.D. 1920-Jul-05 00:00:00.0000, -2.244942711391356E-01, -4.034501441917029E-01, -1.226435722711207E-02,  1.891616818792031E-02, -1.231204168025031E-02, -2.744573426518039E-03,
2422520.500000000, A.D. 1920-Jul-15 00:00:00.0000, -1.218907101784403E-02, -4.627209300203349E-01, -3.662986130758297E-02,  2.248538274238352E-02,  7.163786082638647E-04, -2.009975548523282E-03,
2422530.500000000, A.D. 1920-Jul-25 00:00:00.0000,  2.028562654427377E-01, -3.865659557921250E-01, -5.019865525635613E-02,  1.928968037840908E-02,  1.448810349089471E-02, -5.924305936438432E-04,
2422540.500000000, A.D. 1920-Aug-04 00:00:00.0000,  3.449234736019552E-01, -1.790430598504895E-01, -4.633650189142576E-02,  7.459902024129406E-03,  2.626696863300985E-02,  1.456769340397397E-03,
2422550.500000000, A.D. 1920-Aug-14 00:00:00.0000,  3.172715730241357E-01,  1.062888680238923E-01, -2.051390713576158E-02, -1.438947480217793E-02,  2.794543183007624E-02,  3.603616036824703E-03,
2422560.500000000, A.D. 1920-Aug-24 00:00:00.0000,  6.400596059050460E-02,  3.002049844205605E-01,  1.860451513313233E-02, -3.315140204584555E-02,  6.929241601591188E-03,  3.614894247089431E-03,
2422570.500000000, A.D. 1920-Sep-03 00:00:00.0000, -2.470140760133110E-01,  2.248274579853977E-01,  4.106525993879985E-02, -2.465158214332895E-02, -1.964818963444095E-02,  6.646690084479579E-04,
2422580.500000000, A.D. 1920-Sep-13 00:00:00.0000, -3.906513432473773E-01, -2.332021260895339E-02,  3.403305441953592E-02, -4.172342751802739E-03, -2.686035989970095E-02, -1.807608482875146E-03,
2422590.500000000, A.D. 1920-Sep-23 00:00:00.0000, -3.483301053786028E-01, -2.692934214611395E-01,  1.007208995442441E-02,  1.145502892760090E-02, -2.098865221417769E-02, -2.766108780778198E-03,
2422600.500000000, A.D. 1920-Oct-03 00:00:00.0000, -1.847816756205490E-01, -4.259201767168484E-01, -1.775102742438999E-02,  2.015404076097264E-02, -9.804770082975861E-03, -2.653870647394040E-03,
2422610.500000000, A.D. 1920-Oct-13 00:00:00.0000,  3.345120166681673E-02, -4.584383674417765E-01, -4.047892577062889E-02,  2.242049028327368E-02,  3.507738147578411E-03, -1.776237115665693E-03,
2422620.500000000, A.D. 1920-Oct-23 00:00:00.0000,  2.404463443927438E-01, -3.543983448675044E-01, -5.103180580613241E-02,  1.767308154073562E-02,  1.718648550435111E-02, -2.235369405310450E-04,
2422630.500000000, A.D. 1920-Nov-02 00:00:00.0000,  3.564110370672690E-01, -1.240328791692889E-01, -4.290462050848289E-02,  3.776770767924494E-03,  2.785347679576837E-02,  1.925026781491072E-03,
2422640.500000000, A.D. 1920-Nov-12 00:00:00.0000,  2.829528624587270E-01,  1.609327990458749E-01, -1.289829003189298E-02, -1.940059261748493E-02,  2.570582102314826E-02,  3.881836473017194E-03,
2422650.500000000, A.D. 1920-Nov-22 00:00:00.0000, -4.156889327421284E-03,  3.079167719463478E-01,  2.550397486201625E-02, -3.377037393841634E-02,  6.584359376626133E-04,  3.160167540333648E-03,
2422660.500000000, A.D. 1920-Dec-02 00:00:00.0000, -2.929794343722067E-01,  1.816596417507592E-01,  4.177122671330160E-02, -2.058338798079742E-02, -2.272022807724919E-02,  3.976541212332669E-05,
2422670.500000000, A.D. 1920-Dec-12 00:00:00.0000, -3.952752134215129E-01, -7.745368994895509E-02,  3.004118892754782E-02, -4.319921671534053E-04, -2.638462705157537E-02, -2.112872676000418E-03,
2422680.500000000, A.D. 1920-Dec-22 00:00:00.0000, -3.226765381041773E-01, -3.099217546390589E-01,  4.396933499420525E-03,  1.376179004662828E-02, -1.899935699271104E-02, -2.815989040515023E-03,
2422690.500000000, A.D. 1921-Jan-01 00:00:00.0000, -1.428191572176369E-01, -4.432113809561677E-01, -2.302221692166162E-02,  2.113087124776536E-02, -7.213873228663012E-03, -2.532322637525224E-03,
2422700.500000000, A.D. 1921-Jan-11 00:00:00.0000,  7.867507660686708E-02, -4.484632371702248E-01, -4.382535420901416E-02,  2.207225940514972E-02,  6.318720891968613E-03, -1.514848962998801E-03,
2422710.500000000, A.D. 1921-Jan-21 00:00:00.0000,  2.743759413664508E-01, -3.168422042610045E-01, -5.108892083225752E-02,  1.567960569615658E-02,  1.978221348556384E-02,  1.716264938047416E-04,
2422720.500000000, A.D. 1921-Jan-31 00:00:00.0000,  3.599625907209677E-01, -6.626984944695219E-02, -3.851861633243422E-02, -3.503335601419922E-04,  2.894450535758188E-02,  2.393691669382600E-03,
2422730.500000000, A.D. 1921-Feb-10 00:00:00.0000,  2.386883202044164E-01,  2.099081545987558E-01, -4.830684360458272E-03, -2.411979872723077E-02,  2.234201016913944E-02,  4.041507101313537E-03,
2422740.500000000, A.D. 1921-Feb-20 00:00:00.0000, -7.218576865150132E-02,  3.029670138505847E-01,  3.135802996522145E-02, -3.300825078358263E-02, -5.476321907180354E-03,  2.589540940397221E-03,
2422750.500000000, A.D. 1921-Mar-02 00:00:00.0000, -3.304600870285206E-01,  1.331758524963482E-01,  4.126330619670641E-02, -1.631398567424478E-02, -2.488377874402239E-02, -5.294999441491655E-04,
2422760.500000000, A.D. 1921-Mar-12 00:00:00.0000, -3.925894872559003E-01, -1.301775542154445E-01,  2.549235907481315E-02,  3.028990034711371E-03, -2.547548414355099E-02, -2.357081487045320E-03,
2422770.500000000, A.D. 1921-Mar-22 00:00:00.0000, -2.926277413191348E-01, -3.463388010866107E-01, -1.338657297015793E-03,  1.578672551754122E-02, -1.684100800479475E-02, -2.826172902640058E-03,
2422780.500000000, A.D. 1921-Apr-01 00:00:00.0000, -9.913788152451120E-02, -4.551696533342995E-01, -2.801634285770363E-02,  2.184746453529459E-02, -4.553202191129983E-03, -2.381162813781509E-03,
2422790.500000000, A.D. 1921-Apr-11 00:00:00.0000,  1.228928983130732E-01, -4.327720179967906E-01, -4.661293790396797E-02,  2.142755004028367E-02,  9.133630685024817E-03, -1.225873519511029E-03,
2422800.500000000, A.D. 1921-Apr-21 00:00:00.0000,  3.038530438297945E-01, -2.741552273290835E-01, -5.031790290008810E-02,  1.328417545430177E-02,  2.222714171677839E-02,  5.914670482681784E-04,
2422810.500000000, A.D. 1921-May-01 00:00:00.0000,  3.547088586681854E-01, -6.901973135158887E-03, -3.319167524500775E-02, -4.882730895299305E-03,  2.940275195870919E-02,  2.848019873628803E-03,
2422820.500000000, A.D. 1921-May-11 00:00:00.0000,  1.854051423829839E-01,  2.509317348587921E-01,  3.417846079737401E-03, -2.821534306893839E-02,  1.788294917867436E-02,  4.054452716137153E-03,
2422830.500000000, A.D. 1921-May-21 00:00:00.0000, -1.373904012034524E-01,  2.860156062356430E-01,  3.597318363183585E-02, -3.101176544935843E-02, -1.110605833398356E-02,  1.946569058076254E-03,
2422840.500000000, A.D. 1921-May-31 00:00:00.0000, -3.592323582584568E-01,  8.114784760701538E-02,  3.966524131081157E-02, -1.202697540827548E-02, -2.622188991553704E-02, -1.033035253436646E-03,
2422850.500000000, A.D. 1921-Jun-10 00:00:00.0000, -3.831737661141097E-01, -1.806841594480156E-01,  2.050550221379200E-02,  6.196058194799223E-03, -2.420881164318446E-02, -2.545076138262086E-03,
2422860.500000000, A.D. 1921-Jun-20 00:00:00.0000, -2.587456875643515E-01, -3.782275866001359E-01, -7.057192431998898E-03,  1.753706526070567E-02, -1.454210439562455E-02, -2.799624225866631E-03,
2422870.500000000, A.D. 1921-Jun-30 00:00:00.0000, -5.426409070040326E-02, -4.616651166558663E-01, -3.267421047816692E-02,  2.230210410297515E-02, -1.835649108792847E-03, -2.201263194597876E-03,
2422880.500000000, A.D. 1921-Jul-10 00:00:00.0000,  1.654905038228145E-01, -4.113747205441184E-01, -4.878566631337972E-02,  2.046999314009326E-02,  1.193352722484244E-02, -9.093446815635327E-04,
2422890.500000000, A.D. 1921-Jul-20 00:00:00.0000,  3.280403832838918E-01, -2.267048729443546E-01, -4.867140289503782E-02,  1.046299698790841E-02,  2.445955453884054E-02,  1.033129186305146E-03,
2422900.500000000, A.D. 1921-Jul-30 00:00:00.0000,  3.399080869489280E-01,  5.262723653961768E-02, -2.697317252880102E-02, -9.737201903501568E-03,  2.907638301175063E-02,  3.267949013025347E-03,
2422910.500000000, A.D. 1921-Aug-09 00:00:00.0000,  1.247338978913137E-01,  2.819124029848917E-01,  1.152664036344121E-02, -3.134928752372703E-02,  1.249043251504047E-02,  3.902764729729134E-03,
2422920.500000000, A.D. 1921-Aug-19 00:00:00.0000, -1.974833790268336E-01,  2.583854698916683E-01,  3.924671657865251E-02, -2.803124922267754E-02, -1.596522213738944E-02,  1.275932112465503E-03,
2422930.500000000, A.D. 1921-Aug-29 00:00:00.0000, -3.793918144903006E-01,  2.716430661446844E-02,  3.711509442035690E-02, -7.854091461150240E-03, -2.683871064369718E-02, -1.467229091985243E-03,
2422940.500000000, A.D. 1921-Sep-08 00:00:00.0000, -3.676308098405896E-01, -2.283009837307528E-01,  1.519051440472802E-02,  9.064969724043371E-03, -2.264825300491416E-02, -2.681663891717966E-03,
2422950.500000000, A.D. 1921-Sep-18 00:00:00.0000, -2.215875277610152E-01, -4.053205274365675E-01, -1.268602589849419E-02,  1.901878067073380E-02, -1.212626914180755E-02, -2.738818057591799E-03,
2422960.500000000, A.D. 1921-Sep-28 00:00:00.0000, -8.742431406276421E-03, -4.625945440732486E-01, -3.693769868635220E-02,  2.249015902329938E-02,  9.259455797121262E-04, -1.993241157822958E-03,
2422970.500000000, A.D. 1921-Oct-08 00:00:00.0000,  2.058045671009086E-01, -3.843305558364405E-01, -5.028772522360891E-02,  1.918027037268683E-02,  1.469437000086462E-02, -5.654458397732175E-04,
2422980.500000000, A.D. 1921-Oct-18 00:00:00.0000,  3.460474876110345E-01, -1.750095288583347E-01, -4.611017905769548E-02,  7.197783213413472E-03,  2.640116434738971E-02,  1.491907092711295E-03,
2422990.500000000, A.D. 1921-Oct-28 00:00:00.0000,  3.150399223065682E-01,  1.105583791125634E-01, -1.995914031544267E-02, -1.477104925924684E-02,  2.781449266240771E-02,  3.628048565520119E-03,
2423000.500000000, A.D. 1921-Nov-07 00:00:00.0000,  5.892347037161111E-02,  3.012302834139379E-01,  1.915649725655621E-02, -3.324713418709476E-02,  6.460762817225358E-03,  3.585396407413751E-03,
2423010.500000000, A.D. 1921-Nov-17 00:00:00.0000, -2.507652522984094E-01,  2.217991411636718E-01,  4.116300106123626E-02, -2.435674446057136E-02, -1.991276965800123E-02,  6.158502834138807E-04,
2423020.500000000, A.D. 1921-Nov-27 00:00:00.0000, -3.912672349370742E-01, -2.743154962134831E-02,  3.375311192638951E-02, -3.881053916180093E-03, -2.684152825940743E-02, -1.832933329610522E-03,
2423030.500000000, A.D. 1921-Dec-07 00:00:00.0000, -3.465612378181798E-01, -2.724968267936011E-01,  9.646476828953875E-03,  1.163897871777346E-02, -2.084529066810884E-02, -2.771343497284445E-03,
2423040.500000000, A.D. 1921-Dec-17 00:00:00.0000, -1.816890060518874E-01, -4.274077730056586E-01, -1.815828970299613E-02,  2.023668470090525E-02, -9.612154586789580E-03, -2.645723638375842E-03,
2423050.500000000, A.D. 1921-Dec-27 00:00:00.0000,  3.688210160552084E-02, -4.578865374035025E-01, -4.075042651345392E-02,  2.240412296414403E-02,  3.719151526991999E-03, -1.757423204928303E-03,
2423060.500000000, A.D. 1922-Jan-06 00:00:00.0000,  2.431400380653261E-01, -3.517536041668201E-01, -5.106406990398065E-02,  1.753615327038809E-02,  1.738627378342440E-02, -1.945693476971824E-04,
2423070.500000000, A.D. 1922-Jan-16 00:00:00.0000,  3.569645578679936E-01, -1.197624839884004E-01, -4.260668337725984E-02,  3.480743703352283E-03,  2.795470460239635E-02,  1.960579564812707E-03,
2423080.500000000, A.D. 1922-Jan-26 00:00:00.0000,  2.799503146702693E-01,  1.648515431289661E-01, -1.230150834496686E-02, -1.977092455479195E-02,  2.549178288109321E-02,  3.898452324754072E-03,
2423090.500000000, A.D. 1922-Feb-05 00:00:00.0000, -9.335189173992666E-03,  3.079777298491376E-01,  2.598588227410224E-02, -3.376033057099302E-02,  1.853059582497754E-04,  3.120577994176643E-03,
2423100.500000000, A.D. 1922-Feb-15 00:00:00.0000, -2.961131904297147E-01,  1.781549890792571E-01,  4.177334197560110E-02, -2.026523989970173E-02, -2.291471970968351E-02, -5.453684313279170E-06,
2423110.500000000, A.D. 1922-Feb-25 00:00:00.0000, -3.953205026978092E-01, -8.150179865928064E-02,  2.971414079374354E-02, -1.604217440701924E-04, -2.632997288352997E-02, -2.133449656964456E-03,
2423120.500000000, A.D. 1922-Mar-07 00:00:00.0000, -3.205528221824839E-01, -3.128277369232561E-01,  3.963205453258350E-03,  1.392441996228113E-02, -1.884166859574606E-02, -2.818096886264073E-03,
2423130.500000000, A.D. 1922-Mar-17 00:00:00.0000, -1.395743310462788E-01, -4.443052909316497E-01, -2.341116954548578E-02,  2.119388288469147E-02, -7.015115366136119E-03, -2.521878359654085E-03,
2423140.500000000, A.D. 1922-Mar-27 00:00:00.0000,  8.205442369044166E-02, -4.474806192361744E-01, -4.405686383951421E-02,  2.203392518514160E-02,  6.531321790169930E-03, -1.493923544591372E-03,
2423150.500000000, A.D. 1922-Apr-06 00:00:00.0000,  2.767639856529668E-01, -3.137972906143368E-01, -5.106035693607438E-02,  1.551302085330734E-02,  1.997273878049837E-02,  2.025638684984788E-04,
2423160.500000000, A.D. 1922-Apr-16 00:00:00.0000,  3.598797891360853E-01, -6.182922373041409E-02, -3.814822283050238E-02, -6.792597188774181E-04,  2.900324111488115E-02,  2.428799736167187E-03,
2423170.500000000, A.D. 1922-Apr-26 00:00:00.0000,  2.349559029895204E-01,  2.133109529550236E-01, -4.208893498211816E-03, -2.445590149783246E-02,  2.204232087026987E-02,  4.047976729815780E-03,
2423180.500000000, A.D. 1922-May-06 00:00:00.0000, -7.725329435082459E-02,  3.020857479710042E-01,  3.175275653548573E-02, -3.289800904862349E-02, -5.924226630416794E-03,  2.542788832945998E-03,
2423190.500000000, A.D. 1922-May-16 00:00:00.0000, -3.329452106804821E-01,  1.293339230361235E-01,  4.117816579255675E-02, -1.598797203407584E-02, -2.501280837887386E-02, -5.700898718134510E-04,
2423200.500000000, A.D. 1922-May-26 00:00:00.0000, -3.921049123968302E-01, -1.340933005508098E-01,  2.512744896568645E-02,  3.279237260134281E-03, -2.539105977654157E-02, -2.373251500353198E-03,
2423210.500000000, A.D. 1922-Jun-05 00:00:00.0000, -2.901901255149267E-01, -3.489186116329239E-01, -1.774414485756582E-03,  1.592865107504906E-02, -1.667142253244660E-02, -2.825392014877504E-03,
2423220.500000000, A.D. 1922-Jun-15 00:00:00.0000, -9.577774325270670E-02, -4.558570845018342E-01, -2.838239493977246E-02,  2.189088281200819E-02, -4.349359304985044E-03, -2.368492945901918E-03,
2423230.500000000, A.D. 1922-Jun-25 00:00:00.0000,  1.261786492288337E-01, -4.313562533059310E-01, -4.680010018719369E-02,  2.136611491824366E-02,  9.346096426710193E-03, -1.202832072678987E-03,
2423240.500000000, A.D. 1922-Jul-05 00:00:00.0000,  3.058765915749478E-01, -2.707326126355256E-01, -5.022462191840980E-02,  1.308597692502983E-02,  2.240408585211049E-02,  6.241962978535566E-04,
2423250.500000000, A.D. 1922-Jul-15 00:00:00.0000,  3.539310997908982E-01, -2.391467202873011E-03, -3.275143501277956E-02, -5.239817293674555E-03,  2.940747636168446E-02,  2.881288350500628E-03,
2423260.500000000, A.D. 1922-Jul-25 00:00:00.0000,  1.810501350944244E-01,  2.536453484685854E-01,  4.040599474966031E-03, -2.849021008270652E-02,  1.750499082243694E-02,  4.048870897798585E-03,
2423270.500000000, A.D. 1922-Aug-04 00:00:00.0000, -1.421420169386250E-01,  2.842736483911601E-01,  3.626830708243249E-02, -3.081735067682282E-02, -1.150347647288214E-02,  1.896182148757352E-03,
2423280.500000000, A.D. 1922-Aug-14 00:00:00.0000, -3.610562999877187E-01,  7.710494010879362E-02,  3.950257603313062E-02, -1.170562166777035E-02, -2.629265111132454E-02, -1.068432130891294E-03,
2423290.500000000, A.D. 1922-Aug-24 00:00:00.0000, -3.822014605552073E-01, -1.844041009085453E-01,  2.011153107477699E-02,  6.423832895286445E-03, -2.410013838400818E-02, -2.557185540382749E-03,
2423300.500000000, A.D. 1922-Sep-03 00:00:00.0000, -2.560374705851269E-01, -3.804543619838872E-01, -7.489065854370433E-03,  1.765850416835939E-02, -1.436286538044032E-02, -2.796158213366463E-03,
2423310.500000000, A.D. 1922-Sep-13 00:00:00.0000, -5.083239740854961E-02, -4.619350062513114E-01, -3.301270289215288E-02,  2.232551009235177E-02, -1.627920511095691E-03, -2.186428398922865E-03,
2423320.500000000, A.D. 1922-Sep-23 00:00:00.0000,  1.686298569435454E-01, -4.095281101287374E-01, -4.892410447611928E-02,  2.038404547035815E-02,  1.214408118863334E-02, -8.842052683635682E-04,
2423330.500000000, A.D. 1922-Oct-03 00:00:00.0000,  3.296294941423055E-01, -2.229385814643982E-01, -4.851005038254451E-02,  1.023160720461460E-02,  2.461761380772487E-02,  1.067365158129985E-03,
2423340.500000000, A.D. 1922-Oct-13 00:00:00.0000,  3.383826113671646E-01,  5.708590277371051E-02, -2.646838330799734E-02, -1.011399485825431E-02,  2.901553200163315E-02,  3.297671413649075E-03,
2423350.500000000, A.D. 1922-Oct-23 00:00:00.0000,  1.199003896994835E-01,  2.837948254834702E-01,  1.212550065857561E-02, -3.153925088025185E-02,  1.205196489675054E-02,  3.884428236587211E-03,
2423360.500000000, A.D. 1922-Nov-02 00:00:00.0000, -2.017750683050233E-01,  2.559000997610223E-01,  3.943876744444292E-02, -2.777375920270641E-02, -1.629736351054788E-02,  1.225073663204096E-03,
2423370.500000000, A.D. 1922-Nov-12 00:00:00.0000, -3.805757186018627E-01,  2.302840107855336E-02,  3.688593627975488E-02, -7.545127719586367E-03, -2.685921126616406E-02, -1.497376075558864E-03,
2423380.500000000, A.D. 1922-Nov-22 00:00:00.0000, -3.662185817253857E-01, -2.317805580566741E-01,  1.477574218107014E-02,  9.270318970279573E-03, -2.251945365542639E-02, -2.690061273775007E-03,
2423390.500000000, A.D. 1922-Dec-02 00:00:00.0000, -2.186522497247304E-01, -4.071757253787796E-01, -1.310835791325338E-02,  1.912012085416925E-02, -1.193892179029595E-02, -2.732837265695692E-03,
2423400.500000000, A.D. 1922-Dec-12 00:00:00.0000, -5.282597592582332E-03, -4.624400002751992E-01, -3.724400341004633E-02,  2.249312173882121E-02,  1.136522030936442E-03, -1.976290587819113E-03,
2423410.500000000, A.D. 1922-Dec-22 00:00:00.0000,  2.087444735164765E-01, -3.820606693027210E-01, -5.037311385880702E-02,  1.906831149331010E-02,  1.490079656960309E-02, -5.382495954929869E-04,
2423420.500000000, A.D. 1923-Jan-01 00:00:00.0000,  3.471333042743789E-01, -1.709486232350038E-01, -4.587834600450016E-02,  6.932331925130745E-03,  2.653342948117182E-02,  1.527165376380803E-03,
2423430.500000000, A.D. 1923-Jan-11 00:00:00.0000,  3.127427566375779E-01,  1.148148950647595E-01, -1.939983285947283E-02, -1.515359074156728E-02,  2.767722367135512E-02,  3.652047382738911E-03,
2423440.500000000, A.D. 1923-Jan-21 00:00:00.0000,  5.380881537444659E-02,  3.021820153074253E-01,  1.970512187758366E-02, -3.333565379478007E-02,  5.989213944085739E-03,  3.555012929222633E-03,
2423450.500000000, A.D. 1923-Jan-31 00:00:00.0000, -2.544869667945474E-01,  2.187108188286786E-01,  4.125318819862239E-02, -2.405840710057804E-02, -2.017343725138954E-02,  5.670671136973685E-04,
2423460.500000000, A.D. 1923-Feb-10 00:00:00.0000, -3.918396477967599E-01, -3.156680310892040E-02,  3.346757666348026E-02, -3.589686739026179E-03, -2.681972925097347E-02, -1.858002333234947E-03,
2423470.500000000, A.D. 1923-Feb-20 00:00:00.0000, -3.447529440503839E-01, -2.756996206913496E-01,  9.217750599672208E-03,  1.182219224195375E-02, -2.069985845327841E-02, -2.776340924967380E-03,
2423480.500000000, A.D. 1923-Mar-02 00:00:00.0000, -1.785665444495534E-01, -4.288763402430808E-01, -1.856635397255067E-02,  2.031813645375432E-02, -9.417896735575214E-03, -2.637347630754456E-03,
2423490.500000000, A.D. 1923-Mar-12 00:00:00.0000,  4.032794830899917E-02, -4.573011978089213E-01, -4.102035832352349E-02,  2.238592234452505E-02,  3.931795612986760E-03, -1.738359233150325E-03,
2423500.500000000, A.D. 1923-Mar-22 00:00:00.0000,  2.458253644575398E-01, -3.490666366926850E-01, -5.109209830684315E-02,  1.739631241022125E-02,  1.758642468599300E-02, -1.653227400339026E-04,
2423510.500000000, A.D. 1923-Apr-01 00:00:00.0000,  3.574742955578585E-01, -1.154573973740191E-01, -4.230203701336990E-02,  3.180712789631774E-03,  2.805355761686284E-02,  1.996292515332867E-03,
2423520.500000000, A.D. 1923-Apr-11 00:00:00.0000,  2.768749694034497E-01,  1.687549312917504E-01, -1.169951896041661E-02, -2.014141638171525E-02,  2.527026269115077E-02,  3.914471259536118E-03,
2423530.500000000, A.D. 1923-Apr-21 00:00:00.0000, -1.453955626241806E-02,  3.079644655811384E-01,  2.646398397112298E-02, -3.374239599753763E-02, -2.893709611899359E-04,  3.080154653764069E-03,
2423540.500000000, A.D. 1923-May-01 00:00:00.0000, -2.992153951982777E-01,  1.745998606487979E-01,  4.176852186087227E-02, -1.994429665116960E-02, -2.310507417207830E-02, -5.056689266630620E-05,
2423550.500000000, A.D. 1923-May-11 00:00:00.0000, -3.953243530717245E-01, -8.556486582731536E-02,  2.938237806998440E-02,  1.110422968887489E-04, -2.627252283726561E-02, -2.153769148503959E-03,
2423560.500000000, A.D. 1923-May-21 00:00:00.0000, -3.183924686351154E-01, -3.157262207845058E-01,  3.527180141964124E-03,  1.408631581099083E-02, -1.868214527992428E-02, -2.819978649545930E-03,
2423570.500000000, A.D. 1923-May-31 00:00:00.0000, -1.363023106286627E-01, -4.453756739662371E-01, -2.380020828407116E-02,  2.125570972146818E-02, -6.814946079281938E-03, -2.511211640702072E-03,
2423580.500000000, A.D. 1923-Jun-10 00:00:00.0000,  8.544565277406219E-02, -4.464623290591656E-01, -4.428612595441073E-02,  2.199364531269833E-02,  6.744890514553125E-03, -1.472751600732730E-03,
2423590.500000000, A.D. 1923-Jun-20 00:00:00.0000,  2.791389288759078E-01, -3.107119057723108E-01, -5.102701761894979E-02,  1.534333872169325E-02,  2.016303358843848E-02,  2.337465571112506E-04,
2423600.500000000, A.D. 1923-Jun-30 00:00:00.0000,  3.597488154925680E-01, -5.736513907177825E-02, -3.777145937288584E-02, -1.011678216184359E-03,  2.905827739814620E-02,  2.463900465285417E-03,
2423610.500000000, A.D. 1923-Jul-10 00:00:00.0000,  2.311634075347778E-01,  2.166767095747136E-01, -3.584819977575895E-03, -2.478920355796021E-02,  2.173531725258393E-02,  4.053572927673830E-03,
2423620.500000000, A.D. 1923-Jul-20 00:00:00.0000, -8.231563207835342E-02,  3.011324981262328E-01,  3.214084684845461E-02, -3.278048592892740E-02, -6.370392469069282E-03,  2.495516437823306E-03,
2423630.500000000, A.D. 1923-Jul-30 00:00:00.0000, -3.353856381074233E-01,  1.254590004736824E-01,  4.108610500420848E-02, -1.566097841602366E-02, -2.513773910157823E-02, -6.104136478991542E-04,
2423640.500000000, A.D. 1923-Aug-09 00:00:00.0000, -3.915775709755262E-01, -1.380112831917225E-01,  2.475851314872243E-02,  3.528695557571639E-03, -2.530443759593960E-02, -2.389151527893121E-03,
2423650.500000000, A.D. 1923-Aug-19 00:00:00.0000, -2.877190968842704E-01, -3.514832819051628E-01, -2.211780837684629E-03,  1.606952907022085E-02, -1.650041078456077E-02, -2.824389269134758E-03,
2423660.500000000, A.D. 1923-Aug-29 00:00:00.0000, -9.239625131017327E-02, -4.565166694723884E-01, -2.874787483611849E-02,  2.193288856434480E-02, -4.144377391842179E-03, -2.355602660692350E-03,
2423670.500000000, A.D. 1923-Sep-08 00:00:00.0000,  1.294683639322812E-01, -4.299029195435792E-01, -4.698438341382601E-02,  2.130254271558337E-02,  9.559303395718595E-03, -1.179547886445427E-03,
2423680.500000000, A.D. 1923-Sep-18 00:00:00.0000,  3.078772657860549E-01, -2.672702112781553E-01, -5.012599180767468E-02,  1.288450199056930E-02,  2.258046522592504E-02,  6.571608233091198E-04,
2423690.500000000, A.D. 1923-Sep-28 00:00:00.0000,  3.530948324570655E-01,  2.136262614307570E-03, -3.230459046432881E-02, -5.600140716614002E-03,  2.940767558901315E-02,  2.914471348184206E-03,
2423700.500000000, A.D. 1923-Oct-08 00:00:00.0000,  1.766355259747883E-01,  2.563103260917887E-01,  4.664632138601052E-03, -2.876054082455985E-02,  1.712021707908915E-02,  4.042321130901868E-03,
2423710.500000000, A.D. 1923-Oct-18 00:00:00.0000, -1.468828323537422E-01,  2.824627364213783E-01,  3.655673069343331E-02, -3.061659987716087E-02, -1.189798320252716E-02,  1.845472703394485E-03,
2423720.500000000, A.D. 1923-Oct-28 00:00:00.0000, -3.628382485798511E-01,  7.303387657516892E-02,  3.933390026802010E-02, -1.138364036390674E-02, -2.635958731285733E-02, -1.103554082000881E-03,
2423730.500000000, A.D. 1923-Nov-07 00:00:00.0000, -3.811900447762540E-01, -1.881231135429422E-01,  1.971434431541097E-02,  6.650830902267387E-03, -2.398932089658892E-02, -2.569037981468013E-03,
2423740.500000000, A.D. 1923-Nov-17 00:00:00.0000, -2.532994103138250E-01, -3.826630664145277E-01, -7.921842923562520E-03,  1.777889546184960E-02, -1.418222619922633E-02, -2.792479395491067E-03,
2423750.500000000, A.D. 1923-Nov-27 00:00:00.0000, -4.738299825406794E-02, -4.621747550024544E-01, -3.335000093401313E-02,  2.234748356500250E-02, -1.419166041025143E-03, -2.171380274524011E-03,
2423760.500000000, A.D. 1923-Dec-07 00:00:00.0000,  1.717690201023829E-01, -4.076436801409974E-01, -4.905910486235864E-02,  2.029587315388907E-02,  1.235504311605651E-02, -8.588315580701724E-04,
2423770.500000000, A.D. 1923-Dec-17 00:00:00.0000,  3.311907904483445E-01, -2.191380874587766E-01, -4.834307385758256E-02,  9.996957633432212E-03,  2.477419884600290E-02,  1.101770570371873E-03,
2423780.500000000, A.D. 1923-Dec-27 00:00:00.0000,  3.367994144314269E-01,  6.154378316955564E-02, -2.595824665206858E-02, -1.049250373741165E-02,  2.894882154146767E-02,  3.327049273872174E-03,
2423790.500000000, A.D. 1924-Jan-06 00:00:00.0000,  1.150335644040097E-01,  2.856121309153849E-01,  1.272194843792802E-02, -3.172221122740506E-02,  1.160917963468382E-02,  3.865070585351645E-03,
2423800.500000000, A.D. 1924-Jan-16 00:00:00.0000, -2.060312446131350E-01,  2.533590536901830E-01,  3.962269436503947E-02, -2.751211947859026E-02, -1.662490127021258E-02,  1.174205214653757E-03,
2423810.500000000, A.D. 1924-Jan-26 00:00:00.0000, -3.817114521362867E-01,  1.887947196771135E-02,  3.665102397126932E-02, -7.236682488999184E-03, -2.687650233027071E-02, -1.527200747809305E-03,
2423820.500000000, A.D. 1924-Feb-05 00:00:00.0000, -3.647672962685027E-01, -2.352503868451813E-01,  1.435807732550913E-02,  9.474620257617208E-03, -2.238904226425858E-02, -2.698211742536237E-03,
2423830.500000000, A.D. 1924-Feb-15 00:00:00.0000, -2.156886219001060E-01, -4.090079269049360E-01, -1.353132280421809E-02,  1.922033178328452E-02, -1.175043496315388E-02, -2.726640690056563E-03,
2423840.500000000, A.D. 1924-Feb-25 00:00:00.0000, -1.807526583255608E-03, -4.622521474014602E-01, -3.754872290707253E-02,  2.249451608575412E-02,  1.348009192538598E-03, -1.959107001407930E-03,
2423850.500000000, A.D. 1924-Mar-06 00:00:00.0000,  2.116797307975615E-01, -3.797508963057901E-01, -5.045444867272252E-02,  1.895386300940599E-02,  1.510749065332613E-02, -5.107972913585742E-04,
2423860.500000000, A.D. 1924-Mar-16 00:00:00.0000,  3.481839408820503E-01, -1.668542507584176E-01, -4.564019131537780E-02,  6.663375366100125E-03,  2.666372032347072E-02,  1.562575512473037E-03,
2423870.500000000, A.D. 1924-Mar-26 00:00:00.0000,  3.103825518677099E-01,  1.190620845584423E-01, -1.883531571406986E-02, -1.553685172808520E-02,  2.753325292867201E-02,  3.675538963394029E-03,
2423880.500000000, A.D. 1924-Apr-05 00:00:00.0000,  4.867095857695531E-02,  3.030641645629170E-01,  2.025007816963238E-02, -3.341621238070996E-02,  5.515301469322476E-03,  3.523676333017824E-03,
2423890.500000000, A.D. 1924-Apr-15 00:00:00.0000, -2.581691997981069E-01,  2.155769043721897E-01,  4.133572641445025E-02, -2.375714466363208E-02, -2.042924660531747E-02,  5.184066853514522E-04,
2423900.500000000, A.D. 1924-Apr-25 00:00:00.0000, -3.923667104389690E-01, -3.570748540089275E-02,  3.317719178171868E-02, -3.299051875948193E-03, -2.679507847183182E-02, -1.882756299104024E-03,
2423910.500000000, A.D. 1924-May-05 00:00:00.0000, -3.429087841827687E-01, -2.788877114709309E-01,  8.786891754622208E-03,  1.200441718040228E-02, -2.055300609071968E-02, -2.781107662366611E-03,
2423920.500000000, A.D. 1924-May-15 00:00:00.0000, -1.754182007541315E-01, -4.303185929496724E-01, -1.897443074347138E-02,  2.039851845359439E-02, -9.222647726293273E-03, -2.628766172943134E-03,
2423930.500000000, A.D. 1924-May-25 00:00:00.0000,  4.378662830619548E-02, -4.566808539804722E-01, -4.128814586327830E-02,  2.236609294093523E-02,  4.145148509423725E-03, -1.719065744040144E-03,
2423940.500000000, A.D. 1924-Jun-04 00:00:00.0000,  2.485023930595659E-01, -3.463413800812188E-01, -5.111561512392027E-02,  1.725382273914486E-02,  1.778632220079313E-02, -1.358457956741243E-04,
2423950.500000000, A.D. 1924-Jun-14 00:00:00.0000,  3.579452423400213E-01, -1.111290252570019E-01, -4.199134559139721E-02,  2.877560187672217E-03,  2.814919989339641E-02,  2.032012030276524E-03,
2423960.500000000, A.D. 1924-Jun-24 00:00:00.0000,  2.737476713921206E-01,  1.726270850105354E-01, -1.109506284923905E-02, -2.050982529552716E-02,  2.504169481994827E-02,  3.929675464682631E-03,
2423970.500000000, A.D. 1924-Jul-04 00:00:00.0000, -1.973238738261375E-02,  3.078806478043795E-01,  2.693498828439284E-02, -3.371635246733490E-02, -7.625872654410455E-04,  3.039057742461319E-03,
2423980.500000000, A.D. 1924-Jul-14 00:00:00.0000, -3.022617661213213E-01,  1.710201500749277E-01,  4.175598033819235E-02, -1.962273725921617E-02, -2.329032050664540E-02, -9.533173447272099E-05,
2423990.500000000, A.D. 1924-Jul-24 00:00:00.0000, -3.952818461482859E-01, -8.961732229447185E-02,  2.904667187584307E-02,  3.809134251829172E-04, -2.621298596679706E-02, -2.173755743641639E-03,
2424000.500000000, A.D. 1924-Aug-03 00:00:00.0000, -3.162005620422299E-01, -3.186006288530376E-01,  3.089910597693318E-03,  1.424690186661847E-02, -1.852173509346700E-02, -2.821638063339960E-03,
2424010.500000000, A.D. 1924-Aug-13 00:00:00.0000, -1.330109875826713E-01, -4.464144528855376E-01, -2.418843748141116E-02,  2.131631241183461E-02, -6.614087404891951E-03, -2.500344743294942E-03,
2424020.500000000, A.D. 1924-Aug-23 00:00:00.0000,  8.884205695060385E-02, -4.454060407839382E-01, -4.451247131982278E-02,  2.195166235721322E-02,  6.958995569556536E-03, -1.451354472568209E-03,
2424030.500000000, A.D. 1924-Sep-02 00:00:00.0000,  2.814971634436101E-01, -3.075868517102157E-01, -5.098842331207606E-02,  1.517091651387748E-02,  2.035288089226801E-02,  2.651566718229883E-04,
2424040.500000000, A.D. 1924-Sep-12 00:00:00.0000,  3.595702124158323E-01, -5.288023085650460E-02, -3.738811421243485E-02, -1.347065264246896E-03,  2.910944291480024E-02,  2.498948799998219E-03,
2424050.500000000, A.D. 1924-Sep-22 00:00:00.0000,  2.273194955357338E-01,  2.200027333616182E-01, -2.958996155333115E-03, -2.511858798425055E-02,  2.142140633236144E-02,  4.058207622133320E-03,
2424060.500000000, A.D. 1924-Oct-02 00:00:00.0000, -8.735606873889913E-02,  3.001163820624266E-01,  3.252162994174224E-02, -3.265564042569841E-02, -6.813101158191625E-03,  2.447811661557307E-03,
2424070.500000000, A.D. 1924-Oct-12 00:00:00.0000, -3.377725208789861E-01,  1.215737870835477E-01,  4.098782064936513E-02, -1.533431411870060E-02, -2.525783975885675E-02, -6.503293539941570E-04,
2424080.500000000, A.D. 1924-Oct-22 00:00:00.0000, -3.910113172007415E-01, -1.419080245281985E-01,  2.438723539645634E-02,  3.776302920352615E-03, -2.521607431263677E-02, -2.404731694075618E-03,
2424090.500000000, A.D. 1924-Nov-01 00:00:00.0000, -2.852256463909158E-01, -3.540166412619015E-01, -2.648991172115378E-03,  1.620899725598723E-02, -1.632886848295280E-02, -2.823190466915814E-03,
2424100.500000000, A.D. 1924-Nov-11 00:00:00.0000, -8.900506571775378E-02, -4.571413403818979E-01, -2.911145357669610E-02,  2.197366565928924E-02, -3.939138462425746E-03, -2.342546454928981E-03,
2424110.500000000, A.D. 1924-Nov-21 00:00:00.0000,  1.327538288227271E-01, -4.284131911959580E-01, -4.716503001115572E-02,  2.123730426537608E-02,  9.772474791501914E-03, -1.156080625015166E-03,
2424120.500000000, A.D. 1924-Dec-01 00:00:00.0000,  3.098527676208763E-01, -2.637770309318263E-01, -5.002198485087837E-02,  1.268051033380433E-02,  2.275546141856478E-02,  6.902630056499676E-04,
2424130.500000000, A.D. 1924-Dec-11 00:00:00.0000,  3.522094193352390E-01,  6.664345261052278E-03, -3.185260873085626E-02, -5.961959278256354E-03,  2.940277676609785E-02,  2.947361155843882E-03,
2424140.500000000, A.D. 1924-Dec-21 00:00:00.0000,  1.721934123500972E-01,  2.589147538198722E-01,  5.286485202669599E-03, -2.902405866398985E-02,  1.673067966422490E-02,  4.034702114209015E-03,
2424150.500000000, A.D. 1924-Dec-31 00:00:00.0000, -1.515747157607427E-01,  2.806015884330075E-01,  3.683621259538498E-02, -3.041086217342156E-02, -1.228656501464925E-02,  1.794736581081347E-03,
2424160.500000000, A.D. 1925-Jan-10 00:00:00.0000, -3.645623806348965E-01,  6.896973869471833E-02,  3.915978770264044E-02, -1.106347068820830E-02, -2.642241819414875E-02, -1.138190134009318E-03,
2424170.500000000, A.D. 1925-Jan-20 00:00:00.0000, -3.801433487827808E-01, -1.918114471471599E-01,  1.931573751401924E-02,  6.875639996090575E-03, -2.387742464821685E-02, -2.580586283838856E-03,
2424180.500000000, A.D. 1925-Jan-30 00:00:00.0000, -2.505444086122642E-01, -3.848361029767595E-01, -8.353696070331630E-03,  1.789777253116365E-02, -1.400144107294839E-02, -2.788615847724535E-03,
2424190.500000000, A.D. 1925-Feb-09 00:00:00.0000, -4.393031881351903E-02, -4.623785007444060E-01, -3.368469865222027E-02,  2.236813348545223E-02, -1.210453290566241E-03, -2.156170195185096E-03,
2424200.500000000, A.D. 1925-Feb-19 00:00:00.0000,  1.748965082994083E-01, -4.057250151159085E-01, -4.918983344961456E-02,  2.020593436313688E-02,  1.256559278229683E-02, -8.332878194241580E-04,
2424210.500000000, A.D. 1925-Mar-01 00:00:00.0000,  3.327190825027075E-01, -2.153138000044455E-01, -4.817041442731079E-02,  9.759881731295566E-03,  2.492878278623179E-02,  1.136251202388806E-03,
2424220.500000000, A.D. 1925-Mar-11 00:00:00.0000,  3.351646881887053E-01,  6.598778241569773E-02, -2.544384410997315E-02, -1.087124680179412E-02,  2.887636827715877E-02,  3.355953413447746E-03,
2424230.500000000, A.D. 1925-Mar-21 00:00:00.0000,  1.101554075290071E-01,  2.873608535748887E-01,  1.331402208198846E-02, -3.189692739878421E-02,  1.116404510364128E-02,  3.844699000628238E-03,
2424240.500000000, A.D. 1925-Mar-31 00:00:00.0000, -2.102297956391735E-01,  2.507817932137377E-01,  3.979793827986544E-02, -2.724752949676518E-02, -1.694586342901805E-02,  1.123553744466634E-03,
2424250.500000000, A.D. 1925-Apr-10 00:00:00.0000, -3.827936642431243E-01,  1.474717153764414E-02,  3.641183882421778E-02, -6.930536401411816E-03, -2.689047913008723E-02, -1.556551887143011E-03,
2424260.500000000, A.D. 1925-Apr-20 00:00:00.0000, -3.632864222491562E-01, -2.386857750421195E-01,  1.393985937124966E-02,  9.676755529595902E-03, -2.225794680059331E-02, -2.706088403276442E-03,
2424270.500000000, A.D. 1925-Apr-30 00:00:00.0000, -2.127136084104506E-01, -4.108035376656238E-01, -1.395272475747104E-02,  1.931900591937528E-02, -1.156201988895893E-02, -2.720275885821159E-03,
2424280.500000000, A.D. 1925-May-10 00:00:00.0000,  1.664605579933222E-03, -4.620295549501401E-01, -3.785035557268066E-02,  2.249448667011029E-02,  1.559209468613518E-03, -1.941778599357986E-03,
2424290.500000000, A.D. 1925-May-20 00:00:00.0000,  2.145961534250483E-01, -3.774113520278637E-01, -5.053128439502686E-02,  1.883759199539035E-02,  1.531334961236449E-02, -4.832135442735206E-04,
2424300.500000000, A.D. 1925-May-30 00:00:00.0000,  3.491953562746812E-01, -1.627465053647269E-01, -4.539676415731148E-02,  6.392341932434860E-03,  2.679121340111078E-02,  1.597960804093631E-03,
2424310.500000000, A.D. 1925-Jun-09 00:00:00.0000,  3.079746996839530E-01,  1.232769503870479E-01, -1.826853035065428E-02, -1.591844551310664E-02,  2.738315135329192E-02,  3.698351854051816E-03,
2424320.500000000, A.D. 1925-Jun-19 00:00:00.0000,  4.354451362388030E-02,  3.038732600351987E-01,  2.078810889474098E-02, -3.348811654751737E-02,  5.042111856673037E-03,  3.491545675493323E-03,
2424330.500000000, A.D. 1925-Jun-29 00:00:00.0000, -2.617868557442934E-01,  2.124205196085059E-01,  4.141003739603499E-02, -2.345502647171470E-02, -2.067855478039916E-02,  4.701542050289458E-04,
2424340.500000000, A.D. 1925-Jul-09 00:00:00.0000, -3.928444704134192E-01, -3.982482309334527E-02,  3.288345716828864E-02, -3.011033391199390E-03, -2.676785867527955E-02, -1.907068770642928E-03,
2424350.500000000, A.D. 1925-Jul-19 00:00:00.0000, -3.410396804487893E-01, -2.820393927194518E-01,  8.356052456859405E-03,  1.218455716770862E-02, -2.040571037841589E-02, -2.785627211231780E-03,
2424360.500000000, A.D. 1925-Jul-29 00:00:00.0000, -1.722622578359006E-01, -4.317233569682900E-01, -1.938052240826568E-02,  2.047744148576617E-02, -9.027480868188009E-03, -2.620021921864402E-03,
2424370.500000000, A.D. 1925-Aug-08 00:00:00.0000,  4.723918851751612E-02, -4.560244407504080E-01, -4.155241306064610E-02,  2.234487551676414E-02,  4.358298291355017E-03, -1.699620220668104E-03,
2424380.500000000, A.D. 1925-Aug-18 00:00:00.0000,  2.511572190853663E-01, -3.435841663462584E-01, -5.113407157942722E-02,  1.710942050357621E-02,  1.798543320614472E-02, -1.062207727434424E-04,
2424390.500000000, A.D. 1925-Aug-28 00:00:00.0000,  3.583723066772229E-01, -1.067864880540488E-01, -4.167477605412146E-02,  2.572266948381341E-03,  2.824161541939058E-02,  2.067680118530531E-03,
2424400.500000000, A.D. 1925-Sep-07 00:00:00.0000,  2.705736206659574E-01,  1.764616326592818E-01, -1.048875140878353E-02, -2.087509289254082E-02,  2.480671043102906E-02,  3.944036304015783E-03,
2424410.500000000, A.D. 1925-Sep-17 00:00:00.0000, -2.490055824709266E-02,  3.077315285884713E-01,  2.739849208420128E-02, -3.368196085413504E-02, -1.232732396178607E-03,  2.997376633517305E-03,
2424420.500000000, A.D. 1925-Sep-27 00:00:00.0000, -3.052443500368863E-01,  1.674357860946866E-01,  4.173667246255828E-02, -1.930168436368278E-02, -2.346940497675203E-02, -1.395961230915724E-04,
2424430.500000000, A.D. 1925-Oct-07 00:00:00.0000, -3.951980295968813E-01, -9.363485659204838E-02,  2.870919075141654E-02,  6.478977960654640E-04, -2.615150928099654E-02, -2.193330854172621E-03,
2424440.500000000, A.D. 1925-Oct-17 00:00:00.0000, -3.139927866013144E-01, -3.214323593438342E-01,  2.653871928710933E-03,  1.440539366808098E-02, -1.836134026687243E-02, -2.823088874284318E-03,
2424450.500000000, A.D. 1925-Oct-27 00:00:00.0000, -1.297208606117524E-01, -4.474138048499590E-01, -2.457385299742183E-02,  2.137550371026565E-02, -6.413734164265982E-03, -2.489352441993558E-03,
2424460.500000000, A.D. 1925-Nov-06 00:00:00.0000,  9.222399417849807E-02, -4.443162107679332E-01, -4.473484011961576E-02,  2.190833137529438E-02,  7.172405364550642E-03, -1.429844505449701E-03,
2424470.500000000, A.D. 1925-Nov-16 00:00:00.0000,  2.838255450336021E-01, -3.044383727845024E-01, -5.094482510377564E-02,  1.499673089055400E-02,  2.054119474149508E-02,  2.966426397927195E-04,
2424480.500000000, A.D. 1925-Nov-26 00:00:00.0000,  3.593447762292901E-01, -4.839894938674946E-02, -3.700014802428061E-02, -1.683576927061195E-03,  2.915634846854376E-02,  2.533762612486055E-03,
2424490.500000000, A.D. 1925-Dec-06 00:00:00.0000,  2.234456888149899E-01,  2.232701913754599E-01, -2.334727997615269E-03, -2.544215674023097E-02,  2.110234022461639E-02,  4.061849011544351E-03,
2424500.500000000, A.D. 1925-Dec-16 00:00:00.0000, -9.234714496452578E-02,  2.990432159741112E-01,  3.289315263895162E-02, -3.252436016326220E-02, -7.249939468878164E-03,  2.399932745935801E-03,
2424510.500000000, A.D. 1925-Dec-26 00:00:00.0000, -3.400938917283152E-01,  1.176982891908212E-01,  4.088371976580358E-02, -1.500971063797591E-02, -2.537264036537953E-02, -6.896605006815829E-04,
2424520.500000000, A.D. 1926-Jan-05 00:00:00.0000, -3.904089963584755E-01, -1.457644671241455E-01,  2.401514113877564E-02,  4.020870083337828E-03, -2.512646150052006E-02, -2.419934388987685E-03,
2424530.500000000, A.D. 1926-Jan-15 00:00:00.0000, -2.827217411434633E-01, -3.565064170398956E-01, -3.084302849047382E-03,  1.634640059389880E-02, -1.615760132160703E-02, -2.821803514751536E-03,
2424540.500000000, A.D. 1926-Jan-25 00:00:00.0000, -8.562038719919335E-02, -4.577273803321182E-01, -2.947168841570049E-02,  2.201301945826554E-02, -3.734519544756139E-03, -2.329374320150400E-03,
2424550.500000000, A.D. 1926-Feb-04 00:00:00.0000,  1.360192756384244E-01, -4.268917589071208E-01, -4.734126310308839E-02,  2.117068855795054E-02,  9.984840144069715E-03, -1.132511262172444E-03,
2424560.500000000, A.D. 1926-Feb-14 00:00:00.0000,  3.117927123621733E-01, -2.602639037738166E-01, -4.991270133977169E-02,  1.247477800373898E-02,  2.292866801853282E-02,  7.234142501568739E-04,
2424570.500000000, A.D. 1926-Feb-24 00:00:00.0000,  3.512739274254146E-01,  1.118100745605647E-02, -3.139633325462671E-02, -6.324217534636388E-03,  2.939304461496978E-02,  2.979906094929102E-03,
2424580.500000000, A.D. 1926-Mar-06 00:00:00.0000,  1.677326020155939E-01,  2.614539030121245E-01,  5.905215632342318E-03, -2.928003855716128E-02,  1.633753555141844E-02,  4.026058196219456E-03,
2424590.500000000, A.D. 1926-Mar-16 00:00:00.0000, -1.562076755721537E-01,  2.786986063269682E-01,  3.710682698612613E-02, -3.020063651051317E-02, -1.266802917028142E-02,  1.744110846482606E-03,
2424600.500000000, A.D. 1926-Mar-26 00:00:00.0000, -3.662270481359454E-01,  6.492863021522675E-02,  3.898155816956967E-02, -1.074613218160766E-02, -2.648081392090833E-02, -1.172241364360211E-03,
2424610.500000000, A.D. 1926-Apr-05 00:00:00.0000, -3.790697378132928E-01, -1.954535078449997E-01,  1.891766298340872E-02,  7.097337714646951E-03, -2.376483257325949E-02, -2.591802902671544E-03,
2424620.500000000, A.D. 1926-Apr-15 00:00:00.0000, -2.477885901621054E-01, -3.869640805369557E-01, -8.782713757358356E-03,  1.801452309831410E-02, -1.382132708037253E-02, -2.784600551811858E-03,
2424630.500000000, A.D. 1926-Apr-25 00:00:00.0000, -4.049468875685558E-02, -4.625462660967012E-01, -3.401546446937055E-02,  2.238724997705044E-02, -1.002809989366936E-03, -2.140880563855045E-03,
2424640.500000000, A.D. 1926-May-05 00:00:00.0000,  1.779926181764147E-01, -4.037823190504670E-01, -4.931601993731757E-02,  2.011460372869764E-02,  1.277478223761608E-02, -8.077012499498811E-04,
2424650.500000000, A.D. 1926-May-15 00:00:00.0000,  3.342019413684663E-01, -2.114831913995388E-01, -4.799311481926634E-02,  9.521432662395071E-03,  2.508095257316254E-02,  1.170686173941245E-03,
2424660.500000000, A.D. 1926-May-25 00:00:00.0000,  3.334776299071844E-01,  7.040133519453572E-02, -2.492693312820569E-02, -1.124915068729675E-02,  2.879882086517871E-02,  3.384383927238529E-03,
2424670.500000000, A.D. 1926-Jun-04 00:00:00.0000,  1.052702558154183E-01,  2.890343842100474E-01,  1.390087114669038E-02, -3.206357166227082E-02,  1.071758858428195E-02,  3.823473111823974E-03,
2424680.500000000, A.D. 1926-Jun-14 00:00:00.0000, -2.143710436018390E-01,  2.481671989014261E-01,  3.996497130380415E-02, -2.698042519841448E-02, -1.726009696109165E-02,  1.073194765546320E-03,
2424690.500000000, A.D. 1926-Jun-24 00:00:00.0000, -3.838256434058647E-01,  1.063192730092009E-02,  3.616926144484831E-02, -6.626958392980231E-03, -2.690091772493334E-02, -1.585403567687715E-03,
2424700.500000000, A.D. 1926-Jul-04 00:00:00.0000, -3.617828228244086E-01, -2.420841970092185E-01,  1.352220519221738E-02,  9.876292927969543E-03, -2.212603592253664E-02, -2.713672913565333E-03,
2424710.500000000, A.D. 1926-Jul-14 00:00:00.0000, -2.097382161274406E-01, -4.125601695101881E-01, -1.437140748826128E-02,  1.941579974475160E-02, -1.137383454925915E-02, -2.713756652590093E-03,
2424720.500000000, A.D. 1926-Jul-24 00:00:00.0000,  5.120912803882089E-03, -4.617723034553264E-01, -3.814806882492545E-02,  2.249302705835496E-02,  1.769835317922594E-03, -1.924353525985950E-03,
2424730.500000000, A.D. 1926-Aug-03 00:00:00.0000,  2.174826468395031E-01, -3.750442044005308E-01, -5.060330496590244E-02,  1.871983467673882E-02,  1.551830734567096E-02, -4.555440631381635E-04,
2424740.500000000, A.D. 1926-Aug-13 00:00:00.0000,  3.501599810180842E-01, -1.586258540976336E-01, -4.514790951747547E-02,  6.119486350770553E-03,  2.691631829153947E-02,  1.633346701979521E-03,
2424750.500000000, A.D. 1926-Aug-23 00:00:00.0000,  3.055109022127909E-01,  1.274636265061911E-01, -1.769858946814972E-02, -1.629880448914001E-02,  2.722722503387661E-02,  3.720591944213503E-03,
2424760.500000000, A.D. 1926-Sep-02 00:00:00.0000,  3.841671055892221E-02,  3.046117923109242E-01,  2.132082774411247E-02, -3.355153172178145E-02,  4.569086302978244E-03,  3.458632466453324E-03,
2424770.500000000, A.D. 1926-Sep-12 00:00:00.0000, -2.653499345729853E-01,  2.092401293942098E-01,  4.147742752069262E-02, -2.315154238843287E-02, -2.092140593967574E-02,  4.222705911137769E-04,
2424780.500000000, A.D. 1926-Sep-22 00:00:00.0000, -3.932798596539775E-01, -4.391818573495439E-02,  3.258753653047938E-02, -2.725604339112267E-03, -2.673775264387568E-02, -1.930933903070006E-03,
2424790.500000000, A.D. 1926-Oct-02 00:00:00.0000, -3.391544609879226E-01, -2.851521123815278E-01,  7.926458532743265E-03,  1.236227663076958E-02, -2.025795859903064E-02, -2.789901391164378E-03,
2424800.500000000, A.D. 1926-Oct-12 00:00:00.0000, -1.691111435443498E-01, -4.330900500460730E-01, -1.978359495351203E-02,  2.055456863560094E-02, -8.832792544692190E-03, -2.611153149791641E-03,
2424810.500000000, A.D. 1926-Oct-22 00:00:00.0000,  5.067087780793834E-02, -4.553368665818927E-01, -4.181270811067177E-02,  2.232218063976267E-02,  4.570577880515801E-03, -1.680100453792428E-03,
2424820.500000000, A.D. 1926-Nov-01 00:00:00.0000,  2.537763392057202E-01, -3.408067250051492E-01, -5.114795092261930E-02,  1.696347084956498E-02,  1.818313571705586E-02, -7.655190708615102E-05,
2424830.500000000, A.D. 1926-Nov-11 00:00:00.0000,  3.587478166663866E-01, -1.024450732024050E-01, -4.135372968466925E-02,  2.265552480675368E-03,  2.833083124676700E-02,  2.103237805668409E-03,
2424840.500000000, A.D. 1926-Nov-21 00:00:00.0000,  2.673498322400355E-01,  1.802481405212059E-01, -9.881754982698769E-03, -2.123726493501990E-02,  2.456609490453307E-02,  3.957672424133392E-03,
2424850.500000000, A.D. 1926-Dec-01 00:00:00.0000, -3.005315109186939E-02,  3.075097811845325E-01,  2.785481260802241E-02, -3.363997203434333E-02, -1.700278960994645E-03,  2.955216453663835E-03,
2424860.500000000, A.D. 1926-Dec-11 00:00:00.0000, -3.081728080621186E-01,  1.638317070258651E-01,  4.171094905310679E-02, -1.898054112721291E-02, -2.364291578783740E-02, -1.834216558642000E-04,
2424870.500000000, A.D. 1926-Dec-21 00:00:00.0000, -3.950756502529613E-01, -9.763308633822983E-02,  2.836979150467424E-02,  9.125531703492432E-04, -2.608770957787565E-02, -2.212516610104806E-03,
2424880.500000000, A.D. 1926-Dec-31 00:00:00.0000, -3.117693000681901E-01, -3.242316710217149E-01,  2.218940727520873E-03,  1.456176733904475E-02, -1.820039183085381E-02, -2.824313696617309E-03,
2424890.500000000, A.D. 1927-Jan-10 00:00:00.0000, -1.264340949995387E-01, -4.483794000305683E-01, -2.495641914660331E-02,  2.143297281999965E-02, -6.213565943233349E-03, -2.478226671250369E-03,
2424900.500000000, A.D. 1927-Jan-20 00:00:00.0000,  9.558633430930014E-02, -4.431965767845539E-01, -4.495325533824906E-02,  2.186341963124342E-02,  7.385221003012044E-03, -1.408240632260314E-03,
2424910.500000000, A.D. 1927-Jan-30 00:00:00.0000,  2.861176989888854E-01, -3.012689730518888E-01, -5.089645076270324E-02,  1.482074685221575E-02,  2.072819042843416E-02,  3.281936556058102E-04,
2424920.500000000, A.D. 1927-Feb-09 00:00:00.0000,  3.590650132293990E-01, -4.391986285183484E-02, -3.660749257481538E-02, -2.021551291626302E-03,  2.919953066543143E-02,  2.568426671731951E-03,
2424930.500000000, A.D. 1927-Feb-19 00:00:00.0000,  2.195264919015996E-01,  2.264833360226396E-01, -1.710620051200701E-03, -2.576109460677415E-02,  2.077780829443233E-02,  4.064641016347603E-03,
2424940.500000000, A.D. 1927-Mar-01 00:00:00.0000, -9.731200515158199E-02,  2.979054994147603E-01,  3.325725155672155E-02, -3.238653039407282E-02, -7.682608717029784E-03,  2.351798090667843E-03,
2424950.500000000, A.D. 1927-Mar-11 00:00:00.0000, -3.423635519396264E-01,  1.138131512223150E-01,  4.077428980386794E-02, -1.468582939244820E-02, -2.548256226330056E-02, -7.285407531773716E-04,
2424960.500000000, A.D. 1927-Mar-21 00:00:00.0000, -3.897734273186828E-01, -1.495981362086228E-01,  2.364186374022133E-02,  4.263126332527760E-03, -2.503501611005870E-02, -2.434798873744889E-03,
2424970.500000000, A.D. 1927-Mar-31 00:00:00.0000, -2.802067444938313E-01, -3.589635999297871E-01, -3.518204781727432E-03,  1.648175413129666E-02, -1.598599191923775E-02, -2.820224084377837E-03,
2424980.500000000, A.D. 1927-Apr-10 00:00:00.0000, -8.224340622145349E-02, -4.582811390026099E-01, -2.982902227551170E-02,  2.205063690797869E-02, -3.530230889609922E-03, -2.316086873203941E-03,
2424990.500000000, A.D. 1927-Apr-20 00:00:00.0000,  1.392602981534526E-01, -4.253436689544194E-01, -4.751363718554107E-02,  2.110241598836106E-02,  1.019640462639011E-02, -1.108860932911047E-03,
2425000.500000000, A.D. 1927-Apr-30 00:00:00.0000,  3.136908539981006E-01, -2.567358697440193E-01, -4.979890174946677E-02,  1.226720191565995E-02,  2.310016296263156E-02,  7.566059091314851E-04,
2425010.500000000, A.D. 1927-May-10 00:00:00.0000,  3.502799702390129E-01,  1.568404479414800E-02, -3.093613051164083E-02, -6.687433297907558E-03,  2.937894474073970E-02,  3.012213615912666E-03,
2425020.500000000, A.D. 1927-May-20 00:00:00.0000,  1.632332655122728E-01,  2.639267619241124E-01,  6.522119104114629E-03, -2.953011925791567E-02,  1.594006226439404E-02,  4.016558782232076E-03,
2425030.500000000, A.D. 1927-May-30 00:00:00.0000, -1.608104714312591E-01,  2.767342155505856E-01,  3.737001295505179E-02, -2.998546057108240E-02, -1.304476253251654E-02,  1.693434583381585E-03,
2425040.500000000, A.D. 1927-Jun-09 00:00:00.0000, -3.678457207460131E-01,  6.087611309709080E-02,  3.879856419058125E-02, -1.042961680526186E-02, -2.653511770364812E-02, -1.205891584320336E-03,
2425050.500000000, A.D. 1927-Jun-19 00:00:00.0000, -3.779658928782975E-01, -1.990786971286751E-01,  1.851842474086617E-02,  7.317125333681822E-03, -2.365046461244279E-02, -2.602719295995958E-03,
2425060.500000000, A.D. 1927-Jun-29 00:00:00.0000, -2.450214826270025E-01, -3.890639163959650E-01, -9.210458274815675E-03,  1.812944462730511E-02, -1.364058600213536E-02, -2.780390421788123E-03,
2425070.500000000, A.D. 1927-Jul-09 00:00:00.0000, -3.706519409420682E-02, -4.626825790027657E-01, -3.434335903975468E-02,  2.240469734900067E-02, -7.950690596739839E-04, -2.125459435763196E-03,
2425080.500000000, A.D. 1927-Jul-19 00:00:00.0000,  1.810657959187253E-01, -4.018090411723542E-01, -4.943813461262321E-02,  2.002150544618691E-02,  1.298367685338365E-02, -7.819969991456617E-04,
2425090.500000000, A.D. 1927-Jul-29 00:00:00.0000,  3.356413789700125E-01, -2.076293717801928E-01, -4.781054604028653E-02,  9.280591796404440E-03,  2.523167336592409E-02,  1.205228259493455E-03,
2425100.500000000, A.D. 1927-Aug-08 00:00:00.0000,  3.317244463342475E-01,  7.480723632263608E-02, -2.440497205917916E-02, -1.162834474933716E-02,  2.871609015864920E-02,  3.412546939444290E-03,
2425110.500000000, A.D. 1927-Aug-18 00:00:00.0000,  1.003443064267705E-01,  2.906418771489803E-01,  1.448615032771982E-02, -3.222335076980836E-02,  1.026721136056962E-02,  3.801347899807221E-03,
2425120.500000000, A.D. 1927-Aug-28 00:00:00.0000, -2.184850343928862E-01,  2.454980891412183E-01,  4.012553274900692E-02, -2.670910286852622E-02, -1.756953983496525E-02,  1.022864552114815E-03,
2425130.500000000, A.D. 1927-Sep-07 00:00:00.0000, -3.848179418917926E-01,  6.508571290260240E-03,  3.592292643204852E-02, -6.324161986209660E-03, -2.690767554800326E-02, -1.613893103170176E-03,
2425140.500000000, A.D. 1927-Sep-17 00:00:00.0000, -3.602539165864035E-01, -2.454650292046286E-01,  1.310399194577846E-02,  1.007407183461492E-02, -2.199248697206297E-02, -2.720993447889579E-03,
2425150.500000000, A.D. 1927-Sep-27 00:00:00.0000, -2.067553544496908E-01, -4.142888973495111E-01, -1.478852893506540E-02,  1.951083100605169E-02, -1.118510506180800E-02, -2.707069927862497E-03,
2425160.500000000, A.D. 1927-Oct-07 00:00:00.0000,  8.567374185390291E-03, -4.614849673804041E-01, -3.844283753076842E-02,  2.248984422912659E-02,  1.980401236821006E-03, -1.906811989111687E-03,
2425170.500000000, A.D. 1927-Oct-17 00:00:00.0000,  2.203412465087272E-01, -3.726500904078943E-01, -5.067130529173079E-02,  1.860012492059642E-02,  1.572266441753603E-02, -4.277712363583255E-04,
2425180.500000000, A.D. 1927-Oct-27 00:00:00.0000,  3.510744843336771E-01, -1.544899915422387E-01, -4.489411362071476E-02,  5.844150662974997E-03,  2.703936436155081E-02,  1.668790726840953E-03,
2425190.500000000, A.D. 1927-Nov-06 00:00:00.0000,  3.029776479037894E-01,  1.316271582227375E-01, -1.712485403842636E-02, -1.667943557872513E-02,  2.706546457704280E-02,  3.742426805368824E-03,
2425200.500000000, A.D. 1927-Nov-16 00:00:00.0000,  3.325743016522920E-02,  3.052742085494241E-01,  2.185019976094845E-02, -3.360763886797314E-02,  4.093922456370697E-03,  3.424953297811231E-03,
2425210.500000000, A.D. 1927-Nov-26 00:00:00.0000, -2.688847968731543E-01,  2.060046815838407E-01,  4.153841525296426E-02, -2.284488874195232E-02, -2.115977671548713E-02,  3.745147792380358E-04,
2425220.500000000, A.D. 1927-Dec-06 00:00:00.0000, -3.936776160483603E-01, -4.802587741210289E-02,  3.228795544782145E-02, -2.440713287658402E-03, -2.670436896306527E-02, -1.954478097128777E-03,
2425230.500000000, A.D. 1927-Dec-16 00:00:00.0000, -3.372426910358045E-01, -2.882542463854468E-01,  7.496105458365009E-03,  1.253853177642075E-02, -2.010839236241620E-02, -2.793923841501622E-03,
2425240.500000000, A.D. 1927-Dec-26 00:00:00.0000, -1.659495553234590E-01, -4.344329777963354E-01, -2.018528238915929E-02,  2.062999075681837E-02, -8.637216849863089E-03, -2.602103430173434E-03,
2425250.500000000, A.D. 1928-Jan-05 00:00:00.0000,  5.409528815176407E-02, -4.546200463546529E-01, -4.207004392492217E-02,  2.229762551526424E-02,  4.783090537392184E-03, -1.660441037291404E-03,
2425260.500000000, A.D. 1928-Jan-15 00:00:00.0000,  2.563678795758950E-01, -3.380011423215908E-01, -5.115754550160960E-02,  1.681525586830628E-02,  1.838030388349526E-02, -4.675524218816781E-05,
2425270.500000000, A.D. 1928-Jan-25 00:00:00.0000,  3.590701301137255E-01, -9.808950988062877E-02, -4.102740696931989E-02,  1.956109384309626E-03,  2.841736975157788E-02,  2.138823889566655E-03,
2425280.500000000, A.D. 1928-Feb-04 00:00:00.0000,  2.640578953533832E-01,  1.840012244634300E-01, -9.271788023081290E-03, -2.159823418831226E-02,  2.431891605669895E-02,  3.970707885807312E-03,
2425290.500000000, A.D. 1928-Feb-14 00:00:00.0000, -3.522110417189766E-02,  3.072102367568103E-01,  2.830626458813965E-02, -3.359049640973101E-02, -2.167902946471493E-03,  2.912433693988889E-03,
2425300.500000000, A.D. 1928-Feb-24 00:00:00.0000, -3.110667641644587E-01,  1.601811637527284E-01,  4.167892508875900E-02, -1.865735995671793E-02, -2.381207402266522E-02, -2.270393529235157E-04,
2425310.500000000, A.D. 1928-Mar-05 00:00:00.0000, -3.949153368798231E-01, -1.016412944518729E-01,  2.802692152245568E-02,  1.176483808767854E-03, -2.602107613856155E-02, -2.231409250494067E-03,
2425320.500000000, A.D. 1928-Mar-15 00:00:00.0000, -3.095193247896701E-01, -3.270191216131725E-01,  1.783164893381573E-03,  1.471671046296367E-02, -1.803780784973556E-02, -2.825307486639123E-03,
2425330.500000000, A.D. 1928-Mar-25 00:00:00.0000, -1.231367660635224E-01, -4.493209002696239E-01, -2.533778395826239E-02,  2.148871063576767E-02, -6.012545829875188E-03, -2.466919091037485E-03,
2425340.500000000, A.D. 1928-Apr-04 00:00:00.0000,  9.894055672817613E-02, -4.420476397674555E-01, -4.516880098449517E-02,  2.181648257018846E-02,  7.598223452316792E-03, -1.386480945755205E-03,
2425350.500000000, A.D. 1928-Apr-14 00:00:00.0000,  2.883790909654725E-01, -2.980727190283776E-01, -5.084371253499614E-02,  1.464220865502545E-02,  2.091438104271158E-02,  3.598847328274458E-04,
2425360.500000000, A.D. 1928-Apr-24 00:00:00.0000,  3.587266909074656E-01, -3.943326730584826E-02, -3.620962776924621E-02, -2.362239666125658E-03,  2.923918776040946E-02,  2.603058451053982E-03,
2425370.500000000, A.D. 1928-May-04 00:00:00.0000,  2.155415437322489E-01,  2.296488238842347E-01, -1.084849477276673E-03, -2.607724564627846E-02,  2.044669898207869E-02,  4.066692883086472E-03,
2425380.500000000, A.D. 1928-May-14 00:00:00.0000, -1.022821806891456E-01,  2.966881881983567E-01,  3.361550661959603E-02, -3.224195620459052E-02, -8.113921340643121E-03,  2.303222624802342E-03,
2425390.500000000, A.D. 1928-May-24 00:00:00.0000, -3.445979596898485E-01,  1.098825307126836E-01,  4.065861781495763E-02, -1.436037064543184E-02, -2.558856487093560E-02, -7.672090163734842E-04,
2425400.500000000, A.D. 1928-Jun-03 00:00:00.0000, -3.890992160822083E-01, -1.534441653210144E-01,  2.326492794696595E-02,  4.504912159702677E-03, -2.494087519695976E-02, -2.449397323818235E-03,
2425410.500000000, A.D. 1928-Jun-13 00:00:00.0000, -2.776617290835831E-01, -3.614109770496898E-01, -3.953264719595674E-03,  1.661593726421802E-02, -1.581258164628014E-02, -2.818411423646246E-03,
2425420.500000000, A.D. 1928-Jun-23 00:00:00.0000, -7.885049585680252E-02, -4.588104736609903E-01, -3.018531646017474E-02,  2.208661053391926E-02, -3.324803342800815E-03, -2.302590403290362E-03,
2425430.500000000, A.D. 1928-Jul-03 00:00:00.0000,  1.424980913765917E-01, -4.237631706623370E-01, -4.768293586973420E-02,  2.103191704040179E-02,  1.040838363873004E-02, -1.085010969440516E-03,
2425440.500000000, A.D. 1928-Jul-13 00:00:00.0000,  3.155595123673054E-01, -2.531773780653516E-01, -4.968014253964639E-02,  1.205658424944976E-02,  2.327063039804744E-02,  7.899599012387616E-04,
2425450.500000000, A.D. 1928-Jul-23 00:00:00.0000,  3.492254932252319E-01,  2.019124800583396E-02, -3.047051088825945E-02, -7.053194602938162E-03,  2.936014373366022E-02,  3.044358103617877E-03,
2425460.500000000, A.D. 1928-Aug-02 00:00:00.0000,  1.586794465194797E-01,  2.663411063531133E-01,  7.138819505884342E-03, -2.977525988792334E-02,  1.553664189886769E-02,  4.006145329425803E-03,
2425470.500000000, A.D. 1928-Aug-12 00:00:00.0000, -1.654007385120168E-01,  2.746975431255349E-01,  3.762612192330356E-02, -2.976465241469198E-02, -1.341858666487846E-02,  1.642527675334632E-03,
2425480.500000000, A.D. 1928-Aug-22 00:00:00.0000, -3.694234646833519E-01,  5.678871517711323E-02,  3.860937801575182E-02, -1.011235067936512E-02, -2.658592248641074E-02, -1.239291028399292E-03,
2425490.500000000, A.D. 1928-Sep-01 00:00:00.0000, -3.768220994064414E-01, -2.027103541982535E-01,  1.811560391885715E-02,  7.536266778084258E-03, -2.353379427722010E-02, -2.613382647429382E-03,
2425500.500000000, A.D. 1928-Sep-11 00:00:00.0000, -2.422238598041644E-01, -3.911505461917537E-01, -9.639387840367874E-03,  1.824316634191635E-02, -1.345816015284899E-02, -2.775952267557914E-03,
2425510.500000000, A.D. 1928-Sep-21 00:00:00.0000, -3.361963892049116E-02, -4.627913149433289E-01, -3.467021964859644E-02,  2.242043174971167E-02, -5.861436138382555E-04, -2.109818593370149E-03,
2425520.500000000, A.D. 1928-Oct-01 00:00:00.0000,  1.841343703720064E-01, -3.997994476025986E-01, -4.955697394351711E-02,  1.992592674901567E-02,  1.319306437393628E-02, -7.560631114303998E-04,
2425530.500000000, A.D. 1928-Oct-11 00:00:00.0000,  3.370461261974188E-01, -2.037414167394049E-01, -4.762247784740324E-02,  9.036212238760668E-03,  2.538115039401136E-02,  1.239962963493871E-03,
2425540.500000000, A.D. 1928-Oct-21 00:00:00.0000,  3.299020409156076E-01,  7.921470712339200E-02, -2.387717266577043E-02, -1.200996074985795E-02,  2.862762168243596E-02,  3.440464684788157E-03,
2425550.500000000, A.D. 1928-Oct-31 00:00:00.0000,  9.536532572318214E-02,  2.921834041508662E-01,  1.507051707117211E-02, -3.237687633646753E-02,  9.811649077918231E-03,  3.778273383817470E-03,
2425560.500000000, A.D. 1928-Nov-10 00:00:00.0000, -2.225842211208104E-01,  2.427597627485184E-01,  4.027927741482713E-02, -2.643287546995623E-02, -1.787564420767740E-02,  9.724171119135949E-04,
2425570.500000000, A.D. 1928-Nov-20 00:00:00.0000, -3.857711299257611E-01,  2.353124701200288E-03,  3.567106132787778E-02, -6.020691355014219E-03, -2.691106234160513E-02, -1.642135479403172E-03,
2425580.500000000, A.D. 1928-Nov-30 00:00:00.0000, -3.586866233096415E-01, -2.488499265089575E-01,  1.268278283851922E-02,  1.027126739406991E-02, -2.185661827902604E-02, -2.728067985643810E-03,
2425590.500000000, A.D. 1928-Dec-10 00:00:00.0000, -2.037430229908859E-01, -4.160018328484231E-01, -1.520629740434440E-02,  1.960469180901697E-02, -1.099467838869283E-02, -2.700156895016319E-03,
2425600.500000000, A.D. 1928-Dec-20 00:00:00.0000,  1.202874795995704E-02, -4.611673893306678E-01, -3.873600875989731E-02,  2.248489129482099E-02,  2.192150123832580E-03, -1.889044390995845E-03,
2425610.500000000, A.D. 1928-Dec-30 00:00:00.0000,  2.231929007287020E-01, -3.702175853998918E-01, -5.073539216461762E-02,  1.847774851054584E-02,  1.592734858558781E-02, -3.997633785979689E-04,
2425620.500000000, A.D. 1929-Jan-09 00:00:00.0000,  3.519500021352097E-01, -1.503222916652060E-01, -4.463433680480795E-02,  5.565183375379919E-03,  2.716035075162403E-02,  1.704370584140272E-03,
2425630.500000000, A.D. 1929-Jan-19 00:00:00.0000,  3.003769120204731E-01,  1.357781890607258E-01, -1.654634364670007E-02, -1.706074696340294E-02,  2.689682463019103E-02,  3.763754326552795E-03,
2425640.500000000, A.D. 1929-Jan-29 00:00:00.0000,  2.807041697405904E-02,  3.058634541428254E-01,  2.237583054823375E-02, -3.365603994220310E-02,  3.616372114712987E-03,  3.390397434188977E-03,
2425650.500000000, A.D. 1929-Feb-08 00:00:00.0000, -2.723868315269711E-01,  2.027158773927962E-01,  4.159207256935731E-02, -2.253516729430285E-02, -2.139392876774200E-02,  3.268602072989325E-04,
2425660.500000000, A.D. 1929-Feb-18 00:00:00.0000, -3.940324320438140E-01, -5.215013241940265E-02,  3.198343810835023E-02, -2.156060937545579E-03, -2.666810656113104E-02, -1.977742165074267E-03,
2425670.500000000, A.D. 1929-Feb-28 00:00:00.0000, -3.352944646355082E-01, -2.913502055168662E-01,  7.063404185743465E-03,  1.271387071551460E-02, -1.995700630267727E-02, -2.797709086398812E-03,
2425680.500000000, A.D. 1929-Mar-10 00:00:00.0000, -1.627626135774756E-01, -4.357542003313564E-01, -2.058706334453850E-02,  2.070409556046009E-02, -8.440312434896026E-03, -2.592834557785686E-03,
2425690.500000000, A.D. 1929-Mar-20 00:00:00.0000,  5.752915657366432E-02, -4.538703654479360E-01, -4.232526027575430E-02,  2.227116058330386E-02,  4.996475541555469E-03, -1.640555418312217E-03,
2425700.500000000, A.D. 1929-Mar-30 00:00:00.0000,  2.589453921566219E-01, -3.351580577081410E-01, -5.116271816073894E-02,  1.666419482920417E-02,  1.857736574170859E-02, -1.673114788766867E-05,
2425710.500000000, A.D. 1929-Apr-09 00:00:00.0000,  3.593453919145754E-01, -9.370933294025241E-02, -4.069492793484938E-02,  1.643151473812305E-03,  2.850095746615855E-02,  2.174469622736778E-03,
2425720.500000000, A.D. 1929-Apr-19 00:00:00.0000,  2.606991031746852E-01,  1.877254845280041E-01, -8.658360233696424E-03, -2.195803469964643E-02,  2.406448035762217E-02,  3.983038276959801E-03,
2425730.500000000, A.D. 1929-Apr-29 00:00:00.0000, -4.040098119550377E-02,  3.068343359286892E-01,  2.875233724165290E-02, -3.353336892835869E-02, -2.635553216978135E-03,  2.868968212333671E-03,
2425740.500000000, A.D. 1929-May-09 00:00:00.0000, -3.139229255348999E-01,  1.564856035070835E-01,  4.163981740151449E-02, -1.833218591150517E-02, -2.397703551625890E-02, -2.704628635102563E-04,
2425750.500000000, A.D. 1929-May-19 00:00:00.0000, -3.947124806156834E-01, -1.056604126750555E-01,  2.767964310799614E-02,  1.440017860012892E-03, -2.595184592216165E-02, -2.250024767239540E-03,
2425760.500000000, A.D. 1929-May-29 00:00:00.0000, -3.072335729644113E-01, -3.297967338126295E-01,  1.345518402416483E-03,  1.487077761886052E-02, -1.787353354495538E-02, -2.826067539311601E-03,
2425770.500000000, A.D. 1929-Jun-08 00:00:00.0000, -1.198143552324533E-01, -4.502379510807167E-01, -2.571876104241139E-02,  2.154314947013462E-02, -5.810268125056343E-03, -2.455387853873222E-03,
2425780.500000000, A.D. 1929-Jun-18 00:00:00.0000,  1.023035431910058E-01, -4.408640904098075E-01, -4.538167323252689E-02,  2.176752059754011E-02,  7.811933058194770E-03, -1.364487549599085E-03,
2425790.500000000, A.D. 1929-Jun-28 00:00:00.0000,  2.906240412855110E-01, -2.948406931395531E-01, -5.078605020365707E-02,  1.446064301209234E-02,  2.109985421487806E-02,  3.917729225352785E-04,
2425800.500000000, A.D. 1929-Jul-08 00:00:00.0000,  3.583399338870782E-01, -3.493388275472623E-02, -3.580608126920188E-02, -2.705751446144795E-03,  2.927451588915596E-02,  2.637557683177635E-03,
2425810.500000000, A.D. 1929-Jul-18 00:00:00.0000,  2.115079572137999E-01,  2.327652009677545E-01, -4.588442299904097E-04, -2.638916713913838E-02,  2.010904940975087E-02,  4.067783568781032E-03,
2425820.500000000, A.D. 1929-Jul-28 00:00:00.0000, -1.072316026501134E-01,  2.954017585317662E-01,  3.396575046833211E-02, -3.209092399927352E-02, -8.542140703075836E-03,  2.254301688998472E-03,
2425830.500000000, A.D. 1929-Aug-07 00:00:00.0000, -3.467821107854292E-01,  1.059261957016468E-01,  4.053589319239645E-02, -1.403468868560215E-02, -2.569066304591045E-02, -8.055535580260162E-04,
2425840.500000000, A.D. 1929-Aug-17 00:00:00.0000, -3.883809336066492E-01, -1.572882070368468E-01,  2.288406799971251E-02,  4.745723428206105E-03, -2.484483963170653E-02, -2.463720435348912E-03,
2425850.500000000, A.D. 1929-Aug-27 00:00:00.0000, -2.750829211596807E-01, -3.638413373082756E-01, -4.389794968954371E-03,  1.674902673298170E-02, -1.563791558432177E-02, -2.816371802072168E-03,
2425860.500000000, A.D. 1929-Sep-06 00:00:00.0000, -7.543640309384374E-02, -4.593114544177821E-01, -3.054082398907815E-02,  2.212109419930365E-02, -3.118360894012381E-03, -2.288864615145445E-03,
2425870.500000000, A.D. 1929-Sep-16 00:00:00.0000,  1.457386434585781E-01, -4.221461751306305E-01, -4.784908622152443E-02,  2.095916201595376E-02,  1.062088686230763E-02, -1.060919844421555E-03,
2425880.500000000, A.D. 1929-Sep-26 00:00:00.0000,  3.174032902430304E-01, -2.495834432525821E-01, -4.955595384316388E-02,  1.184270040698412E-02,  2.344007462947756E-02,  8.235060599285934E-04,
2425890.500000000, A.D. 1929-Oct-06 00:00:00.0000,  3.481133926764559E-01,  2.470572483652110E-02, -2.999903474484189E-02, -7.421487174134408E-03,  2.933626298962755E-02,  3.076290891106124E-03,
2425900.500000000, A.D. 1929-Oct-16 00:00:00.0000,  1.540782113897061E-01,  2.686975802791484E-01,  7.754875971291369E-03, -3.001473881428555E-02,  1.512746196798513E-02,  3.994726155524662E-03,
2425910.500000000, A.D. 1929-Oct-26 00:00:00.0000, -1.699680077858523E-01,  2.725961021301209E-01,  3.787454625704384E-02, -2.953845746575785E-02, -1.378866373465216E-02,  1.591445086403695E-03,
2425920.500000000, A.D. 1929-Nov-05 00:00:00.0000, -3.709553904833532E-01,  5.267856079722846E-02,  3.841405453503879E-02, -9.794967210831094E-03, -2.663317406728033E-02, -1.272385210775594E-03,
2425930.500000000, A.D. 1929-Nov-15 00:00:00.0000, -3.756376708757022E-01, -2.063383880007960E-01,  1.770953729685303E-02,  7.754604881535132E-03, -2.341518829358766E-02, -2.623788898453196E-03,
2425940.500000000, A.D. 1929-Nov-25 00:00:00.0000, -2.393942853138940E-01, -3.932176659645828E-01, -1.006923763668510E-02,  1.835593943021436E-02, -1.327438248590631E-02, -2.771295899279288E-03,
2425950.500000000, A.D. 1929-Dec-05 00:00:00.0000, -3.015353369603630E-02, -4.628683631905308E-01, -3.499577921034173E-02,  2.243475902995333E-02, -3.761364688840253E-04, -2.093945413340807E-03,
2425960.500000000, A.D. 1929-Dec-15 00:00:00.0000,  1.872051036243377E-01, -3.977499347810332E-01, -4.967205143079712E-02,  1.982799682531532E-02,  1.340288108717984E-02, -7.298742597213686E-04,
2425970.500000000, A.D. 1929-Dec-25 00:00:00.0000,  3.384237959458319E-01, -1.998182193272644E-01, -4.742839562285765E-02,  8.788439478617372E-03,  2.552886309420499E-02,  1.274849194946674E-03,
2425980.500000000, A.D. 1930-Jan-04 00:00:00.0000,  3.280244085991399E-01,  8.361741254861775E-02, -2.334434164120873E-02, -1.239259463823032E-02,  2.853272132997133E-02,  3.467906241238070E-03,
2425990.500000000, A.D. 1930-Jan-14 00:00:00.0000,  9.036706188782030E-02,  2.936578105426684E-01,  1.565099253002384E-02, -3.252241822189340E-02,  9.353064505705293E-03,  3.754164410506764E-03,
2426000.500000000, A.D. 1930-Jan-24 00:00:00.0000, -2.266357980495106E-01,  2.399775151708009E-01,  4.042448440065132E-02, -2.615352038454830E-02, -1.817635700711667E-02,  9.221023892808647E-04,
2426010.500000000, A.D. 1930-Feb-03 00:00:00.0000, -3.866735228269798E-01, -1.802160559090216E-03,  3.541395442902481E-02, -5.718451620273983E-03, -2.691151528948743E-02, -1.670010046754237E-03,
2426020.500000000, A.D. 1930-Feb-13 00:00:00.0000, -3.570822072202984E-01, -2.522158747636003E-01,  1.225937524794310E-02,  1.046717948664207E-02, -2.171958102522777E-02, -2.734896436194013E-03,
2426030.500000000, A.D. 1930-Feb-23 00:00:00.0000, -2.007052002031100E-01, -4.176866181945962E-01, -1.562408685923498E-02,  1.969743789418280E-02, -1.080345993102099E-02, -2.693039868284882E-03,
2426040.500000000, A.D. 1930-Mar-05 00:00:00.0000,  1.550309094400752E-02, -4.608141794657782E-01, -3.902709097569895E-02,  2.247844829359794E-02,  2.404581740738719E-03, -1.871052860961161E-03,
2426050.500000000, A.D. 1930-Mar-15 00:00:00.0000,  2.260382884766550E-01, -3.677450472721339E-01, -5.079501731742352E-02,  1.835293214540737E-02,  1.613205679968778E-02, -3.715131328975231E-04,
2426060.500000000, A.D. 1930-Mar-25 00:00:00.0000,  3.527896869929515E-01, -1.461246118289369E-01, -4.436816081022144E-02,  5.282943294873340E-03,  2.727883746977731E-02,  1.740037169897146E-03,
2426070.500000000, A.D. 1930-Apr-04 00:00:00.0000,  2.977196614198573E-01,  1.399108110883961E-01, -1.596375471819479E-02, -1.744139209480315E-02,  2.672120316682773E-02,  3.784406405645608E-03,
2426080.500000000, A.D. 1930-Apr-14 00:00:00.0000,  2.288126209093356E-02,  3.063834723301810E-01,  2.289585759020895E-02, -3.369586005080243E-02,  3.138571178798971E-03,  3.354977846245382E-03,
2426090.500000000, A.D. 1930-Apr-24 00:00:00.0000, -2.758354323516644E-01,  1.993987293741422E-01,  4.163796426645996E-02, -2.222394797223660E-02, -2.162244068365420E-02,  2.795089989018679E-04,
2426100.500000000, A.D. 1930-May-04 00:00:00.0000, -3.943405184345773E-01, -5.626183622786281E-02,  3.167511007747247E-02, -1.873109555726444E-03, -2.662939331289015E-02, -2.000633241841273E-03,
2426110.500000000, A.D. 1930-May-14 00:00:00.0000, -3.333158358346180E-01, -2.944191213616530E-01,  6.629843535431602E-03,  1.288778311040258E-02, -1.980483744198941E-02, -2.801265155810344E-03,
2426120.500000000, A.D. 1930-May-24 00:00:00.0000, -1.595578424696249E-01, -4.370429230952914E-01, -2.098773146570463E-02,  2.077702367007518E-02, -8.242992131109107E-03, -2.583385309182429E-03,
2426130.500000000, A.D. 1930-Jun-03 00:00:00.0000,  6.096782297649073E-02, -4.530847563524601E-01, -4.257752557992358E-02,  2.224316153200374E-02,  5.210088186464353E-03, -1.620478087820425E-03,
2426140.500000000, A.D. 1930-Jun-13 00:00:00.0000,  2.615083060373116E-01, -3.322803385989704E-01, -5.116301855367242E-02,  1.651074344989548E-02,  1.877372209229464E-02,  1.346962685818953E-05,
2426150.500000000, A.D. 1930-Jun-23 00:00:00.0000,  3.595797367952174E-01, -8.931432160734551E-02, -4.035677291847812E-02,  1.327735922489850E-03,  2.858083581636082E-02,  2.210021733486217E-03,
2426160.500000000, A.D. 1930-Jul-03 00:00:00.0000,  2.572976769571712E-01,  1.914078818277887E-01, -8.044090004711627E-03, -2.231414782564690E-02,  2.380345001406759E-02,  3.994436544959147E-03,
2426170.500000000, A.D. 1930-Jul-13 00:00:00.0000, -4.555022748140615E-02,  3.063926925940404E-01,  2.918995019405576E-02, -3.346843887918666E-02, -3.099702708673561E-03,  2.825012193324429E-03,
2426180.500000000, A.D. 1930-Jul-23 00:00:00.0000, -3.167151113721717E-01,  1.527820326834795E-01,  4.159348476437500E-02, -1.800768420593716E-02, -2.413658927221695E-02, -3.134041826175566E-04,
2426190.500000000, A.D. 1930-Aug-02 00:00:00.0000, -3.944654331733643E-01, -1.096536684591643E-01,  2.732969292618858E-02,  1.701189462693975E-03, -2.588093173804659E-02, -2.268273262156694E-03,
2426200.500000000, A.D. 1930-Aug-12 00:00:00.0000, -3.049240298344253E-01, -3.325401328853280E-01,  9.079853906085605E-04,  1.502315884298064E-02, -1.770895306568897E-02, -2.826616618135748E-03,
2426210.500000000, A.D. 1930-Aug-22 00:00:00.0000, -1.164827652873829E-01, -4.511193158003616E-01, -2.609780955587266E-02,  2.159625148096634E-02, -5.607920957233343E-03, -2.443690446597547E-03,
2426220.500000000, A.D. 1930-Sep-01 00:00:00.0000,  1.056614916372935E-01, -4.396447487369532E-01, -4.559093075250668E-02,  2.171694805641089E-02,  8.025539104496637E-03, -1.342319693746600E-03,
2426230.500000000, A.D. 1930-Sep-11 00:00:00.0000,  2.928442151621860E-01, -2.915777220295157E-01, -5.072307664415187E-02,  1.427670396701198E-02,  2.128422408941291E-02,  4.238069458493486E-04,
2426240.500000000, A.D. 1930-Sep-21 00:00:00.0000,  3.579038930852627E-01, -3.042833489798161E-02, -3.539695693324910E-02, -3.051226668095402E-03,  2.930553030643212E-02,  2.671873905477829E-03,
2426250.500000000, A.D. 1930-Oct-01 00:00:00.0000,  2.074351432744075E-01,  2.358290125704942E-01,  1.667452838896991E-04, -2.669571412439530E-02,  1.976565617255437E-02,  4.067868838376810E-03,
2426260.500000000, A.D. 1930-Oct-11 00:00:00.0000, -1.121440692138031E-01,  2.940572218391204E-01,  3.430764815839729E-02, -3.193356918305127E-02, -8.965440719596872E-03,  2.205156226219362E-03,
2426270.500000000, A.D. 1930-Oct-21 00:00:00.0000, -3.489090667042890E-01,  1.019692964887383E-01,  4.040734255194114E-02, -1.371022293494067E-02, -2.578808167690918E-02, -8.434210868359486E-04,
2426280.500000000, A.D. 1930-Oct-31 00:00:00.0000, -3.876258963631993E-01, -1.611040782258897E-01,  2.250157582566282E-02,  4.984322720752189E-03, -2.474737640727502E-02, -2.477714613594757E-03,
2426290.500000000, A.D. 1930-Nov-10 00:00:00.0000, -2.724864153815870E-01, -3.662364520896190E-01, -4.825447964158304E-03,  1.688052597328859E-02, -1.546300691694034E-02, -2.814140658148365E-03,
2426300.500000000, A.D. 1930-Nov-20 00:00:00.0000, -7.201862329942289E-02, -4.597764454420368E-01, -3.089380027019879E-02,  2.215427097138495E-02, -2.911948838363906E-03, -2.274986839291888E-03,
2426310.500000000, A.D. 1930-Nov-30 00:00:00.0000,  1.489687112722110E-01, -4.204946337657029E-01, -4.801116673407205E-02,  2.088477941999978E-02,  1.083305649526097E-02, -1.036671706484815E-03,
2426320.500000000, A.D. 1930-Dec-10 00:00:00.0000,  3.192168687750816E-01, -2.459636338218678E-01, -4.942630062701556E-02,  1.162652207985691E-02,  2.360782059211100E-02,  8.571448169473018E-04,
2426330.500000000, A.D. 1930-Dec-20 00:00:00.0000,  3.469512780562134E-01,  2.921265061951052E-02, -2.952295639364097E-02, -7.790584642174307E-03,  2.930706925798075E-02,  3.107849118996696E-03,
2426340.500000000, A.D. 1930-Dec-30 00:00:00.0000,  1.494577765824649E-01,  2.709887503739679E-01,  8.367618410651119E-03, -3.024663885853118E-02,  1.471460295117760E-02,  3.982253793055881E-03,
2426350.500000000, A.D. 1931-Jan-09 00:00:00.0000, -1.744801397564782E-01,  2.704509938585942E-01,  3.811398814411174E-02, -2.930818835861195E-02, -1.415226115913512E-02,  1.540462148445938E-03,
2426360.500000000, A.D. 1931-Jan-19 00:00:00.0000, -3.724303843290504E-01,  4.858201916873814E-02,  3.821388231926195E-02, -9.479799308161575E-03, -2.667655937518487E-02, -1.304978744232288E-03,
2426370.500000000, A.D. 1931-Jan-29 00:00:00.0000, -3.744210967189696E-01, -2.099314208098885E-01,  1.730263784636372E-02,  7.970639426616053E-03, -2.329572096162961E-02, -2.633898431503692E-03,
2426380.500000000, A.D. 1931-Feb-08 00:00:00.0000, -2.365516411189378E-01, -3.952467943574151E-01, -1.049766653156343E-02,  1.846715233599000E-02, -1.309064301871831E-02, -2.766464691019486E-03,
2426390.500000000, A.D. 1931-Feb-18 00:00:00.0000, -2.668829874464170E-02, -4.629087661308593E-01, -3.531835026441950E-02,  2.244775290369114E-02, -1.663215211871076E-04, -2.077922607428227E-03,
2426400.500000000, A.D. 1931-Feb-28 00:00:00.0000,  1.902601453876406E-01, -3.956668602203697E-01, -4.978261164828225E-02,  1.972834099257421E-02,  1.361216876160175E-02, -7.035313084716848E-04,
2426410.500000000, A.D. 1931-Mar-10 00:00:00.0000,  3.397652175582108E-01, -1.958732473298836E-01, -4.722856594831136E-02,  8.538368358116563E-03,  2.567439326187258E-02,  1.309787405666585E-03,
2426420.500000000, A.D. 1931-Mar-20 00:00:00.0000,  3.260950476522462E-01,  8.800180274378289E-02, -2.280760526308120E-02, -1.277485834108280E-02,  2.843187053464005E-02,  3.494807566859190E-03,
2426430.500000000, A.D. 1931-Mar-30 00:00:00.0000,  8.536517552499559E-02,  2.950630022125939E-01,  1.622637263406915E-02, -3.265923147132160E-02,  8.893251670299248E-03,  3.729093241580649E-03,
2426440.500000000, A.D. 1931-Apr-09 00:00:00.0000, -2.306257512869170E-01,  2.371678143293546E-01,  4.056142225670635E-02, -2.587203198533512E-02, -1.847014775216067E-02,  8.721081598426349E-04,
2426450.500000000, A.D. 1931-Apr-19 00:00:00.0000, -3.875246061143963E-01, -5.932369040748780E-03,  3.515351076330742E-02, -5.418917085409091E-03, -2.690886791653854E-02, -1.697395422324261E-03,
2426460.500000000, A.D. 1931-Apr-29 00:00:00.0000, -3.554531866983499E-01, -2.555414343009209E-01,  1.183635296116029E-02,  1.066074789185710E-02, -2.158213332263928E-02, -2.741462041170666E-03,
2426470.500000000, A.D. 1931-May-09 00:00:00.0000, -1.976620238535046E-01, -4.193317319274614E-01, -1.603955654635453E-02,  1.978860819047472E-02, -1.061260752237025E-02, -2.685778682758050E-03,
2426480.500000000, A.D. 1931-May-19 00:00:00.0000,  1.896860306147993E-02, -4.604260600398097E-01, -3.931460743630948E-02,  2.247064277940515E-02,  2.616442041794586E-03, -1.852947222735120E-03,
2426490.500000000, A.D. 1931-May-29 00:00:00.0000,  2.288599755600669E-01, -3.652453593271873E-01, -5.084999678694912E-02,  1.822644008861595E-02,  1.633565003144269E-02, -3.431679482908922E-04,
2426500.500000000, A.D. 1931-Jun-08 00:00:00.0000,  3.535875831220620E-01, -1.419191953447078E-01, -4.409701459647810E-02,  4.998989672383981E-03,  2.739419692663702E-02,  1.775620641714550E-03,
2426510.500000000, A.D. 1931-Jun-18 00:00:00.0000,  2.950190827388236E-01,  1.440031590966347E-01, -1.537998592643213E-02, -1.781927789821007E-02,  2.653954648706515E-02,  3.804292541118161E-03,
2426520.500000000, A.D. 1931-Jun-28 00:00:00.0000,  1.771686415962163E-02,  3.068322375096031E-01,  2.340790668044004E-02, -3.372697188213963E-02,  2.663129802177224E-03,  3.318900646684689E-03,
2426530.500000000, A.D. 1931-Jul-08 00:00:00.0000, -2.792139838858433E-01,  1.960711328556863E-01,  4.167619242386453E-02, -2.191292594245729E-02, -2.184421530838408E-02,  2.326843895583984E-04,
2426540.500000000, A.D. 1931-Jul-18 00:00:00.0000, -3.946019413124939E-01, -6.033944532214299E-02,  3.136461577799066E-02, -1.593364115752072E-03, -2.658841999424767E-02, -2.023060835000815E-03,
2426550.500000000, A.D. 1931-Jul-28 00:00:00.0000, -3.313194185068509E-01, -2.974444278021242E-01,  6.197511236701156E-03,  1.305927426555905E-02, -1.965261436033321E-02, -2.804586895843119E-03,
2426560.500000000, A.D. 1931-Aug-07 00:00:00.0000, -1.563550112234835E-01, -4.382911138079648E-01, -2.138545203820376E-02,  2.084835104734902E-02, -8.046191288128656E-03, -2.573808612683287E-03,
2426570.500000000, A.D. 1931-Aug-17 00:00:00.0000,  6.439040319000407E-02, -4.522644633068873E-01, -4.282574643865699E-02,  2.221383279019890E-02,  5.423060002001142E-03, -1.600299737652254E-03,
2426580.500000000, A.D. 1931-Aug-27 00:00:00.0000,  2.640406766364613E-01, -3.293761239443017E-01, -5.115828503854659E-02,  1.635564775120963E-02,  1.896892727444174E-02,  4.376109996537109E-05,
2426590.500000000, A.D. 1931-Sep-06 00:00:00.0000,  3.597657465058727E-01, -8.491359125261100E-02, -4.001333968843322E-02,  1.010714061435504E-03,  2.865727194023441E-02,  2.245465129225140E-03,
2426600.500000000, A.D. 1931-Sep-16 00:00:00.0000,  2.538526222010164E-01,  1.950445984236665E-01, -7.429059161266917E-03, -2.266618756699554E-02,  2.353651162334832E-02,  4.004971696677718E-03,
2426610.500000000, A.D. 1931-Sep-26 00:00:00.0000, -5.066809440984809E-02,  3.058884673561890E-01,  2.961979125306531E-02, -3.339570666531329E-02, -3.559653139910206E-03,  2.780640375461491E-03,
2426620.500000000, A.D. 1931-Oct-06 00:00:00.0000, -3.194446148102316E-01,  1.490806545041760E-01,  4.154134791443838E-02, -1.768431403823882E-02, -2.429007833597667E-02, -3.557878720186376E-04,
2426630.500000000, A.D. 1931-Oct-16 00:00:00.0000, -3.941823452568187E-01, -1.136067428860548E-01,  2.697916497821850E-02,  1.959170553491677E-03, -2.580823992623331E-02, -2.286105457589249E-03,
2426640.500000000, A.D. 1931-Oct-26 00:00:00.0000, -3.026067193758984E-01, -3.352375041678080E-01,  4.728391506547144E-04,  1.517317880654221E-02, -1.754463279434895E-02, -2.826970158068291E-03,
2426650.500000000, A.D. 1931-Nov-05 00:00:00.0000, -1.131627858724588E-01, -4.519611577513117E-01, -2.647311942801876E-02,  2.164776074204601E-02, -5.406485668831448E-03, -2.431901268041489E-03,
2426660.500000000, A.D. 1931-Nov-15 00:00:00.0000,  1.089935772960926E-01, -4.383963892002162E-01, -4.579574567157660E-02,  2.166503421972248E-02,  8.237958209304227E-03, -1.320098162624479E-03,
2426670.500000000, A.D. 1931-Nov-25 00:00:00.0000,  2.950247405905254E-01, -2.883003435911936E-01, -5.065533553334749E-02,  1.409133149250696E-02,  2.146669676589135E-02,  4.558402057299239E-04,
2426680.500000000, A.D. 1931-Dec-05 00:00:00.0000,  3.574160541434534E-01, -2.593727548997630E-02, -3.498411951640093E-02, -3.397226578336061E-03,  2.933232963853857E-02,  2.705908008749838E-03,
2426690.500000000, A.D. 1931-Dec-15 00:00:00.0000,  2.033329337383607E-01,  2.388274603794932E-01,  7.898877759799522E-04, -2.699616606064119E-02,  1.941792073666988E-02,  4.067034939156462E-03,
2426700.500000000, A.D. 1931-Dec-25 00:00:00.0000, -1.170107980401447E-01,  2.926551927376295E-01,  3.464070674814009E-02, -3.177060198677498E-02, -9.382906304865638E-03,  2.155952451179391E-03,
2426710.500000000, A.D. 1932-Jan-04 00:00:00.0000, -3.509773390927176E-01,  9.801713757903716E-02,  4.027365299949231E-02, -1.338762922164059E-02, -2.588062980043495E-02, -8.807362765457543E-04,
2426720.500000000, A.D. 1932-Jan-14 00:00:00.0000, -3.868388435829319E-01, -1.648857458030356E-01,  2.211866487819003E-02,  5.220094394532850E-03, -2.464852736765493E-02, -2.491345330847953E-03,
2426730.500000000, A.D. 1932-Jan-24 00:00:00.0000, -2.698829493862774E-01, -3.685920936369728E-01, -5.258840278074957E-03,  1.700987681274880E-02, -1.528818253732044E-02, -2.811720168925614E-03,
2426740.500000000, A.D. 1932-Feb-03 00:00:00.0000, -6.861236240068348E-02, -4.602058310017784E-01, -3.124310689409689E-02,  2.218584385360133E-02, -2.706141306112862E-03, -2.261004666357471E-03,
2426750.500000000, A.D. 1932-Feb-13 00:00:00.0000,  1.521723195839863E-01, -4.188150228863236E-01, -4.816872310809138E-02,  2.080893772041955E-02,  1.104430632871000E-02, -1.012351835370105E-03,
2426760.500000000, A.D. 1932-Feb-23 00:00:00.0000,  3.209883949331467E-01, -2.423285265550373E-01, -4.929158241898642E-02,  1.140866175314942E-02,  2.377372227124242E-02,  8.908043768013411E-04,
2426770.500000000, A.D. 1932-Mar-04 00:00:00.0000,  3.457332194527900E-01,  3.370380926388785E-02, -2.904290706826329E-02, -8.160087165481077E-03,  2.927315558414779E-02,  3.139073968105479E-03,
2426780.500000000, A.D. 1932-Mar-14 00:00:00.0000,  1.448118502157477E-01,  2.732123197154508E-01,  8.977389816894707E-03, -3.047136405678050E-02,  1.429838103638036E-02,  3.968848657658325E-03,
2426790.500000000, A.D. 1932-Mar-24 00:00:00.0000, -1.789458889647983E-01,  2.682589277947806E-01,  3.834547565321695E-02, -2.907373795286511E-02, -1.450965686581058E-02,  1.489589438987746E-03,
2426800.500000000, A.D. 1932-Apr-03 00:00:00.0000, -3.738545775881792E-01,  4.449538063591389E-02,  3.800986158415903E-02, -9.166637183209836E-03, -2.671588327663138E-02, -1.337069633204402E-03,
2426810.500000000, A.D. 1932-Apr-13 00:00:00.0000, -3.731788243709297E-01, -2.134906723438901E-01,  1.689601225254940E-02,  8.184107381703222E-03, -2.317518460521082E-02, -2.643698209548578E-03,
2426820.500000000, A.D. 1932-Apr-23 00:00:00.0000, -2.337063332049250E-01, -3.972387321275086E-01, -1.092355048288520E-02,  1.857633887748763E-02, -1.290709579576753E-02, -2.761473771142546E-03,
2426830.500000000, A.D. 1932-May-03 00:00:00.0000, -2.323846500820949E-02, -4.629169277518754E-01, -3.563720113108772E-02,  2.245911410379565E-02,  4.275091651364582E-05, -2.061815246318389E-03,
2426840.500000000, A.D. 1932-May-13 00:00:00.0000,  1.932841997142234E-01, -3.935612767227993E-01, -4.988882207269293E-02,  1.962715158828784E-02,  1.382021029240855E-02, -6.771455818082445E-04,
2426850.500000000, A.D. 1932-May-23 00:00:00.0000,  3.410601309310110E-01, -1.919233854759250E-01, -4.702431383984310E-02,  8.286787947042356E-03,  2.581741495278386E-02,  1.344672963123422E-03,
2426860.500000000, A.D. 1932-Jun-02 00:00:00.0000,  3.241119638403109E-01,  9.235263170243788E-02, -2.226874596930545E-02, -1.315613584575798E-02,  2.832575624176217E-02,  3.521209342684382E-03,
2426870.500000000, A.D. 1932-Jun-12 00:00:00.0000,  8.035678236715374E-02,  2.963913701506777E-01,  1.679620162495653E-02, -3.278808629641696E-02,  8.432577025745201E-03,  3.703236126658384E-03,
2426880.500000000, A.D. 1932-Jun-22 00:00:00.0000, -2.345626377416005E-01,  2.343192443104626E-01,  4.069050851234994E-02, -2.558838644490853E-02, -1.875776165160931E-02,  8.224187031765759E-04,
2426890.500000000, A.D. 1932-Jul-02 00:00:00.0000, -3.883286199275581E-01, -1.005239434999466E-02,  3.488968930283503E-02, -5.121541599159948E-03, -2.690298864952272E-02, -1.724331833239324E-03,
2426900.500000000, A.D. 1932-Jul-12 00:00:00.0000, -3.538006021489996E-01, -2.588373348229310E-01,  1.141355348504198E-02,  1.085203130082288E-02, -2.144371370960795E-02, -2.747753592469626E-03,
2426910.500000000, A.D. 1932-Jul-22 00:00:00.0000, -1.946158681581873E-01, -4.209428253381239E-01, -1.645269441430619E-02,  1.987794297234959E-02, -1.042171843787042E-02, -2.678357735246272E-03,
2426920.500000000, A.D. 1932-Aug-01 00:00:00.0000,  2.242032427132738E-02, -4.600059157266841E-01, -3.959850287438076E-02,  2.246126766951804E-02,  2.827904989483354E-03, -1.834735070477930E-03,
2426930.500000000, A.D. 1932-Aug-11 00:00:00.0000,  2.316519321935469E-01, -3.627197663762718E-01, -5.090039285677406E-02,  1.809825445706267E-02,  1.653834285374600E-02, -3.147352252485700E-04,
2426940.500000000, A.D. 1932-Aug-21 00:00:00.0000,  3.543371160622135E-01, -1.377036400850135E-01, -4.382074173633432E-02,  4.713109863261768E-03,  2.750695006488860E-02,  1.811186262426132E-03,
2426950.500000000, A.D. 1932-Aug-31 00:00:00.0000,  2.922621061774118E-01,  1.480620762591888E-01, -1.479369674463161E-02, -1.819554438424003E-02,  2.635194463603118E-02,  3.823566396473940E-03,
2426960.500000000, A.D. 1932-Sep-10 00:00:00.0000,  1.255299574114158E-02,  3.072086248352471E-01,  2.391422279588009E-02, -3.374992543081401E-02,  2.188414282604428E-03,  3.282139810083792E-03,
2426970.500000000, A.D. 1932-Sep-20 00:00:00.0000, -2.825415209466018E-01,  1.927169743971297E-01,  4.170775765739580E-02, -2.160079939066403E-02, -2.206012726205858E-02,  1.862253902237436E-04,
2426980.500000000, A.D. 1932-Sep-30 00:00:00.0000, -3.948229871075330E-01, -6.440031364367514E-02,  3.105181163318461E-02, -1.315814153217127E-03, -2.654476301367262E-02, -2.045086178149747E-03,
2426990.500000000, A.D. 1932-Oct-10 00:00:00.0000, -3.293052181879122E-01, -3.004376815333479E-01,  5.766010980963668E-03,  1.322862493301495E-02, -1.949973335916381E-02, -2.807675489231973E-03,
2427000.500000000, A.D. 1932-Oct-20 00:00:00.0000, -1.531537238250613E-01, -4.395055447288277E-01, -2.178057010049206E-02,  2.091793157720567E-02, -7.849591200944367E-03, -2.564098910215386E-03,
2427010.500000000, A.D. 1932-Oct-30 00:00:00.0000,  6.779498935182646E-02, -4.514149141554484E-01, -4.307029130894881E-02,  2.218290938437759E-02,  5.635345923227270E-03, -1.580033703807055E-03,
2427020.500000000, A.D. 1932-Nov-09 00:00:00.0000,  2.665385761830388E-01, -3.264526240877221E-01, -5.114916370113360E-02,  1.619881200098399E-02,  1.916271727184574E-02,  7.410193952761440E-05,
2427030.500000000, A.D. 1932-Nov-19 00:00:00.0000,  3.598998892851673E-01, -8.051626473321080E-02, -3.966568671825761E-02,  6.922150531491525E-04,  2.873024997749587E-02,  2.280774177537546E-03,
2427040.500000000, A.D. 1932-Nov-29 00:00:00.0000,  2.503595211831616E-01,  1.986288775484245E-01, -6.814000792803540E-03, -2.301468604066655E-02,  2.326400272868213E-02,  4.014746441058528E-03,
2427050.500000000, A.D. 1932-Dec-09 00:00:00.0000, -5.576802455038963E-02,  3.053117325774654E-01,  3.004215945355582E-02, -3.331593355998150E-02, -4.016622837803777E-03,  2.735882985191537E-03,
2427060.500000000, A.D. 1932-Dec-19 00:00:00.0000, -3.221225235460938E-01,  1.453574371881682E-01,  4.148290317890022E-02, -1.736095211759307E-02, -2.443854114212008E-02, -3.977551261762473E-04,
2427070.500000000, A.D. 1932-Dec-29 00:00:00.0000, -3.938612876389160E-01, -1.175463254729509E-01,  2.662645487111165E-02,  2.215147438594707E-03, -2.573335861693533E-02, -2.303581481483173E-03,
2427080.500000000, A.D. 1933-Jan-08 00:00:00.0000, -3.002717107588154E-01, -3.379078121116783E-01,  3.837219801283733E-05,  1.532123126519009E-02, -1.737958213382838E-02, -2.827097924231780E-03,
2427090.500000000, A.D. 1933-Jan-18 00:00:00.0000, -1.098438719531039E-01, -4.527722335579612E-01, -2.684591315336894E-02,  2.169747633339629E-02, -5.204961113072832E-03, -2.419964024554650E-03,
2427100.500000000, A.D. 1933-Jan-28 00:00:00.0000,  1.123071043929320E-01, -4.371183608564751E-01, -4.599680343896702E-02,  2.161137689223053E-02,  8.450072878366783E-03, -1.297769544334360E-03,
2427110.500000000, A.D. 1933-Feb-07 00:00:00.0000,  2.971679920504084E-01, -2.849993219286838E-01, -5.058282012607832E-02,  1.390387877096873E-02,  2.164812464932126E-02,  4.879687560696190E-04,
2427120.500000000, A.D. 1933-Feb-17 00:00:00.0000,  3.568686361305740E-01, -2.144379608373798E-02, -3.456614453686929E-02, -3.745252149170154E-03,  2.935543635439405E-02,  2.739848155932896E-03,
2427130.500000000, A.D. 1933-Feb-27 00:00:00.0000,  1.991746224981876E-01,  2.417739359729619E-01,  1.413785272843073E-03, -2.729241937725362E-02,  1.906429331888065E-02,  4.065385253532231E-03,
2427140.500000000, A.D. 1933-Mar-09 00:00:00.0000, -1.218654766764773E-01,  2.911847408999593E-01,  3.496742903698042E-02, -3.160120599063349E-02, -9.797131574785631E-03,  2.106466356724174E-03,
2427150.500000000, A.D. 1933-Mar-19 00:00:00.0000, -3.530036007421894E-01,  9.404308814521621E-02,  4.013493342470286E-02, -1.306489166838308E-02, -2.596875378951797E-02, -9.176965948175789E-04,
2427160.500000000, A.D. 1933-Mar-29 00:00:00.0000, -3.860199595421200E-01, -1.686569298633799E-01,  2.173420347920973E-02,  5.454218541495681E-03, -2.454751425033144E-02, -2.504672227576548E-03,
2427170.500000000, A.D. 1933-Apr-08 00:00:00.0000, -2.672654033268491E-01, -3.709228721931657E-01, -5.691311417310227E-03,  1.713741719671653E-02, -1.511250400506281E-02, -2.809103496660753E-03,
2427180.500000000, A.D. 1933-Apr-18 00:00:00.0000, -6.520982158448191E-02, -4.606057100496613E-01, -3.158989611902593E-02,  2.221566592487117E-02, -2.500197953148161E-03, -2.246892177496092E-03,
2427190.500000000, A.D. 1933-Apr-28 00:00:00.0000,  1.553545125646289E-01, -4.171071961626038E-01, -4.832261393056136E-02,  2.073126089491716E-02,  1.125515853264487E-02, -9.879264716028259E-04,
2427200.500000000, A.D. 1933-May-08 00:00:00.0000,  3.227182353279863E-01, -2.386733400253304E-01, -4.915219415960737E-02,  1.118853148529406E-02,  2.393820484013952E-02,  9.245511269461527E-04,
2427210.500000000, A.D. 1933-May-18 00:00:00.0000,  3.444510723394933E-01,  3.818744054030047E-02, -2.855824985972124E-02, -8.531206776768382E-03,  2.923467649649045E-02,  3.170108654532123E-03,
2427220.500000000, A.D. 1933-May-28 00:00:00.0000,  1.401169893934212E-01,  2.753710893962544E-01,  9.586228625440119E-03, -3.069044804419777E-02,  1.387726355001308E-02,  3.954591661487642E-03,
2427230.500000000, A.D. 1933-Jun-07 00:00:00.0000, -1.833932605996487E-01,  2.660000374559595E-01,  3.857029528811662E-02, -2.883418378331323E-02, -1.486319360018304E-02,  1.438611093195356E-03,
2427240.500000000, A.D. 1933-Jun-17 00:00:00.0000, -3.752387471614170E-01,  4.038550452176454E-02,  3.780101383360911E-02, -8.853475905009272E-03, -2.675136031621421E-02, -1.368840145805544E-03,
2427250.500000000, A.D. 1933-Jun-27 00:00:00.0000, -3.719049764418579E-01, -2.170438051563850E-01,  1.648763557078549E-02,  8.396238431144083E-03, -2.305250916757835E-02, -2.653223007816436E-03,
2427260.500000000, A.D. 1933-Jul-07 00:00:00.0000, -2.308443799126046E-01, -3.992087006163125E-01, -1.134882031367960E-02,  1.868394278847176E-02, -1.272242356165058E-02, -2.756281144930159E-03,
2427270.500000000, A.D. 1933-Jul-17 00:00:00.0000, -1.978828642967617E-02, -4.628951292035945E-01, -3.595366046139298E-02,  2.246878505302431E-02,  2.523394459051456E-04, -2.045547550112296E-03,
2427280.500000000, A.D. 1933-Jul-27 00:00:00.0000,  1.962902252673665E-01, -3.914231959244642E-01, -4.999107540049593E-02,  1.952390400451209E-02,  1.402820271357255E-02, -6.506015595327303E-04,
2427290.500000000, A.D. 1933-Aug-06 00:00:00.0000,  3.423126389043385E-01, -1.879475134255256E-01, -4.681456106732688E-02,  8.032369742578689E-03,  2.595887312183189E-02,  1.379686947077104E-03,
2427300.500000000, A.D. 1933-Aug-16 00:00:00.0000,  3.220606990589588E-01,  9.669491464829252E-02, -2.172473537401853E-02, -1.353870867332742E-02,  2.821390542122083E-02,  3.547287905842460E-03,
2427310.500000000, A.D. 1933-Aug-26 00:00:00.0000,  7.530860453404004E-02,  2.976505806809518E-01,  1.736401157794667E-02, -3.290984368761282E-02,  7.968252613505011E-03,  3.676475419360204E-03,
2427320.500000000, A.D. 1933-Sep-05 00:00:00.0000, -2.384733437463907E-01,  2.314137118094444E-01,  4.081292217447853E-02, -2.530079034037796E-02, -1.904096538311541E-02,  7.727566912599897E-04,
2427330.500000000, A.D. 1933-Sep-15 00:00:00.0000, -3.890928775896361E-01, -1.418744852241360E-02,  3.462152427807326E-02, -4.824531880356961E-03, -2.689373576624457E-02, -1.750958465145416E-03,
2427340.500000000, A.D. 1933-Sep-25 00:00:00.0000, -3.521178974897011E-01, -2.621231839743824E-01,  1.098923621970803E-02,  1.104200483488170E-02, -2.130350086186105E-02, -2.753798731927771E-03,
2427350.500000000, A.D. 1933-Oct-05 00:00:00.0000, -1.915540840868739E-01, -4.225306353354637E-01, -1.686520287366547E-02,  1.996571588985422E-02, -1.022989650366805E-02, -2.670748097284304E-03,
2427360.500000000, A.D. 1933-Oct-15 00:00:00.0000,  2.587086312046157E-02, -4.595561751172845E-01, -3.988003536062896E-02,  2.245006887569616E-02,  3.039710972316891E-03, -1.816360383737293E-03,
2427370.500000000, A.D. 1933-Oct-25 00:00:00.0000,  2.344222530370669E-01, -3.601645262184525E-01, -5.094685056690954E-02,  1.796774995494113E-02,  1.674062161793919E-02, -2.861502701067882E-04,
2427380.500000000, A.D. 1933-Nov-04 00:00:00.0000,  3.550386128270170E-01, -1.334706665226846E-01, -4.353929193268522E-02,  4.424362882800320E-03,  2.761731339290810E-02,  1.846812436655503E-03,
2427390.500000000, A.D. 1933-Nov-14 00:00:00.0000,  2.894371852096636E-01,  1.520945531232470E-01, -1.420388612344954E-02, -1.857164972071669E-02,  2.615796758989062E-02,  3.842334349297421E-03,
2427400.500000000, A.D. 1933-Nov-24 00:00:00.0000,  7.364499085245832E-03,  3.075067403726366E-01,  2.441632139699723E-02, -3.376550422585591E-02,  1.712215618521192E-03,  3.244639602070617E-03,
2427410.500000000, A.D. 1933-Dec-04 00:00:00.0000, -2.858379812281399E-01,  1.893076387918279E-01,  4.173242165523919E-02, -2.128588222345143E-02, -2.227188602797072E-02,  1.398927152146681E-04,
2427420.500000000, A.D. 1933-Dec-14 00:00:00.0000, -3.950035924872392E-01, -6.847959534803534E-02,  3.073451392071368E-02, -1.038516248049498E-03, -2.649812273355210E-02, -2.066834952815910E-03,
2427430.500000000, A.D. 1933-Dec-24 00:00:00.0000, -3.272579372500434E-01, -3.034253076171374E-01,  5.332613951278587E-03,  1.339689397707858E-02, -1.934492669811733E-02, -2.810523978995289E-03,
2427440.500000000, A.D. 1934-Jan-03 00:00:00.0000, -1.499324798473466E-01, -4.406985557737274E-01, -2.217534195306702E-02,  2.098598497478564E-02, -7.651722861632578E-03, -2.554177585524284E-03,
2427450.500000000, A.D. 1934-Jan-13 00:00:00.0000,  7.120200327242683E-02, -4.505341151251540E-01, -4.331243526624774E-02,  2.214998139753169E-02,  5.848317952570862E-03, -1.559565132862470E-03,
2427460.500000000, A.D. 1934-Jan-23 00:00:00.0000,  2.690154095031967E-01, -3.234951294805232E-01, -5.113561343077230E-02,  1.603922331878986E-02,  1.935623530155654E-02,  1.046425430323518E-04,
2427470.500000000, A.D. 1934-Feb-02 00:00:00.0000,  3.599815491476392E-01, -7.609891204700604E-02, -3.931207059580695E-02,  3.704135390234666E-04,  2.880022383597551E-02,  2.316132820724012E-03,
2427480.500000000, A.D. 1934-Feb-12 00:00:00.0000,  2.467969434092070E-01,  2.021798495444658E-01, -6.195683055491635E-03, -2.336166701127076E-02,  2.298438345140272E-02,  4.023828745246146E-03,
2427490.500000000, A.D. 1934-Feb-22 00:00:00.0000, -6.088148715477444E-02,  3.046571943553852E-01,  3.045942887823287E-02, -3.322876708636206E-02, -4.473425562782378E-03,  2.690509059011365E-03,
2427500.500000000, A.D. 1934-Mar-04 00:00:00.0000, -3.247660402052894E-01,  1.415864344279388E-01,  4.141782869769558E-02, -1.703555489533130E-02, -2.458304238221986E-02, -4.395560275866786E-04,
2427510.500000000, A.D. 1934-Mar-14 00:00:00.0000, -3.935001105186006E-01, -1.215001683262336E-01,  2.626946422185522E-02,  2.470769604331634E-03, -2.565577038234495E-02, -2.320805643015448E-03,
2427520.500000000, A.D. 1934-Mar-24 00:00:00.0000, -2.979042176590758E-01, -3.405698699200601E-01, -3.979815892751722E-04,  1.546821429679421E-02, -1.721264807560059E-02, -2.826999564389227E-03,
2427530.500000000, A.D. 1934-Apr-03 00:00:00.0000, -1.065053370198314E-01, -4.535589225438761E-01, -2.721842839061495E-02,  2.174569291785114E-02, -5.002072213664482E-03, -2.407815680305750E-03,
2427540.500000000, A.D. 1934-Apr-13 00:00:00.0000,  1.156225589856906E-01, -4.358047817311340E-01, -4.619540927813064E-02,  2.155562013024256E-02,  8.663029240563561E-03, -1.275211565281445E-03,
2427550.500000000, A.D. 1934-Apr-23 00:00:00.0000,  2.992872300608839E-01, -2.816589470829239E-01, -5.050540507831613E-02,  1.371325441328633E-02,  2.182926345259410E-02,  5.203497139301950E-04,
2427560.500000000, A.D. 1934-May-03 00:00:00.0000,  3.562608268306596E-01, -1.692877247238652E-02, -3.414140685647932E-02, -4.096948049757670E-03,  2.937465878247630E-02,  2.773820625048880E-03,
2427570.500000000, A.D. 1934-May-13 00:00:00.0000,  1.949441140693151E-01,  2.446785498483190E-01,  2.040638454540247E-03, -2.758561837391050E-02,  1.870318933952616E-02,  4.062887520908024E-03,
2427580.500000000, A.D. 1934-May-23 00:00:00.0000, -1.267274976932087E-01,  2.896373930132554E-01,  3.528875623117234E-02, -3.142483232353111E-02, -1.020992702261158E-02,  2.056499431970932E-03,
2427590.500000000, A.D. 1934-Jun-02 00:00:00.0000, -3.549957482248072E-01,  9.002644049853176E-02,  3.999012034022805E-02, -1.274052062993963E-02, -2.605299552259287E-02, -9.544724720516078E-04,
2427600.500000000, A.D. 1934-Jun-12 00:00:00.0000, -3.851626993268829E-01, -1.724380635880763E-01,  2.134598542168269E-02,  5.688000646987794E-03, -2.444385076949649E-02, -2.517754559326308E-03,
2427610.500000000, A.D. 1934-Jun-22 00:00:00.0000, -2.646163153262264E-01, -3.732415290632024E-01, -6.125209012005056E-03,  1.726401112073493E-02, -1.493497729845527E-02, -2.806264561663746E-03,
2427620.500000000, A.D. 1934-Jul-02 00:00:00.0000, -6.178748423470175E-02, -4.609774294940960E-01, -3.193591439708125E-02,  2.224406103995129E-02, -2.292866402505742E-03, -2.232556810313192E-03,
2427630.500000000, A.D. 1934-Jul-12 00:00:00.0000,  1.585385912358348E-01, -4.153596630190104E-01, -4.847336404017977E-02,  2.065134504912752E-02,  1.146686923199970E-02, -9.632464466057510E-04,
2427640.500000000, A.D. 1934-Jul-22 00:00:00.0000,  3.244213129994951E-01, -2.349761398964355E-01, -4.900703166632714E-02,  1.096486734278328E-02,  2.410196819354282E-02,  9.585484052170843E-04,
2427650.500000000, A.D. 1934-Aug-01 00:00:00.0000,  3.431049145084557E-01,  4.268590258778500E-02, -2.806671757482217E-02, -8.905399495935025E-03,  2.919089871907045E-02,  3.200989287520109E-03,
2427660.500000000, A.D. 1934-Aug-11 00:00:00.0000,  1.353657184388483E-01,  2.774748727043093E-01,  1.019558988103104E-02, -3.090377927386970E-02,  1.344991814441692E-02,  3.939310801396020E-03,
2427670.500000000, A.D. 1934-Aug-21 00:00:00.0000, -1.878250681673751E-01,  2.636761764267144E-01,  3.878840094720103E-02, -2.858904613012324E-02, -1.521323306178563E-02,  1.387427472756621E-03,
2427680.500000000, A.D. 1934-Aug-31 00:00:00.0000, -3.765819065675685E-01,  3.625139994546169E-02,  3.758662710409440E-02, -8.539951158599401E-03, -2.678325966328425E-02, -1.400338794624854E-03,
2427690.500000000, A.D. 1934-Sep-10 00:00:00.0000, -3.705942587258712E-01, -2.205939214358887E-01,  1.607638999528528E-02,  8.607515993202303E-03, -2.292780357534254E-02, -2.662503522478018E-03,
2427700.500000000, A.D. 1934-Sep-20 00:00:00.0000, -2.279559260349411E-01, -4.011593653273665E-01, -1.177472992460040E-02,  1.879034480476324E-02, -1.253642907256007E-02, -2.750880391983041E-03,
2427710.500000000, A.D. 1934-Sep-30 00:00:00.0000, -1.632567873916450E-02, -4.628429181695286E-01, -3.626870350522625E-02,  2.247680115089785E-02,  4.628351167052896E-04, -2.029071980022916E-03,
2427720.500000000, A.D. 1934-Oct-10 00:00:00.0000,  1.992885213567198E-01, -3.892483511086353E-01, -5.008975638664964E-02,  1.941821224292448E-02,  1.423646816645923E-02, -6.238347274454181E-04,
2427730.500000000, A.D. 1934-Oct-20 00:00:00.0000,  3.435277124562899E-01, -1.839397021830159E-01, -4.659913643892791E-02,  7.774490308260590E-03,  2.609873781603231E-02,  1.414868372262543E-03,
2427740.500000000, A.D. 1934-Oct-30 00:00:00.0000,  3.199406839090654E-01,  1.010320752062682E-01, -2.117530491334529E-02, -1.392297126580039E-02,  2.809588578627176E-02,  3.573021627633381E-03,
2427750.500000000, A.D. 1934-Nov-09 00:00:00.0000,  7.021823316026730E-02,  2.988397578608191E-01,  1.792971753920696E-02, -3.302456017723138E-02,  7.499908052813162E-03,  3.648777780829956E-03,
2427760.500000000, A.D. 1934-Nov-19 00:00:00.0000, -2.423601258685743E-01,  2.284462068489855E-01,  4.092825782980618E-02, -2.500907056216649E-02, -1.932021814670077E-02,  7.230819096525883E-04,
2427770.500000000, A.D. 1934-Nov-29 00:00:00.0000, -3.898159160057072E-01, -1.834587705408331E-02,  3.434818128404615E-02, -4.527377092720893E-03, -2.688125177618930E-02, -1.777312287723116E-03,
2427780.500000000, A.D. 1934-Dec-09 00:00:00.0000, -3.503983572855753E-01, -2.654066403080892E-01,  1.056235683807796E-02,  1.123116557362021E-02, -2.116123502234776E-02, -2.759601138314955E-03,
2427790.500000000, A.D. 1934-Dec-19 00:00:00.0000, -1.884657828325486E-01, -4.240988096915627E-01, -1.727799545278076E-02,  2.005224764663949E-02, -1.003662321328551E-02, -2.662920720378604E-03,
2427800.500000000, A.D. 1934-Dec-29 00:00:00.0000,  2.933302335687809E-02, -4.590745956396288E-01, -4.015968011444843E-02,  2.243709059548022E-02,  3.252492621189033E-03, -1.797765054038402E-03,
2427810.500000000, A.D. 1935-Jan-08 00:00:00.0000,  2.371823414556258E-01, -3.575714210984065E-01, -5.098915057009892E-02,  1.783458900763803E-02,  1.694299022134510E-02, -2.573361167944858E-04,
2427820.500000000, A.D. 1935-Jan-18 00:00:00.0000,  3.556984184808282E-01, -1.292095537036782E-01, -4.325178763471491E-02,  4.132147448845123E-03,  2.772519663744999E-02,  1.882537314661232E-03,
2427830.500000000, A.D. 1935-Jan-28 00:00:00.0000,  2.865471464321842E-01,  1.561067113264917E-01, -1.360995796558982E-02, -1.894747017135407E-02,  2.595694579358239E-02,  3.860493722523430E-03,
2427840.500000000, A.D. 1935-Feb-07 00:00:00.0000,  2.159501223614419E-03,  3.077306121988711E-01,  2.491368980464626E-02, -3.377319688159554E-02,  1.234956436834190E-03,  3.206340080739555E-03,
2427850.500000000, A.D. 1935-Feb-17 00:00:00.0000, -2.890957278083770E-01,  1.858522678646052E-01,  4.174975795184827E-02, -2.096864769757818E-02, -2.247921608131144E-02,  9.372785801181491E-05,
2427860.500000000, A.D. 1935-Feb-27 00:00:00.0000, -3.951407129888164E-01, -7.256883297930801E-02,  3.041255501786982E-02, -7.617888035494921E-04, -2.644880925418786E-02, -2.088301465521044E-03,
2427870.500000000, A.D. 1935-Mar-09 00:00:00.0000, -3.251757411193707E-01, -3.064023295848390E-01,  4.897091343398240E-03,  1.356413026705262E-02, -1.918851153300992E-02, -2.813143636642469E-03,
2427880.500000000, A.D. 1935-Mar-19 00:00:00.0000, -1.466881065254172E-01, -4.418673372570789E-01, -2.257005418787978E-02,  2.105268497378918E-02, -7.452694453950420E-03, -2.544041499840273E-03,
2427890.500000000, A.D. 1935-Mar-29 00:00:00.0000,  7.461596809976931E-02, -4.496194572187072E-01, -4.355231676150459E-02,  2.211511468635368E-02,  6.062019001651260E-03, -1.538868279636521E-03,
2427900.500000000, A.D. 1935-Apr-08 00:00:00.0000,  2.714753509747266E-01, -3.205007095478480E-01, -5.111747049903489E-02,  1.587675138302747E-02,  1.954945712028638E-02,  1.354115133145368E-04,
2427910.500000000, A.D. 1935-Apr-18 00:00:00.0000,  3.600134574933677E-01, -7.166022946510361E-02, -3.895223943232684E-02,  4.523695341511029E-05,  2.886687841087342E-02,  2.351519174619679E-03,
2427920.500000000, A.D. 1935-Apr-28 00:00:00.0000,  2.431696989116585E-01,  2.056957256491375E-01, -5.574465045884217E-03, -2.370661112793459E-02,  2.269755827876734E-02,  4.032132826236629E-03,
2427930.500000000, A.D. 1935-May-08 00:00:00.0000, -6.599945392794937E-02,  3.039271197311194E-01,  3.087081307004282E-02, -3.313417288560284E-02, -4.929317592589215E-03,  2.644538467593731E-03,
2427940.500000000, A.D. 1935-May-18 00:00:00.0000, -3.273695070732696E-01,  1.377752831431582E-01,  4.134582177900031E-02, -1.670862837332686E-02, -2.472336095580518E-02, -4.811377680873202E-04,
2427950.500000000, A.D. 1935-May-28 00:00:00.0000, -3.930969329796090E-01, -1.254609450774785E-01,  2.590825740834982E-02,  2.725857859787602E-03, -2.557568222379598E-02, -2.337758581152033E-03,
2427960.500000000, A.D. 1935-Jun-07 00:00:00.0000, -2.955019512012818E-01, -3.432189245240810E-01, -8.360907031179953E-04,  1.561435102785786E-02, -1.704409112975049E-02, -2.826675485991414E-03,
2427970.500000000, A.D. 1935-Jun-17 00:00:00.0000, -1.031420340289282E-01, -4.543184432898846E-01, -2.759048337830675E-02,  2.179269736025504E-02, -4.797939349627149E-03, -2.395442043208545E-03,
2427980.500000000, A.D. 1935-Jun-27 00:00:00.0000,  1.189470607795059E-01, -4.344536401061041E-01, -4.639116816125738E-02,  2.149784897871899E-02,  8.876745919161792E-03, -1.252401259785598E-03,
2427990.500000000, A.D. 1935-Jul-07 00:00:00.0000,  3.013896206288056E-01, -2.782794561973865E-01, -5.042265704473863E-02,  1.351945594268393E-02,  2.200966888049722E-02,  5.529516885154945E-04,
2428000.500000000, A.D. 1935-Jul-17 00:00:00.0000,  3.556029413363599E-01, -1.239950311447027E-02, -3.371053370877583E-02, -4.451434981289466E-03,  2.938914990604954E-02,  2.807629485401224E-03,
2428010.500000000, A.D. 1935-Jul-27 00:00:00.0000,  1.906685991317498E-01,  2.475324243892200E-01,  2.667429946244618E-03, -2.787361714161139E-02,  1.833575357974149E-02,  4.059348122314845E-03,
2428020.500000000, A.D. 1935-Aug-06 00:00:00.0000, -1.315607847871077E-01,  2.880280078758276E-01,  3.560194767984596E-02, -3.124236770803206E-02, -1.061866367080830E-02,  2.006281954391149E-03,
2428030.500000000, A.D. 1935-Aug-16 00:00:00.0000, -3.569358580973903E-01,  8.599576481479981E-02,  3.983890786498687E-02, -1.241655183431670E-02, -2.613327887310734E-02, -9.908768907306146E-04,
2428040.500000000, A.D. 1935-Aug-26 00:00:00.0000, -3.842645557790137E-01, -1.762069521384031E-01,  2.095473973128840E-02,  5.920445287469284E-03, -2.433857533391737E-02, -2.530556272221574E-03,
2428050.500000000, A.D. 1935-Sep-05 00:00:00.0000, -2.619389496647131E-01, -3.755363678426096E-01, -6.559754111332258E-03,  1.738940001651083E-02, -1.475657458040719E-02, -2.803215794679131E-03,
2428060.500000000, A.D. 1935-Sep-15 00:00:00.0000, -5.834968527482553E-02, -4.613177304097872E-01, -3.228053874139782E-02,  2.227101711630666E-02, -2.084876881507261E-03, -2.218015975533873E-03,
2428070.500000000, A.D. 1935-Sep-25 00:00:00.0000,  1.617205731984140E-01, -4.135759593342470E-01, -4.862059999146547E-02,  2.056928324379621E-02,  1.167877296828258E-02, -9.383502595429634E-04,
2428080.500000000, A.D. 1935-Oct-05 00:00:00.0000,  3.260960831501585E-01, -2.312474569184811E-01, -4.885639115437731E-02,  1.073814586596930E-02,  2.426428574909710E-02,  9.926933178200264E-04,
2428090.500000000, A.D. 1935-Oct-15 00:00:00.0000,  3.417022824681951E-01,  4.718284933553651E-02, -2.757003693251125E-02, -9.281258522877034E-03,  2.914159525863471E-02,  3.231544156131091E-03,
2428100.500000000, A.D. 1935-Oct-25 00:00:00.0000,  1.305812978337899E-01,  2.795145773143480E-01,  1.080257764977049E-02, -3.111015668221229E-02,  1.301816324388700E-02,  3.923008983457318E-03,
2428110.500000000, A.D. 1935-Nov-04 00:00:00.0000, -1.922188775329830E-01,  2.612985305418472E-01,  3.899834099420430E-02, -2.833953630606074E-02, -1.555822625274010E-02,  1.336257686736433E-03,
2428120.500000000, A.D. 1935-Nov-14 00:00:00.0000, -3.778757831802877E-01,  3.211075393569350E-02,  3.736702267446333E-02, -8.227353657415563E-03, -2.681166099359857E-02, -1.431447420821977E-03,
2428130.500000000, A.D. 1935-Nov-24 00:00:00.0000, -3.692477609394780E-01, -2.241274166644986E-01,  1.566327231961365E-02,  8.817352411665327E-03, -2.280165887622089E-02, -2.671512040063886E-03,
2428140.500000000, A.D. 1935-Dec-04 00:00:00.0000, -2.250451900615943E-01, -4.030831533828274E-01, -1.220022507551690E-02,  1.889546197016642E-02, -1.234968601297389E-02, -2.745281355010105E-03,
2428150.500000000, A.D. 1935-Dec-14 00:00:00.0000, -1.285420979560834E-02, -4.627578518896223E-01, -3.658144682831355E-02,  2.248334092149579E-02,  6.737807570933496E-04, -2.012410745254730E-03,
2428160.500000000, A.D. 1935-Dec-24 00:00:00.0000,  2.022779800946738E-01, -3.870387628390715E-01, -5.018426578602927E-02,  1.931038590428908E-02,  1.444453213274803E-02, -5.968839154030464E-04,
2428170.500000000, A.D. 1936-Jan-03 00:00:00.0000,  3.447087484792020E-01, -1.799078672800759E-01, -4.637812802592194E-02,  7.513845578646352E-03,  2.623628363999451E-02,  1.450103138614423E-03,
2428180.500000000, A.D. 1936-Jan-13 00:00:00.0000,  3.177682279030613E-01,  1.053497557146689E-01, -2.062237838381769E-02, -1.430688304873013E-02,  2.797148922575030E-02,  3.598168228127881E-03,
2428190.500000000, A.D. 1936-Jan-23 00:00:00.0000,  6.512400690783812E-02,  2.999573075332484E-01,  1.848978910888562E-02, -3.313080211246367E-02,  7.030456846903895E-03,  3.620169407783806E-03,
2428200.500000000, A.D. 1936-Feb-02 00:00:00.0000, -2.461901799640629E-01,  2.254449432967897E-01,  4.103517967325322E-02, -2.471539148271341E-02, -1.959345237749732E-02,  6.737023796823059E-04,
2428210.500000000, A.D. 1936-Feb-12 00:00:00.0000, -3.904887190892170E-01, -2.249276994755230E-02,  3.407069562495692E-02, -4.232198428332337E-03, -2.686599608849366E-02, -1.803248825905300E-03,
2428220.500000000, A.D. 1936-Feb-22 00:00:00.0000, -3.486483087057488E-01, -2.686624949029828E-01,  1.013463069799498E-02,  1.141854941248777E-02, -2.101816611511059E-02, -2.765151488236244E-03,
2428230.500000000, A.D. 1936-Mar-03 00:00:00.0000, -1.853625836061917E-01, -4.256347028814532E-01, -1.768955145316343E-02,  2.013736496534294E-02, -9.843096944213679E-03, -2.654913533157857E-03,
2428240.500000000, A.D. 1936-Mar-13 00:00:00.0000,  3.279569129202396E-02, -4.585595084913999E-01, -4.043636618905672E-02,  2.242255993891982E-02,  3.465245287733150E-03, -1.778999712348182E-03,
2428250.500000000, A.D. 1936-Mar-23 00:00:00.0000,  2.399246999705500E-01, -3.549482815085310E-01, -5.102684222205198E-02,  1.769928091127495E-02,  1.714453634403781E-02, -2.283731630732047E-04,
2428260.500000000, A.D. 1936-Apr-02 00:00:00.0000,  3.563168276295782E-01, -1.249366092286919E-01, -4.295893661115759E-02,  3.837618611351349E-03,  2.782988866555032E-02,  1.918203393104651E-03,
2428270.500000000, A.D. 1936-Apr-12 00:00:00.0000,  2.836090310716698E-01,  1.600804366055274E-01, -1.301445183295948E-02, -1.932091102029258E-02,  2.574957787548693E-02,  3.877872428202572E-03,
2428280.500000000, A.D. 1936-Apr-22 00:00:00.0000, -3.029699112416427E-03,  3.078819217209686E-01,  2.540347413145926E-02, -3.377273330522259E-02,  7.595169978006293E-04,  3.167390737191959E-03,
2428290.500000000, A.D. 1936-May-02 00:00:00.0000, -2.922935099527504E-01,  1.823754083636821E-01,  4.175930092949412E-02, -2.065103863757000E-02, -2.268086822398616E-02,  4.798026747383112E-05,
2428300.500000000, A.D. 1936-May-12 00:00:00.0000, -3.952315584640508E-01, -7.664084406357018E-02,  3.008728743090198E-02, -4.871501603067035E-04, -2.639731334399015E-02, -2.109375922682169E-03,
2428310.500000000, A.D. 1936-May-22 00:00:00.0000, -3.230664365004369E-01, -3.093498619597062E-01,  4.461330720337151E-03,  1.372970749248044E-02, -1.903150943882613E-02, -2.815525933258460E-03,
2428320.500000000, A.D. 1936-Jun-01 00:00:00.0000, -1.434313637790352E-01, -4.430033602766373E-01, -2.296299427910902E-02,  2.111801035651522E-02, -7.253513231855514E-03, -2.533727566259855E-03,
2428330.500000000, A.D. 1936-Jun-11 00:00:00.0000,  7.802772415839644E-02, -4.486719837710160E-01, -4.378872348500912E-02,  2.207862214044759E-02,  6.275528095705989E-03, -1.518006932117474E-03,
2428340.500000000, A.D. 1936-Jun-21 00:00:00.0000,  2.739139713798002E-01, -3.174798019054199E-01, -5.109439896317514E-02,  1.571207819231082E-02,  1.974139667660466E-02,  1.662877169910751E-04,
2428350.500000000, A.D. 1936-Jul-01 00:00:00.0000,  3.600023819910824E-01, -6.722060640066164E-02, -3.858764743948987E-02, -2.815811475159837E-04,  2.892934214219005E-02,  2.386687676796765E-03,
2428360.500000000, A.D. 1936-Jul-11 00:00:00.0000,  2.395096917050461E-01,  2.091562709037063E-01, -4.954492507160562E-03, -2.404652435633413E-02,  2.240503549960910E-02,  4.039444076197745E-03,
2428370.500000000, A.D. 1936-Jul-21 00:00:00.0000, -7.107348254152743E-02,  3.031334120322857E-01,  3.127255009424868E-02, -3.303268619880091E-02, -5.380319307631518E-03,  2.598275058524483E-03,
2428380.500000000, A.D. 1936-Jul-31 00:00:00.0000, -3.299063389609767E-01,  1.339621430351099E-01,  4.126675664383263E-02, -1.638311438321392E-02, -2.485854541449061E-02, -5.221823240258199E-04,
2428390.500000000, A.D. 1936-Aug-10 00:00:00.0000, -3.926506088331285E-01, -1.293930811191018E-01,  2.554473449296352E-02,  2.978449560300899E-03, -2.549418559191022E-02, -2.354342194065105E-03,
2428400.500000000, A.D. 1936-Aug-20 00:00:00.0000, -2.930777422550506E-01, -3.458330910309059E-01, -1.273711558120337E-03,  1.575873029855883E-02, -1.687539417302686E-02, -2.826137200388155E-03,
2428410.500000000, A.D. 1936-Aug-30 00:00:00.0000, -9.977237653691157E-02, -4.550432765455447E-01, -2.796020688956029E-02,  2.183824186817443E-02, -4.593926742262089E-03, -2.382902380321391E-03,
2428420.500000000, A.D. 1936-Sep-09 00:00:00.0000,  1.222624805311839E-01, -4.330701850812611E-01, -4.658300887104515E-02,  2.143837262455563E-02,  9.090038001106693E-03, -1.229440065200896E-03,
2428430.500000000, A.D. 1936-Sep-19 00:00:00.0000,  3.034633098947707E-01, -2.748766648675559E-01, -5.033473945967255E-02,  1.332345658596643E-02,  2.218845463789005E-02,  5.856302740309369E-04,
2428440.500000000, A.D. 1936-Sep-29 00:00:00.0000,  3.548967165980113E-01, -7.877242702278889E-03, -3.327524228366086E-02, -4.806981215676089E-03,  2.939885535366443E-02,  2.841120820102810E-03,
2428450.500000000, A.D. 1936-Oct-09 00:00:00.0000,  1.863678436178540E-01,  2.503225857274553E-01,  3.291488979111737E-03, -2.815493051497730E-02,  1.796382376842232E-02,  4.054775116413987E-03,
2428460.500000000, A.D. 1936-Oct-19 00:00:00.0000, -1.363425185128462E-01,  2.863662937207424E-01,  3.590577283710489E-02, -3.105472582813896E-02, -1.102126664861900E-02,  1.956048803212356E-03,
2428470.500000000, A.D. 1936-Oct-29 00:00:00.0000, -3.588154616042867E-01,  8.197306463680884E-02,  3.968220577280806E-02, -1.209458402598790E-02, -2.620918458526449E-02, -1.026744345398070E-03,
2428480.500000000, A.D. 1936-Nov-08 00:00:00.0000, -3.833309546590074E-01, -1.799428444001764E-01,  2.056244619064067E-02,  6.150440348064837E-03, -2.423222520035272E-02, -2.543023885021801E-03,
2428490.500000000, A.D. 1936-Nov-18 00:00:00.0000, -2.592466984022913E-01, -3.777941415804556E-01, -6.992839750206995E-03,  1.751309679119778E-02, -1.457818982619121E-02, -2.799979078794902E-03,
2428500.500000000, A.D. 1936-Nov-28 00:00:00.0000, -5.491187029108755E-02, -4.616227923967451E-01, -3.262212182099589E-02,  2.229659363218880E-02, -1.877191494541046E-03, -2.203335530336183E-03,
2428510.500000000, A.D. 1936-Dec-08 00:00:00.0000,  1.648879681098197E-01, -4.117617766863882E-01, -4.876348164626848E-02,  2.048560061678258E-02,  1.188993341199124E-02, -9.133334058489528E-04,
2428520.500000000, A.D. 1936-Dec-18 00:00:00.0000,  3.277379370588853E-01, -2.275021387488921E-01, -4.870060556814678E-02,  1.050947217346085E-02,  2.442428179904204E-02,  1.026839677259947E-03,
2428530.500000000, A.D. 1936-Dec-28 00:00:00.0000,  3.402546600060187E-01,  5.165710091984407E-02, -2.707039147376264E-02, -9.656589814950805E-03,  2.908663510757382E-02,  3.261558151964029E-03,
2428540.500000000, A.D. 1937-Jan-07 00:00:00.0000,  1.257986177771774E-01,  2.814809165979212E-01,  1.140356698055833E-02, -3.130782789505341E-02,  1.258473140212938E-02,  3.905699822675353E-03,
2428550.500000000, A.D. 1937-Jan-17 00:00:00.0000, -1.965410923398368E-01,  2.588887315855413E-01,  3.919855102402173E-02, -2.808749463995073E-02, -1.589570695251706E-02,  1.285413463551661E-03,
2428560.500000000, A.D. 1937-Jan-27 00:00:00.0000, -3.791096358740003E-01,  2.799636818074294E-02,  3.714319075071863E-02, -7.917906801114372E-03, -2.683661269153268E-02, -1.461995730868844E-03,
2428570.500000000, A.D. 1937-Feb-06 00:00:00.0000, -3.678721835231757E-01, -2.276181578634452E-01,  1.525018962503598E-02,  9.024504089138302E-03, -2.267513696030061E-02, -2.680220453540415E-03,
2428580.500000000, A.D. 1937-Feb-16 00:00:00.0000, -2.221270337074371E-01, -4.049656596615089E-01, -1.262348646517791E-02,  1.899885274279785E-02, -1.216339929921417E-02, -2.739520078582015E-03,
2428590.500000000, A.D. 1937-Feb-26 00:00:00.0000, -9.390293120238185E-03, -4.626370345734010E-01, -3.689058503165534E-02,  2.248850472365235E-02,  8.841004275526362E-04, -1.995627599555668E-03,
2428600.500000000, A.D. 1937-Mar-08 00:00:00.0000,  2.052454171073869E-01, -3.848012770919990E-01, -5.027403898746686E-02,  1.920096773474993E-02,  1.465153525541482E-02, -5.698338509537296E-04,
2428610.500000000, A.D. 1937-Mar-18 00:00:00.0000,  3.458503784381234E-01, -1.758658155857977E-01, -4.615193747796926E-02,  7.251474881796092E-03,  2.637102403644588E-02,  1.485282838767034E-03,
2428620.500000000, A.D. 1937-Mar-28 00:00:00.0000,  3.155510865063590E-01,  1.096332912822269E-01, -2.006746471574995E-02, -1.468890758238917E-02,  2.784119517131663E-02,  3.622629821613300E-03,
2428630.500000000, A.D. 1937-Apr-07 00:00:00.0000,  6.004642121644732E-02,  3.010018711616382E-01,  1.904251147317118E-02, -3.322799684466274E-02,  6.561972051636133E-03,  3.590739492102879E-03,
2428640.500000000, A.D. 1937-Apr-17 00:00:00.0000, -2.499478238736562E-01,  2.224276850407110E-01,  4.113364562634272E-02, -2.442103565085358E-02, -1.985933037239666E-02,  6.248127729131329E-04,
2428650.500000000, A.D. 1937-Apr-27 00:00:00.0000, -3.911100052052161E-01, -2.660463738875236E-02,  3.379057526516144E-02, -3.940375398678509E-03, -2.684806377994682E-02, -1.828663920960882E-03,
2428660.500000000, A.D. 1937-May-07 00:00:00.0000, -3.468775988090421E-01, -2.718723369325488E-01,  9.708107840913409E-03,  1.160333508723262E-02, -2.087510132896045E-02, -2.770439499887477E-03,
2428670.500000000, A.D. 1937-May-17 00:00:00.0000, -1.822598063926466E-01, -4.271293342531188E-01, -1.809802439407366E-02,  2.022077110294006E-02, -9.650343832802609E-03, -2.646771867651480E-03,
2428680.500000000, A.D. 1937-May-27 00:00:00.0000,  3.624269229136966E-02, -4.580123329266199E-01, -4.070888545631125E-02,  2.240659566091553E-02,  3.676940272372451E-03, -1.760146332528889E-03,
2428690.500000000, A.D. 1937-Jun-06 00:00:00.0000,  2.426366724138174E-01, -3.523061966804794E-01, -5.105974073963884E-02,  1.756244525896688E-02,  1.734438345748239E-02, -1.993844244097698E-04,
2428700.500000000, A.D. 1937-Jun-16 00:00:00.0000,  3.568907928224272E-01, -1.206698948247206E-01, -4.266194184665491E-02,  3.542100429436467E-03,  2.793095232367601E-02,  1.953661873631899E-03,
2428710.500000000, A.D. 1937-Jun-26 00:00:00.0000,  2.806359092022736E-01,  1.639989941523420E-01, -1.241985502289451E-02, -1.969025084474720E-02,  2.553678306545932E-02,  3.894394747563770E-03,
2428720.500000000, A.D. 1937-Jul-06 00:00:00.0000, -8.179960575012387E-03,  3.079614046851173E-01,  2.588371676314968E-02, -3.376423022659886E-02,  2.880421369592798E-04,  3.127974605231182E-03,
2428730.500000000, A.D. 1937-Jul-16 00:00:00.0000, -2.954182050678290E-01,  1.788928006700411E-01,  4.176114592983102E-02, -2.033450021205943E-02, -2.287614143863546E-02,  2.824641559785549E-06,
2428740.500000000, A.D. 1937-Jul-26 00:00:00.0000, -3.952764729479393E-01, -8.067856732087637E-02,  2.975996116874129E-02, -2.157641971364106E-04, -2.634390975353261E-02, -2.129994905295837E-03,
2428750.500000000, A.D. 1937-Aug-05 00:00:00.0000, -3.209398863463204E-01, -3.122555559632981E-01,  4.026869825974141E-03,  1.389287999595380E-02, -1.887452912973338E-02, -2.817670509581823E-03,
2428760.500000000, A.D. 1937-Aug-15 00:00:00.0000, -1.401774892618373E-01, -4.441009528058161E-01, -2.335283540407128E-02,  2.118164145489619E-02, -7.054873704272257E-03, -2.523276442425418E-03,
2428770.500000000, A.D. 1937-Aug-25 00:00:00.0000,  8.142123962272883E-02, -4.476925048231534E-01, -4.402088234838174E-02,  2.204066905543222E-02,  6.488288515736829E-03, -1.497046880149476E-03,
2428780.500000000, A.D. 1937-Sep-04 00:00:00.0000,  2.763189869810173E-01, -3.144367954156045E-01, -5.106623805921495E-02,  1.554573706181727E-02,  1.993195002194841E-02,  1.972253614539024E-04,
2428790.500000000, A.D. 1937-Sep-14 00:00:00.0000,  3.599410336777499E-01, -6.278239797076150E-02, -3.821819032584563E-02, -6.097085139972902E-04,  2.898808832720250E-02,  2.421682430631972E-03,
2428800.500000000, A.D. 1937-Sep-24 00:00:00.0000,  2.358094921347181E-01,  2.125637055772962E-01, -4.334826459818787E-03, -2.438171405531446E-02,  2.210705108471446E-02,  4.045858941743931E-03,
2428810.500000000, A.D. 1937-Oct-04 00:00:00.0000, -7.611290689789617E-02,  3.022773850670945E-01,  3.166607055344973E-02, -3.292420252927202E-02, -5.826658252443303E-03,  2.551713330432932E-03,
2428820.500000000, A.D. 1937-Oct-14 00:00:00.0000, -3.323833093635130E-01,  1.301487312188194E-01,  4.118189313073052E-02, -1.605881856262681E-02, -2.498828354205940E-02, -5.626955602712759E-04,
2428830.500000000, A.D. 1937-Oct-24 00:00:00.0000, -3.921685380642563E-01, -1.332915455729691E-01,  2.518024490590645E-02,  3.228259045852320E-03, -2.541104670763996E-02, -2.370542506367329E-03,
2428840.500000000, A.D. 1937-Nov-03 00:00:00.0000, -2.906425140927816E-01, -3.484070106518334E-01, -1.709477509998899E-03,  1.590101045139250E-02, -1.670672799946251E-02, -2.825400199651648E-03,
2428850.500000000, A.D. 1937-Nov-13 00:00:00.0000, -9.640951824868457E-02, -4.557313531744860E-01, -2.832657979219782E-02,  2.188225302756376E-02, -4.390484606964964E-03, -2.370248608844022E-03,
2428860.500000000, A.D. 1937-Nov-23 00:00:00.0000,  1.255566886651035E-01, -4.316572351567530E-01, -4.677052943023013E-02,  2.137746802648462E-02,  9.302420823019799E-03, -1.206395097576457E-03,
2428870.500000000, A.D. 1937-Dec-03 00:00:00.0000,  3.055004388285550E-01, -2.714573710028134E-01, -5.024188676770878E-02,  1.312581061520938E-02,  2.236534827518829E-02,  6.183297784949841E-04,
2428880.500000000, A.D. 1937-Dec-13 00:00:00.0000,  3.541403871490980E-01, -3.369564615548149E-03, -3.283614853296478E-02, -5.162975068890126E-03,  2.940392176563022E-02,  2.874279359755736E-03,
2428890.500000000, A.D. 1937-Dec-23 00:00:00.0000,  1.820445930965175E-01,  2.530453589239680E-01,  3.912389322621524E-03, -2.842938246988670E-02,  1.758798285170874E-02,  4.049224694811455E-03,
2428900.500000000, A.D. 1938-Jan-02 00:00:00.0000, -1.410715323115240E-01,  2.846531697828755E-01,  3.620046407467217E-02, -3.086224116493113E-02, -1.141752916217574E-02,  1.905848545418257E-03,
2428910.500000000, A.D. 1938-Jan-12 00:00:00.0000, -3.606359059767946E-01,  7.796000028514649E-02,  3.952043623865401E-02, -1.177479734182703E-02, -2.628067305924965E-02, -1.062073677855436E-03,
2428920.500000000, A.D. 1938-Jan-22 00:00:00.0000, -3.823651795148638E-01, -1.836436599100516E-01,  2.016951884942880E-02,  6.377760790878923E-03, -2.412477875983903E-02, -2.555158515224143E-03,
2428930.500000000, A.D. 1938-Feb-01 00:00:00.0000, -2.565452743491154E-01, -3.800131248777702E-01, -7.424083952858387E-03,  1.763486043299917E-02, -1.439992138020400E-02, -2.796561266492572E-03,
2428940.500000000, A.D. 1938-Feb-11 00:00:00.0000, -5.148168965218219E-02, -4.618923446326845E-01, -3.296040575580408E-02,  2.232066592184705E-02, -1.669982002779123E-03, -2.188533347877096E-03,
2428950.500000000, A.D. 1938-Feb-21 00:00:00.0000,  1.680328608337210E-01, -4.099181573747919E-01, -4.890194503536597E-02,  2.040036911452923E-02,  1.210030461180032E-02, -8.882121921192644E-04,
2428960.500000000, A.D. 1938-Mar-03 00:00:00.0000,  3.293400467031156E-01, -2.237398830745660E-01, -4.853957965149811E-02,  1.027891642427283E-02,  2.458230443903283E-02,  1.061021517205995E-03,
2428970.500000000, A.D. 1938-Mar-13 00:00:00.0000,  3.387531398181841E-01,  5.611381814633554E-02, -2.656684790846808E-02, -1.003199995769268E-02,  2.902647905421203E-02,  3.291162963012421E-03,
2428980.500000000, A.D. 1938-Mar-23 00:00:00.0000,  1.209998500347077E-01,  2.833781004006671E-01,  1.200069601582861E-02, -3.149762809783748E-02,  1.214878866912059E-02,  3.887439984374735E-03,
2428990.500000000, A.D. 1938-Apr-02 00:00:00.0000, -2.008100089810693E-01,  2.564395399804332E-01,  3.939064205970527E-02, -2.783216494714170E-02, -1.622664269654573E-02,  1.234767153057823E-03,
2429000.500000000, A.D. 1938-Apr-12 00:00:00.0000, -3.802923165094859E-01,  2.389761440125705E-02,  3.691563675773982E-02, -7.610772497001897E-03, -2.685792621773151E-02, -1.492056740453217E-03,
2429010.500000000, A.D. 1938-Apr-22 00:00:00.0000, -3.664711475352714E-01, -2.310730556655756E-01,  1.483724873219389E-02,  9.229199098660795E-03, -2.254781580479728E-02, -2.688645854487098E-03,
2429020.500000000, A.D. 1938-May-02 00:00:00.0000, -2.192047172891536E-01, -4.068104812283341E-01, -1.304451857855880E-02,  1.910041708260276E-02, -1.197735310103058E-02, -2.733607044225118E-03,
2429030.500000000, A.D. 1938-May-12 00:00:00.0000, -5.938587329765245E-03, -4.624830678720829E-01, -3.719627631700954E-02,  2.249215251385934E-02,  1.093794020742877E-03, -1.978743471816166E-03,
2429040.500000000, A.D. 1938-May-22 00:00:00.0000,  2.081853549971138E-01, -3.825389067989662E-01, -5.035947057343329E-02,  1.908994870449631E-02,  1.485743641545106E-02, -5.427069578661362E-04,
2429050.500000000, A.D. 1938-Jun-01 00:00:00.0000,  3.469474995067635E-01, -1.718160286212395E-01, -4.592102654518736E-02,  6.987408076961975E-03,  2.650314709744903E-02,  1.520427105671766E-03,
2429060.500000000, A.D. 1938-Jun-11 00:00:00.0000,  3.132823301208900E-01,  1.138831464641573E-01, -1.951036320525176E-02, -1.506956079421795E-02,  2.770528348165026E-02,  3.646520878311457E-03,
2429070.500000000, A.D. 1938-Jun-21 00:00:00.0000,  5.497044817534637E-02,  3.019717544050683E-01,  1.958921648282142E-02, -3.331695464084928E-02,  6.093527764755893E-03,  3.560547219723283E-03,
2429080.500000000, A.D. 1938-Jul-01 00:00:00.0000, -2.536486382429599E-01,  2.193799785343416E-01,  4.122444870750187E-02, -2.412524125742085E-02, -2.011897665704973E-02,  5.762749664001556E-04,
2429090.500000000, A.D. 1938-Jul-11 00:00:00.0000, -3.916851242878619E-01, -3.070028123792806E-02,  3.350732794249506E-02, -3.650928256099850E-03, -2.682724953857578E-02, -1.853649228879467E-03,
2429100.500000000, A.D. 1938-Jul-21 00:00:00.0000, -3.450850008885479E-01, -2.750495635695821E-01,  9.281832385998846E-03,  1.178584835919027E-02, -2.073130937693074E-02, -2.775473960367160E-03,
2429110.500000000, A.D. 1938-Jul-31 00:00:00.0000, -1.791553704443047E-01, -4.285885858835823E-01, -1.850427086862088E-02,  2.030238188328728E-02, -9.457620515313292E-03, -2.638475567961988E-03,
2429120.500000000, A.D. 1938-Aug-10 00:00:00.0000,  3.967490673752391E-02, -4.574313578580050E-01, -4.097787708472910E-02,  2.238908506189095E-02,  3.888392067735357E-03, -1.741178747466473E-03,
2429130.500000000, A.D. 1938-Aug-20 00:00:00.0000,  2.453177591290389E-01, -3.496337827266403E-01, -5.108794251062258E-02,  1.742382274818370E-02,  1.754369492915666E-02, -1.702690688861849E-04,
2429140.500000000, A.D. 1938-Aug-30 00:00:00.0000,  3.574124118116986E-01, -1.163848248870638E-01, -4.235906267606184E-02,  3.244136380014845E-03,  2.802970646975863E-02,  1.989189466547532E-03,
2429150.500000000, A.D. 1938-Sep-09 00:00:00.0000,  2.775959128902159E-01,  1.678918331318975E-01, -1.182120463687975E-02, -2.005854996209863E-02,  2.531759049780787E-02,  3.910348467158088E-03,
2429160.500000000, A.D. 1938-Sep-19 00:00:00.0000, -1.334297734737162E-02,  3.079704860446930E-01,  2.635981246231374E-02, -3.374765382499795E-02, -1.833174414713088E-04,  3.087853573051748E-03,
2429170.500000000, A.D. 1938-Sep-29 00:00:00.0000, -2.985031873734651E-01,  1.753792375405157E-01,  4.175730681196831E-02, -2.001632907575410E-02, -2.306602976531981E-02, -4.205488401973505E-05,
2429180.500000000, A.D. 1938-Oct-09 00:00:00.0000, -3.952865260086333E-01, -8.470522330423687E-02,  2.943056409099890E-02,  5.392211449186940E-05, -2.628767098032974E-02, -2.150261466596130E-03,
2429190.500000000, A.D. 1938-Oct-19 00:00:00.0000, -3.187975851507323E-01, -3.151323819529646E-01,  3.593170624727779E-03,  1.405413856102873E-02, -1.871660252428582E-02, -2.819599620708186E-03,
2429200.500000000, A.D. 1938-Oct-29 00:00:00.0000, -1.369255079370858E-01, -4.451650865277429E-01, -2.374025673749169E-02,  2.124365848096348E-02, -6.856139769490399E-03, -2.512697746448800E-03,
2429210.500000000, A.D. 1938-Nov-08 00:00:00.0000,  8.479748903560752E-02, -4.466806826283641E-01, -4.424950787923038E-02,  2.200118927748663E-02,  6.700767438630883E-03, -1.475981800113015E-03,
2429220.500000000, A.D. 1938-Nov-18 00:00:00.0000,  2.786897890294119E-01, -3.113665022722427E-01, -5.103342257535974E-02,  1.537743321020500E-02,  2.012165111482401E-02,  2.282820555858416E-04,
2429230.500000000, A.D. 1938-Nov-28 00:00:00.0000,  3.598228217887925E-01, -5.833475759414315E-02, -3.784325494705921E-02, -9.401620259760932E-04,  2.904362565439738E-02,  2.456661038731101E-03,
2429240.500000000, A.D. 1938-Dec-08 00:00:00.0000,  2.320472783819756E-01,  2.159285768530873E-01, -3.713027880497069E-03, -2.471401905642600E-02,  2.180267624601410E-02,  4.051537005569020E-03,
2429250.500000000, A.D. 1938-Dec-18 00:00:00.0000, -8.115044710388793E-02,  3.013495893261302E-01,  3.205392051681293E-02, -3.280851215452837E-02, -6.270917624881967E-03,  2.504692973441058E-03,
2429260.500000000, A.D. 1938-Dec-28 00:00:00.0000, -3.348194666156857E-01,  1.263074356936721E-01,  4.109152356378059E-02, -1.573377114910969E-02, -2.511330196987831E-02, -6.028943827116229E-04,
2429270.500000000, A.D. 1939-Jan-07 00:00:00.0000, -3.916526748511219E-01, -1.371822524480711E-01,  2.481364782152489E-02,  3.476558047345338E-03, -2.532546491205651E-02, -2.386431092962858E-03,
2429280.500000000, A.D. 1939-Jan-17 00:00:00.0000, -2.881902527784761E-01, -3.509565738427516E-01, -2.144775092534810E-03,  1.604157282889619E-02, -1.653702173804389E-02, -2.824455516230751E-03,
2429290.500000000, A.D. 1939-Jan-27 00:00:00.0000, -9.304635475928684E-02, -4.563884846528828E-01, -2.869075457051019E-02,  2.192463245629471E-02, -4.186682948346291E-03, -2.357447962824386E-03,
2429300.500000000, A.D. 1939-Feb-06 00:00:00.0000,  1.288346018031949E-01, -4.302117392459240E-01, -4.695446920958702E-02,  2.131481009277258E-02,  9.514776429058432E-03, -1.183211981587775E-03,
2429310.500000000, A.D. 1939-Feb-16 00:00:00.0000,  3.075009597846023E-01, -2.680088893146813E-01, -5.014396816009781E-02,  1.292575672197844E-02,  2.254141586024387E-02,  6.511843116573544E-04,
2429320.500000000, A.D. 1939-Feb-26 00:00:00.0000,  3.533205318247323E-01,  1.146281315927849E-03, -3.239106337231830E-02, -5.521493371440692E-03,  2.940502560907099E-02,  2.907379967124552E-03,
2429330.500000000, A.D. 1939-Mar-08 00:00:00.0000,  1.776595460059090E-01,  2.557172487787749E-01,  4.534782168522287E-03, -2.869942157811075E-02,  1.720587382187722E-02,  4.042814881571079E-03,
2429340.500000000, A.D. 1939-Mar-18 00:00:00.0000, -1.457931232462850E-01,  2.828714953240610E-01,  3.648936567111867E-02, -3.066340626824319E-02, -1.181071482389734E-02,  1.855354471241244E-03,
2429350.500000000, A.D. 1939-Mar-28 00:00:00.0000, -3.624180711299400E-01,  7.392211990014098E-02,  3.935378494977177E-02, -1.145458336530582E-02, -2.634796932223930E-02, -1.097103683983184E-03,
2429360.500000000, A.D. 1939-Apr-07 00:00:00.0000, -3.813680551249632E-01, -1.873376454076275E-01,  1.977473034721261E-02,  6.603741847812529E-03, -2.401510694112179E-02, -2.567021607742992E-03,
2429370.500000000, A.D. 1939-Apr-17 00:00:00.0000, -2.538277794300021E-01, -3.822095461860024E-01, -7.854905782422253E-03,  1.775499603959421E-02, -1.422061017678283E-02, -2.792953735063637E-03,
2429380.500000000, A.D. 1939-Apr-27 00:00:00.0000, -4.805209802299205E-02, -4.621325119358263E-01, -3.329662679432196E-02,  2.234302975248096E-02, -1.462396771511781E-03, -2.173585795458268E-03,
2429390.500000000, A.D. 1939-May-07 00:00:00.0000,  1.711590497400299E-01, -4.080439885991136E-01, -4.903694190641095E-02,  2.031316720743916E-02,  1.231051631124750E-02, -8.629496224541001E-04,
2429400.500000000, A.D. 1939-May-17 00:00:00.0000,  3.309007423123280E-01, -2.199534400245486E-01, -4.837364823581507E-02,  1.004574074045087E-02,  2.473897664351749E-02,  1.095337472402846E-03,
2429410.500000000, A.D. 1939-May-27 00:00:00.0000,  3.371842619206553E-01,  6.056545519593452E-02, -2.605816065933825E-02, -1.040924938796359E-02,  2.896133166618042E-02,  3.320575168763271E-03,
2429420.500000000, A.D. 1939-Jun-06 00:00:00.0000,  1.161502413513857E-01,  2.852094767551091E-01,  1.259711587650695E-02, -3.168147207752926E-02,  1.170796098355408E-02,  3.868305351190986E-03,
2429430.500000000, A.D. 1939-Jun-16 00:00:00.0000, -2.050627292308785E-01,  2.539231288670214E-01,  3.957634882898480E-02, -2.757192740134946E-02, -1.655390661342914E-02,  1.184009879890120E-03,
2429440.500000000, A.D. 1939-Jun-26 00:00:00.0000, -3.814367929902179E-01,  1.977252906722261E-02,  3.668316889552865E-02, -7.303405048744988E-03, -2.687558325287163E-02, -1.521847698759815E-03,
2429450.500000000, A.D. 1939-Jul-06 00:00:00.0000, -3.650376991517274E-01, -2.345252949298038E-01,  1.442207194965345E-02,  9.432803695179688E-03, -2.241826342550890E-02, -2.696822334849766E-03,
2429460.500000000, A.D. 1939-Jul-16 00:00:00.0000, -2.162630388071451E-01, -4.086351084843927E-01, -1.346554406632475E-02,  1.920052377833231E-02, -1.178995547368118E-02, -2.727491669664151E-03,
2429470.500000000, A.D. 1939-Jul-26 00:00:00.0000, -2.483259701372749E-03, -4.622982946630320E-01, -3.750005891598576E-02,  2.249409170147759E-02,  1.304295262762444E-03, -1.961674707205859E-03,
2429480.500000000, A.D. 1939-Aug-05 00:00:00.0000,  2.111093984759526E-01, -3.802401178915259E-01, -5.044105717124923E-02,  1.897664441553002E-02,  1.506359934927439E-02, -5.153712940355838E-04,
2429490.500000000, A.D. 1939-Aug-15 00:00:00.0000,  3.480005716946671E-01, -1.677338106253830E-01, -4.568410190284395E-02,  6.719967333268568E-03,  2.663383141997261E-02,  1.555770039180564E-03,
2429500.500000000, A.D. 1939-Aug-25 00:00:00.0000,  3.109380101353919E-01,  1.181291434177129E-01, -1.894707114556454E-02, -1.545195031854811E-02,  2.756313073124849E-02,  3.670104621657952E-03,
2429510.500000000, A.D. 1939-Sep-04 00:00:00.0000,  4.984634407476279E-02,  3.028721790312693E-01,  2.013477816101532E-02, -3.339875494803878E-02,  5.621110878246907E-03,  3.529431347393239E-03,
2429520.500000000, A.D. 1939-Sep-14 00:00:00.0000, -2.573310194782279E-01,  2.162709793446334E-01,  4.130911807027555E-02, -2.382524380967959E-02, -2.037469981964871E-02,  5.276991525329783E-04,
2429530.500000000, A.D. 1939-Sep-24 00:00:00.0000, -3.922237587858257E-01, -3.481794661393305E-02,  3.321957041876816E-02, -3.361343571283223E-03, -2.680306027175445E-02, -1.878382518618145E-03,
2429540.500000000, A.D. 1939-Oct-04 00:00:00.0000, -3.432615593963388E-01, -2.782218782136341E-01,  8.853521177191794E-03,  1.196733715387242E-02, -2.058540983939469E-02, -2.780277445463766E-03,
2429550.500000000, A.D. 1939-Oct-14 00:00:00.0000, -1.760324737094549E-01, -4.300259395071624E-01, -1.891044942394544E-02,  2.038259155560404E-02, -9.263543751138147E-03, -2.629986699018799E-03,
2429560.500000000, A.D. 1939-Oct-24 00:00:00.0000,  4.310998250070180E-02, -4.568175787450443E-01, -4.124492717112025E-02,  2.236981366983419E-02,  4.100690294065116E-03, -1.722020434186932E-03,
2429570.500000000, A.D. 1939-Nov-03 00:00:00.0000,  2.479805068494128E-01, -3.469230245624075E-01, -5.111211274324051E-02,  1.728261316234688E-02,  1.774316849550658E-02, -1.409233025795747E-04,
2429580.500000000, A.D. 1939-Nov-13 00:00:00.0000,  3.578836126450219E-01, -1.120689158385304E-01, -4.204988450071971E-02,  2.942422672611505E-03,  2.812630842774246E-02,  2.024895370875447E-03,
2429590.500000000, A.D. 1939-Nov-23 00:00:00.0000,  2.744762193976096E-01,  1.717685875520716E-01, -1.121708779191679E-02, -2.042736435747819E-02,  2.509114546803553E-02,  3.925810495311061E-03,
2429600.500000000, A.D. 1939-Dec-03 00:00:00.0000, -1.854312921224676E-02,  3.079027509228318E-01,  2.683317706814346E-02, -3.372338200776080E-02, -6.568034083268882E-04,  3.046923572739410E-03,
2429610.500000000, A.D. 1939-Dec-13 00:00:00.0000, -3.015652545729922E-01,  1.718078763151570E-01,  4.174734041168541E-02, -1.969485179007702E-02, -2.325192227146615E-02, -8.687563719222005E-05,
2429620.500000000, A.D. 1939-Dec-23 00:00:00.0000, -3.952600303099694E-01, -8.875230172917187E-02,  2.909697847674409E-02,  3.236462067557793E-04, -2.622825262005492E-02, -2.170278148773758E-03,
2429630.500000000, A.D. 1940-Jan-02 00:00:00.0000, -3.166242976264235E-01, -3.180035954642998E-01,  3.157710815809349E-03,  1.421442350867763E-02, -1.855657485566466E-02, -2.821300408761825E-03,
2429640.500000000, A.D. 1940-Jan-12 00:00:00.0000, -1.336547180039130E-01, -4.462062904023552E-01, -2.412729974100138E-02,  2.130424276634099E-02, -6.655991957477415E-03, -2.501915796157544E-03,
2429650.500000000, A.D. 1940-Jan-22 00:00:00.0000,  8.817587282797522E-02, -4.456343438795231E-01, -4.447571729647609E-02,  2.195976050924563E-02,  6.914152718259617E-03, -1.454705791342765E-03,
2429660.500000000, A.D. 1940-Feb-01 00:00:00.0000,  2.810387909476005E-01, -3.082563055039386E-01, -5.099590979521967E-02,  1.520618871332472E-02,  2.031136269393526E-02,  2.595829276893575E-04,
2429670.500000000, A.D. 1940-Feb-11 00:00:00.0000,  3.596475538914451E-01, -5.385960512222574E-02, -3.746151604343977E-02, -1.274461406929771E-03,  2.909607153552988E-02,  2.491746271935728E-03,
2429680.500000000, A.D. 1940-Feb-21 00:00:00.0000,  2.282075908888264E-01,  2.192631649181891E-01, -3.086991755778045E-03, -2.504470112130390E-02,  2.149057270967413E-02,  4.056484226184999E-03,
2429690.500000000, A.D. 1940-Mar-02 00:00:00.0000, -8.620610636461810E-02,  3.003448469659798E-01,  3.243735300446068E-02, -3.268518051274595E-02, -6.714896737058768E-03,  2.457056769871746E-03,
2429700.500000000, A.D. 1940-Mar-12 00:00:00.0000, -3.372245866651571E-01,  1.224203225105614E-01,  4.099524737012919E-02, -1.540662500928553E-02, -2.523424147010237E-02, -6.429242956261787E-04,
2429710.500000000, A.D. 1940-Mar-22 00:00:00.0000, -3.911001350815950E-01, -1.410841002454113E-01,  2.444353151545799E-02,  3.724424157776316E-03, -2.523710402418484E-02, -2.402064836880025E-03,
2429720.500000000, A.D. 1940-Apr-01 00:00:00.0000, -2.857100192466329E-01, -3.534950005190836E-01, -2.581229308392596E-03,  1.618094646312881E-02, -1.636555424197191E-02, -2.823294347360226E-03,
2429730.500000000, A.D. 1940-Apr-11 00:00:00.0000, -8.966925269607801E-02, -4.570203408871347E-01, -2.905406513892702E-02,  2.196540399433085E-02, -3.981779231022594E-03, -2.344455324172229E-03,
2429740.500000000, A.D. 1940-Apr-21 00:00:00.0000,  1.321079586791028E-01, -4.287328527166074E-01, -4.713563017635549E-02,  2.125001515013114E-02,  9.727630338651684E-03, -1.159833373477325E-03,
2429750.500000000, A.D. 1940-May-01 00:00:00.0000,  3.094713517525731E-01, -2.645269913013332E-01, -5.004125470836653E-02,  1.272266265615082E-02,  2.271678536497007E-02,  6.842383058595145E-04,
2429760.500000000, A.D. 1940-May-11 00:00:00.0000,  3.524371716956451E-01,  5.673579730080363E-03, -3.193996956133103E-02, -5.883146577030473E-03,  2.940186935634065E-02,  2.940435002903561E-03,
2429770.500000000, A.D. 1940-May-21 00:00:00.0000,  1.732073995555141E-01,  2.583372317722848E-01,  5.158718876155038E-03, -2.896552146831482E-02,  1.681693899057550E-02,  4.035545275536395E-03,
2429780.500000000, A.D. 1940-May-31 00:00:00.0000, -1.505156807190301E-01,  2.810122316437346E-01,  3.677230182593921E-02, -3.045816865626757E-02, -1.220184141936046E-02,  1.804503243351463E-03,
2429790.500000000, A.D. 1940-Jun-10 00:00:00.0000, -3.641647579725680E-01,  6.984231244332191E-02,  3.918118905592208E-02, -1.113301881874066E-02, -2.641148344508956E-02, -1.131922424299346E-03,
2429800.500000000, A.D. 1940-Jun-20 00:00:00.0000, -3.803328489683462E-01, -1.910415525343936E-01,  1.937646576495022E-02,  6.829259767805801E-03, -2.390279809088354E-02, -2.578632190523936E-03,
2429810.500000000, A.D. 1940-Jun-30 00:00:00.0000, -2.510804511648106E-01, -3.843938249699931E-01, -8.286802931332812E-03,  1.787401929240771E-02, -1.403946393629897E-02, -2.789118669051727E-03,
2429820.500000000, A.D. 1940-Jul-10 00:00:00.0000, -4.460617005226067E-02, -4.623451231111341E-01, -3.363172029054984E-02,  2.236379544625837E-02, -1.253546703308140E-03, -2.158420987606980E-03,
2429830.500000000, A.D. 1940-Jul-20 00:00:00.0000,  1.742822885109815E-01, -4.061327029823826E-01, -4.916858330269788E-02,  2.022363829737282E-02,  1.252130803584624E-02, -8.374562299620449E-04,
2429840.500000000, A.D. 1940-Jul-30 00:00:00.0000,  3.324298600006017E-01, -2.161312192207088E-01, -4.820209573532210E-02,  9.809154420310920E-03,  2.489448079002527E-02,  1.129851412221124E-03,
2429850.500000000, A.D. 1940-Aug-09 00:00:00.0000,  3.355502140485191E-01,  6.502108639989247E-02, -2.554349196357833E-02, -1.078887639543286E-02,  2.889053631274939E-02,  3.349740051896442E-03,
2429860.500000000, A.D. 1940-Aug-19 00:00:00.0000,  1.112517872378171E-01,  2.869776947623638E-01,  1.319261034681425E-02, -3.185897653891683E-02,  1.126192889493224E-02,  3.848183729744605E-03,
2429870.500000000, A.D. 1940-Aug-29 00:00:00.0000, -2.092951421772820E-01,  2.513422043869963E-01,  3.975495252895601E-02, -2.730682956556760E-02, -1.687744071921803E-02,  1.133142936334497E-03,
2429880.500000000, A.D. 1940-Sep-08 00:00:00.0000, -3.825395960353203E-01,  1.562242800128918E-02,  3.644513906798327E-02, -6.995770044603646E-03, -2.688987041085646E-02, -1.551366975325706E-03,
2429890.500000000, A.D. 1940-Sep-18 00:00:00.0000, -3.635666190083220E-01, -2.379762858369077E-01,  1.400397455685064E-02,  9.635592514438875E-03, -2.228667895867956E-02, -2.704753853573734E-03,
2429900.500000000, A.D. 1940-Sep-28 00:00:00.0000, -2.132941529308116E-01, -4.104417645516877E-01, -1.388720087792273E-02,  1.929937105696587E-02, -1.160117991277322E-02, -2.721158295385136E-03,
2429910.500000000, A.D. 1940-Oct-08 00:00:00.0000,  9.841616801862017E-04, -4.620842429626844E-01, -3.780232017281836E-02,  2.249423455202128E-02,  1.515668226727157E-03, -1.944390912276108E-03,
2429920.500000000, A.D. 1940-Oct-18 00:00:00.0000,  2.140238769484701E-01, -3.779069416224453E-01, -5.051897220602510E-02,  1.886075835956681E-02,  1.526980774432154E-02, -4.878243284462154E-04,
2429930.500000000, A.D. 1940-Oct-28 00:00:00.0000,  3.490138268246150E-01, -1.636255154678170E-01, -4.544171338269527E-02,  6.449152351667269E-03,  2.676245794900025E-02,  1.591225400390968E-03,
2429940.500000000, A.D. 1940-Nov-07 00:00:00.0000,  3.085266304225868E-01,  1.223596672194063E-01, -1.837940968096427E-02, -1.583522468390205E-02,  2.741457062102246E-02,  3.693239889291361E-03,
2429950.500000000, A.D. 1940-Nov-17 00:00:00.0000,  4.468954420279250E-02,  3.036971592802126E-01,  2.067680015760728E-02, -3.347332269617674E-02,  5.145798807430068E-03,  3.497450240603460E-03,
2429960.500000000, A.D. 1940-Nov-27 00:00:00.0000, -2.609849515153198E-01,  2.131010272131957E-01,  4.138628336929197E-02, -2.352176490304563E-02, -2.062649795843734E-02,  4.791747091179589E-04,
2429970.500000000, A.D. 1940-Dec-07 00:00:00.0000, -3.927196043812121E-01, -3.896011334689727E-02,  3.292639838630043E-02, -3.071630364887251E-03, -2.677583501328726E-02, -1.902846967949692E-03,
2429980.500000000, A.D. 1940-Dec-17 00:00:00.0000, -3.413988930688721E-01, -2.813935530752926E-01,  8.422390358299708E-03,  1.214813838546030E-02, -2.043740688199070E-02, -2.784835286740112E-03,
2429990.500000000, A.D. 1940-Dec-27 00:00:00.0000, -1.728796274402086E-01, -4.314443311616055E-01, -1.931707926443480E-02,  2.046162295823008E-02, -9.067872448632129E-03, -2.621264829346836E-03,
2430000.500000000, A.D. 1941-Jan-06 00:00:00.0000,  4.656004658253622E-02, -4.561712078931167E-01, -4.151005290096057E-02,  2.234867878442825E-02,  4.314087667061454E-03, -1.702617695665103E-03,
2430010.500000000, A.D. 1941-Jan-16 00:00:00.0000,  2.506347744392377E-01, -3.441731006651426E-01, -5.113188006291979E-02,  1.713852145323103E-02,  1.794268528609549E-02, -1.113352864691392E-04,
2430020.500000000, A.D. 1941-Jan-26 00:00:00.0000,  3.583128786175067E-01, -1.077258208854974E-01, -4.173450503492077E-02,  2.637165252251954E-03,  2.821999508962354E-02,  2.060656321254344E-03,
2430030.500000000, A.D. 1941-Feb-05 00:00:00.0000,  2.712948360083475E-01,  1.756191416506226E-01, -1.060963193902915E-02, -2.079496912737694E-02,  2.485741523171692E-02,  3.940538530726882E-03,
2430040.500000000, A.D. 1941-Feb-15 00:00:00.0000, -2.374831955306218E-02,  3.077613854170156E-01,  2.730064471696556E-02, -3.369118379477164E-02, -1.130097921291492E-03,  3.005280588478189E-03,
2430050.500000000, A.D. 1941-Feb-25 00:00:00.0000, -3.045830170280855E-01,  1.681981651312510E-01,  4.172996248670317E-02, -1.937178094186148E-02, -2.343330043291822E-02, -1.314501491380332E-04,
2430060.500000000, A.D. 1941-Mar-07 00:00:00.0000, -3.951892849367246E-01, -9.280329745618859E-02,  2.875906050899549E-02,  5.925366886555023E-04, -2.616643353230660E-02, -2.189996503122562E-03,
2430070.500000000, A.D. 1941-Mar-17 00:00:00.0000, -3.144166664166629E-01, -3.208607397685281E-01,  2.720518790884493E-03,  1.437363375915873E-02, -1.839516197126687E-02, -2.822771500781321E-03,
2430080.500000000, A.D. 1941-Mar-27 00:00:00.0000, -1.303614263135947E-01, -4.472216258360510E-01, -2.451389531709561E-02,  2.136348445121325E-02, -6.454832849523438E-03, -2.490920319440553E-03,
2430090.500000000, A.D. 1941-Apr-06 00:00:00.0000,  9.156057886755821E-02, -4.445539457964284E-01, -4.469930300427069E-02,  2.191637546596003E-02,  7.128105882630333E-03, -1.433207207581196E-03,
2430100.500000000, A.D. 1941-Apr-16 00:00:00.0000,  2.833700524879427E-01, -3.051113795367500E-01, -5.095360174841266E-02,  1.503206321719565E-02,  2.050042217843519E-02,  2.910799128655644E-04,
2430110.500000000, A.D. 1941-Apr-26 00:00:00.0000,  3.594234954932741E-01, -4.937056170815388E-02, -3.707404096583517E-02, -1.611628410770950E-03,  2.914453386364878E-02,  2.526743545081720E-03,
2430120.500000000, A.D. 1941-May-06 00:00:00.0000,  2.243155485601332E-01,  2.225518823116236E-01, -2.460050825921616E-03, -2.537168667048310E-02,  2.117176686402810E-02,  4.060518172451341E-03,
2430130.500000000, A.D. 1941-May-16 00:00:00.0000, -9.124554042071023E-02,  2.992697109827410E-01,  3.281322542735318E-02, -3.255494638534150E-02, -7.156066897033378E-03,  2.409013052884212E-03,
2430140.500000000, A.D. 1941-May-26 00:00:00.0000, -3.395804296197587E-01,  1.185079085358561E-01,  4.089216077788020E-02, -1.507916974558045E-02, -2.535088078151364E-02, -6.826101531118006E-04,
2430150.500000000, A.D. 1941-Jun-05 00:00:00.0000, -3.905054744608820E-01, -1.449806825352292E-01,  2.407003233306086E-02,  3.971137708347495E-03, -2.514672074384033E-02, -2.417396285953737E-03,
2430160.500000000, A.D. 1941-Jun-15 00:00:00.0000, -2.831991651549466E-01, -3.560132814027572E-01, -3.018482888838832E-03,  1.631919328785606E-02, -1.619295678789515E-02, -2.821907857010138E-03,
2430170.500000000, A.D. 1941-Jun-25 00:00:00.0000, -8.627340937213622E-02, -4.576224547102155E-01, -2.941604458450974E-02,  2.200485579751919E-02, -3.776058827621864E-03, -2.331254028938363E-03,
2430180.500000000, A.D. 1941-Jul-05 00:00:00.0000,  1.353839613474561E-01, -4.272180649989398E-01, -4.731333538782832E-02,  2.118324152411823E-02,  9.940808984649181E-03, -1.136239544720655E-03,
2430190.500000000, A.D. 1941-Jul-15 00:00:00.0000,  3.114198909702644E-01, -2.610124411215071E-01, -4.993313058371716E-02,  1.251667396618411E-02,  2.289088315953853E-02,  7.174398179897758E-04,
2430200.500000000, A.D. 1941-Jul-25 00:00:00.0000,  3.515044707605969E-01,  1.020305372485315E-02, -3.148371627062552E-02, -6.246599076533664E-03,  2.939350481290880E-02,  2.973186526693846E-03,
2430210.500000000, A.D. 1941-Aug-04 00:00:00.0000,  1.687251153709927E-01,  2.608967299041250E-01,  5.780392976137158E-03, -2.922501522566954E-02,  1.642300951908600E-02,  4.027202136009917E-03,
2430220.500000000, A.D. 1941-Aug-14 00:00:00.0000, -1.551934932948028E-01,  2.790990802271441E-01,  3.704617236287036E-02, -3.024794315770233E-02, -1.258757019916503E-02,  1.753608024368149E-03,
2430230.500000000, A.D. 1941-Aug-24 00:00:00.0000, -3.658551286367400E-01,  6.576110180810020E-02,  3.900270930513843E-02, -1.081279630492886E-02, -2.647118743537751E-02, -1.166291517584577E-03,
2430240.500000000, A.D. 1941-Sep-03 00:00:00.0000, -3.792590665416490E-01, -1.947237954060852E-01,  1.897609611917831E-02,  7.053005329277330E-03, -2.378928256111638E-02, -2.589947140915066E-03,
2430250.500000000, A.D. 1941-Sep-13 00:00:00.0000, -2.483101575877178E-01, -3.865490895769914E-01, -8.718404482642403E-03,  1.799164248983878E-02, -1.385787318932546E-02, -2.785081665743790E-03,
2430260.500000000, A.D. 1941-Sep-23 00:00:00.0000, -4.115133780104275E-02, -4.625255895768495E-01, -3.396462935127958E-02,  2.238306009188246E-02, -1.044512194629198E-03, -2.143073446385205E-03,
2430270.500000000, A.D. 1941-Oct-03 00:00:00.0000,  1.773969127537217E-01, -4.041898389156319E-01, -4.929625689191224E-02,  2.013204803469752E-02,  1.273168540678605E-02, -8.117951906193941E-04,
2430280.500000000, A.D. 1941-Oct-13 00:00:00.0000,  3.339266036215193E-01, -2.122890687218119E-01, -4.802537065818457E-02,  9.569993879153266E-03,  2.504777397878518E-02,  1.164402154408189E-03,
2430290.500000000, A.D. 1941-Oct-23 00:00:00.0000,  3.338651007544721E-01,  6.945727459272755E-02, -2.502549333483706E-02, -1.116866352768960E-02,  2.881395259669134E-02,  3.378399852996261E-03,
2430300.500000000, A.D. 1941-Nov-02 00:00:00.0000,  1.063415716705874E-01,  2.886726423910984E-01,  1.378292901617803E-02, -3.202861259176200E-02,  1.081359327385130E-02,  3.827105929196500E-03,
2430310.500000000, A.D. 1941-Nov-12 00:00:00.0000, -2.134740490074149E-01,  2.487165619197706E-01,  3.992445245740091E-02, -2.703883222773556E-02, -1.719511749264928E-02,  1.082483364389625E-03,
2430320.500000000, A.D. 1941-Nov-22 00:00:00.0000, -3.835891995211281E-01,  1.147504688673360E-02,  3.620204372082514E-02, -6.689784953342451E-03, -2.690105251276098E-02, -1.580453337240613E-03,
2430330.500000000, A.D. 1941-Dec-02 00:00:00.0000, -3.620600606956519E-01, -2.414054907764819E-01,  1.358434196660317E-02,  9.836725499352149E-03, -2.215402110498805E-02, -2.712407195256508E-03,
2430340.500000000, A.D. 1941-Dec-12 00:00:00.0000, -2.103046165793402E-01, -4.122193735264580E-01, -1.430805804797165E-02,  1.939684638944425E-02, -1.141189979659696E-02, -2.714621753895290E-03,
2430350.500000000, A.D. 1941-Dec-22 00:00:00.0000,  4.458040379963404E-03, -4.618373855408787E-01, -3.810185820283501E-02,  2.249282954162428E-02,  1.727272120330059E-03, -1.926920563975869E-03,
2430360.500000000, A.D. 1942-Jan-01 00:00:00.0000,  2.169266002043435E-01, -3.755416225744734E-01, -5.059237044376950E-02,  1.874272604901378E-02,  1.547550403883409E-02, -4.601138680934463E-04,
2430370.500000000, A.D. 1942-Jan-11 00:00:00.0000,  3.499912023317535E-01, -1.594997556741760E-01, -4.519383471285279E-02,  6.175869950155882E-03,  2.688828646299467E-02,  1.626659968626559E-03,
2430380.500000000, A.D. 1942-Jan-21 00:00:00.0000,  3.060679667350888E-01,  1.265602383113492E-01, -1.780944956223950E-02, -1.621697348965416E-02,  2.725958764271037E-02,  3.715656178208349E-03,
2430390.500000000, A.D. 1942-Jan-31 00:00:00.0000,  3.954432696862481E-02,  3.044492264599415E-01,  2.121157250859557E-02, -3.353925339596545E-02,  4.671076587989850E-03,  3.464660824930895E-03,
2430400.500000000, A.D. 1942-Feb-10 00:00:00.0000, -2.645746264803694E-01,  2.099065457665317E-01,  4.145485834025146E-02, -2.321740334600774E-02, -2.087211852036659E-02,  4.310502418118665E-04,
2430410.500000000, A.D. 1942-Feb-20 00:00:00.0000, -3.931646321493233E-01, -4.308377837554476E-02,  3.262936332983972E-02, -2.784229530236386E-03, -2.674621089185878E-02, -1.926886377357875E-03,
2430420.500000000, A.D. 1942-Mar-02 00:00:00.0000, -3.395065353196136E-01, -2.845340106403357E-01,  7.990668962935168E-03,  1.232715058068643E-02, -2.028887668156926E-02, -2.789146872087575E-03,
2430430.500000000, A.D. 1942-Mar-12 00:00:00.0000, -1.697124412049675E-01, -4.328289042091313E-01, -1.972224407710724E-02,  2.053927673489361E-02, -8.872092962478206E-03, -2.612362023799581E-03,
2430440.500000000, A.D. 1942-Mar-22 00:00:00.0000,  5.001022913097838E-02, -4.554908224600609E-01, -4.177195528575355E-02,  2.232598318143287E-02,  4.527379432514749E-03, -1.683040697274692E-03,
2430450.500000000, A.D. 1942-Apr-01 00:00:00.0000,  2.532706913285863E-01, -3.413935686318050E-01, -5.114677765267284E-02,  1.699226222492542E-02,  1.814123861135796E-02, -8.160686114713951E-05,
2430460.500000000, A.D. 1942-Apr-11 00:00:00.0000,  3.587007860431595E-01, -1.033739664435210E-01, -4.141380813568948E-02,  2.329833522139576E-03,  2.831007941118779E-02,  2.096298273893170E-03,
2430470.500000000, A.D. 1942-Apr-21 00:00:00.0000,  2.680723275907512E-01,  1.794247657266648E-01, -1.000164485106567E-02, -2.115898862208334E-02,  2.461741886733652E-02,  3.954365514413469E-03,
2430480.500000000, A.D. 1942-May-01 00:00:00.0000, -2.892227860060001E-02,  3.075516356889283E-01,  2.775938431833576E-02, -3.365101145748389E-02, -1.599949490011830E-03,  2.963118121811304E-03,
2430490.500000000, A.D. 1942-May-11 00:00:00.0000, -3.075343500256357E-01,  1.645799790295626E-01,  4.170504859128447E-02, -1.904937083711469E-02, -2.360890142745497E-02, -1.755130596035012E-04,
2430500.500000000, A.D. 1942-May-21 00:00:00.0000, -3.950731313647888E-01, -9.682640274161554E-02,  2.841854314196132E-02,  8.588923833295864E-04, -2.610283379393800E-02, -2.209312037609923E-03,
2430510.500000000, A.D. 1942-May-31 00:00:00.0000, -3.121852557821831E-01, -3.236818413253705E-01,  2.283757937335890E-03,  1.453109849447913E-02, -1.823354924750865E-02, -2.824018394195594E-03,
2430520.500000000, A.D. 1942-Jun-10 00:00:00.0000, -1.270590081581389E-01, -4.482009496858806E-01, -2.489820153669126E-02,  2.142142843044069E-02, -6.253788580401575E-03, -2.479762053491610E-03,
2430530.500000000, A.D. 1942-Jun-20 00:00:00.0000,  9.494083721513168E-02, -4.434396072029699E-01, -4.491902430524712E-02,  2.187147115090780E-02,  7.341696024123638E-03, -1.411554736838065E-03,
2430540.500000000, A.D. 1942-Jun-30 00:00:00.0000,  2.856787420261116E-01, -3.019406217235885E-01, -5.090610209863284E-02,  1.485583959153709E-02,  2.068797783199352E-02,  3.226644651222298E-04,
2430550.500000000, A.D. 1942-Jul-10 00:00:00.0000,  3.591574551781955E-01, -4.488457607032798E-02, -3.668199272039423E-02, -1.949958105414412E-03,  2.918836634026936E-02,  2.561440084603171E-03,
2430560.500000000, A.D. 1942-Jul-20 00:00:00.0000,  2.204018511052849E-01,  2.257799400020614E-01, -1.835681109553762E-03, -2.569221346843005E-02,  2.084789981592996E-02,  4.063463489046939E-03,
2430570.500000000, A.D. 1942-Jul-30 00:00:00.0000, -9.622420709096623E-02,  2.981409817218670E-01,  3.317866425653681E-02, -3.241853027167316E-02, -7.590689113620531E-03,  2.360858306191828E-03,
2430580.500000000, A.D. 1942-Aug-09 00:00:00.0000, -3.418645091097512E-01,  1.146110258188497E-01,  4.078276590022076E-02, -1.475427974110445E-02, -2.546240755137272E-02, -7.216650573070881E-04,
2430590.500000000, A.D. 1942-Aug-19 00:00:00.0000, -3.898712199623500E-01, -1.488344899414508E-01,  2.369542329072105E-02,  4.214752498282810E-03, -2.505544519203772E-02, -2.432348188688132E-03,
2430600.500000000, A.D. 1942-Aug-29 00:00:00.0000, -2.806738573612270E-01, -3.584880786889462E-01, -3.454129782408920E-03,  1.645547116527632E-02, -1.602077906633125E-02, -2.820330197222481E-03,
2430610.500000000, A.D. 1942-Sep-08 00:00:00.0000, -8.287947642046214E-02, -4.581865840692328E-01, -2.977488124501198E-02,  2.204288256074831E-02, -3.570948946593726E-03, -2.317922730243457E-03,
2430620.500000000, A.D. 1942-Sep-18 00:00:00.0000,  1.386437516707801E-01, -4.256720921487975E-01, -4.748669475798338E-02,  2.111494366710650E-02,  1.015316674370953E-02, -1.112535051750347E-03,
2430630.500000000, A.D. 1942-Sep-28 00:00:00.0000,  3.133350620490569E-01, -2.574793747117274E-01, -4.981984727798280E-02,  1.230881118770616E-02,  2.306301318700041E-02,  7.506678670669190E-04,
2430640.500000000, A.D. 1942-Oct-08 00:00:00.0000,  3.505238643970195E-01,  1.471744065566269E-02, -3.102371722627972E-02, -6.610318343358626E-03,  2.938010564972300E-02,  3.005533711930735E-03,
2430650.500000000, A.D. 1942-Oct-18 00:00:00.0000,  1.642290301263586E-01,  2.633875767956639E-01,  6.397948873109811E-03, -2.947676865969477E-02,  1.602578801565432E-02,  4.017828149090161E-03,
2430660.500000000, A.D. 1942-Oct-28 00:00:00.0000, -1.598087561628942E-01,  2.771436542790496E-01,  3.731053987552863E-02, -3.003356896518014E-02, -1.296612264975105E-02,  1.702872043284262E-03,
2430670.500000000, A.D. 1942-Nov-07 00:00:00.0000, -3.674843522786489E-01,  6.170104345025243E-02,  3.881973980664138E-02, -1.049540230705769E-02, -2.652666756776377E-02, -1.200068561858090E-03,
2430680.500000000, A.D. 1942-Nov-17 00:00:00.0000, -3.781553316502548E-01, -1.983628630370683E-01,  1.857591702075222E-02,  7.273859148859269E-03, -2.367508410720043E-02, -2.600926566043245E-03,
2430690.500000000, A.D. 1942-Nov-27 00:00:00.0000, -2.455336602141379E-01, -3.886615108050072E-01, -9.147427821497450E-03,  1.810736704391654E-02, -1.367677801450324E-02, -2.780879512467395E-03,
2430700.500000000, A.D. 1942-Dec-07 00:00:00.0000, -3.770632408635668E-02, -4.626700164216959E-01, -3.429367863490763E-02,  2.240091407895585E-02, -8.362906672633010E-04, -2.127622679511124E-03,
2430710.500000000, A.D. 1942-Dec-17 00:00:00.0000,  1.804876410223901E-01, -4.022206304745459E-01, -4.941919443897070E-02,  2.003898297441725E-02,  1.294085959228941E-02, -7.860655907842359E-04,
2430720.500000000, A.D. 1942-Dec-27 00:00:00.0000,  3.353838599553307E-01, -2.084382609233418E-01, -4.784371749419331E-02,  9.329300048353820E-03,  2.519845919127869E-02,  1.198889009672984E-03,
2430730.500000000, A.D. 1943-Jan-06 00:00:00.0000,  3.321343303087724E-01,  7.386165537904114E-02, -2.450537853800306E-02, -1.154715964868308E-02,  2.873185872828369E-02,  3.406465931909618E-03,
2430740.500000000, A.D. 1943-Jan-16 00:00:00.0000,  1.014387187988391E-01,  2.902919710254198E-01,  1.436649280834324E-02, -3.218946822606598E-02,  1.036474786486638E-02,  3.805125180328355E-03,
2430750.500000000, A.D. 1943-Jan-26 00:00:00.0000, -2.175819625715705E-01,  2.460630325838084E-01,  4.008473514191358E-02, -2.676906855062049E-02, -1.750538740326981E-02,  1.032225164827696E-03,
2430760.500000000, A.D. 1943-Feb-05 00:00:00.0000, -3.845828509665697E-01,  7.355177889154347E-03,  3.595538578287585E-02, -6.386995734363915E-03, -2.690903203195961E-02, -1.608993864185083E-03,
2430770.500000000, A.D. 1943-Feb-15 00:00:00.0000, -3.605285798418112E-01, -2.447918348983318E-01,  1.316528731501316E-02,  1.003514291889825E-02, -2.202101693151469E-02, -2.719767996822478E-03,
2430780.500000000, A.D. 1943-Feb-25 00:00:00.0000, -2.073125329631738E-01, -4.139559061429905E-01, -1.472620256411040E-02,  1.949249737194406E-02, -1.122313081639953E-02, -2.707930735051099E-03,
2430790.500000000, A.D. 1943-Mar-07 00:00:00.0000,  7.918617106177724E-03, -4.615559027042369E-01, -3.839743614952251E-02,  2.248998820909275E-02,  1.938126554823049E-03, -1.909345873998125E-03,
2430800.500000000, A.D. 1943-Mar-17 00:00:00.0000,  2.198014490590637E-01, -3.731508068791916E-01, -5.066089189476107E-02,  1.862314495738675E-02,  1.568002643352646E-02, -4.323275794093700E-04,
2430810.500000000, A.D. 1943-Mar-27 00:00:00.0000,  3.509241448306182E-01, -1.553668599895789E-01, -4.494083288507298E-02,  5.900970229427451E-03,  2.701129108849042E-02,  1.662025616438676E-03,
2430820.500000000, A.D. 1943-Apr-06 00:00:00.0000,  3.035609554554708E-01,  1.307239014316361E-01, -1.723761751217382E-02, -1.659665554657418E-02,  2.709882730123100E-02,  3.737392732161097E-03,
2430830.500000000, A.D. 1943-Apr-16 00:00:00.0000,  3.441199392899583E-02,  3.051287172010859E-01,  2.173934139306194E-02, -3.359657609763431E-02,  4.197640256662263E-03,  3.431140908853530E-03,
2430840.500000000, A.D. 1943-Apr-26 00:00:00.0000, -2.681002623692508E-01,  2.066938771759228E-01,  4.151576052578615E-02, -2.291242399651492E-02, -2.111103216419614E-02,  3.833856435039084E-04,
2430850.500000000, A.D. 1943-May-06 00:00:00.0000, -3.935633037867682E-01, -4.717876158687480E-02,  3.232994947140230E-02, -2.499707723976489E-03, -2.671401043652611E-02, -1.950452541819308E-03,
2430860.500000000, A.D. 1943-May-16 00:00:00.0000, -3.375949173367474E-01, -2.876337442629157E-01,  7.560124050424486E-03,  1.250380998018766E-02, -2.014011802274231E-02, -2.793207373184160E-03,
2430870.500000000, A.D. 1943-May-26 00:00:00.0000, -1.665457136826039E-01, -4.341749320646360E-01, -2.012438484873669E-02,  2.061527301639433E-02, -8.676829479405776E-03, -2.603323776555707E-03,
2430880.500000000, A.D. 1943-Jun-05 00:00:00.0000,  5.344488578381593E-02, -4.547786789304391E-01, -4.202973518620850E-02,  2.230185001520961E-02,  4.739831574297052E-03, -1.663373100121930E-03,
2430890.500000000, A.D. 1943-Jun-15 00:00:00.0000,  2.558760781087596E-01, -3.385935295286054E-01, -5.115684950140346E-02,  1.684440712570071E-02,  1.833824300805880E-02, -5.183841247536657E-05,
2430900.500000000, A.D. 1943-Jun-25 00:00:00.0000,  3.590428827228278E-01, -9.902612291480864E-02, -4.108876936941131E-02,  2.021365047291381E-03,  2.839648281232264E-02,  2.131744846289350E-03,
2430910.500000000, A.D. 1943-Jul-05 00:00:00.0000,  2.648135499293120E-01,  1.831760821991984E-01, -9.394436823209996E-03, -2.151865546797117E-02,  2.437193952703947E-02,  3.967316065058377E-03,
2430920.500000000, A.D. 1943-Jul-15 00:00:00.0000, -3.405772184562593E-02,  3.072738811039827E-01,  2.820897060983293E-02, -3.360318244081497E-02, -2.065481730336198E-03,  2.920562856630190E-03,
2430930.500000000, A.D. 1943-Jul-25 00:00:00.0000, -3.104170880438624E-01,  1.609585846297925E-01,  4.167316640992026E-02, -1.872816657412614E-02, -2.377853881133670E-02, -2.190019671544105E-04,
2430940.500000000, A.D. 1943-Aug-04 00:00:00.0000, -3.949147030155161E-01, -1.008157006413413E-01,  2.807636906982449E-02,  1.122175339837699E-03, -2.603747985366889E-02, -2.228205106716253E-03,
2430950.500000000, A.D. 1943-Aug-14 00:00:00.0000, -3.099387332401758E-01, -3.264622030346608E-01,  1.848445969197883E-03,  1.468626711255639E-02, -1.807196395788181E-02, -2.825045945808625E-03,
2430960.500000000, A.D. 1943-Aug-24 00:00:00.0000, -1.237609628612415E-01, -4.491428884981228E-01, -2.527939964957775E-02,  2.147769944695191E-02, -6.053281865108901E-03, -2.468477245699827E-03,
2430970.500000000, A.D. 1943-Sep-03 00:00:00.0000,  9.830124755023542E-02, -4.422944186516328E-01, -4.513457690823496E-02,  2.182507019339790E-02,  7.554506691454886E-03, -1.389811199044107E-03,
2430980.500000000, A.D. 1943-Sep-13 00:00:00.0000,  2.879517511299345E-01, -2.987495343417879E-01, -5.085367035049245E-02,  1.467790213212012E-02,  2.087404722251476E-02,  3.543014012063351E-04,
2430990.500000000, A.D. 1943-Sep-23 00:00:00.0000,  3.588391776543684E-01, -4.040336507253328E-02, -3.628539032105196E-02, -2.289467847922267E-03,  2.922826523997778E-02,  2.595936783421217E-03,
2431000.500000000, A.D. 1943-Oct-03 00:00:00.0000,  2.164498248879523E-01,  2.289508327466236E-01, -1.212239366354707E-03, -2.600746362057823E-02,  2.051889498835872E-02,  4.065504216707166E-03,
2431010.500000000, A.D. 1943-Oct-13 00:00:00.0000, -1.011664129510267E-01,  2.969521950939189E-01,  3.353597475609126E-02, -3.227576210433026E-02, -8.020259040374149E-03,  2.312515787263682E-03,
2431020.500000000, A.D. 1943-Oct-23 00:00:00.0000, -3.440918857501893E-01,  1.107145033085224E-01,  4.066812680208302E-02, -1.443076035050929E-02, -2.556888575185565E-02, -7.602007298079207E-04,
2431030.500000000, A.D. 1943-Nov-02 00:00:00.0000, -3.892039351381879E-01, -1.526564796429544E-01,  2.332015230550410E-02,  4.455709334087538E-03, -2.496261408209180E-02, -2.446941456729668E-03,
2431040.500000000, A.D. 1943-Nov-12 00:00:00.0000, -2.781393067135737E-01, -3.609244766500360E-01, -3.887797623763008E-03,  1.658970188790425E-02, -1.584858289784162E-02, -2.818566489043588E-03,
2431050.500000000, A.D. 1943-Nov-22 00:00:00.0000, -7.949394908913980E-02, -4.587153028928757E-01, -3.013034639247713E-02,  2.207936672498938E-02, -3.366369899183539E-03, -2.304486361527126E-03,
2431060.500000000, A.D. 1943-Dec-02 00:00:00.0000,  1.418805145069301E-01, -4.240977703484567E-01, -4.765579828727137E-02,  2.104518943738704E-02,  1.036461462447126E-02, -1.088754640384900E-03,
2431070.500000000, A.D. 1943-Dec-12 00:00:00.0000,  3.152115647473285E-01, -2.539312111317163E-01, -4.970176177992549E-02,  1.209927736926505E-02,  2.323319268207757E-02,  7.839104902260671E-04,
2431080.500000000, A.D. 1943-Dec-22 00:00:00.0000,  3.494913772735994E-01,  1.921476398194169E-02, -3.056015566551651E-02, -6.974331000861714E-03,  2.936192758203304E-02,  3.037529251028953E-03,
2431090.500000000, A.D. 1944-Jan-01 00:00:00.0000,  1.597119015176659E-01,  2.658094551849065E-01,  7.012009954744987E-03, -2.972138013400626E-02,  1.562516029860612E-02,  4.007510042952665E-03,
2431100.500000000, A.D. 1944-Jan-11 00:00:00.0000, -1.643727975460315E-01,  2.751397011868385E-01,  3.756625998712242E-02, -2.981497710298485E-02, -1.333837870737119E-02,  1.652239340909700E-03,
2431110.500000000, A.D. 1944-Jan-21 00:00:00.0000, -3.690587244513915E-01,  5.765020552209286E-02,  3.863228068922964E-02, -1.018014179464019E-02, -2.657805878676292E-02, -1.233335261339181E-03,
2431120.500000000, A.D. 1944-Jan-31 00:00:00.0000, -3.770225797045558E-01, -2.019688351076258E-01,  1.817542210128982E-02,  7.492132767650348E-03, -2.355981180819405E-02, -2.611591337214326E-03,
2431130.500000000, A.D. 1944-Feb-10 00:00:00.0000, -2.427510217548894E-01, -3.907369274801936E-01, -9.574401997610008E-03,  1.822109182275100E-02, -1.349576839503037E-02, -2.776502453794559E-03,
2431140.500000000, A.D. 1944-Feb-20 00:00:00.0000, -3.427308026231942E-02, -4.627805250367982E-01, -3.461929751067393E-02,  2.241713702133069E-02, -6.285332329824980E-04, -2.112062283892848E-03,
2431150.500000000, A.D. 1944-Mar-01 00:00:00.0000,  1.835507819554976E-01, -4.002233044408046E-01, -4.953775089145190E-02,  1.994431452633928E-02,  1.314930414354657E-02, -7.602492365773647E-04,
2431160.500000000, A.D. 1944-Mar-11 00:00:00.0000,  3.367957265508393E-01, -2.045705981915103E-01, -4.765690756027794E-02,  9.086615893320136E-03,  2.534736021915336E-02,  1.233427340444399E-03,
2431170.500000000, A.D. 1944-Mar-21 00:00:00.0000,  3.303413985166134E-01,  7.825012025049127E-02, -2.398101264734053E-02, -1.192615361272347E-02,  2.864463551541727E-02,  3.434189452168133E-03,
2431180.500000000, A.D. 1944-Mar-31 00:00:00.0000,  9.650672770098330E-02,  2.918424676698610E-01,  1.494727982339262E-02, -3.234298572272580E-02,  9.913030719325290E-03,  3.782266256663068E-03,
2431190.500000000, A.D. 1944-Apr-10 00:00:00.0000, -2.216525300582022E-01,  2.433625414892355E-01,  4.023812478727965E-02, -2.649573993726287E-02, -1.781014596818180E-02,  9.820984706370747E-04,
2431200.500000000, A.D. 1944-Apr-20 00:00:00.0000, -3.855338920114508E-01,  3.237511685306174E-03,  3.570534520837967E-02, -6.085628247992860E-03, -2.691341365720392E-02, -1.637121774831359E-03,
2431210.500000000, A.D. 1944-Apr-30 00:00:00.0000, -3.589735007818560E-01, -2.481527978333332E-01,  1.274630433871572E-02,  1.023151324784299E-02, -2.188672416615993E-02, -2.726859186384575E-03,
2431220.500000000, A.D. 1944-May-10 00:00:00.0000, -2.043161619712783E-01, -4.156602970524823E-01, -1.514220814587425E-02,  1.958635781366395E-02, -1.103415420622644E-02, -2.701084946623885E-03,
2431230.500000000, A.D. 1944-May-20 00:00:00.0000,  1.136668563410954E-02, -4.612430527046547E-01, -3.868964364995293E-02,  2.248553956227510E-02,  2.148666626068671E-03, -1.891670911611889E-03,
2431240.500000000, A.D. 1944-May-30 00:00:00.0000,  2.226473292117796E-01, -3.707340644893070E-01, -5.072513646790236E-02,  1.850181075314536E-02,  1.588371965688187E-02, -4.044572623822347E-04,
2431250.500000000, A.D. 1944-Jun-09 00:00:00.0000,  3.518086332370252E-01, -1.512224728077505E-01, -4.468294165770265E-02,  5.623988567552067E-03,  2.713191912898224E-02,  1.697399262951095E-03,
2431260.500000000, A.D. 1944-Jun-19 00:00:00.0000,  3.009930032101108E-01,  1.348582321324777E-01, -1.666285369064343E-02, -1.697558143781195E-02,  2.693224805764527E-02,  3.758619071383885E-03,
2431270.500000000, A.D. 1944-Jun-29 00:00:00.0000,  2.926654934258250E-02,  3.057334282024097E-01,  2.226233440380626E-02, -3.364612316636405E-02,  3.723527656351189E-03,  3.396890836450189E-03,
2431280.500000000, A.D. 1944-Jul-09 00:00:00.0000, -2.715837539423879E-01,  2.034406186220422E-01,  4.156988621807274E-02, -2.260536035507769E-02, -2.134468883264474E-02,  3.359733472788900E-04,
2431290.500000000, A.D. 1944-Jul-19 00:00:00.0000, -3.939213155131612E-01, -5.127199450455092E-02,  3.202735023662594E-02, -2.216643128655850E-03, -2.667883661843105E-02, -1.973655619550541E-03,
2431300.500000000, A.D. 1944-Jul-29 00:00:00.0000, -3.356601924282002E-01, -2.907116406122460E-01,  7.129422564595022E-03,  1.267861449955333E-02, -1.999010584682071E-02, -2.797024114392946E-03,
2431310.500000000, A.D. 1944-Aug-08 00:00:00.0000, -1.633738903415355E-01, -4.354911241196153E-01, -2.052469449522862E-02,  2.068953744339652E-02, -8.481121456588516E-03, -2.594123633334493E-03,
2431320.500000000, A.D. 1944-Aug-18 00:00:00.0000,  5.686773568793824E-02, -4.540345309016042E-01, -4.228427277874228E-02,  2.227602698366244E-02,  4.952306444993714E-03, -1.643576834739762E-03,
2431330.500000000, A.D. 1944-Aug-28 00:00:00.0000,  2.584513199418175E-01, -3.357634406264157E-01, -5.116236174527889E-02,  1.669447443239734E-02,  1.853474576932868E-02, -2.193083346760874E-05,
2431340.500000000, A.D. 1944-Sep-07 00:00:00.0000,  3.593303378089499E-01, -9.466125633953848E-02, -4.075794514251040E-02,  1.710185458157065E-03,  2.848031748547346E-02,  2.167251265199621E-03,
2431350.500000000, A.D. 1944-Sep-17 00:00:00.0000,  2.614851066524567E-01,  1.868969755185367E-01, -8.783557733016289E-03, -2.187705350993581E-02,  2.411981686887626E-02,  3.979660698633427E-03,
2431360.500000000, A.D. 1944-Sep-27 00:00:00.0000, -3.920790924417659E-02,  3.069218700834075E-01,  2.865416298202907E-02, -3.354762294953940E-02, -2.530798733896118E-03,  2.877365052397216E-03,
2431370.500000000, A.D. 1944-Oct-07 00:00:00.0000, -3.132645095467265E-01,  1.572984108554539E-01,  4.163550125020818E-02, -1.840515017527280E-02, -2.394343062124892E-02, -2.622592108237441E-04,
2431380.500000000, A.D. 1944-Oct-17 00:00:00.0000, -3.947209424721552E-01, -1.048054064677458E-01,  2.773147257562318E-02,  1.384366875094538E-03, -2.596932402475050E-02, -2.246791012276204E-03,
2431390.500000000, A.D. 1944-Oct-27 00:00:00.0000, -3.076709848908131E-01, -3.292230520663343E-01,  1.413027783992776E-03,  1.483986867388687E-02, -1.790904558277632E-02, -2.825857321910666E-03,
2431400.500000000, A.D. 1944-Nov-06 00:00:00.0000, -1.204576093725883E-01, -4.500562951751865E-01, -2.565888310775885E-02,  2.153236335277749E-02, -5.852227384206368E-03, -2.457036859464344E-03,
2431410.500000000, A.D. 1944-Nov-16 00:00:00.0000,  1.016502952158947E-01, -4.411178827340131E-01, -4.534697370704541E-02,  2.177689321198122E-02,  7.767339952120924E-03, -1.367928310213582E-03,
2431420.500000000, A.D. 1944-Nov-26 00:00:00.0000,  2.901931830921394E-01, -2.955305502361061E-01, -5.079667210967558E-02,  1.449762783336505E-02,  2.105925281127605E-02,  3.860765187918331E-04,
2431430.500000000, A.D. 1944-Dec-06 00:00:00.0000,  3.584635897281270E-01, -3.591444784684242E-02, -3.588343750986383E-02, -2.631444968258805E-03,  2.926450347620481E-02,  2.630381706533542E-03,
2431440.500000000, A.D. 1944-Dec-16 00:00:00.0000,  2.124377143807943E-01,  2.320735811771099E-01, -5.874165505034396E-04, -2.631928402794035E-02,  2.018349815868719E-02,  4.066752595196592E-03,
2431450.500000000, A.D. 1944-Dec-26 00:00:00.0000, -1.061041207164957E-01,  2.956897605370692E-01,  3.388710536246175E-02, -3.212631966412089E-02, -8.447568463686075E-03,  2.263784169056496E-03,
2431460.500000000, A.D. 1945-Jan-05 00:00:00.0000, -3.462791861879502E-01,  1.067847561987157E-01,  4.054758694700374E-02, -1.410639534420125E-02, -2.567119236824149E-02, -7.984644928804185E-04,
2431470.500000000, A.D. 1945-Jan-15 00:00:00.0000, -3.884999645187446E-01, -1.564792083440840E-01,  2.294190060258570E-02,  4.695637068835117E-03, -2.486738469206951E-02, -2.461260056258937E-03,
2431480.500000000, A.D. 1945-Jan-25 00:00:00.0000, -2.755807086729736E-01, -3.633433475804763E-01, -4.322022984993104E-03,  1.672251298479225E-02, -1.567501815147253E-02, -2.816588947044801E-03,
2431490.500000000, A.D. 1945-Feb-04 00:00:00.0000, -7.609963780365492E-02, -4.592159131740429E-01, -3.048440717963691E-02,  2.211421023673838E-02, -3.161000665250180E-03, -2.290865758598163E-03,
2431500.500000000, A.D. 1945-Feb-14 00:00:00.0000,  1.451078825542749E-01, -4.224898258262921E-01, -4.782166259124097E-02,  2.097338328783248E-02,  1.057635342798911E-02, -1.064786454343990E-03,
2431510.500000000, A.D. 1945-Feb-24 00:00:00.0000,  3.170542817180391E-01, -2.503510673192943E-01, -4.957849965249853E-02,  1.188684918438368E-02,  2.340252953142247E-02,  8.173427940456545E-04,
2431520.500000000, A.D. 1945-Mar-06 00:00:00.0000,  3.483939584278399E-01,  2.372030644720364E-02, -3.009043572438296E-02, -7.341093659240825E-03,  2.933926763141961E-02,  3.069432618737685E-03,
2431530.500000000, A.D. 1945-Mar-16 00:00:00.0000,  1.551333181773038E-01,  2.681765422643093E-01,  7.627124325820096E-03, -2.996118265623243E-02,  1.521829861660635E-02,  3.996288691348537E-03,
2431540.500000000, A.D. 1945-Mar-26 00:00:00.0000, -1.689297635340727E-01,  2.730649023967917E-01,  3.781589771931370E-02, -2.959042807762889E-02, -1.370773962728782E-02,  1.601335615357563E-03,
2431550.500000000, A.D. 1945-Apr-05 00:00:00.0000, -3.705956283391829E-01,  5.356773517287926E-02,  3.843939164490959E-02, -9.864120428519758E-03, -2.662569259972725E-02, -1.266357497480975E-03,
2431560.500000000, A.D. 1945-Apr-15 00:00:00.0000, -3.758546152542743E-01, -2.055764632428245E-01,  1.777207433133892E-02,  7.709553327131165E-03, -2.344221492580638E-02, -2.622009478743634E-03,
2431570.500000000, A.D. 1945-Apr-25 00:00:00.0000, -2.399445341011110E-01, -3.927952731525010E-01, -1.000197762985528E-02,  1.833347097578219E-02, -1.331325530915421E-02, -2.771920280622767E-03,
2431580.500000000, A.D. 1945-May-05 00:00:00.0000, -3.083095303941963E-02, -4.628616306088408E-01, -3.494359051783173E-02,  2.243170258376678E-02, -4.197889204152006E-04, -2.096314956937026E-03,
2431590.500000000, A.D. 1945-May-15 00:00:00.0000,  1.866036703001605E-01, -3.981892300854029E-01, -4.965301372114472E-02,  1.984739304824423E-02,  1.335818338049357E-02, -7.342196568749640E-04,
2431600.500000000, A.D. 1945-May-25 00:00:00.0000,  3.381695039250484E-01, -2.006679111517077E-01, -4.746453746122242E-02,  8.840566386077971E-03,  2.549515630693482E-02,  1.268185996712164E-03,
2431610.500000000, A.D. 1945-Jun-04 00:00:00.0000,  3.284763459817821E-01,  8.264242988838096E-02, -2.345029069886870E-02, -1.230763285984859E-02,  2.855173865842305E-02,  3.461720542434061E-03,
2431620.500000000, A.D. 1945-Jun-14 00:00:00.0000,  9.151848755633679E-02,  2.933286922400316E-01,  1.552798585046665E-02, -3.249018342294620E-02,  9.456021455167869E-03,  3.758461329126728E-03,
2431630.500000000, A.D. 1945-Jun-24 00:00:00.0000, -2.257103615025819E-01,  2.405945464246067E-01,  4.038538929757109E-02, -2.621741437874970E-02, -1.811143535322389E-02,  9.318331761098817E-04,
2431640.500000000, A.D. 1945-Jul-04 00:00:00.0000, -3.864482052412685E-01, -9.086686588520405E-04,  3.545030418562241E-02, -5.783744899813390E-03, -2.691424446186124E-02, -1.665013209456409E-03,
2431650.500000000, A.D. 1945-Jul-14 00:00:00.0000, -3.573846294845787E-01, -2.515133082444000E-01,  1.232475411732609E-02,  1.042706104459941E-02, -2.175011211297178E-02, -2.733716499851540E-03,
2431660.500000000, A.D. 1945-Jul-24 00:00:00.0000, -2.012967300861389E-01, -4.173450780168342E-01, -1.555859799265897E-02,  1.967895020878326E-02, -1.084359320361266E-02, -2.694033532577552E-03,
2431670.500000000, A.D. 1945-Aug-03 00:00:00.0000,  1.482334241636629E-02, -4.608969997776033E-01, -3.898019415246346E-02,  2.247942980764098E-02,  2.360371876546871E-03, -1.873785601450630E-03,
2431680.500000000, A.D. 1945-Aug-13 00:00:00.0000,  2.254814895021640E-01, -3.682746483867024E-01, -5.078539087565488E-02,  1.837795626672293E-02,  1.608805583747372E-02, -3.763243042212799E-04,
2431690.500000000, A.D. 1945-Aug-23 00:00:00.0000,  3.526489614709037E-01, -1.470369626044097E-01, -4.441828098025632E-02,  5.343031485133679E-03,  2.725110718155889E-02,  1.733029194598043E-03,
2431700.500000000, A.D. 1945-Sep-02 00:00:00.0000,  2.983444761148188E-01,  1.389930613244924E-01, -1.608102233151977E-02, -1.735633551826246E-02,  2.675862542843249E-02,  3.779482811788863E-03,
2431710.500000000, A.D. 1945-Sep-12 00:00:00.0000,  2.407251181535000E-02,  3.062687719667439E-01,  2.278428725157921E-02, -3.368795431176188E-02,  3.245668118801670E-03,  3.361680667267644E-03,
2431720.500000000, A.D. 1945-Sep-22 00:00:00.0000, -2.750482094993631E-01,  2.001293223132109E-01,  4.161809473408754E-02, -2.229424773028764E-02, -2.157427180199183E-02,  2.885447223792075E-04,
2431730.500000000, A.D. 1945-Oct-02 00:00:00.0000, -3.942434348400967E-01, -5.538383501011147E-02,  3.172054514403753E-02, -1.933499410667692E-03, -2.664034839561915E-02, -1.996607960750075E-03,
2431740.500000000, A.D. 1945-Oct-12 00:00:00.0000, -3.336951820703056E-01, -2.937821014299736E-01,  6.696921162618898E-03,  1.285245017521816E-02, -1.983809301080448E-02, -2.800620286207623E-03,
2431750.500000000, A.D. 1945-Oct-22 00:00:00.0000, -1.601834866129372E-01, -4.367839445038401E-01, -2.092478092989443E-02,  2.076245611196995E-02, -8.284154034941125E-03, -2.584733916876436E-03,
2431760.500000000, A.D. 1945-Nov-01 00:00:00.0000,  6.029366055647182E-02, -4.532569050222069E-01, -4.253668811306941E-02,  2.224840096435944E-02,  5.165551450626092E-03, -1.623583839893825E-03,
2431770.500000000, A.D. 1945-Nov-11 00:00:00.0000,  2.610075949226303E-01, -3.328955330309440E-01, -5.116363071374812E-02,  1.654184550803397E-02,  1.873121179263316E-02,  8.202959475603308E-06,
2431780.500000000, A.D. 1945-Nov-21 00:00:00.0000,  3.595663143071836E-01, -9.026963763009543E-02, -4.042087125976395E-02,  1.395376146698220E-03,  2.856146325726180E-02,  2.202876916505246E-03,
2431790.500000000, A.D. 1945-Dec-01 00:00:00.0000,  2.580818162646926E-01,  1.905925785348825E-01, -8.168304712979092E-03, -2.223482424234620E-02,  2.386030256012084E-02,  3.991384938313536E-03,
2431800.500000000, A.D. 1945-Dec-11 00:00:00.0000, -4.438159751845153E-02,  3.064919051167687E-01,  2.909523317333661E-02, -3.348438814248006E-02, -2.996884127906448E-03,  2.833455220743343E-03,
2431810.500000000, A.D. 1945-Dec-21 00:00:00.0000, -3.160818113202854E-01,  1.535866376330532E-01,  4.159138651426347E-02, -1.807958098638718E-02, -2.410425486375619E-02, -3.053895435349106E-04,
2431820.500000000, A.D. 1945-Dec-31 00:00:00.0000, -3.944882395267147E-01, -1.088111118923791E-01,  2.738234896708334E-02,  1.646361487817135E-03, -2.589825846042959E-02, -2.265123840366914E-03,
2431830.500000000, A.D. 1946-Jan-10 00:00:00.0000, -3.053708567917444E-01, -3.319761095239122E-01,  9.757893872175061E-04,  1.499248150091773E-02, -1.774418664778442E-02, -2.826442515034075E-03,
2431840.500000000, A.D. 1946-Jan-20 00:00:00.0000, -1.171340677623736E-01, -4.509455801479353E-01, -2.603801934788181E-02,  2.158558346646000E-02, -5.649808173173413E-03, -2.445384736707311E-03,
2431850.500000000, A.D. 1946-Jan-30 00:00:00.0000,  1.050023697224991E-01, -4.399060071483706E-01, -4.555685623967973E-02,  2.172667544432910E-02,  7.981030107694376E-03, -1.345818897704189E-03,
2431860.500000000, A.D. 1946-Feb-09 00:00:00.0000,  2.924124672975210E-01, -2.922721178539079E-01, -5.073476581155160E-02,  1.431427919740872E-02,  2.124422095469385E-02,  4.180966116883240E-04,
2431870.500000000, A.D. 1946-Feb-19 00:00:00.0000,  3.580304554455279E-01, -3.140286372047845E-02, -3.547477101684748E-02, -2.977029408122130E-03,  2.929703175354385E-02,  2.664859255112571E-03,
2431880.500000000, A.D. 1946-Mar-01 00:00:00.0000,  2.083554479044982E-01,  2.351572801576464E-01,  4.041953786013438E-05, -2.662825457277523E-02,  1.984064994807742E-02,  4.067162304541992E-03,
2431890.500000000, A.D. 1946-Mar-11 00:00:00.0000, -1.110472760831566E-01,  2.943521879400890E-01,  3.423274096393548E-02, -3.196972898046290E-02, -8.873460897776714E-03,  2.214550774455436E-03,
2431900.500000000, A.D. 1946-Mar-21 00:00:00.0000, -3.484301906057929E-01,  1.028150857028241E-01,  4.042089012268171E-02, -1.378052984172751E-02, -2.576956211311939E-02, -8.365271478925922E-04,
2431910.500000000, A.D. 1946-Mar-31 00:00:00.0000, -3.877571578843103E-01, -1.603098038680386E-01,  2.255991992711378E-02,  4.935048537647562E-03, -2.476964581102584E-02, -2.475333981105484E-03,
2431920.500000000, A.D. 1946-Apr-10 00:00:00.0000, -2.729917907464402E-01, -3.657496988372255E-01, -4.757695660713965E-03,  1.685420809498694E-02, -1.549979275766620E-02, -2.814396964465121E-03,
2431930.500000000, A.D. 1946-Apr-20 00:00:00.0000, -7.268846768191420E-02, -4.596901128243283E-01, -3.083782039113828E-02,  2.214746406440230E-02, -2.954493764655737E-03, -2.277036240072440E-03,
2431940.500000000, A.D. 1946-Apr-30 00:00:00.0000,  1.483331142632534E-01, -4.208468303021500E-01, -4.798472365389150E-02,  2.089931606625461E-02,  1.078863158311664E-02, -1.040593928047310E-03,
2431950.500000000, A.D. 1946-May-10 00:00:00.0000,  3.188674534207415E-01, -2.467362947873218E-01, -4.945016956364882E-02,  1.167116685846824E-02,  2.357099073016019E-02,  8.509882024595098E-04,
2431960.500000000, A.D. 1946-May-20 00:00:00.0000,  3.472328174322307E-01,  2.823466132981171E-02, -2.961464025556853E-02, -7.710778736824657E-03,  2.931178178252815E-02,  3.101222028179904E-03,
2431970.500000000, A.D. 1946-May-30 00:00:00.0000,  1.504945848475824E-01,  2.704866141653252E-01,  8.242882346958668E-03, -3.019608416031714E-02,  1.480509046663802E-02,  3.984139498151587E-03,
2431980.500000000, A.D. 1946-Jun-09 00:00:00.0000, -1.734788758763099E-01,  2.709162336225803E-01,  3.805898724280862E-02, -2.936004601732604E-02, -1.407439424680810E-02,  1.550155890401495E-03,
2431990.500000000, A.D. 1946-Jun-19 00:00:00.0000, -3.720938793506525E-01,  4.944833814592752E-02,  3.824040502567558E-02, -9.547121435316911E-03, -2.666972377876969E-02, -1.299162218013795E-03,
2432000.500000000, A.D. 1946-Jun-29 00:00:00.0000, -3.746470684648896E-01, -2.091909666800771E-01,  1.736502547296767E-02,  7.926510198053346E-03, -2.332213502634099E-02, -2.632187671093227E-03,
2432010.500000000, A.D. 1946-Jul-09 00:00:00.0000, -2.371057255834159E-01, -3.948391814793786E-01, -1.043094772668120E-02,  1.844490174434049E-02, -1.312889955306460E-02, -2.767113726726974E-03,
2432020.500000000, A.D. 1946-Jul-19 00:00:00.0000, -2.736843308750033E-02, -4.629119456517959E-01, -3.526698363356579E-02,  2.244478389645704E-02, -2.096018373818168E-04, -2.080326775818417E-03,
2432030.500000000, A.D. 1946-Jul-29 00:00:00.0000,  1.896577131095308E-01, -3.961124598544016E-01, -4.976475871060380E-02,  1.974801218941028E-02,  1.356790321095017E-02, -7.079063405454335E-04,
2432040.500000000, A.D. 1946-Aug-08 00:00:00.0000,  3.395128779101769E-01, -1.967221369073528E-01, -4.726581300707848E-02,  8.590677823854668E-03,  2.564178079082184E-02,  1.303193482797753E-03,
2432050.500000000, A.D. 1946-Aug-18 00:00:00.0000,  3.265441277848988E-01,  8.704247563880403E-02, -2.291279530521603E-02, -1.269143999901526E-02,  2.845250440159286E-02,  3.488941925531297E-03,
2432060.500000000, A.D. 1946-Aug-28 00:00:00.0000,  8.648618322890808E-02,  2.947523329768117E-01,  1.610755869259884E-02, -3.263013848590070E-02,  8.994313207502849E-03,  3.733605651888980E-03,
2432070.500000000, A.D. 1946-Sep-07 00:00:00.0000, -2.297416511758069E-01,  2.377708675227051E-01,  4.052561493008913E-02, -2.593472093246013E-02, -1.840838286467348E-02,  8.815259511502782E-04,
2432080.500000000, A.D. 1946-Sep-17 00:00:00.0000, -3.873201248917203E-01, -5.069004220535132E-03,  3.519022031187383E-02, -5.482069321556936E-03, -2.691180509451733E-02, -1.692611930094698E-03,
2432090.500000000, A.D. 1946-Sep-27 00:00:00.0000, -3.557605715051464E-01, -2.548640712300930E-01,  1.190083485708715E-02,  1.062163837756171E-02, -2.161178235370122E-02, -2.740339293806481E-03,
2432100.500000000, A.D. 1946-Oct-07 00:00:00.0000, -1.982527286413284E-01, -4.190064401698090E-01, -1.597522633870266E-02,  1.977037438669058E-02, -1.065191957067744E-02, -2.686781426499855E-03,
2432110.500000000, A.D. 1946-Oct-17 00:00:00.0000,  1.829085762861341E-02, -4.605181348341502E-01, -3.926895001100136E-02,  2.247167989037229E-02,  2.572833858173503E-03, -1.855689439830671E-03,
2432120.500000000, A.D. 1946-Oct-27 00:00:00.0000,  2.283059650566714E-01, -3.657779922171656E-01, -5.084165087235758E-02,  1.825156525684113E-02,  1.629238123916451E-02, -3.479678734934691E-04,
2432130.500000000, A.D. 1946-Nov-06 00:00:00.0000,  3.534492930453573E-01, -1.428241265686881E-01, -4.414777550611002E-02,  5.058708435073356E-03,  2.736790052496895E-02,  1.768757356159958E-03,
2432140.500000000, A.D. 1946-Nov-16 00:00:00.0000,  2.956324030642443E-01,  1.431085945082259E-01, -1.549513533071270E-02, -1.773700591424221E-02,  2.657814901988665E-02,  3.799768354501233E-03,
2432150.500000000, A.D. 1946-Nov-26 00:00:00.0000,  1.886171138504564E-02,  3.067302606326173E-01,  2.330152706610161E-02, -3.372180897138633E-02,  2.766539459146367E-03,  3.325643455890672E-03,
2432160.500000000, A.D. 1946-Dec-06 00:00:00.0000, -2.784722747441581E-01,  1.967733330468945E-01,  4.165889767248730E-02, -2.198077344142734E-02, -2.179909698667899E-02,  2.413101082083975E-04,
2432170.500000000, A.D. 1946-Dec-16 00:00:00.0000, -3.945218601589761E-01, -5.950188997010808E-02,  3.140938887221600E-02, -1.651166957334004E-03, -2.659909760647058E-02, -2.019241102574792E-03,
2432180.500000000, A.D. 1946-Dec-26 00:00:00.0000, -3.316970574704082E-01, -2.968386154981540E-01,  6.262837744265166E-03,  1.302512104949281E-02, -1.968460676497593E-02, -2.803978263380084E-03,
2432190.500000000, A.D. 1947-Jan-05 00:00:00.0000, -1.569722193646224E-01, -4.380509020929143E-01, -2.132428504234526E-02,  2.083405705200344E-02, -8.086211208546147E-03, -2.575141145090207E-03,
2432200.500000000, A.D. 1947-Jan-15 00:00:00.0000,  6.372529769015213E-02, -4.524454768662290E-01, -4.278649828322408E-02,  2.221899716651727E-02,  5.379380221348360E-03, -1.603385584480544E-03,
2432210.500000000, A.D. 1947-Jan-25 00:00:00.0000,  2.635478054838328E-01, -3.299919139088834E-01, -5.116023219248011E-02,  1.638658459497812E-02,  1.892729523422012E-02,  3.853443809286698E-05,
2432220.500000000, A.D. 1947-Feb-04 00:00:00.0000,  3.597564554659417E-01, -8.585838682817432E-02, -4.007786411930733E-02,  1.077568011796594E-03,  2.863929622702696E-02,  2.238489668307953E-03,
2432230.500000000, A.D. 1947-Feb-14 00:00:00.0000,  2.546221118749350E-01,  1.942525492189117E-01, -7.550843119048675E-03, -2.259008115641035E-02,  2.359382716300308E-02,  4.002292574681975E-03,
2432240.500000000, A.D. 1947-Feb-24 00:00:00.0000, -4.954663370883131E-02,  3.059910464058641E-01,  2.952954225249011E-02, -3.341339792741152E-02, -3.461135779213664E-03,  2.788979409865619E-03,
2432250.500000000, A.D. 1947-Mar-06 00:00:00.0000, -3.188491447175107E-01,  1.498490367781060E-01,  4.154043894055782E-02, -1.775338992399026E-02, -2.426025017354337E-02, -3.481728193428451E-04,
2432260.500000000, A.D. 1947-Mar-16 00:00:00.0000, -3.942137632481742E-01, -1.128083624614074E-01,  2.703005528187916E-02,  1.906868378462443E-03, -2.582503016859603E-02, -2.283132513489440E-03,
2432270.500000000, A.D. 1947-Mar-26 00:00:00.0000, -3.030439870972332E-01, -3.347063187914346E-01,  5.380332228386525E-04,  1.514364224471416E-02, -1.757839646875604E-02, -2.826809991257889E-03,
2432280.500000000, A.D. 1947-Apr-05 00:00:00.0000, -1.137981514740736E-01, -4.518053298128604E-01, -2.641573546326669E-02,  2.163732861706937E-02, -5.446933418579759E-03, -2.433553570334908E-03,
2432290.500000000, A.D. 1947-Apr-15 00:00:00.0000,  1.083504544668987E-01, -4.386622539033098E-01, -4.576356596039540E-02,  2.167459689912175E-02,  8.194678004875965E-03, -1.323536872357728E-03,
2432300.500000000, A.D. 1947-Apr-25 00:00:00.0000,  2.946059546197568E-01, -2.889873988943893E-01, -5.066811592137452E-02,  1.412842749051335E-02,  2.142790702302479E-02,  4.502397464955102E-04,
2432310.500000000, A.D. 1947-May-05 00:00:00.0000,  3.575467649012429E-01, -2.689142561859710E-02, -3.506133845517946E-02, -3.324525488987196E-03,  2.932517586248652E-02,  2.699138187499216E-03,
2432320.500000000, A.D. 1947-May-15 00:00:00.0000,  2.042319093850227E-01,  2.381829724190592E-01,  6.672415792670984E-04, -2.693220063658206E-02,  1.949219094421790E-02,  4.066630471368485E-03,
2432330.500000000, A.D. 1947-May-25 00:00:00.0000, -1.159605376027159E-01,  2.929481794930513E-01,  3.456997053227775E-02, -3.180712445700777E-02, -9.295219549348166E-03,  2.165094097151158E-03,
2432340.500000000, A.D. 1947-Jun-04 00:00:00.0000, -3.505283245271760E-01,  9.882890737145739E-02,  4.028776972914153E-02, -1.345515394028424E-02, -2.586370281172457E-02, -8.741887401950053E-04,
2432350.500000000, A.D. 1947-Jun-14 00:00:00.0000, -3.869742302789660E-01, -1.641282567227119E-01,  2.217519938765936E-02,  5.172918241137039E-03, -2.467012358458555E-02, -2.489098205046159E-03,
2432360.500000000, A.D. 1947-Jun-24 00:00:00.0000, -2.703772662021577E-01, -3.681315714161775E-01, -5.193520204068176E-03,  1.698454607364821E-02, -1.532370988495717E-02, -2.811984635467594E-03,
2432370.500000000, A.D. 1947-Jul-04 00:00:00.0000, -6.926527434070333E-02, -4.601331929622393E-01, -3.118935279712103E-02,  2.217928819074776E-02, -2.747489162038108E-03, -2.263012857673480E-03,
2432380.500000000, A.D. 1947-Jul-14 00:00:00.0000,  1.515538500540870E-01, -4.191699441004190E-01, -4.814398435066221E-02,  2.082330160053927E-02,  1.100087935613319E-02, -1.016212879005236E-03,
2432390.500000000, A.D. 1947-Jul-24 00:00:00.0000,  3.206528929063526E-01, -2.430945036775120E-01, -4.931642968630751E-02,  1.145282972669752E-02,  2.373781722892235E-02,  8.847371901799414E-04,
2432400.500000000, A.D. 1947-Aug-03 00:00:00.0000,  3.460207972153762E-01,  3.274238441022528E-02, -2.913426463076845E-02, -8.081569114801556E-03,  2.927889297719881E-02,  3.132635932738066E-03,
2432410.500000000, A.D. 1947-Aug-13 00:00:00.0000,  1.458328871386245E-01,  2.727307805055750E-01,  8.855337540770883E-03, -3.042370202372040E-02,  1.438795189260427E-02,  3.970945794034906E-03,
2432420.500000000, A.D. 1947-Aug-23 00:00:00.0000, -1.779783751279478E-01,  2.687187289916457E-01,  3.829304952797014E-02, -2.912550872854289E-02, -1.443518180160427E-02,  1.499044440735684E-03,
2432430.500000000, A.D. 1947-Sep-02 00:00:00.0000, -3.735369962718983E-01,  4.533266522363943E-02,  3.803608061905549E-02, -9.231784175242915E-03, -2.671011980056231E-02, -1.331509022740765E-03,
2432440.500000000, A.D. 1947-Sep-12 00:00:00.0000, -3.734039303553722E-01, -2.127802354373122E-01,  1.695640182079009E-02,  8.141593211021267E-03, -2.320099033518375E-02, -2.642076009083975E-03,
2432450.500000000, A.D. 1947-Sep-22 00:00:00.0000, -2.342477037428094E-01, -3.968520343835543E-01, -1.085916063761163E-02,  1.855487254518201E-02, -1.294426879711419E-02, -2.762113022494527E-03,
2432460.500000000, A.D. 1947-Oct-02 00:00:00.0000, -2.390122723225968E-02, -4.629299736383916E-01, -3.558782570659883E-02,  2.245633253786957E-02,  5.582555210893499E-07, -2.064168004307277E-03,
2432470.500000000, A.D. 1947-Oct-12 00:00:00.0000,  1.926988790482784E-01, -3.940063438500581E-01, -4.987234443484102E-02,  1.964660569189302E-02,  1.377694073830736E-02, -6.814499312829956E-04,
2432480.500000000, A.D. 1947-Oct-22 00:00:00.0000,  3.408208651835605E-01, -1.927618065996574E-01, -4.706208583688273E-02,  8.338471505524180E-03,  2.578582695661102E-02,  1.338186257543146E-03,
2432490.500000000, A.D. 1947-Nov-01 00:00:00.0000,  3.245632419253834E-01,  9.141426370301559E-02, -2.237289533003824E-02, -1.307448598549898E-02,  2.834732015208247E-02,  3.515561996008019E-03,
2432500.500000000, A.D. 1947-Nov-11 00:00:00.0000,  8.145462745380494E-02,  2.961000593305875E-01,  1.668061079669117E-02, -3.276170873186013E-02,  8.531766657444631E-03,  3.707865742083206E-03,
2432510.500000000, A.D. 1947-Nov-21 00:00:00.0000, -2.337117795290740E-01,  2.349116588083334E-01,  4.065679405179720E-02, -2.565012605321008E-02, -1.869900857068256E-02,  8.315538632438230E-04,
2432520.500000000, A.D. 1947-Dec-01 00:00:00.0000, -3.881390012071980E-01, -9.217414991797596E-03,  3.492582303781960E-02, -5.182575652632777E-03, -2.690649685640134E-02, -1.719750772758785E-03,
2432530.500000000, A.D. 1947-Dec-11 00:00:00.0000, -3.541049299852008E-01, -2.581866814072060E-01,  1.147622210276321E-02,  1.081430550380155E-02, -2.147268774491027E-02, -2.746687316657440E-03,
2432540.500000000, A.D. 1947-Dec-21 00:00:00.0000, -1.951937371340089E-01, -4.206355925548902E-01, -1.639031993079716E-02,  1.986031720504260E-02, -1.046007304501059E-02, -2.679343020355239E-03,
2432550.500000000, A.D. 1947-Dec-31 00:00:00.0000,  2.175862534694588E-02, -4.601067621357868E-01, -3.955447130656363E-02,  2.246238063644576E-02,  2.785162558888900E-03, -1.837434912046171E-03,
2432560.500000000, A.D. 1948-Jan-10 00:00:00.0000,  2.311130888129175E-01, -3.632534310212444E-01, -5.089324563810302E-02,  1.812316638938914E-02,  1.649576377284757E-02, -3.194945821494092E-04,
2432570.500000000, A.D. 1948-Jan-20 00:00:00.0000,  3.542110468379450E-01, -1.386027687013744E-01, -4.387227548278832E-02,  4.772429335648850E-03,  2.748140480472736E-02,  1.804377587680248E-03,
2432580.500000000, A.D. 1948-Jan-30 00:00:00.0000,  2.928796249700453E-01,  1.471823722909891E-01, -1.490853677776682E-02, -1.811477267036941E-02,  2.639145977013445E-02,  3.819224825844422E-03,
2432590.500000000, A.D. 1948-Feb-09 00:00:00.0000,  1.367954705721417E-02,  3.071194730123991E-01,  2.380999186539121E-02, -3.374702944773122E-02,  2.289944185580929E-03,  3.288959540718304E-03,
2432600.500000000, A.D. 1948-Feb-19 00:00:00.0000, -2.818243646080407E-01,  1.934053917738379E-01,  4.169144792871727E-02, -2.166762434443865E-02, -2.201746168787639E-02,  1.946120457280739E-04,
2432610.500000000, A.D. 1948-Feb-29 00:00:00.0000, -3.947509324602711E-01, -6.359023774278502E-02,  3.109544295395395E-02, -1.371802135330968E-03, -2.655579658100382E-02, -2.041419702865882E-03,
2432620.500000000, A.D. 1948-Mar-10 00:00:00.0000, -3.296757072659503E-01, -2.998566306017558E-01,  5.829332849789750E-03,  1.319562658909107E-02, -1.953101291847327E-02, -2.807095447553358E-03,
2432630.500000000, A.D. 1948-Mar-20 00:00:00.0000, -1.537558578369060E-01, -4.392812385758328E-01, -2.172132746741557E-02,  2.090409838299281E-02, -7.888640482901698E-03, -2.565396182801307E-03,
2432640.500000000, A.D. 1948-Mar-30 00:00:00.0000,  6.714700695464844E-02, -4.516023915650430E-01, -4.303249121178394E-02,  2.218806215634877E-02,  5.592552817187245E-03, -1.583065127302980E-03,
2432650.500000000, A.D. 1948-Apr-09 00:00:00.0000,  2.660612920778154E-01, -3.270667975884833E-01, -5.115202058141224E-02,  1.622948474472901E-02,  1.912182610749468E-02,  6.892723938004968E-05,
2432660.500000000, A.D. 1948-Apr-19 00:00:00.0000,  3.599025584387350E-01, -8.145193212893315E-02, -3.973054941837060E-02,  7.585551444955876E-04,  2.871309609899808E-02,  2.273872177285570E-03,
2432670.500000000, A.D. 1948-Apr-29 00:00:00.0000,  2.511308251866595E-01,  1.978544920760149E-01, -6.934881347193260E-03, -2.294034175689635E-02,  2.332192486422429E-02,  4.012247145256418E-03,
2432680.500000000, A.D. 1948-May-09 00:00:00.0000, -5.466575201536512E-02,  3.054248458537941E-01,  2.995404571817051E-02, -3.333519409417081E-02, -3.920296828090893E-03,  2.744199662136554E-03,
2432690.500000000, A.D. 1948-May-19 00:00:00.0000, -3.215466377442713E-01,  1.461127674047464E-01,  4.148254642201350E-02, -1.742883223457888E-02, -2.441053263909121E-02, -3.903564291871346E-04,
2432700.500000000, A.D. 1948-May-29 00:00:00.0000, -3.938970844806677E-01, -1.167702208004485E-01,  2.667617447692944E-02,  2.164393525850209E-03, -2.575030535039197E-02, -2.300723380022980E-03,
2432710.500000000, A.D. 1948-Jun-08 00:00:00.0000, -3.007001250576202E-01, -3.373960042955041E-01,  1.017603210474428E-04,  1.529276408803075E-02, -1.741274062205752E-02, -2.826958439345305E-03,
2432720.500000000, A.D. 1948-Jun-18 00:00:00.0000, -1.104622856793331E-01, -4.526285285153135E-01, -2.679025136607492E-02,  2.168759599830463E-02, -5.244637604673538E-03, -2.421583379977558E-03,
2432730.500000000, A.D. 1948-Jun-28 00:00:00.0000,  1.116839100302548E-01, -4.373894243135623E-01, -4.596586675424288E-02,  2.162099725370292E-02,  8.407352602716129E-03, -1.301153323583653E-03,
2432740.500000000, A.D. 1948-Jul-08 00:00:00.0000,  2.967683380655200E-01, -2.856881153145076E-01, -5.059646989034947E-02,  1.394085803881883E-02,  2.160945579629200E-02,  4.823735877711399E-04,
2432750.500000000, A.D. 1948-Jul-18 00:00:00.0000,  3.570194770424296E-01, -2.239917930939690E-02, -3.464466613875460E-02, -3.672155674516675E-03,  2.934847840030824E-02,  2.732995600435216E-03,
2432760.500000000, A.D. 1948-Jul-28 00:00:00.0000,  2.000965844454349E-01,  2.411367356515777E-01,  1.289461103257318E-03, -2.722882664964627E-02,  1.914002959670427E-02,  4.065044653772744E-03,
2432770.500000000, A.D. 1948-Aug-07 00:00:00.0000, -1.208063631473354E-01,  2.914932819409935E-01,  3.489628173276663E-02, -3.163956770409000E-02, -9.709806640200462E-03,  2.115708373448095E-03,
2432780.500000000, A.D. 1948-Aug-17 00:00:00.0000, -3.525565343329338E-01,  9.485916943045468E-02,  4.014868281340164E-02, -1.313263691780640E-02, -2.595321555199547E-02, -9.112143777315972E-04,
2432790.500000000, A.D. 1948-Aug-27 00:00:00.0000, -3.861538997834792E-01, -1.679060517341843E-01,  2.178963004288472E-02,  5.407747929141752E-03, -2.456982205426372E-02, -2.502488678164496E-03,
2432800.500000000, A.D. 1948-Sep-06 00:00:00.0000, -2.677504754714823E-01, -3.704723258108155E-01, -5.627454605949603E-03,  1.711284165825844E-02, -1.514803857124246E-02, -2.809373660906759E-03,
2432810.500000000, A.D. 1948-Sep-16 00:00:00.0000, -6.584746048031785E-02, -4.605410345619899E-01, -3.153740655599721E-02,  2.220952661526446E-02, -2.541204204848338E-03, -2.248860163228315E-03,
2432820.500000000, A.D. 1948-Sep-26 00:00:00.0000,  1.547535191970927E-01, -4.174666758203874E-01, -4.829869547562688E-02,  2.074567804361521E-02,  1.121200258327985E-02, -9.917497785304338E-04,
2432830.500000000, A.D. 1948-Oct-06 00:00:00.0000,  3.224005288040847E-01, -2.394427752522671E-01, -4.917781125982616E-02,  1.123282930713158E-02,  2.390225431173464E-02,  9.184433984607709E-04,
2432840.500000000, A.D. 1948-Oct-16 00:00:00.0000,  3.447611026604776E-01,  3.722312683656531E-02, -2.865127951357629E-02, -8.451879007454555E-03,  2.924086156354921E-02,  3.163553767285129E-03,
2432850.500000000, A.D. 1948-Oct-26 00:00:00.0000,  1.411650243384515E-01,  2.748995018196824E-01,  9.462190594141063E-03, -3.064330532481896E-02,  1.396868812897427E-02,  3.956791383835703E-03,
2432860.500000000, A.D. 1948-Nov-05 00:00:00.0000, -1.824140444988525E-01,  2.664797191290579E-01,  3.851742536580492E-02, -2.888779953452534E-02, -1.478893912908388E-02,  1.448187857990987E-03,
2432870.500000000, A.D. 1948-Nov-15 00:00:00.0000, -3.749213982505095E-01,  4.123357461921019E-02,  3.782719521814273E-02, -8.919100769231950E-03, -2.674680306479758E-02, -1.363300101682334E-03,
2432880.500000000, A.D. 1948-Nov-25 00:00:00.0000, -3.721300342674904E-01, -2.163331318161313E-01,  1.654760236668588E-02,  8.354115421500550E-03, -2.307913047513513E-02, -2.651642297375806E-03,
2432890.500000000, A.D. 1948-Dec-05 00:00:00.0000, -2.313805133367111E-01, -3.988271487249835E-01, -1.128513148361666E-02,  1.866303585318343E-02, -1.275988088538479E-02, -2.756931528461653E-03,
2432900.500000000, A.D. 1948-Dec-15 00:00:00.0000, -2.044097507256973E-02, -4.629145222646740E-01, -3.590495073134790E-02,  2.246638193001890E-02,  2.101320053691672E-04, -2.047886811344313E-03,
2432910.500000000, A.D. 1948-Dec-25 00:00:00.0000,  1.957177901119873E-01, -3.918749678983631E-01, -4.997519443801984E-02,  1.954358664840070E-02,  1.398481867890741E-02, -6.549173611977418E-04,
2432920.500000000, A.D. 1949-Jan-04 00:00:00.0000,  3.420899375306802E-01, -1.887949566996964E-01, -4.685349581978866E-02,  8.084702944162079E-03,  2.592699864688637E-02,  1.373087654816717E-03,
2432930.500000000, A.D. 1949-Jan-14 00:00:00.0000,  3.225396952304053E-01,  9.574871955879662E-02, -2.183155944598821E-02, -1.345561365976230E-02,  2.823639189808459E-02,  3.541496872813470E-03,
2432940.500000000, A.D. 1949-Jan-24 00:00:00.0000,  7.644035841684520E-02,  2.973712686638939E-01,  1.724581963637766E-02, -3.288432855449894E-02,  8.069872625826905E-03,  3.681289647889964E-03,
2432950.500000000, A.D. 1949-Feb-03 00:00:00.0000, -2.376074964345048E-01,  2.320304653905559E-01,  4.077875827337862E-02, -2.536464238112658E-02, -1.898235186528243E-02,  7.820538879521567E-04,
2432960.500000000, A.D. 1949-Feb-13 00:00:00.0000, -3.889027809288517E-01, -1.333668732259216E-02,  3.465795826180407E-02, -4.886314082053514E-03, -2.689844060413813E-02, -1.746369210803461E-03,
2432970.500000000, A.D. 1949-Feb-23 00:00:00.0000, -3.524240752201127E-01, -2.614677760699703E-01,  1.105203271062546E-02,  1.100443655328855E-02, -2.133339193720308E-02, -2.752760576849014E-03,
2432980.500000000, A.D. 1949-Mar-05 00:00:00.0000, -1.921303990607660E-01, -4.222254437117474E-01, -1.680292702361816E-02,  1.994853645021034E-02, -1.026870758239451E-02, -2.671747469481997E-03,
2432990.500000000, A.D. 1949-Mar-15 00:00:00.0000,  2.521522258184959E-02, -4.596620716261259E-01, -3.983616976296999E-02,  2.245161123285888E-02,  2.996777318266648E-03, -1.819063513483058E-03,
2433000.500000000, A.D. 1949-Mar-25 00:00:00.0000,  2.338936580776949E-01, -3.607050230201818E-01, -5.094001092449391E-02,  1.799311328292061E-02,  1.669783753544832E-02, -2.909450179269232E-04,
2433010.500000000, A.D. 1949-Apr-04 00:00:00.0000,  3.549293943597097E-01, -1.343787980596793E-01, -4.359192516472088E-02,  4.484672422895077E-03,  2.759164240821076E-02,  1.839873990237125E-03,
2433020.500000000, A.D. 1949-Apr-14 00:00:00.0000,  2.900851968335462E-01,  1.512108421793730E-01, -1.432128627984761E-02, -1.848941621971628E-02,  2.619896902159423E-02,  3.837886702228534E-03,
2433030.500000000, A.D. 1949-Apr-24 00:00:00.0000,  8.524733014391363E-03,  3.074368491143670E-01,  2.431008914283024E-02, -3.376383942033579E-02,  1.816139571071398E-03,  3.251669416623391E-03,
2433040.500000000, A.D. 1949-May-04 00:00:00.0000, -2.851072203667224E-01,  1.900269787104874E-01,  4.171627079462937E-02, -2.135483211071653E-02, -2.222930249346431E-02,  1.484433253951015E-04,
2433050.500000000, A.D. 1949-May-14 00:00:00.0000, -3.949336466242422E-01, -6.764646934066135E-02,  3.077919012558846E-02, -1.095459495674567E-03, -2.651036062664253E-02, -2.063143357925698E-03,
2433060.500000000, A.D. 1949-May-24 00:00:00.0000, -3.276348392056641E-01, -3.028335519746969E-01,  5.396887231458842E-03,  1.336390074790192E-02, -1.937736383421250E-02, -2.809975268149606E-03,
2433070.500000000, A.D. 1949-Jun-03 00:00:00.0000, -1.505383916253353E-01, -4.404733889839973E-01, -2.211551120211504E-02,  2.097259763202427E-02, -7.691578713892168E-03, -2.555511784749514E-03,
2433080.500000000, A.D. 1949-Jun-13 00:00:00.0000,  7.055545243557539E-02, -4.507274696533797E-01, -4.327441795690258E-02,  2.215570537104821E-02,  5.804942112887345E-03, -1.562638020948138E-03,
2433090.500000000, A.D. 1949-Jun-23 00:00:00.0000,  2.685461307983972E-01, -3.241210014639672E-01, -5.113889044192213E-02,  1.607071230505193E-02,  1.931473407995942E-02,  9.936858138516832E-05,
2433100.500000000, A.D. 1949-Jul-03 00:00:00.0000,  3.600045926493897E-01, -7.705156292469609E-02, -3.937894925125969E-02,  4.385607854314480E-04,  2.878283701668079E-02,  2.309009677083358E-03,
2433110.500000000, A.D. 1949-Jul-13 00:00:00.0000,  2.476108325574017E-01,  2.013976507439512E-01, -6.320615930773797E-03, -2.328526960188362E-02,  2.304480521709777E-02,  4.021235623037011E-03,
2433120.500000000, A.D. 1949-Jul-23 00:00:00.0000, -5.973476665196879E-02,  3.047963921108298E-01,  3.036869551303765E-02, -3.324995147169115E-02, -4.373974496643150E-03,  2.699154597172785E-03,
2433130.500000000, A.D. 1949-Aug-02 00:00:00.0000, -3.241730943019224E-01,  1.423824396763335E-01,  4.141792782439215E-02, -1.710621009660241E-02, -2.455515543279467E-02, -4.319332839172104E-04,
2433140.500000000, A.D. 1949-Aug-12 00:00:00.0000, -3.935394725656846E-01, -1.206933132772561E-01,  2.632086555816199E-02,  2.418727888408138E-03, -2.567423528100073E-02, -2.317909667347686E-03,
2433150.500000000, A.D. 1949-Aug-22 00:00:00.0000, -2.983426371768994E-01, -3.400432278597105E-01, -3.329963683091563E-04,  1.543962648295755E-02, -1.724734987131594E-02, -2.826898175337569E-03,
2433160.500000000, A.D. 1949-Sep-01 00:00:00.0000, -1.071320497084102E-01, -4.534142422110177E-01, -2.716162490024480E-02,  2.173618556156915E-02, -5.042971420311396E-03, -2.409484199607720E-03,
2433170.500000000, A.D. 1949-Sep-11 00:00:00.0000,  1.149959634420125E-01, -4.360859697950917E-01, -4.616393267173990E-02,  2.156585607601652E-02,  8.619267274674394E-03, -1.278676165501800E-03,
2433180.500000000, A.D. 1949-Sep-21 00:00:00.0000,  2.988929388600420E-01, -2.823682463715333E-01, -5.051978861916425E-02,  1.375150063083940E-02,  2.178957691181576E-02,  5.145664500602899E-04,
2433190.500000000, A.D. 1949-Oct-01 00:00:00.0000,  3.564368106000166E-01, -1.791137134407354E-02, -3.422325484795517E-02, -4.021071535747597E-03,  2.936776904197645E-02,  2.766657906582072E-03,
2433200.500000000, A.D. 1949-Oct-11 00:00:00.0000,  1.959199942805737E-01,  2.440328767285887E-01,  1.910907776600690E-03, -2.752006312182759E-02,  1.878281269499127E-02,  4.062559787313804E-03,
2433210.500000000, A.D. 1949-Oct-21 00:00:00.0000, -1.256206967431421E-01,  2.899789088463069E-01,  3.521500213221149E-02, -3.146609617377653E-02, -1.011957166321906E-02,  2.066167447564866E-03,
2433220.500000000, A.D. 1949-Oct-31 00:00:00.0000, -3.545337529029312E-01,  9.088573246742095E-02,  4.000466134458416E-02, -1.281118912374721E-02, -2.603807925639127E-02, -9.477763259085055E-04,
2433230.500000000, A.D. 1949-Nov-10 00:00:00.0000, -3.853023777404608E-01, -1.716574274982400E-01,  2.140325687704854E-02,  5.640285209580899E-03, -2.446787806622640E-02, -2.515548704802015E-03,
2433240.500000000, A.D. 1949-Nov-20 00:00:00.0000, -2.651135695781026E-01, -3.727781404860480E-01, -6.059682910805794E-03,  1.723926991342017E-02, -1.497208713342232E-02, -2.806577812504743E-03,
2433250.500000000, A.D. 1949-Nov-30 00:00:00.0000, -6.243606579157465E-02, -4.609140003576323E-01, -3.188229837706966E-02,  2.223827531408595E-02, -2.335130259769379E-03, -2.234589332571698E-03,
2433260.500000000, A.D. 1949-Dec-10 00:00:00.0000,  1.579320936991430E-01, -4.157320712047470E-01, -4.844914782813262E-02,  2.066652133498797E-02,  1.142260237145590E-02, -9.671792837670090E-04,
2433270.500000000, A.D. 1949-Dec-20 00:00:00.0000,  3.241093884804864E-01, -2.357690251352505E-01, -4.903392666236184E-02,  1.101079041895852E-02,  2.406509877072664E-02,  9.522254017211996E-04,
2433280.500000000, A.D. 1949-Dec-30 00:00:00.0000,  3.434440653714850E-01,  4.169520635223575E-02, -2.816363296273735E-02, -8.823100000055166E-03,  2.919788412967356E-02,  3.194169454536956E-03,
2433290.500000000, A.D. 1950-Jan-09 00:00:00.0000,  1.364667079040100E-01,  2.770035906658046E-01,  1.006677253965858E-02, -3.085592918598846E-02,  1.354557658082050E-02,  3.941682696371017E-03,
2433300.500000000, A.D. 1950-Jan-19 00:00:00.0000, -1.868092635865333E-01,  2.641913343160803E-01,  3.873416906929842E-02, -2.864582150105623E-02, -1.513710316729335E-02,  1.397378276798523E-03,
2433310.500000000, A.D. 1950-Jan-29 00:00:00.0000, -3.762575503050076E-01,  3.713737500044419E-02,  3.761402567987294E-02, -8.607922193872295E-03, -2.677964263783331E-02, -1.394660336304180E-03,
2433320.500000000, A.D. 1950-Feb-08 00:00:00.0000, -3.708280163246570E-01, -2.198590305886686E-01,  1.613814033565927E-02,  8.564522888513308E-03, -2.295598192029477E-02, -2.660926040089475E-03,
2433330.500000000, A.D. 1950-Feb-18 00:00:00.0000, -2.285044573162014E-01, -4.007683968596988E-01, -1.170956569036372E-02,  1.876947477791589E-02, -1.257523205280646E-02, -2.751579138343593E-03,
2433340.500000000, A.D. 1950-Feb-28 00:00:00.0000, -1.698774337061253E-02, -4.628646662967373E-01, -3.621907697055864E-02,  2.247492024635586E-02,  4.196099642656419E-04, -2.031473853099012E-03,
2433350.500000000, A.D. 1950-Mar-10 00:00:00.0000,  1.987138084457079E-01, -3.897114530519652E-01, -5.007371179051798E-02,  1.943880976253648E-02,  1.419228763498230E-02, -6.282451121483765E-04,
2433360.500000000, A.D. 1950-Mar-20 00:00:00.0000,  3.433151228808191E-01, -1.848051728594274E-01, -4.663922342754720E-02,  7.828484899529952E-03,  2.606640690381317E-02,  1.408092807162398E-03,
2433370.500000000, A.D. 1950-Mar-30 00:00:00.0000,  3.204516044409313E-01,  1.000704233998795E-01, -2.128529563596819E-02, -1.383735174064889E-02,  2.811976869663766E-02,  3.567050284188519E-03,
2433380.500000000, A.D. 1950-Apr-09 00:00:00.0000,  7.139741671072483E-02,  2.985739679523463E-01,  1.780832878800232E-02, -3.299929955369835E-02,  7.605342796561543E-03,  3.653808732565244E-03,
2433390.500000000, A.D. 1950-Apr-19 00:00:00.0000, -2.414668261337008E-01,  2.291041583794944E-01,  4.089397024857925E-02, -2.507588281162189E-02, -1.926038940586692E-02,  7.326772869030815E-04,
2433400.500000000, A.D. 1950-Apr-29 00:00:00.0000, -3.896250841339376E-01, -1.745510600517869E-02,  3.438648083126977E-02, -4.591257312847209E-03, -2.688705956292346E-02, -1.772623832031702E-03,
2433410.500000000, A.D. 1950-May-09 00:00:00.0000, -3.507177418625333E-01, -2.647261165544753E-01,  1.062729563178545E-02,  1.119285322120465E-02, -2.119279573052591E-02, -2.758589423276506E-03,
2433420.500000000, A.D. 1950-May-19 00:00:00.0000, -1.890579064768755E-01, -4.237845325007497E-01, -1.721410420709405E-02,  2.003520776620392E-02, -1.007691053102789E-02, -2.663989682371468E-03,
2433430.500000000, A.D. 1950-May-29 00:00:00.0000,  2.866566565726373E-02, -4.591844514578636E-01, -4.011497029309982E-02,  2.243927183185148E-02,  3.208424274136440E-03, -1.800552513533240E-03,
2433440.500000000, A.D. 1950-Jun-08 00:00:00.0000,  2.366505603444678E-01, -3.581256774846147E-01, -5.098244978105865E-02,  1.786104858382140E-02,  1.689938352901334E-02, -2.622493872793905E-04,
2433450.500000000, A.D. 1950-Jun-18 00:00:00.0000,  3.556006877508077E-01, -1.301370369481877E-01, -4.330605785007707E-02,  4.194370176281798E-03,  2.769937522793512E-02,  1.875418589362796E-03,
2433460.500000000, A.D. 1950-Jun-28 00:00:00.0000,  2.872289637627743E-01,  1.552119397837254E-01, -1.373060836014026E-02, -1.886307997872576E-02,  2.600009529610280E-02,  3.855964692447963E-03,
2433470.500000000, A.D. 1950-Jul-08 00:00:00.0000,  3.360304853670789E-03,  3.076812395791490E-01,  2.480532618260390E-02, -3.377275244988890E-02,  1.342165678388181E-03,  3.213655137751063E-03,
2433480.500000000, A.D. 1950-Jul-18 00:00:00.0000, -2.883474143230434E-01,  1.866116655667907E-01,  4.173440790073193E-02, -2.104028707404191E-02, -2.243610366889072E-02,  1.025162746605675E-04,
2433490.500000000, A.D. 1950-Jul-28 00:00:00.0000, -3.950759552631022E-01, -7.170019455039112E-02,  3.045950425748752E-02, -8.204480596649241E-04, -2.646220455180302E-02, -2.084545922146109E-03,
2433500.500000000, A.D. 1950-Aug-07 00:00:00.0000, -3.255690400545334E-01, -3.057893035872158E-01,  4.963700550505640E-03,  1.353056639592301E-02, -1.922249118388880E-02, -2.812633347115240E-03,
2433510.500000000, A.D. 1950-Aug-17 00:00:00.0000, -1.473117818264423E-01, -4.416356347599207E-01, -2.250851867403202E-02,  2.103953909068607E-02, -7.493902305068766E-03, -2.545456762520606E-03,
2433520.500000000, A.D. 1950-Aug-27 00:00:00.0000,  7.395697894184762E-02, -4.498180181993857E-01, -4.351350677261934E-02,  2.212163370234568E-02,  6.017659600616523E-03, -1.542041060206303E-03,
2433530.500000000, A.D. 1950-Sep-06 00:00:00.0000,  2.710040086047484E-01, -3.211394979463371E-01, -5.112105069950208E-02,  1.590953127759568E-02,  1.950741890035977E-02,  1.300162726664388E-04,
2433540.500000000, A.D. 1950-Sep-16 00:00:00.0000,  3.600503945287390E-01, -7.262748283280852E-02, -3.902076100973401E-02,  1.152947607856813E-04,  2.884984205004622E-02,  2.344256058089703E-03,
2433550.500000000, A.D. 1950-Sep-26 00:00:00.0000,  2.440165744512515E-01,  2.049123704731053E-01, -5.701914398805854E-03, -2.362877666250764E-02,  2.276048147694342E-02,  4.029559626922589E-03,
2433560.500000000, A.D. 1950-Oct-06 00:00:00.0000, -6.482059169443180E-02,  3.040943277251676E-01,  3.077930821547247E-02, -3.315698825327562E-02, -4.827325245759331E-03,  2.653463290307116E-03,
2433570.500000000, A.D. 1950-Oct-16 00:00:00.0000, -3.267670580106060E-01,  1.386126846045847E-01,  4.134768260190511E-02, -1.678171071065022E-02, -2.469530467749089E-02, -4.733234481936620E-04,
2433580.500000000, A.D. 1950-Oct-26 00:00:00.0000, -3.931474018992052E-01, -1.246191676536561E-01,  2.596252872511490E-02,  2.672222789132816E-03, -2.559540338780461E-02, -2.334826623471129E-03,
2433590.500000000, A.D. 1950-Nov-05 00:00:00.0000, -2.959624712671262E-01, -3.426725103649303E-01, -7.684022196329739E-04,  1.558512856512344E-02, -1.708043868253269E-02, -2.826632301142271E-03,
2433600.500000000, A.D. 1950-Nov-15 00:00:00.0000, -1.037931415863715E-01, -4.541701011224996E-01, -2.753182985999395E-02,  2.178334505968121E-02, -4.840365894978436E-03, -2.397219244827716E-03,
2433610.500000000, A.D. 1950-Nov-25 00:00:00.0000,  1.183012691597285E-01, -4.347448670386507E-01, -4.635911120779326E-02,  2.150896902248942E-02,  8.831808994799285E-03, -1.256008689231360E-03,
2433620.500000000, A.D. 1950-Dec-05 00:00:00.0000,  3.009886597270812E-01, -2.790074554824963E-01, -5.043797244204552E-02,  1.355931796533961E-02,  2.196951423883194E-02,  5.470154199200796E-04,
2433630.500000000, A.D. 1950-Dec-15 00:00:00.0000,  3.557909172682027E-01, -1.339868740952720E-02, -3.379457164404209E-02, -4.373614532419714E-03,  2.938333675221120E-02,  2.800395841277317E-03,
2433640.500000000, A.D. 1950-Dec-25 00:00:00.0000,  1.916686708104727E-01,  2.468906676984865E-01,  2.536105359259840E-03, -2.780809650887874E-02,  1.841804646703090E-02,  4.059228688997098E-03,
2433650.500000000, A.D. 1951-Jan-04 00:00:00.0000, -1.304423980516595E-01,  2.883924160845365E-01,  3.552905427044365E-02, -3.128546060868446E-02, -1.052752776701619E-02,  2.016148926031892E-03,
2433660.500000000, A.D. 1951-Jan-14 00:00:00.0000, -3.564778610384440E-01,  8.687881335041045E-02,  3.985548693191927E-02, -1.248847824307182E-02, -2.611870924511015E-02, -9.841232202068043E-04,
2433670.500000000, A.D. 1951-Jan-24 00:00:00.0000, -3.844184452455489E-01, -1.754083456760047E-01,  2.101427526296254E-02,  5.871939964298318E-03, -2.436338039451017E-02, -2.528358717261427E-03,
2433680.500000000, A.D. 1951-Feb-03 00:00:00.0000, -2.624557640388192E-01, -3.750641099526178E-01, -6.492313436425121E-03,  1.736439341354626E-02, -1.479468804420703E-02, -2.803588573150628E-03,
2433690.500000000, A.D. 1951-Feb-13 00:00:00.0000, -5.901757400366830E-02, -4.612555694696863E-01, -3.222579802758583E-02,  2.226555383306373E-02, -2.128120636640183E-03, -2.220143917426269E-03,
2433700.500000000, A.D. 1951-Feb-23 00:00:00.0000,  1.611010032536976E-01, -4.139581235447061E-01, -4.859630558364895E-02,  2.058537990408222E-02,  1.163384516893537E-02, -9.423925726251502E-04,
2433710.500000000, A.D. 1951-Mar-05 00:00:00.0000,  3.257829047928831E-01, -2.320533770803300E-01, -4.888422740096327E-02,  1.078546842627725E-02,  2.422751626416472E-02,  9.862853157763223E-04,
2433720.500000000, A.D. 1951-Mar-15 00:00:00.0000,  3.420539862476639E-01,  4.618665054570219E-02, -2.766824355172255E-02, -9.197847850712235E-03,  2.915007458206790E-02,  3.224764883199004E-03,
2433730.500000000, A.D. 1951-Mar-25 00:00:00.0000,  1.316958676021025E-01,  2.790567614724326E-01,  1.067395308837667E-02, -3.106341191754653E-02,  1.311553801157700E-02,  3.925606647312036E-03,
2433740.500000000, A.D. 1951-Apr-04 00:00:00.0000, -1.912041392980494E-01,  2.618336083546607E-01,  3.894589172412436E-02, -2.839754906722495E-02, -1.548232045894284E-02,  1.346268945197672E-03,
2433750.500000000, A.D. 1951-Apr-14 00:00:00.0000, -3.775608702262649E-01,  3.301256424542855E-02,  3.739630369798091E-02, -8.295912270359276E-03, -2.680851829174417E-02, -1.425784098867537E-03,
2433760.500000000, A.D. 1951-Apr-24 00:00:00.0000, -3.694957443156649E-01, -2.233821654402523E-01,  1.572664624382113E-02,  8.773990682432047E-03, -2.283047497050284E-02, -2.669972077349373E-03,
2433770.500000000, A.D. 1951-May-04 00:00:00.0000, -2.256101809001346E-01, -4.026889811253440E-01, -1.213394412526951E-02,  1.887453380071880E-02, -1.238926005804462E-02, -2.746043686382545E-03,
2433780.500000000, A.D. 1951-May-14 00:00:00.0000, -1.353131196432572E-02, -4.627840515297668E-01, -3.653144738881253E-02,  2.248181803852676E-02,  6.298332716322149E-04, -2.014896074993583E-03,
2433790.500000000, A.D. 1951-May-24 00:00:00.0000,  2.016941976768267E-01, -3.875121260264877E-01, -5.016871598878384E-02,  1.933182156460461E-02,  1.439997763226285E-02, -6.013795222574029E-04,
2433800.500000000, A.D. 1951-Jun-03 00:00:00.0000,  3.444973684811253E-01, -1.807834719757185E-01, -4.641936555525066E-02,  7.568976738178186E-03,  2.620446568133060E-02,  1.443297080720765E-03,
2433810.500000000, A.D. 1951-Jun-13 00:00:00.0000,  3.182887050140492E-01,  1.043898060831506E-01, -2.073300449106388E-02, -1.422109524079598E-02,  2.799716438251681E-02,  3.592355355041141E-03,
2433820.500000000, A.D. 1951-Jun-23 00:00:00.0000,  6.630249797929508E-02,  2.997078515326031E-01,  1.837007040031133E-02, -3.310744515844490E-02,  7.136298738593281E-03,  3.625413098292391E-03,
2433830.500000000, A.D. 1951-Jul-03 00:00:00.0000, -2.453104709470747E-01,  2.261125369421095E-01,  4.100313444309011E-02, -2.478258094764588E-02, -1.953468684539256E-02,  6.832293832908751E-04,
2433840.500000000, A.D. 1951-Jul-13 00:00:00.0000, -3.903110624694158E-01, -2.159937081410554E-02,  3.411040782651201E-02, -4.295905466214023E-03, -2.687216835646764E-02, -1.798631519458767E-03,
2433850.500000000, A.D. 1951-Jul-23 00:00:00.0000, -3.489798766223094E-01, -2.679818298668948E-01,  1.020043271760475E-02,  1.138027488334272E-02, -2.104994316257351E-02, -2.764185170310323E-03,
2433860.500000000, A.D. 1951-Aug-02 00:00:00.0000, -1.859662928196773E-01, -4.253227659564293E-01, -1.762526792073371E-02,  2.012045253124097E-02, -9.883657260805969E-03, -2.656034484140622E-03,
2433870.500000000, A.D. 1951-Aug-12 00:00:00.0000,  3.211941231373149E-02, -4.586740490745053E-01, -4.039184050693387E-02,  2.242516829062011E-02,  3.421032674348372E-03, -1.781847775297854E-03,
2433880.500000000, A.D. 1951-Aug-22 00:00:00.0000,  2.393898643725691E-01, -3.555064378197232E-01, -5.102082626467359E-02,  1.772645271778645E-02,  1.710130583820143E-02, -2.333143417147646E-04,
2433890.500000000, A.D. 1951-Sep-01 00:00:00.0000,  3.562224881928689E-01, -1.258599886578971E-01, -4.301362451199312E-02,  3.900236841521820E-03,  2.780531533654211E-02,  1.911184771167054E-03,
2433900.500000000, A.D. 1951-Sep-11 00:00:00.0000,  2.842905534974025E-01,  1.592043916893607E-01, -1.313355748514549E-02, -1.923788823832206E-02,  2.579402923120661E-02,  3.873621863495748E-03,
2433910.500000000, A.D. 1951-Sep-21 00:00:00.0000, -1.848350934177400E-03,  3.078515562048006E-01,  2.529882617145201E-02, -3.377390259299759E-02,  8.652980503114691E-04,  3.174763166420823E-03,
2433920.500000000, A.D. 1951-Oct-01 00:00:00.0000, -2.915678297994264E-01,  1.831376789387874E-01,  4.174670433536173E-02, -2.072204411645476E-02, -2.263887269655411E-02,  5.660592491163807E-05,
2433930.500000000, A.D. 1951-Oct-11 00:00:00.0000, -3.951829317496351E-01, -7.577402860956704E-02,  3.013572875130710E-02, -5.453571439908303E-04, -2.641076477946684E-02, -2.105705419569873E-03,
2433940.500000000, A.D. 1951-Oct-21 00:00:00.0000, -3.234735538301414E-01, -3.087387809010497E-01,  4.528784499940349E-03,  1.369622986100728E-02, -1.906554756847090E-02, -2.815071555718238E-03,
2433950.500000000, A.D. 1951-Oct-31 00:00:00.0000, -1.440678770665052E-01, -4.427750777200064E-01, -2.290122059751389E-02,  2.110503804542949E-02, -7.294933434176517E-03, -2.535210440310084E-03,
2433960.500000000, A.D. 1951-Nov-10 00:00:00.0000,  7.735921478741246E-02, -4.488757497116422E-01, -4.375038729475943E-02,  2.208564706930974E-02,  6.231092639756390E-03, -1.521248912898093E-03,
2433970.500000000, A.D. 1951-Nov-20 00:00:00.0000,  2.734395169809929E-01, -3.181218749754900E-01, -5.109892436606639E-02,  1.574556527655027E-02,  1.969991001132920E-02,  1.608825552455096E-04,
2433980.500000000, A.D. 1951-Nov-30 00:00:00.0000,  3.600409263405543E-01, -6.818064273078021E-02, -3.865643034844952E-02, -2.115448138814690E-04,  2.891384715787444E-02,  2.379594614006246E-03,
2433990.500000000, A.D. 1951-Dec-10 00:00:00.0000,  2.403468497017318E-01,  2.083951127626628E-01, -5.079384887901581E-03, -2.397105373685848E-02,  2.246875275438912E-02,  4.037217548837291E-03,
2434000.500000000, A.D. 1951-Dec-20 00:00:00.0000, -6.992734192150643E-02,  3.033120720033610E-01,  3.118544010804835E-02, -3.305658821410247E-02, -5.280920550912182E-03,  2.607135422351962E-03,
2434010.500000000, A.D. 1951-Dec-30 00:00:00.0000, -3.293314326671110E-01,  1.347899780835323E-01,  4.127105720102104E-02, -1.645478736120499E-02, -2.483154801957478E-02, -5.145852353486816E-04,
2434020.500000000, A.D. 1952-Jan-09 00:00:00.0000, -3.927167297379400E-01, -1.285631379800624E-01,  2.559994492445949E-02,  2.925601096349774E-03, -2.551362153061007E-02, -2.351498602319931E-03,
2434030.500000000, A.D. 1952-Jan-19 00:00:00.0000, -2.935495846690655E-01, -3.452950354935016E-01, -1.205677789672826E-03,  1.572969401148780E-02, -1.691144527646532E-02, -2.826139788130875E-03,
2434040.500000000, A.D. 1952-Jan-29 00:00:00.0000, -1.004333706371992E-01, -4.549015323603286E-01, -2.790171108543870E-02,  2.182907028220825E-02, -4.636275898440078E-03, -2.384737143150151E-03,
2434050.500000000, A.D. 1952-Feb-08 00:00:00.0000,  1.216099626232061E-01, -4.333671026733335E-01, -4.655170522141667E-02,  2.144995861769374E-02,  9.045287207308980E-03, -1.233101425299204E-03,
2434060.500000000, A.D. 1952-Feb-18 00:00:00.0000,  3.030611039520008E-01, -2.756055809978943E-01, -5.035102966133470E-02,  1.336384784540501E-02,  2.214917032598577E-02,  5.797229149864200E-04,
2434070.500000000, A.D. 1952-Feb-28 00:00:00.0000,  3.550843619507115E-01, -8.863734292530985E-03, -3.335896647596954E-02, -4.729841215485120E-03,  2.939479649791887E-02,  2.834139030195779E-03,
2434080.500000000, A.D. 1952-Mar-09 00:00:00.0000,  1.873475128979144E-01,  2.497054512681811E-01,  3.163920507365629E-03, -2.809254274994423E-02,  1.804586664100519E-02,  4.054996895940784E-03,
2434090.500000000, A.D. 1952-Mar-19 00:00:00.0000, -1.352658509496616E-01,  2.867323482571724E-01,  3.583740324159863E-02, -3.109792770975362E-02, -1.093347532588978E-02,  1.965706186444023E-03,
2434100.500000000, A.D. 1952-Mar-29 00:00:00.0000, -3.583854089657864E-01,  8.283577376800547E-02,  3.970051123738794E-02, -1.216453445005669E-02, -2.619541230407519E-02, -1.020238838716797E-03,
2434110.500000000, A.D. 1952-Apr-08 00:00:00.0000, -3.834972308352019E-01, -1.791639142981087E-01,  2.062209354674484E-02,  6.102953943923427E-03, -2.425645832890658E-02, -2.540915432116823E-03,
2434120.500000000, A.D. 1952-Apr-18 00:00:00.0000, -2.597701181481674E-01, -3.773353823545142E-01, -6.925836295237111E-03,  1.748833669370890E-02, -1.461575039042456E-02, -2.800387911300998E-03,
2434130.500000000, A.D. 1952-Apr-28 00:00:00.0000, -5.558511709986072E-02, -4.615699444340822E-01, -3.256817463270990E-02,  2.229122056638213E-02, -1.920131403072000E-03, -2.205502192233609E-03,
2434140.500000000, A.D. 1952-May-08 00:00:00.0000,  1.642647907280377E-01, -4.121502221400890E-01, -4.874036006375128E-02,  2.050198091414827E-02,  1.184539777993899E-02, -9.174049433281706E-04,
2434150.500000000, A.D. 1952-May-18 00:00:00.0000,  3.274242910623559E-01, -2.283072679274090E-01, -4.872950520947575E-02,  1.055700485149502E-02,  2.438865184592181E-02,  1.020507696857395E-03,
2434160.500000000, A.D. 1952-May-28 00:00:00.0000,  3.406012184735697E-01,  5.067780162020277E-02, -2.716763893893299E-02, -9.574757815984351E-03,  2.909695766232490E-02,  3.255129025154887E-03,
2434170.500000000, A.D. 1952-Jun-07 00:00:00.0000,  1.268777877148877E-01,  2.810455256666027E-01,  1.127990429097478E-02, -3.126482296949767E-02,  1.268033763201938E-02,  3.908589208906573E-03,
2434180.500000000, A.D. 1952-Jun-17 00:00:00.0000, -1.955776711902329E-01,  2.594095849467563E-01,  3.915038410131415E-02, -2.814434669799256E-02, -1.582374875301389E-02,  1.295061500834496E-03,
2434190.500000000, A.D. 1952-Jun-27 00:00:00.0000, -3.788217970739939E-01,  2.886239012984861E-02,  3.717310742991669E-02, -7.983762385482592E-03, -2.683387181865381E-02, -1.456610781403140E-03,
2434200.500000000, A.D. 1952-Jul-07 00:00:00.0000, -3.681266530247838E-01, -2.269033190829178E-01,  1.531253005773827E-02,  8.982494915013123E-03, -2.270287306042483E-02, -2.678758117828075E-03,
2434210.500000000, A.D. 1952-Jul-17 00:00:00.0000, -2.226904526138049E-01, -4.045905769759657E-01, -1.255858565213526E-02,  1.897830976018399E-02, -1.220190526760914E-02, -2.740291594557191E-03,
2434220.500000000, A.D. 1952-Jul-27 00:00:00.0000, -1.006391784235120E-02, -4.626730048855473E-01, -3.684200413869924E-02,  2.248706471983641E-02,  8.409701252163826E-04, -1.998114573450250E-03,
2434230.500000000, A.D. 1952-Aug-06 00:00:00.0000,  2.046658589266643E-01, -3.852762209882631E-01, -5.025983519639170E-02,  1.922247227211360E-02,  1.460788767033734E-02, -5.743031789959790E-04,
2434240.500000000, A.D. 1952-Aug-16 00:00:00.0000,  3.456423676496985E-01, -1.767311956084602E-01, -4.619371180825151E-02,  7.306184455834314E-03,  2.634072554215760E-02,  1.478637668921977E-03,
2434250.500000000, A.D. 1952-Aug-26 00:00:00.0000,  3.160610962134804E-01,  1.087000515162806E-01, -2.017576283282396E-02, -1.460582290648357E-02,  2.786818897085167E-02,  3.617225528802335E-03,
2434260.500000000, A.D. 1952-Sep-05 00:00:00.0000,  6.117833401801902E-02,  3.007715492094312E-01,  1.892857079139784E-02, -3.320788601762299E-02,  6.664354521094490E-03,  3.596088388120987E-03,
2434270.500000000, A.D. 1952-Sep-15 00:00:00.0000, -2.491188286020312E-01,  2.230708065687085E-01,  4.110498884539655E-02, -2.448597758254537E-02, -1.980417204453675E-02,  6.338961421804467E-04,
2434280.500000000, A.D. 1952-Sep-25 00:00:00.0000, -3.909538151557312E-01, -2.575196767885068E-02,  3.382992812101205E-02, -4.001282091841351E-03, -2.685418139757205E-02, -1.824301949417085E-03,
2434290.500000000, A.D. 1952-Oct-05 00:00:00.0000, -3.472099275868876E-01, -2.712239117270782E-01,  9.772098526671069E-03,  1.156640914060207E-02, -2.090558175742943E-02, -2.769533184269133E-03,
2434300.500000000, A.D. 1952-Oct-15 00:00:00.0000, -1.828560164688498E-01, -4.268362026576353E-01, -1.803574248777567E-02,  2.020428501757983E-02, -9.689600451284487E-03, -2.647886422371254E-03,
2434310.500000000, A.D. 1952-Oct-25 00:00:00.0000,  3.557622553743545E-02, -4.581334223264400E-01, -4.066619985817775E-02,  2.240930867886802E-02,  3.633901626485904E-03, -1.762968428293122E-03,
2434320.500000000, A.D. 1952-Nov-04 00:00:00.0000,  2.421117657318012E-01, -3.528586697429995E-01, -5.105505973474762E-02,  1.758948859462843E-02,  1.730248919479174E-02, -2.042371230161550E-04,
2434330.500000000, A.D. 1952-Nov-14 00:00:00.0000,  3.568010932669288E-01, -1.215721822067873E-01, -4.271634654218166E-02,  3.603564070760860E-03,  2.790810099165763E-02,  1.946898463688838E-03,
2434340.500000000, A.D. 1952-Nov-24 00:00:00.0000,  2.812987669388543E-01,  1.631577387926880E-01, -1.253508855943844E-02, -1.961086506779326E-02,  2.558158614473983E-02,  3.890565069116725E-03,
2434350.500000000, A.D. 1952-Dec-04 00:00:00.0000, -7.053164097624104E-03,  3.079441649624527E-01,  2.578522788946197E-02, -3.376741146990110E-02,  3.892594342147430E-04,  3.135243726636657E-03,
2434360.500000000, A.D. 1952-Dec-14 00:00:00.0000, -2.947385486024614E-01,  1.796258338976752E-01,  4.175116777641062E-02, -2.040261266351759E-02, -2.283683061482446E-02,  1.101271981847969E-05,
2434370.500000000, A.D. 1952-Dec-24 00:00:00.0000, -3.952441936443110E-01, -7.984983046773551E-02,  2.980777289357966E-02, -2.714521455521885E-04, -2.635690070645567E-02, -2.126523478772589E-03,
2434380.500000000, A.D. 1953-Jan-03 00:00:00.0000, -3.213452712999728E-01, -3.116727435481219E-01,  4.092598345206919E-03,  1.386056572576920E-02, -1.890733168328093E-02, -2.817260277147477E-03,
2434390.500000000, A.D. 1953-Jan-13 00:00:00.0000, -1.408050396860070E-01, -4.438888766445920E-01, -2.329292634656365E-02,  2.116904959286278E-02, -7.095172332435326E-03, -2.524753604436482E-03,
2434400.500000000, A.D. 1953-Jan-23 00:00:00.0000,  8.076355856061485E-02, -4.479022671011301E-01, -4.398425667071836E-02,  2.204773537804052E-02,  6.444798033699308E-03, -1.500264064510022E-03,
2434410.500000000, A.D. 1953-Feb-02 00:00:00.0000,  2.758546862767300E-01, -3.150752729164309E-01, -5.107205046904493E-02,  1.557902577724635E-02,  1.989149696177959E-02,  1.918892279640609E-04,
2434420.500000000, A.D. 1953-Feb-12 00:00:00.0000,  3.599845522361221E-01, -6.372673029940187E-02, -3.828699433019561E-02, -5.407075053633615E-04,  2.897397471610600E-02,  2.414794222306880E-03,
2434430.500000000, A.D. 1953-Feb-22 00:00:00.0000,  2.366308342511798E-01,  2.118285896894890E-01, -4.456785221590656E-03, -2.430945084610294E-02,  2.217077894658635E-02,  4.043973213569669E-03,
2434440.500000000, A.D. 1953-Mar-04 00:00:00.0000, -7.501089662096512E-02,  3.024598182359273E-01,  3.158333580638818E-02, -3.294922750903417E-02, -5.731297559550351E-03,  2.560424990319133E-03,
2434450.500000000, A.D. 1953-Mar-14 00:00:00.0000, -3.318413918638251E-01,  1.309465167003643E-01,  4.118745158915352E-02, -1.612797130944523E-02, -2.496322154826159E-02, -5.554413344180738E-04,
2434460.500000000, A.D. 1953-Mar-24 00:00:00.0000, -3.922432639193656E-01, -1.324968553586134E-01,  2.523425934566322E-02,  3.177417836837320E-03, -2.542995510674950E-02, -2.367842828425618E-03,
2434470.500000000, A.D. 1953-Apr-03 00:00:00.0000, -2.911088563970693E-01, -3.478947777620879E-01, -1.643368294660669E-03,  1.587284002943509E-02, -1.674162886346933E-02, -2.825423268712842E-03,
2434480.500000000, A.D. 1953-Apr-13 00:00:00.0000, -9.706016048673424E-02, -4.556041920220615E-01, -2.826997351852831E-02,  2.187326981368444E-02, -4.431784959195819E-03, -2.372064961754572E-03,
2434490.500000000, A.D. 1953-Apr-23 00:00:00.0000,  1.249148097408997E-01, -4.319591118314235E-01, -4.674086752407992E-02,  2.138897040508110E-02,  9.258574738805895E-03, -1.210024828365093E-03,
2434500.500000000, A.D. 1953-May-03 00:00:00.0000,  3.051071542173242E-01, -2.721816731104533E-01, -5.025931197993559E-02,  1.316590040804159E-02,  2.232714787066210E-02,  6.125050638214811E-04,
2434510.500000000, A.D. 1953-May-13 00:00:00.0000,  3.543297883915328E-01, -4.338398279689576E-03, -3.291945263277658E-02, -5.087240952104900E-03,  2.940131928897622E-02,  2.867549305308469E-03,
2434520.500000000, A.D. 1953-May-23 00:00:00.0000,  1.830000157479942E-01,  2.524531517912585E-01,  3.788522712847267E-03, -2.837058845532358E-02,  1.766914732837552E-02,  4.049761570506426E-03,
2434530.500000000, A.D. 1953-Jun-02 00:00:00.0000, -1.400426427835733E-01,  2.850131028572038E-01,  3.613615382255811E-02, -3.090543052201938E-02, -1.133400578090159E-02,  1.915234844708989E-03,
2434540.500000000, A.D. 1953-Jun-12 00:00:00.0000, -3.602347156127504E-01,  7.878705961928595E-02,  3.953928331881369E-02, -1.184195083416665E-02, -2.626815374962385E-02, -1.055885401467128E-03,
2434550.500000000, A.D. 1953-Jun-22 00:00:00.0000, -3.825358411982421E-01, -1.829004886096439E-01,  2.022764368102815E-02,  6.332157989011748E-03, -2.414816971851272E-02, -2.553155740682247E-03,
2434560.500000000, A.D. 1953-Jul-02 00:00:00.0000, -2.570601477744036E-01, -3.795788539129984E-01, -7.359041780017889E-03,  1.761087862864781E-02, -1.443623915669197E-02, -2.796970391883868E-03,
2434570.500000000, A.D. 1953-Jul-12 00:00:00.0000, -5.214206077080810E-02, -4.618521857055999E-01, -3.290824109538752E-02,  2.231545604459943E-02, -1.711838024428889E-03, -2.190671363573511E-03,
2434580.500000000, A.D. 1953-Jul-22 00:00:00.0000,  1.674226269619813E-01, -4.103094077850947E-01, -4.888027137530389E-02,  2.041663436001505E-02,  1.205668794778629E-02, -8.922443424746920E-04,
2434590.500000000, A.D. 1953-Aug-01 00:00:00.0000,  3.290370112518696E-01, -2.245384016605349E-01, -4.856935965686766E-02,  1.032604975403537E-02,  2.454769889709614E-02,  1.054775166627084E-03,
2434600.500000000, A.D. 1953-Aug-11 00:00:00.0000,  3.391017660855854E-01,  5.515273944289321E-02, -2.666346898859787E-02, -9.951742078919639E-03,  2.903799197410102E-02,  3.284968440664063E-03,
2434610.500000000, A.D. 1953-Aug-21 00:00:00.0000,  1.220551227881002E-01,  2.829632649487222E-01,  1.188038713099083E-02, -3.145778893285946E-02,  1.224287523785887E-02,  3.890535560485990E-03,
2434620.500000000, A.D. 1953-Aug-31 00:00:00.0000, -1.998859050420762E-01,  2.569494191380221E-01,  3.934523276309490E-02, -2.788832994086981E-02, -1.615826199548284E-02,  1.244123216990818E-03,
2434630.500000000, A.D. 1953-Sep-10 00:00:00.0000, -3.800243391515904E-01,  2.473053405840057E-02,  3.694524743658251E-02, -7.674205266737605E-03, -2.685594257190078E-02, -1.486917730063040E-03,
2434640.500000000, A.D. 1953-Sep-20 00:00:00.0000, -3.667249905436690E-01, -2.303894619277852E-01,  1.489777424146197E-02,  9.188743344018235E-03, -2.257472523509862E-02, -2.687251847200408E-03,
2434650.500000000, A.D. 1953-Sep-30 00:00:00.0000, -2.197568023775879E-01, -4.064561784012534E-01, -1.298161798528281E-02,  1.908052187216593E-02, -1.201471707145962E-02, -2.734361573076978E-03,
2434660.500000000, A.D. 1953-Oct-10 00:00:00.0000, -6.597373456746020E-03, -4.625287798228214E-01, -3.714937126238895E-02,  2.249082022599868E-02,  1.051703795946343E-03, -1.981188587932282E-03,
2434670.500000000, A.D. 1953-Oct-20 00:00:00.0000,  2.076200786633993E-01, -3.830138087508903E-01, -5.034647996470859E-02,  1.911125553604346E-02,  1.481472862515747E-02, -5.471244797973848E-04,
2434680.500000000, A.D. 1953-Oct-30 00:00:00.0000,  3.467501445270345E-01, -1.726715426240309E-01, -4.596331801373621E-02,  7.041523791436887E-03,  2.647392156072327E-02,  1.513882036801164E-03,
2434690.500000000, A.D. 1953-Nov-09 00:00:00.0000,  3.137913645249082E-01,  1.129710016008814E-01, -1.961751429084477E-02, -1.498847076969282E-02,  2.773322578154871E-02,  3.641360548796325E-03,
2434700.500000000, A.D. 1953-Nov-19 00:00:00.0000,  5.607388369941878E-02,  3.017583797988146E-01,  1.947870809476091E-02, -3.329953667255090E-02,  6.193546486703613E-03,  3.565989404232891E-03,
2434710.500000000, A.D. 1953-Nov-29 00:00:00.0000, -2.528549559965125E-01,  2.200071752267016E-01,  4.119775309802887E-02, -2.418881321549785E-02, -2.006681247958306E-02,  5.850555420725122E-04,
2434720.500000000, A.D. 1953-Dec-09 00:00:00.0000, -3.915430694928766E-01, -2.987955552966944E-02,  3.354597988234291E-02, -3.709577068792738E-03, -2.683370038684213E-02, -1.849475669027156E-03,
2434730.500000000, A.D. 1953-Dec-19 00:00:00.0000, -3.454129409717895E-01, -2.744292394612504E-01,  9.344039759018357E-03,  1.175031978954878E-02, -2.076093339944074E-02, -2.774610714458489E-03,
2434740.500000000, A.D. 1953-Dec-29 00:00:00.0000, -1.797372705886632E-01, -4.283135616681749E-01, -1.844383615188088E-02,  2.028653024286943E-02, -9.495836791892287E-03, -2.639570036638226E-03,
2434750.500000000, A.D. 1954-Jan-08 00:00:00.0000,  3.902630176806435E-02, -4.575610749089360E-01, -4.093669988957394E-02,  2.239190434105189E-02,  3.846166883530131E-03, -1.743958049659929E-03,
2434760.500000000, A.D. 1954-Jan-18 00:00:00.0000,  2.448100223499417E-01, -3.501885718650860E-01, -5.108438719667149E-02,  1.745067705096485E-02,  1.750224681512146E-02, -1.750963751838905E-04,
2434770.500000000, A.D. 1954-Jan-28 00:00:00.0000,  3.573382421372758E-01, -1.172859961729806E-01, -4.241457063202574E-02,  3.305517494893123E-03,  2.800720592195253E-02,  1.982409357060032E-03,
2434780.500000000, A.D. 1954-Feb-07 00:00:00.0000,  2.782724586446367E-01,  1.670583922846535E-01, -1.193741052122259E-02, -1.997978677549023E-02,  2.536341878419651E-02,  3.906602449243537E-03,
2434790.500000000, A.D. 1954-Feb-17 00:00:00.0000, -1.221785007459671E-02,  3.079658253327464E-01,  2.626179205001148E-02, -3.375284462954608E-02, -8.283958439526305E-05,  3.095241287673104E-03,
2434800.500000000, A.D. 1954-Feb-27 00:00:00.0000, -2.978353599116050E-01,  1.761081489719153E-01,  4.174761106842181E-02, -2.008426580733150E-02, -2.302860494363841E-02, -3.399045265239308E-05,
2434810.500000000, A.D. 1954-Mar-09 00:00:00.0000, -3.952577423078362E-01, -8.389342331321722E-02,  2.947736738303287E-02, -6.075150879855762E-07, -2.630128276505253E-02, -2.146895058696907E-03,
2434820.500000000, A.D. 1954-Mar-19 00:00:00.0000, -3.191956964939621E-01, -3.145676321255555E-01,  3.657268043871165E-03,  1.402272391282692E-02, -1.874912288456042E-02, -2.819210825509373E-03,
2434830.500000000, A.D. 1954-Mar-29 00:00:00.0000, -1.375393283924356E-01, -4.449663304685382E-01, -2.368189599119219E-02,  2.123145622906960E-02, -6.895856286701883E-03, -2.514144088693472E-03,
2434840.500000000, A.D. 1954-Apr-08 00:00:00.0000,  8.415526025216476E-02, -4.468982298348424E-01, -4.421405267356822E-02,  2.200824871695348E-02,  6.657749083438735E-03, -1.479162540877712E-03,
2434850.500000000, A.D. 1954-Apr-18 00:00:00.0000,  2.782402568011577E-01, -3.120094750576092E-01, -5.104022370065423E-02,  1.541067183926362E-02,  2.008138752854468E-02,  2.229382560839124E-04,
2434860.500000000, A.D. 1954-Apr-28 00:00:00.0000,  3.598823657962218E-01, -5.928160182437649E-02, -3.791341133609078E-02, -8.708357667038788E-04,  2.902988939851067E-02,  2.449719984792382E-03,
2434870.500000000, A.D. 1954-May-08 00:00:00.0000,  2.328859405669722E-01,  2.152000900396910E-01, -3.836317934012597E-03, -2.464229079894195E-02,  2.186778016577166E-02,  4.049752380457346E-03,
2434880.500000000, A.D. 1954-May-18 00:00:00.0000, -8.004614488108243E-02,  3.015451282381805E-01,  3.197136958269670E-02, -3.283537672878162E-02, -6.176175444912876E-03,  2.513512612139427E-03,
2434890.500000000, A.D. 1954-May-28 00:00:00.0000, -3.342845934173672E-01,  1.271051252802105E-01,  4.109720908329823E-02, -1.580290379025068E-02, -2.508967490091801E-02, -5.957223535632231E-04,
2434900.500000000, A.D. 1954-Jun-07 00:00:00.0000, -3.917292038345830E-01, -1.363976734246748E-01,  2.486694989211792E-02,  3.426517311536925E-03, -2.534491771194800E-02, -2.383798570499915E-03,
2434910.500000000, A.D. 1954-Jun-17 00:00:00.0000, -2.886504134227806E-01, -3.504563381946898E-01, -2.079772120929742E-03,  1.601412630638066E-02, -1.657182591043331E-02, -2.824491461292158E-03,
2434920.500000000, A.D. 1954-Jun-27 00:00:00.0000, -9.368507734215133E-02, -4.562708303960593E-01, -2.863518793209921E-02,  2.191605874478649E-02, -4.227643547425773E-03, -2.359242983969927E-03,
2434930.500000000, A.D. 1954-Jul-07 00:00:00.0000,  1.282071902515589E-01, -4.305199830337894E-01, -4.692561347682085E-02,  2.132643957915309E-02,  9.471164990179512E-03, -1.186824593639942E-03,
2434940.500000000, A.D. 1954-Jul-17 00:00:00.0000,  3.071233392431671E-01, -2.687387135276286E-01, -5.016229602716653E-02,  1.296605771987738E-02,  2.250315529341010E-02,  6.453122850657904E-04,
2434950.500000000, A.D. 1954-Jul-27 00:00:00.0000,  3.535307867315668E-01,  1.720773029628240E-04, -3.247617814909485E-02, -5.444901508891288E-03,  2.940277146865567E-02,  2.900533194539318E-03,
2434960.500000000, A.D. 1954-Aug-06 00:00:00.0000,  1.786419821491097E-01,  2.551316035818427E-01,  4.408704081241370E-03, -2.864087731525962E-02,  1.728894514396375E-02,  4.043445239224670E-03,
2434970.500000000, A.D. 1954-Aug-16 00:00:00.0000, -1.447514779030405E-01,  2.832501640911611E-01,  3.642453234752744E-02, -3.070854089585290E-02, -1.172718275230526E-02,  1.864892076940398E-03,
2434980.500000000, A.D. 1954-Aug-26 00:00:00.0000, -3.620174204690782E-01,  7.475998519382568E-02,  3.937273733739873E-02, -1.152234139812097E-02, -2.633660874925054E-02, -1.090921443441999E-03,
2434990.500000000, A.D. 1954-Sep-05 00:00:00.0000, -3.815400943494817E-01, -1.865938924558953E-01,  1.983268624604571E-02,  6.558430760802174E-03, -2.403929343664706E-02, -2.565051942090155E-03,
2435000.500000000, A.D. 1954-Sep-15 00:00:00.0000, -2.543396260108226E-01, -3.817800375821702E-01, -7.790263615578905E-03,  1.773152331523215E-02, -1.425722290253487E-02, -2.793373583944377E-03,
2435010.500000000, A.D. 1954-Sep-25 00:00:00.0000, -4.870473611773173E-02, -4.620984053053170E-01, -3.324486307869912E-02,  2.233822201297216E-02, -1.504261410644305E-03, -2.175716824268877E-03,
2435020.500000000, A.D. 1954-Oct-05 00:00:00.0000,  1.705597769580443E-01, -4.084411380759982E-01, -4.901564888793020E-02,  2.032969949988710E-02,  1.226689406139258E-02, -8.669931414406613E-04,
2435030.500000000, A.D. 1954-Oct-15 00:00:00.0000,  3.306119966723319E-01, -2.207585166086532E-01, -4.840425064260730E-02,  1.009336981726371E-02,  2.470428016165467E-02,  1.089005950891037E-03,
2435040.500000000, A.D. 1954-Oct-25 00:00:00.0000,  3.375552714675181E-01,  5.959974952158154E-02, -2.615676773906095E-02, -1.032793343731365E-02,  2.897360728429055E-02,  3.314264294542975E-03,
2435050.500000000, A.D. 1954-Nov-04 00:00:00.0000,  1.172328496517507E-01,  2.848060570789329E-01,  1.247477692898896E-02, -3.164225994990839E-02,  1.180409552864327E-02,  3.871541685386037E-03,
2435060.500000000, A.D. 1954-Nov-14 00:00:00.0000, -2.041268540115312E-01,  2.544557247435265E-01,  3.953075756640449E-02, -2.762991768109101E-02, -1.648554062996497E-02,  1.193521006782537E-03,
2435070.500000000, A.D. 1954-Nov-24 00:00:00.0000, -3.811701154591163E-01,  2.062145972714207E-02,  3.671345196979035E-02, -7.367574016270742E-03, -2.687461819880501E-02, -1.516680187591659E-03,
2435080.500000000, A.D. 1954-Dec-04 00:00:00.0000, -3.652957719482148E-01, -2.338357155716580E-01,  1.448326934611284E-02,  9.392403827006691E-03, -2.244607502743812E-02, -2.695446197939927E-03,
2435090.500000000, A.D. 1954-Dec-14 00:00:00.0000, -2.168169617883245E-01, -4.082822097277630E-01, -1.340219401751651E-02,  1.918098628530608E-02, -1.182789900732162E-02, -2.728269703704866E-03,
2435100.500000000, A.D. 1954-Dec-24 00:00:00.0000, -3.139989380812020E-03, -4.623500891272927E-01, -3.745295529903292E-02,  2.249316052496186E-02,  1.261811389699798E-03, -1.964149869329238E-03,
2435110.500000000, A.D. 1955-Jan-03 00:00:00.0000,  2.105505069052150E-01, -3.807251160784975E-01, -5.042834991215676E-02,  1.899846337830581E-02,  1.502044941457353E-02, -5.198647622456956E-04,
2435120.500000000, A.D. 1955-Jan-13 00:00:00.0000,  3.478173938612923E-01, -1.686040053515727E-01, -4.572791728939188E-02,  6.775259283728612E-03,  2.660423583914719E-02,  1.549047217405488E-03,
2435130.500000000, A.D. 1955-Jan-23 00:00:00.0000,  3.114778784550076E-01,  1.172050838630678E-01, -1.905770136869232E-02, -1.536894135279576E-02,  2.759242014751291E-02,  3.664790168864913E-03,
2435140.500000000, A.D. 1955-Feb-02 00:00:00.0000,  5.098873655928549E-02,  3.026721078438919E-01,  2.002119285537968E-02, -3.338227484162179E-02,  5.724066977011913E-03,  3.535121263915524E-03,
2435150.500000000, A.D. 1955-Feb-12 00:00:00.0000, -2.565192416843295E-01,  2.169278437029062E-01,  4.128218052875274E-02, -2.389122726886870E-02, -2.032236019376869E-02,  5.367118474925627E-04,
2435160.500000000, A.D. 1955-Feb-22 00:00:00.0000, -3.920818900203870E-01, -3.397428214436468E-02,  3.325935041330120E-02, -3.421154104943125E-03, -2.681067751587012E-02, -1.874152435290401E-03,
2435170.500000000, A.D. 1955-Mar-04 00:00:00.0000, -3.435957620970891E-01, -2.775908523796325E-01,  8.916973183934881E-03,  1.193164945219745E-02, -2.061621204001656E-02, -2.779432805670929E-03,
2435180.500000000, A.D. 1955-Mar-14 00:00:00.0000, -1.766197884873325E-01, -4.297507789858231E-01, -1.884905417636597E-02,  2.036698495483414E-02, -9.302697488626357E-03, -2.631113970405578E-03,
2435190.500000000, A.D. 1955-Mar-24 00:00:00.0000,  4.245906682953389E-02, -4.569558278020491E-01, -4.120318159851567E-02,  2.237300537343004E-02,  4.057629738750425E-03, -1.724852702310080E-03,
2435200.500000000, A.D. 1955-Apr-03 00:00:00.0000,  2.474757564065640E-01, -3.474951383499926E-01, -5.110888372609308E-02,  1.731025622431000E-02,  1.770078343126056E-02, -1.458901000929953E-04,
2435210.500000000, A.D. 1955-Apr-13 00:00:00.0000,  3.578258674678766E-01, -1.129958411813166E-01, -4.210781884841494E-02,  3.005856249401624E-03,  2.810329488767977E-02,  2.017837045082139E-03,
2435220.500000000, A.D. 1955-Apr-23 00:00:00.0000,  2.751953570384234E-01,  1.709166888186807E-01, -1.133832640634078E-02, -2.034600133926643E-02,  2.513945180208513E-02,  3.921920110297238E-03,
2435230.500000000, A.D. 1955-May-03 00:00:00.0000, -1.736911499056146E-02,  3.079164193314903E-01,  2.673145431800573E-02, -3.373036749678197E-02, -5.527275465173775E-04,  3.054678309298232E-03,
2435240.500000000, A.D. 1955-May-13 00:00:00.0000, -3.008767938220990E-01,  1.725722860431432E-01,  4.173744817154704E-02, -1.976567643093571E-02, -2.321457561973190E-02, -7.855828588608611E-05,
2435250.500000000, A.D. 1955-May-23 00:00:00.0000, -3.952314958113314E-01, -8.791469816753661E-02,  2.914497475498309E-02,  2.678513655409473E-04, -2.624331375662073E-02, -2.166862450126201E-03,
2435260.500000000, A.D. 1955-Jun-02 00:00:00.0000, -3.170291459060612E-01, -3.174275166430306E-01,  3.223059141101722E-03,  1.418284264254648E-02, -1.859043385900757E-02, -2.820933041943283E-03,
2435270.500000000, A.D. 1955-Jun-12 00:00:00.0000, -1.342743223071129E-01, -4.460078719817269E-01, -2.406799408623747E-02,  2.129231928024979E-02, -6.696720287873852E-03, -2.503399143424407E-03,
2435280.500000000, A.D. 1955-Jun-22 00:00:00.0000,  8.753167934833715E-02, -4.458616121214355E-01, -4.443980114364889E-02,  2.196730734542241E-02,  6.870217420485881E-03, -1.457953835739025E-03,
2435290.500000000, A.D. 1955-Jul-02 00:00:00.0000,  2.805943595428351E-01, -3.089187436044019E-01, -5.100335235105905E-02,  1.524047324195213E-02,  2.027006938130874E-02,  2.540709293401162E-04,
2435300.500000000, A.D. 1955-Jul-12 00:00:00.0000,  3.597293952747427E-01, -5.483416491172899E-02, -3.753476042773506E-02, -1.202603117124134E-03,  2.908205889131639E-02,  2.484495317693303E-03,
2435310.500000000, A.D. 1955-Jul-22 00:00:00.0000,  2.290973785792915E-01,  2.185206435409678E-01, -3.215814616638166E-03, -2.497062993700169E-02,  2.155907879144148E-02,  4.054640932790145E-03,
2435320.500000000, A.D. 1955-Aug-01 00:00:00.0000, -8.505223897203032E-02,  3.005671615536504E-01,  3.235156541156659E-02, -3.271466816152699E-02, -6.616858067727533E-03,  2.466291925366739E-03,
2435330.500000000, A.D. 1955-Aug-11 00:00:00.0000, -3.366720497095200E-01,  1.232572929098601E-01,  4.100114649785772E-02, -1.547866556059900E-02, -2.521109135481193E-02, -6.355298786196947E-04,
2435340.500000000, A.D. 1955-Aug-21 00:00:00.0000, -3.911791644262515E-01, -1.402725233468398E-01,  2.449817585872998E-02,  3.673225884432038E-03, -2.525815875630612E-02, -2.399401977225603E-03,
2435350.500000000, A.D. 1955-Aug-31 00:00:00.0000, -2.861780819386531E-01, -3.529832043132046E-01, -2.514953820438047E-03,  1.615344210273571E-02, -1.640174865724442E-02, -2.823359556623202E-03,
2435360.500000000, A.D. 1955-Sep-10 00:00:00.0000, -9.031380523076002E-02, -4.569029176578878E-01, -2.899758326046516E-02,  2.195722706876187E-02, -4.023721954058063E-03, -2.346290663985404E-03,
2435370.500000000, A.D. 1955-Sep-20 00:00:00.0000,  1.314798164683179E-01, -4.290498614072857E-01, -4.710636746111781E-02,  2.126227013753726E-02,  9.683251657114884E-03, -1.163514575205264E-03,
2435380.500000000, A.D. 1955-Sep-30 00:00:00.0000,  3.091014409066728E-01, -2.652729172635099E-01, -5.006024856966512E-02,  1.276413105360108E-02,  2.267784506258282E-02,  6.782085324313153E-04,
2435390.500000000, A.D. 1955-Oct-10 00:00:00.0000,  3.526725357905855E-01,  4.680042170941419E-03, -3.202789024942022E-02, -5.804197422309187E-03,  2.939999912739990E-02,  2.933339531728267E-03,
2435400.500000000, A.D. 1955-Oct-20 00:00:00.0000,  1.742373320227952E-01,  2.577516314398556E-01,  5.028402027153590E-03, -2.890576089796527E-02,  1.690354141590662E-02,  4.036234193517730E-03,
2435410.500000000, A.D. 1955-Oct-30 00:00:00.0000, -1.494361474038981E-01,  2.814252329443580E-01,  3.670586619857754E-02, -3.050600911113780E-02, -1.211603982537664E-02,  1.814400167509087E-03,
2435420.500000000, A.D. 1955-Nov-09 00:00:00.0000, -3.637548222837358E-01,  7.072064854515402E-02,  3.920132960777772E-02, -1.120325722820499E-02, -2.640083646255117E-02, -1.125567323713818E-03,
2435430.500000000, A.D. 1955-Nov-19 00:00:00.0000, -3.805129886305330E-01, -1.902703288770618E-01,  1.943643118033321E-02,  6.782923635873674E-03, -2.392859157356535E-02, -2.576651425389541E-03,
2435440.500000000, A.D. 1955-Nov-29 00:00:00.0000, -2.516052729168793E-01, -3.839526202361707E-01, -8.220406645024030E-03,  1.785049706768834E-02, -1.407754331475433E-02, -2.789588624653720E-03,
2435450.500000000, A.D. 1955-Dec-09 00:00:00.0000, -4.526951108898840E-02, -4.623122833195148E-01, -3.357881855155596E-02,  2.235943714329265E-02, -1.296541130726879E-03, -2.160623605306005E-03,
2435460.500000000, A.D. 1955-Dec-19 00:00:00.0000,  1.736785837538091E-01, -4.065410901498821E-01, -4.914701983392065E-02,  2.024098948357524E-02,  1.247680468248012E-02, -8.416076989682832E-04,
2435470.500000000, A.D. 1955-Dec-29 00:00:00.0000,  3.321479030982603E-01, -2.169549191172186E-01, -4.823386375299354E-02,  9.858300825701083E-03,  2.485926482068541E-02,  1.123335678212342E-03,
2435480.500000000, A.D. 1956-Jan-08 00:00:00.0000,  3.359482163063386E-01,  6.403794258275226E-02, -2.564531216556683E-02, -1.070516399863973E-02,  2.890393147533867E-02,  3.343243992739787E-03,
2435490.500000000, A.D. 1956-Jan-18 00:00:00.0000,  1.123778528030446E-01,  2.865823180909459E-01,  1.306685151375959E-02, -3.181968979081486E-02,  1.136162079702720E-02,  3.851615939224636E-03,
2435500.500000000, A.D. 1956-Jan-28 00:00:00.0000, -2.083325476342047E-01,  2.519100102471436E-01,  3.970899247790841E-02, -2.736752289591168E-02, -1.680776797875038E-02,  1.142964741984205E-03,
2435510.500000000, A.D. 1956-Feb-07 00:00:00.0000, -3.822711510955349E-01,  1.650710444228065E-02,  3.647722470578899E-02, -7.061948903346635E-03, -2.688977354580082E-02, -1.546077869193712E-03,
2435520.500000000, A.D. 1956-Feb-17 00:00:00.0000, -3.638368387548850E-01, -2.372634137903121E-01,  1.406747847914708E-02,  9.594381103946448E-03, -2.231593048782244E-02, -2.703383528602226E-03,
2435530.500000000, A.D. 1956-Feb-27 00:00:00.0000, -2.138637810758153E-01, -4.100796994182297E-01, -1.382192505243623E-02,  1.927987030802340E-02, -1.164044997591911E-02, -2.721998329176419E-03,
2435540.500000000, A.D. 1956-Mar-08 00:00:00.0000,  3.150089776977365E-04, -4.621386948099317E-01, -3.775404943383470E-02,  2.249388834276384E-02,  1.472155587730233E-03, -1.946953710937135E-03,
2435550.500000000, A.D. 1956-Mar-18 00:00:00.0000,  2.134606765138934E-01, -3.784033099549478E-01, -5.050610152888348E-02,  1.888362304601165E-02,  1.522594759276190E-02, -4.924337742756150E-04,
2435560.500000000, A.D. 1956-Mar-28 00:00:00.0000,  3.488398361808903E-01, -1.645119360826968E-01, -4.548675906785794E-02,  6.506151877756038E-03,  2.673269556058403E-02,  1.584338202101291E-03,
2435570.500000000, A.D. 1956-Apr-07 00:00:00.0000,  3.090960416234189E-01,  1.214252927566758E-01, -1.849287054668547E-02, -1.575008986048554E-02,  2.744553407073478E-02,  3.687815005090694E-03,
2435580.500000000, A.D. 1956-Apr-17 00:00:00.0000,  4.587177637566803E-02,  3.035148024164061E-01,  2.056097081131573E-02, -3.345748214141038E-02,  5.252050252396920E-03,  3.503380517426487E-03,
2435590.500000000, A.D. 1956-Apr-27 00:00:00.0000, -2.601528966811191E-01,  2.137981174703380E-01,  4.136001821228107E-02, -2.359037771296072E-02, -2.057323822265214E-02,  4.884561103090250E-04,
2435600.500000000, A.D. 1956-May-07 00:00:00.0000, -3.925812561475142E-01, -3.807805910789182E-02,  3.296867336370216E-02, -3.133357580704483E-03, -2.678448461649608E-02, -1.898522714912180E-03,
2435610.500000000, A.D. 1956-May-17 00:00:00.0000, -3.417500591013711E-01, -2.807383805416702E-01,  8.488596722194883E-03,  1.211164162424891E-02, -2.046985258068587E-02, -2.784018770559388E-03,
2435620.500000000, A.D. 1956-May-27 00:00:00.0000, -1.734877666680424E-01, -4.311614256043101E-01, -1.925352574433500E-02,  2.044600328101517E-02, -9.108604886460927E-03, -2.622476698048662E-03,
2435630.500000000, A.D. 1956-Jun-06 00:00:00.0000,  4.589129704921925E-02, -4.563163644140444E-01, -4.146719294354598E-02,  2.235247276198237E-02,  4.269685025743862E-03, -1.705574173093373E-03,
2435640.500000000, A.D. 1956-Jun-16 00:00:00.0000,  2.501215406659456E-01, -3.447639753864408E-01, -5.112900606620869E-02,  1.716747058242968E-02,  1.789931333405425E-02, -1.164736087983102E-04,
2435650.500000000, A.D. 1956-Jun-26 00:00:00.0000,  3.582643047645199E-01, -1.086772538177982E-01, -4.179471064546177E-02,  2.702831104325442E-03,  2.819702675594804E-02,  2.053399420328748E-03,
2435660.500000000, A.D. 1956-Jul-06 00:00:00.0000,  2.720461089317323E-01,  1.747552436538492E-01, -1.073440783251066E-02, -2.071181174345733E-02,  2.490836967356643E-02,  3.936660167757614E-03,
2435670.500000000, A.D. 1956-Jul-16 00:00:00.0000, -2.254204112009528E-02,  3.077944038490040E-01,  2.719741302041194E-02, -3.369994687607444E-02, -1.023408953628685E-03,  3.013357170612997E-03,
2435680.500000000, A.D. 1956-Jul-26 00:00:00.0000, -3.038849094569513E-01,  1.689938345541858E-01,  4.172119490447058E-02, -1.944478399990009E-02, -2.339595978750443E-02, -1.229586357458391E-04,
2435690.500000000, A.D. 1956-Aug-05 00:00:00.0000, -3.951681720829729E-01, -9.194050186256453E-02,  2.880915346138764E-02,  5.355114824425451E-04, -2.618249421407618E-02, -2.186545962646143E-03,
2435700.500000000, A.D. 1956-Aug-15 00:00:00.0000, -3.148371273767508E-01, -3.202708321179298E-01,  2.787916109292147E-03,  1.434160423872737E-02, -1.843021890986541E-02, -2.822440533922920E-03,
2435710.500000000, A.D. 1956-Aug-25 00:00:00.0000, -1.309980920296858E-01, -4.470210346177954E-01, -2.445311639253571E-02,  2.135169750723736E-02, -6.496665129183818E-03, -2.492479419698409E-03,
2435720.500000000, A.D. 1956-Sep-04 00:00:00.0000,  9.090329785272919E-02, -4.447889891164059E-01, -4.466282022441315E-02,  2.192458127470723E-02,  7.083310202431858E-03, -1.436559878306069E-03,
2435730.500000000, A.D. 1956-Sep-14 00:00:00.0000,  2.829218906195976E-01, -3.057880725928458E-01, -5.096163351389670E-02,  1.506756824281900E-02,  2.045875706366701E-02,  2.854447037030209E-04,
2435740.500000000, A.D. 1956-Sep-24 00:00:00.0000,  3.595162413901312E-01, -5.035814476559360E-02, -3.714899865348776E-02, -1.538162627240575E-03,  2.913130051291136E-02,  2.519410991248899E-03,
2435750.500000000, A.D. 1956-Oct-04 00:00:00.0000,  2.252277955230924E-01,  2.218128307653358E-01, -2.590414647952874E-03, -2.529740677095707E-02,  2.124261568894223E-02,  4.058821656525543E-03,
2435760.500000000, A.D. 1956-Oct-14 00:00:00.0000, -9.007948814029432E-02,  2.995137793893020E-01,  3.272801119195332E-02, -3.258617256145818E-02, -7.057211370657311E-03,  2.418441568129338E-03,
2435770.500000000, A.D. 1956-Oct-24 00:00:00.0000, -3.390305632990493E-01,  1.193669880399688E-01,  4.089976736623553E-02, -1.515235069047284E-02, -2.532817470411486E-02, -6.751655067194129E-04,
2435780.500000000, A.D. 1956-Nov-03 00:00:00.0000, -3.905958525110118E-01, -1.441533494893103E-01,  2.412654316927960E-02,  3.919311795243069E-03, -2.516855064426903E-02, -2.414745413884489E-03,
2435790.500000000, A.D. 1956-Nov-13 00:00:00.0000, -2.836826932335982E-01, -3.554941821685961E-01, -2.950669259193346E-03,  1.629148997986295E-02, -1.623003719929265E-02, -2.822024336370848E-03,
2435800.500000000, A.D. 1956-Nov-23 00:00:00.0000, -8.693328984782686E-02, -4.575064477451531E-01, -2.935868370038386E-02,  2.199690861075147E-02, -3.818832079832697E-03, -2.333168421929533E-03,
2435810.500000000, A.D. 1956-Dec-03 00:00:00.0000,  1.347450732557728E-01, -4.275437322995468E-01, -4.728408291549167E-02,  2.119619021453506E-02,  9.895854622802831E-03, -1.140017123621483E-03,
2435820.500000000, A.D. 1956-Dec-13 00:00:00.0000,  3.110484916186687E-01, -2.617700718045079E-01, -4.995307688094230E-02,  1.255927554540652E-02,  2.285199653113597E-02,  7.113268585911090E-04,
2435830.500000000, A.D. 1956-Dec-23 00:00:00.0000,  3.517498513975856E-01,  9.204148492246340E-03, -3.157297558990948E-02, -6.166703752634997E-03,  2.939294595201137E-02,  2.966123706548251E-03,
2435840.500000000, A.D. 1957-Jan-02 00:00:00.0000,  1.697652376340165E-01,  2.603230451355062E-01,  5.650198983364202E-03, -2.916643200531482E-02,  1.651120164800543E-02,  4.028129463811755E-03,
2435850.500000000, A.D. 1957-Jan-12 00:00:00.0000, -1.541194654802184E-01,  2.795277946160393E-01,  3.698157774425252E-02, -3.029700036125749E-02, -1.250243653421315E-02,  1.763555971943806E-03,
2435860.500000000, A.D. 1957-Jan-22 00:00:00.0000, -3.654562600533158E-01,  6.664776187301101E-02,  3.902450882364206E-02, -1.088318403730179E-02, -2.646111787254615E-02, -1.159981429234768E-03,
2435870.500000000, A.D. 1957-Feb-01 00:00:00.0000, -3.794511057728785E-01, -1.939486007181495E-01,  1.903731271760237E-02,  7.006608315496592E-03, -2.381544241494827E-02, -2.588003990779558E-03,
2435880.500000000, A.D. 1957-Feb-11 00:00:00.0000, -2.488470292133503E-01, -3.861076842969209E-01, -8.651172195566497E-03,  1.796818227275301E-02, -1.389634559433934E-02, -2.785599715141335E-03,
2435890.500000000, A.D. 1957-Feb-21 00:00:00.0000, -4.182477182183282E-02, -4.624962831815491E-01, -3.391145230666916E-02,  2.237905180328099E-02, -1.087825062085425E-03, -2.145338803376154E-03,
2435900.500000000, A.D. 1957-Mar-03 00:00:00.0000,  1.767883193859916E-01, -4.046034215323828E-01, -4.927503875646536E-02,  2.015008049358400E-02,  1.268722779204900E-02, -8.160014115231589E-04,
2435910.500000000, A.D. 1957-Mar-13 00:00:00.0000,  3.336473135343631E-01, -2.131141318547411E-01, -4.805775015026711E-02,  9.619875009034188E-03,  2.501333354401241E-02,  1.157901896372744E-03,
2435920.500000000, A.D. 1957-Mar-23 00:00:00.0000,  3.342694164358042E-01,  6.848458041351550E-02, -2.512704950165306E-02, -1.108520876706338E-02,  2.882882698886196E-02,  3.372074192998699E-03,
2435930.500000000, A.D. 1957-Apr-02 00:00:00.0000,  1.074622209838049E-01,  2.882980866841455E-01,  1.365956208636980E-02, -3.199113411932376E-02,  1.091333401501712E-02,  3.830720866875502E-03,
2435940.500000000, A.D. 1957-Apr-12 00:00:00.0000, -2.125283233772605E-01,  2.492961639176380E-01,  3.988123690661281E-02, -2.709972649584930E-02, -1.712664460468128E-02,  1.092220601094089E-03,
2435950.500000000, A.D. 1957-Apr-22 00:00:00.0000, -3.833356457743725E-01,  1.236399076338839E-02,  3.623594955140470E-02, -6.755682544435222E-03, -2.690131853638310E-02, -1.575239062980560E-03,
2435960.500000000, A.D. 1957-May-02 00:00:00.0000, -3.623435555183314E-01, -2.406909287419111E-01,  1.364907735072455E-02,  9.795582353531724E-03, -2.218352314664561E-02, -2.711088659779929E-03,
2435970.500000000, A.D. 1957-May-12 00:00:00.0000, -2.108867869492493E-01, -4.118587602436226E-01, -1.424211722772067E-02,  1.937747014978920E-02, -1.145154140174114E-02, -2.715525691279066E-03,
2435980.500000000, A.D. 1957-May-22 00:00:00.0000,  3.778791129595247E-03, -4.618970491662946E-01, -3.805363032739698E-02,  2.249287089215916E-02,  1.683419486302202E-03, -1.929558792630637E-03,
2435990.500000000, A.D. 1957-Jun-01 00:00:00.0000,  2.163588002348631E-01, -3.760451803998848E-01, -5.058025606408862E-02,  1.876629335995967E-02,  1.543165597698806E-02, -4.647834348481346E-04,
2436000.500000000, A.D. 1957-Jun-11 00:00:00.0000,  3.498201927738712E-01, -1.603895053748773E-01, -4.523989200729376E-02,  6.233568091859299E-03,  2.685937011755254E-02,  1.619799470063616E-03,
2436010.500000000, A.D. 1957-Jun-21 00:00:00.0000,  3.066421243859392E-01,  1.256358077203441E-01, -1.792270685601931E-02, -1.613252054000928E-02,  2.729215852144982E-02,  3.710460130773111E-03,
2436020.500000000, A.D. 1957-Jul-01 00:00:00.0000,  4.071462233629163E-02,  3.042843428365826E-01,  2.109844094878476E-02, -3.352543850074036E-02,  4.776652076792847E-03,  3.470753022822428E-03,
2436030.500000000, A.D. 1957-Jul-11 00:00:00.0000, -2.637632756099420E-01,  2.106065155444839E-01,  4.143111375605012E-02, -2.328572602589596E-02, -2.082027994145676E-02,  4.401974725533676E-04,
2436040.500000000, A.D. 1957-Jul-21 00:00:00.0000, -3.930409378071250E-01, -4.220653434884042E-02,  3.267292566703126E-02, -2.845371569157046E-03, -2.675509970467393E-02, -1.922653053231336E-03,
2436050.500000000, A.D. 1957-Jul-31 00:00:00.0000, -3.398687620620261E-01, -2.838840915959547E-01,  8.057529831232734E-03,  1.229081996761732E-02, -2.032129018716632E-02, -2.788376418221789E-03,
2436060.500000000, A.D. 1957-Aug-10 00:00:00.0000, -1.703306079070788E-01, -4.325513215185318E-01, -1.965850012351201E-02,  2.052376516868379E-02, -8.912880671266343E-03, -2.613625839948016E-03,
2436070.500000000, A.D. 1957-Aug-20 00:00:00.0000,  4.933363497403032E-02, -4.556418391268516E-01, -4.172949688124709E-02,  2.233013792747938E-02,  4.482977510553199E-03, -1.686060077296811E-03,
2436080.500000000, A.D. 1957-Aug-30 00:00:00.0000,  2.527546588560377E-01, -3.419882566695471E-01, -5.114480266679022E-02,  1.702181573969491E-02,  1.809836666945167E-02, -8.676778900278190E-05,
2436090.500000000, A.D. 1957-Sep-09 00:00:00.0000,  3.586540152826435E-01, -1.043196014609215E-01, -4.147446308211008E-02,  2.395586476767834E-03,  2.828856252615847E-02,  2.089178885753609E-03,
2436100.500000000, A.D. 1957-Sep-19 00:00:00.0000,  2.688161719588150E-01,  1.785823004440735E-01, -1.012429667724935E-02, -2.107800231540706E-02,  2.466948095471385E-02,  3.950837049370990E-03,
2436110.500000000, A.D. 1957-Sep-29 00:00:00.0000, -2.774845001579308E-02,  3.075986733271434E-01,  2.766060267721782E-02, -3.366140960987494E-02, -1.495844074624608E-03,  2.971191847709099E-03,
2436120.500000000, A.D. 1957-Oct-09 00:00:00.0000, -3.068664684931655E-01,  1.653649830377142E-01,  4.169887950595749E-02, -1.912089242935302E-02, -2.357308311534010E-02, -1.672700837046486E-04,
2436130.500000000, A.D. 1957-Oct-19 00:00:00.0000, -3.950678747971074E-01, -9.597915584753729E-02,  2.846939955373722E-02,  8.029598092424831E-04, -2.611867347611941E-02, -2.205975339354427E-03,
2436140.500000000, A.D. 1957-Oct-29 00:00:00.0000, -3.126148854722293E-01, -3.231034886973619E-01,  2.351196795783802E-03,  1.449939572665356E-02, -1.826818021687799E-02, -2.823734212072930E-03,
2436150.500000000, A.D. 1957-Nov-08 00:00:00.0000, -1.277030414295501E-01, -4.480086484734848E-01, -2.483781593447640E-02,  2.140976385764287E-02, -6.295393839127330E-03, -2.481366908850975E-03,
2436160.500000000, A.D. 1957-Nov-18 00:00:00.0000,  9.427815071702801E-02, -4.436808847060854E-01, -4.488342280581960E-02,  2.187998333184501E-02,  7.297154745367277E-03, -1.414954293761733E-03,
2436170.500000000, A.D. 1957-Nov-28 00:00:00.0000,  2.852291399161981E-01, -3.026186405339969E-01, -5.091523837090629E-02,  1.489175465035694E-02,  2.064714828230063E-02,  3.170502616967722E-04,
2436180.500000000, A.D. 1957-Dec-08 00:00:00.0000,  3.592491859944289E-01, -4.586019680012973E-02, -3.675688600305737E-02, -1.877151289966308E-03,  2.917690982246818E-02,  2.554349414298577E-03,
2436190.500000000, A.D. 1957-Dec-18 00:00:00.0000,  2.212924021771355E-01,  2.250667109528076E-01, -1.962343677068784E-03, -2.562139828801979E-02,  2.091882530726677E-02,  4.062172909204713E-03,
2436200.500000000, A.D. 1957-Dec-28 00:00:00.0000, -9.510764247791849E-02,  2.983868313888002E-01,  3.309859344875186E-02, -3.245042353357889E-02, -7.495923932122459E-03,  2.370091109143381E-03,
2436210.500000000, A.D. 1958-Jan-07 00:00:00.0000, -3.413493773668061E-01,  1.154416713237962E-01,  4.079219341836776E-02, -1.482487272234851E-02, -2.544105189292756E-02, -7.145488054244062E-04,
2436220.500000000, A.D. 1958-Jan-17 00:00:00.0000, -3.899739680534176E-01, -1.480363710618370E-01,  2.375156174765769E-02,  4.164563959224011E-03, -2.507652285299215E-02, -2.429816804211051E-03,
2436230.500000000, A.D. 1958-Jan-27 00:00:00.0000, -2.811592773389713E-01, -3.579886800747886E-01, -3.387322143178623E-03,  1.642833740017879E-02, -1.605687991796257E-02, -2.820474049218918E-03,
2436240.500000000, A.D. 1958-Feb-06 00:00:00.0000, -8.353801866270416E-02, -4.580816301064467E-01, -2.971869715751092E-02,  2.203510921728295E-02, -3.612974494282831E-03, -2.319849732057048E-03,
2436250.500000000, A.D. 1958-Feb-16 00:00:00.0000,  1.380077517586398E-01, -4.260017270481541E-01, -4.745869548450431E-02,  2.112805521372596E-02,  1.010895156506660E-02, -1.116309259763523E-03,
2436260.500000000, A.D. 1958-Feb-26 00:00:00.0000,  3.129676785671455E-01, -2.582315377949284E-01, -4.984065664795399E-02,  1.235136985130615E-02,  2.302536150213710E-02,  7.446487644884656E-04,
2436270.500000000, A.D. 1958-Mar-08 00:00:00.0000,  3.507668153315631E-01,  1.373953465913860E-02, -3.111187783665560E-02, -6.532012677240805E-03,  2.938124259232100E-02,  2.998788206055213E-03,
2436280.500000000, A.D. 1958-Mar-18 00:00:00.0000,  1.652374959969559E-01,  2.628411786961659E-01,  6.272602067424710E-03, -2.942197453847425E-02,  1.611258789854877E-02,  4.019063621510369E-03,
2436290.500000000, A.D. 1958-Mar-28 00:00:00.0000, -1.587868588298985E-01,  2.775642744118171E-01,  3.725054561415242E-02, -3.008201029003585E-02, -1.288529229579339E-02,  1.712479389826428E-03,
2436300.500000000, A.D. 1958-Apr-07 00:00:00.0000, -3.671150772010623E-01,  6.255276824380913E-02,  3.884230487003348E-02, -1.056292924108990E-02, -2.651748876281142E-02, -1.194078354361036E-03,
2436310.500000000, A.D. 1958-Apr-17 00:00:00.0000, -3.783536080775992E-01, -1.976203262225765E-01,  1.863585298568738E-02,  7.229132423452494E-03, -2.370030264855720E-02, -2.599089762978719E-03,
2436320.500000000, A.D. 1958-Apr-27 00:00:00.0000, -2.460660066295841E-01, -3.882415422701678E-01, -9.081990499700468E-03,  1.808449452838187E-02, -1.371408682844624E-02, -2.781412046567335E-03,
2436330.500000000, A.D. 1958-May-07 00:00:00.0000, -3.837211006625327E-02, -4.626512520049625E-01, -3.424230258679412E-02,  2.239703357954624E-02, -8.785890619585338E-04, -2.129879766545285E-03,
2436340.500000000, A.D. 1958-May-17 00:00:00.0000,  1.798872949535950E-01, -4.026347119600103E-01, -4.939956764468141E-02,  2.005702019983720E-02,  1.289745257812523E-02, -7.902294189233129E-04,
2436350.500000000, A.D. 1958-May-27 00:00:00.0000,  3.351111817651340E-01, -2.092515347656209E-01, -4.787676240809690E-02,  9.378705699781761E-03,  2.516547888887881E-02,  1.192550844097856E-03,
2436360.500000000, A.D. 1958-Jun-06 00:00:00.0000,  3.325324279070450E-01,  7.291641679044254E-02, -2.460490918428341E-02, -1.146610467111580E-02,  2.874808401998261E-02,  3.400519094086847E-03,
2436370.500000000, A.D. 1958-Jun-16 00:00:00.0000,  1.025191578271300E-01,  2.899416773771753E-01,  1.424870011213763E-02, -3.215544906760865E-02,  1.046175603645524E-02,  3.808917538208935E-03,
2436380.500000000, A.D. 1958-Jun-26 00:00:00.0000, -2.166864690132868E-01,  2.466262978386349E-01,  4.004545864394930E-02, -2.682830517896996E-02, -1.744072696838218E-02,  1.041557337716571E-03,
2436390.500000000, A.D. 1958-Jul-06 00:00:00.0000, -3.843532147323360E-01,  8.207972899970863E-03,  3.598950399679617E-02, -6.450147927111298E-03, -2.690961286165593E-02, -1.604053966836695E-03,
2436400.500000000, A.D. 1958-Jul-16 00:00:00.0000, -3.608147888010690E-01, -2.441079507408358E-01,  1.322855428112143E-02,  9.995459879302509E-03, -2.204945791159034E-02, -2.718532660857057E-03,
2436410.500000000, A.D. 1958-Jul-26 00:00:00.0000, -2.078879791707117E-01, -4.136144194347411E-01, -1.466211838741287E-02,  1.947365212139848E-02, -1.126162366318819E-02, -2.708843704323751E-03,
2436420.500000000, A.D. 1958-Aug-05 00:00:00.0000,  7.249061942051959E-03, -4.616239740873727E-01, -3.835102126710052E-02,  2.249015853233299E-02,  1.895279058753837E-03, -1.911968730730268E-03,
2436430.500000000, A.D. 1958-Aug-15 00:00:00.0000,  2.192436398793128E-01, -3.736526365287410E-01, -5.065026899515811E-02,  1.864663765596924E-02,  1.563725721918451E-02, -4.369399658604575E-04,
2436440.500000000, A.D. 1958-Aug-25 00:00:00.0000,  3.507599944345666E-01, -1.562423166183743E-01, -4.498727964688555E-02,  5.957963851515462E-03,  2.698383346407088E-02,  1.655347481320599E-03,
2436450.500000000, A.D. 1958-Sep-04 00:00:00.0000,  3.041260558443415E-01,  1.298277426114813E-01, -1.734843256693559E-02, -1.651493057257191E-02,  2.713229374045960E-02,  3.732568237588408E-03,
2436460.500000000, A.D. 1958-Sep-14 00:00:00.0000,  3.554054841138096E-02,  3.049814052637649E-01,  2.163145361437282E-02, -3.358537381289143E-02,  4.299817746029061E-03,  3.437274719432476E-03,
2436470.500000000, A.D. 1958-Sep-24 00:00:00.0000, -2.673315709590749E-01,  2.073727085379575E-01,  4.149487117129911E-02, -2.297866390824045E-02, -2.106219399602985E-02,  3.921449643181302E-04,
2436480.500000000, A.D. 1958-Oct-04 00:00:00.0000, -3.934570830844918E-01, -4.633583971187010E-02,  3.237317563907566E-02, -2.558511046217338E-03, -2.672283227244174E-02, -1.946435398141226E-03,
2436490.500000000, A.D. 1958-Oct-14 00:00:00.0000, -3.379573288161494E-01, -2.870110905716382E-01,  7.625380801265695E-03,  1.246861715251247E-02, -2.017146827055486E-02, -2.792495052867297E-03,
2436500.500000000, A.D. 1958-Oct-24 00:00:00.0000, -1.671569565917167E-01, -4.339136318644533E-01, -2.006248832284640E-02,  2.060014059367620E-02, -8.716553524135938E-03, -2.604589764832271E-03,
2436510.500000000, A.D. 1958-Nov-03 00:00:00.0000,  5.277724264443187E-02, -4.549359831817774E-01, -4.198903882609939E-02,  2.230608319228990E-02,  4.696389723731619E-03, -1.666373394227925E-03,
2436520.500000000, A.D. 1958-Nov-13 00:00:00.0000,  2.553688512973965E-01, -3.391842952810434E-01, -5.115623214010437E-02,  1.687382029355786E-02,  1.829652011817570E-02, -5.692609032063521E-05,
2436530.500000000, A.D. 1958-Nov-23 00:00:00.0000,  3.589999806263182E-01, -9.995399032348461E-02, -4.114936026450376E-02,  2.086048279633275E-03,  2.837657309816983E-02,  2.124859388717136E-03,
2436540.500000000, A.D. 1958-Dec-03 00:00:00.0000,  2.655389439897176E-01,  1.823642662316505E-01, -9.513612488240637E-03, -2.144120192993199E-02,  2.442427015091203E-02,  3.964192747776124E-03,
2436550.500000000, A.D. 1958-Dec-13 00:00:00.0000, -3.293612422992662E-02,  3.073292594854861E-01,  2.811573295085840E-02, -3.361527281106097E-02, -1.965861894376975E-03,  2.928514131724886E-03,
2436560.500000000, A.D. 1958-Dec-23 00:00:00.0000, -3.097911869893051E-01,  1.617120957485455E-01,  4.166908536675739E-02, -1.879682314364984E-02, -2.374511536680863E-02, -2.111669633801224E-04,
2436570.500000000, A.D. 1959-Jan-02 00:00:00.0000, -3.949228489255509E-01, -1.000069288400295E-01,  2.812634989248711E-02,  1.068629867602874E-03, -2.605276452384718E-02, -2.225044767819617E-03,
2436580.500000000, A.D. 1959-Jan-12 00:00:00.0000, -3.103648054373286E-01, -3.259119785086116E-01,  1.914082802651670E-03,  1.465563551640782E-02, -1.810532906857740E-02, -2.824793496601196E-03,
2436590.500000000, A.D. 1959-Jan-22 00:00:00.0000, -1.243949983934146E-01, -4.489664261471019E-01, -2.522085875997252E-02,  2.146634698469121E-02, -6.093748171284868E-03, -2.470069019982114E-03,
2436600.500000000, A.D. 1959-Feb-01 00:00:00.0000,  9.764982582120489E-02, -4.425411852017481E-01, -4.510060948148698E-02,  2.183357170686425E-02,  7.510922319897317E-03, -1.393181702980150E-03,
2436610.500000000, A.D. 1959-Feb-11 00:00:00.0000,  2.875122446408736E-01, -2.994232966713526E-01, -5.086397715381347E-02,  1.471356519838876E-02,  2.083427359910292E-02,  3.487609522806229E-04,
2436620.500000000, A.D. 1959-Feb-21 00:00:00.0000,  3.589349288175873E-01, -4.136235229978238E-02, -3.636010611635922E-02, -2.217848143758693E-03,  2.921820479739191E-02,  2.589063707579041E-03,
2436630.500000000, A.D. 1959-Mar-03 00:00:00.0000,  2.173214169572068E-01,  2.282634336475252E-01, -1.335686286015022E-03, -2.594005120876675E-02,  2.058950379689535E-02,  4.064543360180123E-03,
2436640.500000000, A.D. 1959-Mar-13 00:00:00.0000, -1.000957745900021E-01,  2.971978037023345E-01,  3.346010819478844E-02, -3.230834435700577E-02, -7.929713168122998E-03,  2.321543713534959E-03,
2436650.500000000, A.D. 1959-Mar-23 00:00:00.0000, -3.436080461351360E-01,  1.115120294138787E-01,  4.067839597928137E-02, -1.449864720329181E-02, -2.554924596623894E-02, -7.534242279327629E-04,
2436660.500000000, A.D. 1959-Apr-02 00:00:00.0000, -3.893127306093792E-01, -1.518949949895997E-01,  2.337478362711639E-02,  4.407557285704544E-03, -2.498305410802611E-02, -2.444541730463380E-03,
2436670.500000000, A.D. 1959-Apr-12 00:00:00.0000, -2.786165806123264E-01, -3.604514841121832E-01, -3.823111718850145E-03,  1.656342472374672E-02, -1.588347082374916E-02, -2.818719822622513E-03,
2436680.500000000, A.D. 1959-Apr-22 00:00:00.0000, -8.013980162471869E-02, -4.586249671713908E-01, -3.007613730743221E-02,  2.207172793998227E-02, -3.407301647293157E-03, -2.306383811447659E-03,
2436690.500000000, A.D. 1959-May-02 00:00:00.0000,  1.412567551478020E-01, -4.244321433065091E-01, -4.762942823431698E-02,  2.105812900269144E-02,  1.032130499334766E-02, -1.092489742722311E-03,
2436700.500000000, A.D. 1959-May-12 00:00:00.0000,  3.148538290301949E-01, -2.546788410208429E-01, -4.972366216037705E-02,  1.214145662197453E-02,  2.319656455814461E-02,  7.779721332263050E-04,
2436710.500000000, A.D. 1959-May-22 00:00:00.0000,  3.497362075318383E-01,  1.825360164322934E-02, -3.064792095401899E-02, -6.897477439105463E-03,  2.936441275337364E-02,  3.031024103263489E-03,
2436720.500000000, A.D. 1959-Jun-01 00:00:00.0000,  1.606962401720586E-01,  2.652853200116087E-01,  6.890129501573430E-03, -2.967005838250904E-02,  1.571083882236007E-02,  4.009023501099134E-03,
2436730.500000000, A.D. 1959-Jun-11 00:00:00.0000, -1.633957017224712E-01,  2.755507367635065E-01,  3.750971715094754E-02, -2.986311522326927E-02, -1.326164992890429E-02,  1.661559956586905E-03,
2436740.500000000, A.D. 1959-Jun-21 00:00:00.0000, -3.687143071016136E-01,  5.846491045477408E-02,  3.865485647970573E-02, -1.024489820538180E-02, -2.656998298486452E-02, -1.227644909100021E-03,
2436750.500000000, A.D. 1959-Jul-01 00:00:00.0000, -3.772214487633680E-01, -2.012626370523302E-01,  1.823343568690590E-02,  7.449302202799602E-03, -2.358414576355069E-02, -2.609851710552591E-03,
2436760.500000000, A.D. 1959-Jul-11 00:00:00.0000, -2.432705031978571E-01, -3.903414787229084E-01, -9.511260517530665E-03,  1.819908134525592E-02, -1.353175897626337E-02, -2.777029165915820E-03,
2436770.500000000, A.D. 1959-Jul-21 00:00:00.0000, -3.492082869059952E-02, -4.627736509141495E-01, -3.456994255743120E-02,  2.241348332050816E-02, -6.696749070541747E-04, -2.114275545524323E-03,
2436780.500000000, A.D. 1959-Jul-31 00:00:00.0000,  1.829685905367891E-01, -4.006392503921635E-01, -4.951960987476617E-02,  1.996217839132412E-02,  1.310674281806668E-02, -7.643533075670863E-04,
2436790.500000000, A.D. 1959-Aug-10 00:00:00.0000,  3.365382679136372E-01, -2.053784860771470E-01, -4.769083837290463E-02,  9.135635276035727E-03,  2.531503006729835E-02,  1.227149732576562E-03,
2436800.500000000, A.D. 1959-Aug-20 00:00:00.0000,  3.307492126082640E-01,  7.731745253720593E-02, -2.408062575546192E-02, -1.184597929765960E-02,  2.866168694169654E-02,  3.428363148406668E-03,
2436810.500000000, A.D. 1959-Aug-30 00:00:00.0000,  9.758053151954657E-02,  2.915089099380844E-01,  1.483105678352596E-02, -3.231121218744711E-02,  1.000943028606720E-02,  3.786210264035884E-03,
2436820.500000000, A.D. 1959-Sep-09 00:00:00.0000, -2.207776024700935E-01,  2.439238480081919E-01,  4.020030133552206E-02, -2.655498782698063E-02, -1.774789467827326E-02,  9.912623588465190E-04,
2436830.500000000, A.D. 1959-Sep-19 00:00:00.0000, -3.853152741379322E-01,  4.071234281865989E-03,  3.573895356406740E-02, -6.147324779832181E-03, -2.691486074470266E-02, -1.632355365840311E-03,
2436840.500000000, A.D. 1959-Sep-29 00:00:00.0000, -3.592569880758475E-01, -2.474900788430023E-01,  1.280789701207518E-02,  1.019299935442744E-02, -2.191487476576548E-02, -2.725685497479889E-03,
2436850.500000000, A.D. 1959-Oct-09 00:00:00.0000, -2.048800471229363E-01, -4.153346257626258E-01, -1.508000829930186E-02,  1.956811417618989E-02, -1.107196028870204E-02, -2.701986376714057E-03,
2436860.500000000, A.D. 1959-Oct-19 00:00:00.0000,  1.071223992846390E-02, -4.613198945227682E-01, -3.864482023084531E-02,  2.248584488433484E-02,  2.106493919754719E-03, -1.894253426053546E-03,
2436870.500000000, A.D. 1959-Oct-29 00:00:00.0000,  2.221044973886685E-01, -3.712388335201196E-01, -5.071571552199117E-02,  1.852518824686894E-02,  1.584143103553925E-02, -4.090376409876024E-04,
2436880.500000000, A.D. 1959-Nov-08 00:00:00.0000,  3.516582881828468E-01, -1.520965577523974E-01, -4.473039226480958E-02,  5.680894352484504E-03,  2.710492388999428E-02,  1.690732818353308E-03,
2436890.500000000, A.D. 1959-Nov-18 00:00:00.0000,  3.015696962522068E-01,  1.339707098665212E-01, -1.677426238840735E-02, -1.689448675990281E-02,  2.696673787804262E-02,  3.753896825237339E-03,
2436900.500000000, A.D. 1959-Nov-28 00:00:00.0000,  3.039161825614530E-02,  3.056002992126112E-01,  2.215542462243190E-02, -3.363697549031404E-02,  3.825127759135301E-03,  3.403159375298537E-03,
2436910.500000000, A.D. 1959-Dec-08 00:00:00.0000, -2.708298526531334E-01,  2.041177277625076E-01,  4.154986718279149E-02, -2.267152604434878E-02, -2.129772669893644E-02,  3.446045605272519E-04,
2436920.500000000, A.D. 1959-Dec-18 00:00:00.0000, -3.938222545769373E-01, -5.044351666919771E-02,  3.207007888774252E-02, -2.274343717694674E-03, -2.668828079955767E-02, -1.969751835234543E-03,
2436930.500000000, A.D. 1959-Dec-28 00:00:00.0000, -3.360193438776132E-01, -2.901050074063058E-01,  7.193452942219214E-03,  1.264431966245184E-02, -2.002126515479863E-02, -2.796347337598370E-03,
2436940.500000000, A.D. 1960-Jan-07 00:00:00.0000, -1.639749583660251E-01, -4.352422905307362E-01, -2.046411422314292E-02,  2.067488641361332E-02, -8.520395280269178E-03, -2.595377901016731E-03,
2436950.500000000, A.D. 1960-Jan-17 00:00:00.0000,  5.621319615694021E-02, -4.541999636544757E-01, -4.224469071292788E-02,  2.228038982168142E-02,  4.909236779037509E-03, -1.646555282365775E-03,
2436960.500000000, A.D. 1960-Jan-27 00:00:00.0000,  2.579577742293029E-01, -3.363598582844836E-01, -5.116278009746401E-02,  1.672394364653742E-02,  1.849313950125996E-02, -2.703284621893215E-05,
2436970.500000000, A.D. 1960-Feb-06 00:00:00.0000,  3.593033492132625E-01, -9.559381328784532E-02, -4.082002215707393E-02,  1.775318407951799E-03,  2.846063510534622E-02,  2.160296725670358E-03,
2436980.500000000, A.D. 1960-Feb-16 00:00:00.0000,  2.622306500189638E-01,  1.860883962910606E-01, -8.904522291880041E-03, -2.179963165499460E-02,  2.417358628362557E-02,  3.976597886388705E-03,
2436990.500000000, A.D. 1960-Feb-26 00:00:00.0000, -3.807776682759120E-02,  3.069917407418819E-01,  2.856068249303472E-02, -3.356163360358546E-02, -2.431099447638638E-03,  2.885480844286723E-03,
2437000.500000000, A.D. 1960-Mar-07 00:00:00.0000, -3.126431598772804E-01,  1.580572639638261E-01,  4.163173044655478E-02, -1.847425454584884E-02, -2.391135970544869E-02, -2.544617498657489E-04,
2437010.500000000, A.D. 1960-Mar-17 00:00:00.0000, -3.947322772468952E-01, -1.040021600365570E-01,  2.778115485189574E-02,  1.331317924759359E-03, -2.598533487010682E-02, -2.243691522411956E-03,
2437020.500000000, A.D. 1960-Mar-27 00:00:00.0000, -3.080946965989980E-01, -3.286823193619754E-01,  1.477950843172499E-03,  1.480976721990760E-02, -1.794253666546755E-02, -2.825625870038119E-03,
2437030.500000000, A.D. 1960-Apr-06 00:00:00.0000, -1.210850564543591E-01, -4.498891231320402E-01, -2.560110887781026E-02,  2.152131491258103E-02, -5.892585688226608E-03, -2.458622809292660E-03,
2437040.500000000, A.D. 1960-Apr-16 00:00:00.0000,  1.010075241820715E-01, -4.413729836582728E-01, -4.531372267327058E-02,  2.178553528715230E-02,  7.723799794466179E-03, -1.371301711003632E-03,
2437050.500000000, A.D. 1960-Apr-26 00:00:00.0000,  2.897642033471866E-01, -2.962130286759950E-01, -5.080795487317336E-02,  1.453360521160863E-02,  2.101938413125540E-02,  3.804806127899732E-04,
2437060.500000000, A.D. 1960-May-06 00:00:00.0000,  3.585757110160441E-01, -3.688147361053343E-02, -3.595994859651278E-02, -2.558975540407622E-03,  2.925489159285845E-02,  2.623418574581825E-03,
2437070.500000000, A.D. 1960-May-16 00:00:00.0000,  2.133314910808461E-01,  2.313903465636766E-01, -7.127733453351813E-04, -2.625210757554922E-02,  2.025596361111169E-02,  4.065905405426402E-03,
2437080.500000000, A.D. 1960-May-26 00:00:00.0000, -1.050249111679552E-01,  2.959512670521270E-01,  3.381112678605101E-02, -3.216075486178300E-02, -8.357059050061873E-03,  2.272964556685503E-03,
2437090.500000000, A.D. 1960-Jun-05 00:00:00.0000, -3.457987384548837E-01,  1.075902475134268E-01,  4.055830380643949E-02, -1.417474928643464E-02, -2.565263189895019E-02, -7.917023328160721E-04,
2437100.500000000, A.D. 1960-Jun-15 00:00:00.0000, -3.886123428460213E-01, -1.557187151212747E-01,  2.299666815425393E-02,  4.647761294189618E-03, -2.488848561710510E-02, -2.458894012711837E-03,
2437110.500000000, A.D. 1960-Jun-25 00:00:00.0000, -2.760578288503846E-01, -3.628758298277789E-01, -4.257454562592171E-03,  1.669664958367670E-02, -1.571017675334841E-02, -2.816758883339957E-03,
2437120.500000000, A.D. 1960-Jul-05 00:00:00.0000, -7.674145404856114E-02, -4.591327677689375E-01, -3.043042761789086E-02,  2.210692046729491E-02, -3.202046032742244E-03, -2.292772327245284E-03,
2437130.500000000, A.D. 1960-Jul-15 00:00:00.0000,  1.444913687107041E-01, -4.228327714346392E-01, -4.779569462432175E-02,  2.098664549247897E-02,  1.053284342746604E-02, -1.068554227078352E-03,
2437140.500000000, A.D. 1960-Jul-25 00:00:00.0000,  3.167083436360241E-01, -2.511101906129096E-01, -4.960146725831592E-02,  1.192972132552247E-02,  2.336555406659118E-02,  8.112948831885410E-04,
2437150.500000000, A.D. 1960-Aug-04 00:00:00.0000,  3.486619138360952E-01,  2.274684874977281E-02, -3.018076440953118E-02, -7.262680241152413E-03,  2.934226763325485E-02,  3.062764593743521E-03,
2437160.500000000, A.D. 1960-Aug-14 00:00:00.0000,  1.561526309540596E-01,  2.676569141941660E-01,  7.502188400848662E-03, -2.990980487533065E-02,  1.530661350778739E-02,  3.997928894333014E-03,
2437170.500000000, A.D. 1960-Aug-24 00:00:00.0000, -1.679320818754712E-01,  2.734999728726187E-01,  3.775859277589348E-02, -2.964081821715941E-02, -1.363033903049291E-02,  1.610885962693992E-03,
2437180.500000000, A.D. 1960-Sep-03 00:00:00.0000, -3.702489869173196E-01,  5.440296020653627E-02,  3.846259634994612E-02, -9.930095851839934E-03, -2.661859751020519E-02, -1.260609701628213E-03,
2437190.500000000, A.D. 1960-Sep-13 00:00:00.0000, -3.760577003337042E-01, -2.048605583996634E-01,  1.783084713767653E-02,  7.666553765675751E-03, -2.346760209727126E-02, -2.620285566759234E-03,
2437200.500000000, A.D. 1960-Sep-23 00:00:00.0000, -2.404672109833878E-01, -3.923993815937934E-01, -9.938312117382993E-03,  1.831174103247700E-02, -1.335004498298844E-02, -2.772471843673931E-03,
2437210.500000000, A.D. 1960-Oct-03 00:00:00.0000, -3.147869734075542E-02, -4.628614905245931E-01, -3.489393771434917E-02,  2.242837297946937E-02, -4.616062474714947E-04, -2.098552929035919E-03,
2437220.500000000, A.D. 1960-Oct-13 00:00:00.0000,  1.860250395306334E-01, -3.986191861597884E-01, -4.963504820187510E-02,  1.986571422409654E-02,  1.331480091747313E-02, -7.384082055880821E-04,
2437230.500000000, A.D. 1960-Oct-23 00:00:00.0000,  3.379238231457178E-01, -2.014987504466394E-01, -4.750015597826777E-02,  8.890952148085917E-03,  2.546197758187858E-02,  1.261680823238169E-03,
2437240.500000000, A.D. 1960-Nov-02 00:00:00.0000,  3.289171581992668E-01,  8.168543679294034E-02, -2.355430888215462E-02, -1.222476795552853E-02,  2.856991422045183E-02,  3.455642029996874E-03,
2437250.500000000, A.D. 1960-Nov-12 00:00:00.0000,  9.264210535499712E-02,  2.929996121187093E-01,  1.540706195285920E-02, -3.245875703754491E-02,  9.556352695487462E-03,  3.762652059865716E-03,
2437260.500000000, A.D. 1960-Nov-22 00:00:00.0000, -2.248076302289078E-01,  2.411860425773186E-01,  4.034630480627052E-02, -2.627965509088628E-02, -1.804848836359977E-02,  9.413057481364851E-04,
2437270.500000000, A.D. 1960-Dec-02 00:00:00.0000, -3.862251107074822E-01, -5.033657046741248E-05,  3.548449327133439E-02, -5.846937003772754E-03, -2.691698655448248E-02, -1.660169086487260E-03,
2437280.500000000, A.D. 1960-Dec-12 00:00:00.0000, -3.576716467759635E-01, -2.508396736895780E-01,  1.238716818605772E-02,  1.038828863508350E-02, -2.177955120907284E-02, -2.732551318576343E-03,
2437290.500000000, A.D. 1960-Dec-22 00:00:00.0000, -2.018639970840314E-01, -4.170195250168707E-01, -1.549574179073777E-02,  1.966089569406513E-02, -1.088233059738506E-02, -2.694954830278770E-03,
2437300.500000000, A.D. 1961-Jan-01 00:00:00.0000,  1.416800550928514E-02, -4.609824357778650E-01, -3.893497519595286E-02,  2.248003089637816E-02,  2.317373757107500E-03, -1.876407267919963E-03,
2437310.500000000, A.D. 1961-Jan-11 00:00:00.0000,  2.249419660697283E-01, -3.687972121799737E-01, -5.077632959612205E-02,  1.840197750993962E-02,  1.604471822183649E-02, -3.810322001941834E-04,
2437320.500000000, A.D. 1961-Jan-21 00:00:00.0000,  3.525138926710042E-01, -1.479395643686405E-01, -4.446817972535361E-02,  5.401888117303683E-03,  2.722322987474538E-02,  1.726067958012845E-03,
2437330.500000000, A.D. 1961-Jan-31 00:00:00.0000,  2.989640120281387E-01,  1.380795972720006E-01, -1.619798712857060E-02, -1.727213495285693E-02,  2.679515246679487E-02,  3.774531281147056E-03,
2437340.500000000, A.D. 1961-Feb-10 00:00:00.0000,  2.525359501355677E-02,  3.061473321514340E-01,  2.267251163965863E-02, -3.368013705041409E-02,  3.351519528637701E-03,  3.368314465168377E-03,
2437350.500000000, A.D. 1961-Feb-20 00:00:00.0000, -2.742672284379424E-01,  2.008411401586119E-01,  4.159713107148959E-02, -2.236366781254271E-02, -2.152709795161236E-02,  2.974760250587042E-04,
2437360.500000000, A.D. 1961-Mar-02 00:00:00.0000, -3.941411145362742E-01, -5.452968213989728E-02,  3.176397826239596E-02, -1.992644140888553E-03, -2.665128869367781E-02, -1.992645400215219E-03,
2437370.500000000, A.D. 1961-Mar-12 00:00:00.0000, -3.340585466042879E-01, -2.931645770499900E-01,  6.761771716907557E-03,  1.281794068960903E-02, -1.987058385777296E-02, -2.799958585101364E-03,
2437380.500000000, A.D. 1961-Mar-22 00:00:00.0000, -1.607882240927533E-01, -4.365353635005519E-01, -2.086357846971401E-02,  2.074803849933234E-02, -8.324346305371044E-03, -2.586009483413129E-03,
2437390.500000000, A.D. 1961-Apr-01 00:00:00.0000,  5.963862253017577E-02, -4.534307143524967E-01, -4.249675825241119E-02,  2.225315929663886E-02,  5.121719862509663E-03, -1.626602914646278E-03,
2437400.500000000, A.D. 1961-Apr-11 00:00:00.0000,  2.605191508198701E-01, -3.335083600203972E-01, -5.116445898409372E-02,  1.657213739949287E-02,  1.868874658684446E-02,  2.976116489986876E-06,
2437410.500000000, A.D. 1961-Apr-21 00:00:00.0000,  3.595582228367935E-01, -9.122607252660127E-02, -4.048531570789660E-02,  1.462594346256332E-03,  2.854140112952714E-02,  2.195658377709199E-03,
2437420.500000000, A.D. 1961-May-01 00:00:00.0000,  2.588720277569146E-01,  1.897694099871798E-01, -8.294040249899120E-03, -2.215498225814658E-02,  2.391677809268459E-02,  3.988206762040537E-03,
2437430.500000000, A.D. 1961-May-11 00:00:00.0000, -4.320325560883734E-02,  3.065844394727878E-01,  2.899849395996519E-02, -3.350041297634293E-02, -2.893742362121190E-03,  2.841931208971527E-03,
2437440.500000000, A.D. 1961-May-21 00:00:00.0000, -3.154412299419827E-01,  1.543838548333389E-01,  4.158766199700146E-02, -1.815157137731669E-02, -2.407234866078934E-02, -2.973600132087280E-04,
2437450.500000000, A.D. 1961-May-31 00:00:00.0000, -3.945012620644927E-01, -1.079798176631784E-01,  2.743331713782513E-02,  1.592041381180928E-03, -2.591577931134837E-02, -2.261985678318991E-03,
2437460.500000000, A.D. 1961-Jun-10 00:00:00.0000, -3.058026017630591E-01, -3.314224930386782E-01,  1.041968648708889E-03,  1.496225620957719E-02, -1.777908711649357E-02, -2.826239809377129E-03,
2437470.500000000, A.D. 1961-Jun-20 00:00:00.0000, -1.177678552978707E-01, -4.507777288315848E-01, -2.597934968566545E-02,  2.157491568475788E-02, -5.691205833813801E-03, -2.447010766639542E-03,
2437480.500000000, A.D. 1961-Jun-30 00:00:00.0000,  1.043582231742922E-01, -4.401696807001611E-01, -4.552318719715309E-02,  2.173592148812749E-02,  7.936631742828522E-03, -1.349254584117620E-03,
2437490.500000000, A.D. 1961-Jul-10 00:00:00.0000,  2.919901237103972E-01, -2.929718064401222E-01, -5.074662929081863E-02,  1.435136330281411E-02,  2.120348729050717E-02,  4.123486509482367E-04,
2437500.500000000, A.D. 1961-Jul-20 00:00:00.0000,  3.581664197726846E-01, -3.239317951595311E-02, -3.555407595992899E-02, -2.902107871830591E-03,  2.928740215731596E-02,  2.657617694719493E-03,
2437510.500000000, A.D. 1961-Jul-30 00:00:00.0000,  2.092996580876867E-01,  2.344665066641973E-01, -8.980566881148154E-05, -2.655909801073209E-02,  1.991657144231915E-02,  4.066290231359159E-03,
2437520.500000000, A.D. 1961-Aug-09 00:00:00.0000, -1.099216202240949E-01,  2.946452462267318E-01,  3.415421211478472E-02, -3.200679535618800E-02, -8.779903221625293E-03,  2.224119877021879E-03,
2437530.500000000, A.D. 1961-Aug-19 00:00:00.0000, -3.479345914503233E-01,  1.036636370537593E-01,  4.043229142993300E-02, -1.385177241712847E-02, -2.575146802379538E-02, -8.295518082475027E-04,
2437540.500000000, A.D. 1961-Aug-29 00:00:00.0000, -3.878750638445577E-01, -1.595185755521283E-01,  2.261646962957280E-02,  4.885926000668712E-03, -2.479239918946356E-02, -2.472939404748048E-03,
2437550.500000000, A.D. 1961-Sep-08 00:00:00.0000, -2.734805061296021E-01, -3.652679176174375E-01, -4.691470906635967E-03,  1.682826181658258E-02, -1.553648626567143E-02, -2.814606160363715E-03,
2437560.500000000, A.D. 1961-Sep-18 00:00:00.0000, -7.333948159760706E-02, -4.596060600169687E-01, -3.078267610553282E-02,  2.214066078074511E-02, -2.996675375770154E-03, -2.278998935132576E-03,
2437570.500000000, A.D. 1961-Sep-28 00:00:00.0000,  1.477138637099435E-01, -4.211986969391275E-01, -4.795825853171669E-02,  2.091337843784721E-02,  1.074425747434921E-02, -1.044445426611596E-03,
2437580.500000000, A.D. 1961-Oct-08 00:00:00.0000,  3.185292086658082E-01, -2.475121978583918E-01, -4.947384665716920E-02,  1.171542503315503E-02,  2.353333507520895E-02,  8.447711095798935E-04,
2437590.500000000, A.D. 1961-Oct-18 00:00:00.0000,  3.475281055951505E-01,  2.724202111836248E-02, -2.970789408306674E-02, -7.629802538440267E-03,  2.931535782792763E-02,  3.094304905442949E-03,
2437600.500000000, A.D. 1961-Oct-28 00:00:00.0000,  1.515643339640002E-01,  2.699700716827930E-01,  8.113743832948071E-03, -3.014359652321766E-02,  1.489723874009146E-02,  3.985867542756549E-03,
2437610.500000000, A.D. 1961-Nov-07 00:00:00.0000, -1.724421068274303E-01,  2.713905833244221E-01,  3.800036098331028E-02, -2.941332729964501E-02, -1.399461166499174E-02,  1.560083473027277E-03,
2437620.500000000, A.D. 1961-Nov-17 00:00:00.0000, -3.717388002438281E-01,  5.032955315430888E-02,  3.826523585193549E-02, -9.615796653711187E-03, -2.666336422157034E-02, -1.293229411131870E-03,
2437630.500000000, A.D. 1961-Nov-27 00:00:00.0000, -3.748611169534468E-01, -2.084432551219052E-01,  1.742629851123234E-02,  7.882308496654040E-03, -2.334933268853319E-02, -2.630453957337975E-03,
2437640.500000000, A.D. 1961-Dec-07 00:00:00.0000, -2.376458098719317E-01, -3.944297833812917E-01, -1.036508684594839E-02,  1.842298548304055E-02, -1.316744218804187E-02, -2.767723361831397E-03,
2437650.500000000, A.D. 1961-Dec-17 00:00:00.0000, -2.803229848927535E-02, -4.629143396067640E-01, -3.521588540434867E-02,  2.244185970204600E-02, -2.528788135732812E-04, -2.082657124009667E-03,
2437660.500000000, A.D. 1961-Dec-27 00:00:00.0000,  1.890697348272129E-01, -3.965584187828308E-01, -4.974652484336677E-02,  1.976731886202305E-02,  1.352327883718089E-02, -7.122445310182368E-04,
2437670.500000000, A.D. 1962-Jan-06 00:00:00.0000,  3.392723037408982E-01, -1.975795420102190E-01, -4.730311117315685E-02,  8.643070616684423E-03,  2.560786292124386E-02,  1.296446402023392E-03,
2437680.500000000, A.D. 1962-Jan-16 00:00:00.0000,  3.270160440211365E-01,  8.606069316757956E-02, -2.302098849896442E-02, -1.260564065413649E-02,  2.847222928452729E-02,  3.482665090311839E-03,
2437690.500000000, A.D. 1962-Jan-26 00:00:00.0000,  8.765835770967989E-02,  2.944303280755741E-01,  1.598267647951324E-02, -3.259904292835968E-02,  9.098735878295065E-03,  3.738071291671104E-03,
2437700.500000000, A.D. 1962-Feb-05 00:00:00.0000, -2.288117617670463E-01,  2.383974281736106E-01,  4.048609285683713E-02, -2.599996137229511E-02, -1.834437404507432E-02,  8.913128632801933E-04,
2437710.500000000, A.D. 1962-Feb-15 00:00:00.0000, -3.870955245704832E-01, -4.177541154085876E-03,  3.522596242441809E-02, -5.547188976167842E-03, -2.691558168547417E-02, -1.687671934340353E-03,
2437720.500000000, A.D. 1962-Feb-25 00:00:00.0000, -3.560589757045244E-01, -2.541703301540144E-01,  1.196512678132697E-02,  1.058213670491121E-02, -2.164262970159198E-02, -2.739187743233323E-03,
2437730.500000000, A.D. 1962-Mar-07 00:00:00.0000, -1.988346420660926E-01, -4.186742125700827E-01, -1.591085935027212E-02,  1.975233444776761E-02, -1.069189911423243E-02, -2.687756046372137E-03,
2437740.500000000, A.D. 1962-Mar-17 00:00:00.0000,  1.762359896609289E-02, -4.606080438100814E-01, -3.922286267672614E-02,  2.247279131725383E-02,  2.528849903476491E-03, -1.858386245854036E-03,
2437750.500000000, A.D. 1962-Mar-27 00:00:00.0000,  2.277620219985149E-01, -3.663135298481606E-01, -5.083262053278297E-02,  1.827659889162806E-02,  1.624834527330819E-02, -3.527838057561566E-04,
2437760.500000000, A.D. 1962-Apr-06 00:00:00.0000,  3.533233076765158E-01, -1.437440193953728E-01, -4.419901192835618E-02,  5.119285949493214E-03,  2.733998955218280E-02,  1.761645902579600E-03,
2437770.500000000, A.D. 1962-Apr-16 00:00:00.0000,  2.962801301951727E-01,  1.421862085561846E-01, -1.561468541798712E-02, -1.765107172822754E-02,  2.661663931524461E-02,  3.794768584347335E-03,
2437780.500000000, A.D. 1962-Apr-26 00:00:00.0000,  2.007459146138642E-02,  3.066268209100212E-01,  2.318828777397870E-02, -3.371528213477073E-02,  2.874989421331570E-03,  3.332519900657028E-03,
2437790.500000000, A.D. 1962-May-06 00:00:00.0000, -2.776795984123548E-01,  1.975166091415938E-01,  4.163867043959972E-02, -2.205230917774524E-02, -2.175177514487158E-02,  2.503954826322592E-04,
2437800.500000000, A.D. 1962-May-16 00:00:00.0000, -3.944245787435521E-01, -5.862168264621368E-02,  3.145438987115681E-02, -1.711489954567444E-03, -2.661103766942001E-02, -2.015254584219329E-03,
2437810.500000000, A.D. 1962-May-26 00:00:00.0000, -3.320726287366711E-01, -2.962064768207516E-01,  6.329133716102311E-03,  1.299030846179659E-02, -1.971828554457391E-02, -2.803355297252573E-03,
2437820.500000000, A.D. 1962-Jun-05 00:00:00.0000, -1.575890971395745E-01, -4.377988098244450E-01, -2.126214374473363E-02,  2.081990834554947E-02, -8.127405159601702E-03, -2.576474514484816E-03,
2437830.500000000, A.D. 1962-Jun-15 00:00:00.0000,  6.306271833581030E-02, -4.526244362756734E-01, -4.274623303130932E-02,  2.222438591265555E-02,  5.334820943239116E-03, -1.606467687476202E-03,
2437840.500000000, A.D. 1962-Jun-25 00:00:00.0000,  2.630598111626224E-01, -3.306156969316967E-01, -5.116142809770496E-02,  1.641786473230058E-02,  1.888441467922601E-02,  3.322625287806115E-05,
2437850.500000000, A.D. 1962-Jul-05 00:00:00.0000,  3.597612040659784E-01, -8.682695707914367E-02, -4.014363360424451E-02,  1.146282481390860E-03,  2.861956027426570E-02,  2.231167254188608E-03,
2437860.500000000, A.D. 1962-Jul-15 00:00:00.0000,  2.554393778780772E-01,  1.934291492709490E-01, -7.678470371774374E-03, -2.250935189227231E-02,  2.365245396456708E-02,  3.999153223384233E-03,
2437870.500000000, A.D. 1962-Jul-25 00:00:00.0000, -4.834622994380079E-02,  3.061057180677632E-01,  2.943244314661534E-02, -3.343113788398652E-02, -3.356429784115719E-03,  2.797658669945003E-03,
2437880.500000000, A.D. 1962-Aug-04 00:00:00.0000, -3.182047454334616E-01,  1.506731330759239E-01,  4.153776191983271E-02, -1.782695722382637E-02, -2.422870885038056E-02, -3.400719068083369E-04,
2437890.500000000, A.D. 1962-Aug-14 00:00:00.0000, -3.942343426071559E-01, -1.119575910930540E-01,  2.708230669761104E-02,  1.851837752228056E-03, -2.584351649941303E-02, -2.280007134083601E-03,
2437900.500000000, A.D. 1962-Aug-24 00:00:00.0000, -3.034868013128575E-01, -3.341431305192376E-01,  6.051765705969583E-04,  1.511338301460853E-02, -1.761424634513924E-02, -2.826651932297477E-03,
2437910.500000000, A.D. 1962-Sep-03 00:00:00.0000, -1.144409820790594E-01, -4.516360919642525E-01, -2.635658379060439E-02,  2.162706463996551E-02, -5.488988873176352E-03, -2.435228394876109E-03,
2437920.500000000, A.D. 1962-Sep-13 00:00:00.0000,  1.077027399853322E-01, -4.389290555948068E-01, -4.572986943550456E-02,  2.168451118260878E-02,  8.150054240663703E-03, -1.327013064238289E-03,
2437930.500000000, A.D. 1962-Sep-23 00:00:00.0000,  2.941874927064731E-01, -2.896898151267868E-01, -5.068025910217077E-02,  1.416630532136763E-02,  2.138749855559144E-02,  4.444746047061867E-04,
2437940.500000000, A.D. 1962-Oct-03 00:00:00.0000,  3.576939699864939E-01, -2.787794720736282E-02, -3.514085671597088E-02, -3.249024863995268E-03,  2.931654724365471E-02,  2.691934325771501E-03,
2437950.500000000, A.D. 1962-Oct-13 00:00:00.0000,  2.051881060258778E-01,  2.375086640410999E-01,  5.376623473703477E-04, -2.686366817375468E-02,  1.956942004013604E-02,  4.065890591117596E-03,
2437960.500000000, A.D. 1962-Oct-23 00:00:00.0000, -1.148337878176380E-01,  2.932644081064171E-01,  3.449319038046524E-02, -3.184532568624687E-02, -9.201686897040448E-03,  2.174716224347429E-03,
2437970.500000000, A.D. 1962-Nov-02 00:00:00.0000, -3.500401489186517E-01,  9.969767220660861E-02,  4.030103673455165E-02, -1.352704404006221E-02, -2.584605101967428E-02, -8.672233137826650E-04,
2437980.500000000, A.D. 1962-Nov-12 00:00:00.0000, -3.871047377220034E-01, -1.633225234174479E-01,  2.223339333685152E-02,  5.123428420808916E-03, -2.469357437726623E-02, -2.486740010953563E-03,
2437990.500000000, A.D. 1962-Nov-22 00:00:00.0000, -2.708802644480845E-01, -3.676429167699647E-01, -5.126160471871517E-03,  1.695864264518553E-02, -1.536118761305172E-02, -2.812257232569294E-03,
2438000.500000000, A.D. 1962-Dec-02 00:00:00.0000, -6.992805314432539E-02, -4.600494385495173E-01, -3.113377094052367E-02,  2.217293564764551E-02, -2.790280259336463E-03, -2.265048161953258E-03,
2438010.500000000, A.D. 1962-Dec-12 00:00:00.0000,  1.509290175362713E-01, -4.195263586222169E-01, -4.811776211292525E-02,  2.083812795253067E-02,  1.095630313298523E-02, -1.020123623659023E-03,
2438020.500000000, A.D. 1962-Dec-22 00:00:00.0000,  3.203174784760850E-01, -2.438739238678177E-01, -4.934074339340112E-02,  1.149795045012442E-02,  2.370061476866260E-02,  8.785081531422125E-04,
2438030.500000000, A.D. 1963-Jan-01 00:00:00.0000,  3.463256297164494E-01,  3.175501161588917E-02, -2.922778504754530E-02, -8.000298559973206E-03,  2.928376762264777E-02,  3.125818328168596E-03,
2438040.500000000, A.D. 1963-Jan-11 00:00:00.0000,  1.469068737347800E-01,  2.722326416704628E-01,  8.727571398995524E-03, -3.037260198617093E-02,  1.448094464886107E-02,  3.972864179356798E-03,
2438050.500000000, A.D. 1963-Jan-21 00:00:00.0000, -1.769506431209952E-01,  2.692099156100248E-01,  3.823672090876892E-02, -2.917956649738110E-02, -1.435620779915994E-02,  1.508953282620624E-03,
2438060.500000000, A.D. 1963-Jan-31 00:00:00.0000, -3.731940426059616E-01,  4.622383915952339E-02,  3.806266440002850E-02, -9.300551392903821E-03, -2.670425293722339E-02, -1.325635804685094E-03,
2438070.500000000, A.D. 1963-Feb-10 00:00:00.0000, -3.736310975549308E-01, -2.120267339587111E-01,  1.701891207631831E-02,  8.097289450336465E-03, -2.322858731442232E-02, -2.640389752083225E-03,
2438080.500000000, A.D. 1963-Feb-20 00:00:00.0000, -2.348011690030684E-01, -3.964410422087420E-01, -1.079257735873733E-02,  1.853304873020209E-02, -1.298324027448154E-02, -2.762780448863948E-03,
2438090.500000000, A.D. 1963-Mar-02 00:00:00.0000, -2.457578667622717E-02, -4.629345355939972E-01, -3.553663313839569E-02,  2.245386494590542E-02, -4.299549765416050E-05, -2.066562541757332E-03,
2438100.500000000, A.D. 1963-Mar-12 00:00:00.0000,  1.921064450630257E-01, -3.944550937334293E-01, -4.985454202727440E-02,  1.966666498388182E-02,  1.373253299588024E-02, -6.858196939141598E-04,
2438110.500000000, A.D. 1963-Mar-22 00:00:00.0000,  3.405830085238934E-01, -1.936158538519947E-01, -4.709967526459116E-02,  8.391406307156369E-03,  2.575295933426166E-02,  1.331513456417808E-03,
2438120.500000000, A.D. 1963-Apr-01 00:00:00.0000,  3.250373139972904E-01,  9.044963630864983E-02, -2.247978921680397E-02, -1.298959336376277E-02,  2.836852076567541E-02,  3.509528552710168E-03,
2438130.500000000, A.D. 1963-Apr-11 00:00:00.0000,  8.261128853647476E-02,  2.958009109051536E-01,  1.655939393323564E-02, -3.273266445819686E-02,  8.635354087712412E-03,  3.712463724798602E-03,
2438140.500000000, A.D. 1963-Apr-21 00:00:00.0000, -2.328060080173119E-01,  2.355449053219072E-01,  4.062035820661400E-02, -2.571498410669869E-02, -1.863653837899006E-02,  8.411598899979787E-04,
2438150.500000000, A.D. 1963-May-01 00:00:00.0000, -3.879314620733479E-01, -8.327227941886412E-03,  3.496305848853856E-02, -5.247031178568532E-03, -2.691049427960928E-02, -1.714925390838040E-03,
2438160.500000000, A.D. 1963-May-11 00:00:00.0000, -3.544160483390955E-01, -2.574948510760843E-01,  1.154119360558334E-02,  1.077505913537545E-02, -2.150356843173315E-02, -2.745596750516725E-03,
2438170.500000000, A.D. 1963-May-21 00:00:00.0000, -1.957862304815962E-01, -4.203062136461300E-01, -1.632584583344615E-02,  1.984250753316330E-02, -1.050019826170281E-02, -2.680374500768905E-03,
2438180.500000000, A.D. 1963-May-31 00:00:00.0000,  2.108403300357890E-02, -4.602008038782373E-01, -3.950883476683621E-02,  2.246392972582902E-02,  2.741119221554660E-03, -1.840183082330613E-03,
2438190.500000000, A.D. 1963-Jun-10 00:00:00.0000,  2.305672140676326E-01, -3.637917338862922E-01, -5.088500894431018E-02,  1.814880557271459E-02,  1.645213385879012E-02, -3.243178776251782E-04,
2438200.500000000, A.D. 1963-Jun-20 00:00:00.0000,  3.540879576928220E-01, -1.395172796294991E-01, -4.392382224289720E-02,  4.833190154298620E-03,  2.745475570662126E-02,  1.797388894106632E-03,
2438210.500000000, A.D. 1963-Jun-30 00:00:00.0000,  2.935236064276929E-01,  1.462801961512517E-01, -1.502614725884171E-02, -1.803063127217335E-02,  2.643123922628998E-02,  3.814540457254244E-03,
2438220.500000000, A.D. 1963-Jul-10 00:00:00.0000,  1.486422850675421E-02,  3.070335833574288E-01,  2.370110243753379E-02, -3.374255803765763E-02,  2.396262368342969E-03,  3.295877014727791E-03,
2438230.500000000, A.D. 1963-Jul-20 00:00:00.0000, -2.810621160925478E-01,  1.941416036117467E-01,  4.167386419292684E-02, -2.173790682778423E-02, -2.197194930252726E-02,  2.034280045389968E-04,
2438240.500000000, A.D. 1963-Jul-30 00:00:00.0000, -3.946697198511108E-01, -6.272459723886657E-02,  3.114096541736835E-02, -1.430882632040641E-03, -2.656770012479463E-02, -2.037572950732084E-03,
2438250.500000000, A.D. 1963-Aug-09 00:00:00.0000, -3.300586255206123E-01, -2.992360015317812E-01,  5.895270082918680E-03,  1.316137143630533E-02, -1.956427264501558E-02, -2.806524448137403E-03,
2438260.500000000, A.D. 1963-Aug-19 00:00:00.0000, -1.543760921820223E-01, -4.390366607456500E-01, -2.165992290849154E-02,  2.089026174409790E-02, -7.929458865043015E-03, -2.566758768757531E-03,
2438270.500000000, A.D. 1963-Aug-29 00:00:00.0000,  6.648429743272334E-02, -4.517847473694135E-01, -4.299318339009452E-02,  2.219380491129460E-02,  5.548496185934151E-03, -1.586158161468918E-03,
2438280.500000000, A.D. 1963-Sep-08 00:00:00.0000,  2.655766360453154E-01, -3.276866747255797E-01, -5.115399177628093E-02,  1.626103161763498E-02,  1.907997528539293E-02,  6.368075725243876E-05,
2438290.500000000, A.D. 1963-Sep-18 00:00:00.0000,  3.599093982226300E-01, -8.240260068875332E-02, -3.979566847267622E-02,  8.264996481397658E-04,  2.869506593759088E-02,  2.266792111241235E-03,
2438300.500000000, A.D. 1963-Sep-28 00:00:00.0000,  2.519307126535781E-01,  1.970623387642735E-01, -7.058522187801571E-03, -2.286275691437218E-02,  2.338079661614288E-02,  4.009472366979323E-03,
2438310.500000000, A.D. 1963-Oct-08 00:00:00.0000, -5.351033398890576E-02,  3.055509898927180E-01,  2.986239192578418E-02, -3.335401168712693E-02, -3.819310881671067E-03,  2.752718481168921E-03,
2438320.500000000, A.D. 1963-Oct-18 00:00:00.0000, -3.209370758378110E-01,  1.469182501570090E-01,  4.148215871134125E-02, -1.750016770424275E-02, -2.438057974450665E-02, -3.825899389208595E-04,
2438330.500000000, A.D. 1963-Oct-28 00:00:00.0000, -3.939322751915688E-01, -1.159418539998895E-01,  2.672835451248246E-02,  2.110908439492216E-03, -2.576835910657573E-02, -2.297739931528420E-03,
2438340.500000000, A.D. 1963-Nov-07 00:00:00.0000, -3.011471030493965E-01, -3.368485538800606E-01,  1.679776259786881E-04,  1.526314542352365E-02, -1.744784138599275E-02, -2.826847603637590E-03,
2438350.500000000, A.D. 1963-Nov-17 00:00:00.0000, -1.111048766061575E-01, -4.524678423834601E-01, -2.673234967910756E-02,  2.167765719973668E-02, -5.285996419718654E-03, -2.423281005540115E-03,
2438360.500000000, A.D. 1963-Nov-27 00:00:00.0000,  1.110396026765104E-01, -4.376571702837555E-01, -4.593352718085376E-02,  2.163123170795351E-02,  8.363617605352746E-03, -1.304619951898860E-03,
2438370.500000000, A.D. 1963-Dec-07 00:00:00.0000,  2.963554845518879E-01, -2.863799778975709E-01, -5.060938200455371E-02,  1.397872412879467E-02,  2.157050963065861E-02,  4.767356518187288E-04,
2438380.500000000, A.D. 1963-Dec-17 00:00:00.0000,  3.571653668267484E-01, -2.335796662342484E-02, -3.472261763595278E-02, -3.598325553672065E-03,  2.934162370048079E-02,  2.726142009267105E-03,
2438390.500000000, A.D. 1963-Dec-27 00:00:00.0000,  2.010220468527214E-01,  2.404974646977106E-01,  1.165439666809850E-03, -2.716410687303836E-02,  1.921609744567310E-02,  4.064640829492420E-03,
2438400.500000000, A.D. 1964-Jan-06 00:00:00.0000, -1.197332807164386E-01,  2.918112626178132E-01,  3.482517819735412E-02, -3.167752365503023E-02, -9.620544599936784E-03,  2.125013924939199E-03,
2438410.500000000, A.D. 1964-Jan-16 00:00:00.0000, -3.521022696815877E-01,  9.570229929193513E-02,  4.016381974601582E-02, -1.320188122953278E-02, -2.593652686402602E-02, -9.045760910738975E-04,
2438420.500000000, A.D. 1964-Jan-26 00:00:00.0000, -3.862969757579187E-01, -1.671248225030776E-01,  2.184754925762961E-02,  5.359759987276429E-03, -2.459251516497044E-02, -2.500251380379705E-03,
2438430.500000000, A.D. 1964-Feb-05 00:00:00.0000, -2.682560636474299E-01, -3.699994735648506E-01, -5.561103958043601E-03,  1.708755513913803E-02, -1.518465252342831E-02, -2.809689374765003E-03,
2438440.500000000, A.D. 1964-Feb-15 00:00:00.0000, -6.650836784447875E-02, -4.604651551904041E-01, -3.148314162151385E-02,  2.220352257383449E-02, -2.583250187700205E-03, -2.250915830684233E-03,
2438450.500000000, A.D. 1964-Feb-25 00:00:00.0000,  1.541337462334487E-01, -4.178229627626768E-01, -4.827381534922193E-02,  2.076078392566935E-02,  1.116834979607410E-02, -9.956363820098478E-04,
2438460.500000000, A.D. 1964-Mar-06 00:00:00.0000,  3.220712392923248E-01, -2.402102820445241E-01, -4.920268784156368E-02,  1.127774449237522E-02,  2.386652683245512E-02,  9.123638201141684E-04,
2438470.500000000, A.D. 1964-Mar-16 00:00:00.0000,  3.450623521144972E-01,  3.626407022836652E-02, -2.874282594173458E-02, -8.372625820029423E-03,  2.924726135658131E-02,  3.157096662262907E-03,
2438480.500000000, A.D. 1964-Mar-26 00:00:00.0000,  1.422045640529470E-01,  2.744311126592617E-01,  9.340000547613947E-03, -3.059565659689444E-02,  1.405968916376681E-02,  3.958937355381979E-03,
2438490.500000000, A.D. 1964-Apr-05 00:00:00.0000, -1.814349703055887E-01,  2.669650898516556E-01,  3.846571288640514E-02, -2.894078841997352E-02, -1.471366412541182E-02,  1.457742191919262E-03,
2438500.500000000, A.D. 1964-Apr-15 00:00:00.0000, -3.746054715244648E-01,  4.209829323312939E-02,  3.785490316489022E-02, -8.985489236692122E-03, -2.674143053785532E-02, -1.357695185218073E-03,
2438510.500000000, A.D. 1964-Apr-25 00:00:00.0000, -3.723660778812866E-01, -2.156029058908716E-01,  1.660953151161889E-02,  8.311030040593864E-03, -2.310594893924131E-02, -2.650049883410008E-03,
2438520.500000000, A.D. 1964-May-05 00:00:00.0000, -2.319350639248969E-01, -3.984311704958011E-01, -1.121970315591675E-02,  1.864165960728414E-02, -1.279806683134398E-02, -2.757633612007860E-03,
2438530.500000000, A.D. 1964-May-15 00:00:00.0000, -2.111364703338920E-02, -4.629270448621413E-01, -3.585517138800617E-02,  2.246412671130918E-02,  1.672297811068708E-04, -2.050299469904307E-03,
2438540.500000000, A.D. 1964-May-25 00:00:00.0000,  1.951291785590912E-01, -3.923246115742809E-01, -4.995882808128371E-02,  1.956381323568952E-02,  1.394124854510641E-02, -6.592640121665594E-04,
2438550.500000000, A.D. 1964-Jun-04 00:00:00.0000,  3.418558519726062E-01, -1.896386068857663E-01, -4.689171432155728E-02,  8.137293485125490E-03,  2.589560721156575E-02,  1.366575853559228E-03,
2438560.500000000, A.D. 1964-Jun-14 00:00:00.0000,  3.230049834213647E-01,  9.481083668365949E-02, -2.193625280649650E-02, -1.337322427218460E-02,  2.825897588389264E-02,  3.535866445140708E-03,
2438570.500000000, A.D. 1964-Jun-24 00:00:00.0000,  7.755373407344807E-02,  2.970938922676931E-01,  1.713036241213978E-02, -3.285854068940856E-02,  8.170420313260538E-03,  3.686029112892331E-03,
2438580.500000000, A.D. 1964-Jul-04 00:00:00.0000, -2.367512254696653E-01,  2.326450232943566E-01,  4.074612873241934E-02, -2.542755205364318E-02, -1.892333522705013E-02,  7.912539602862178E-04,
2438590.500000000, A.D. 1964-Jul-14 00:00:00.0000, -3.887183059170786E-01, -1.248112388031683E-02,  3.469551351460454E-02, -4.948221247696899E-03, -2.690245319527686E-02, -1.741783939688062E-03,
2438600.500000000, A.D. 1964-Jul-24 00:00:00.0000, -3.527396037243934E-01, -2.608035597070151E-01,  1.111591800054408E-02,  1.096638725042886E-02, -2.136318942568230E-02, -2.751735515949880E-03,
2438610.500000000, A.D. 1964-Aug-03 00:00:00.0000, -1.927200069655018E-01, -4.219127870078624E-01, -1.673985975062627E-02,  1.993110696454013E-02, -1.030781485928742E-02, -2.672791455848392E-03,
2438620.500000000, A.D. 1964-Aug-13 00:00:00.0000,  2.454574912642176E-02, -4.597636152126560E-01, -3.979200636655913E-02,  2.245329269185524E-02,  2.953593410154256E-03, -1.821812816115691E-03,
2438630.500000000, A.D. 1964-Aug-23 00:00:00.0000,  2.333538282576760E-01, -3.612416289683461E-01, -5.093308751555452E-02,  1.801877981157710E-02,  1.665526836661275E-02, -2.957228943404663E-04,
2438640.500000000, A.D. 1964-Sep-02 00:00:00.0000,  3.548098334026261E-01, -1.352781759594709E-01, -4.364365174081565E-02,  4.544686487033434E-03,  2.756663526476949E-02,  1.833091300349075E-03,
2438650.500000000, A.D. 1964-Sep-12 00:00:00.0000,  2.907140802292859E-01,  1.503390251375371E-01, -1.443580644632973E-02, -1.840849109766700E-02,  2.623954115333024E-02,  3.833623056067144E-03,
2438660.500000000, A.D. 1964-Sep-22 00:00:00.0000,  9.659061848635986E-03,  3.073654461760630E-01,  2.420705073333649E-02, -3.376171906808124E-02,  1.918361478287899E-03,  3.258561647870091E-03,
2438670.500000000, A.D. 1964-Oct-02 00:00:00.0000, -2.843906829258137E-01,  1.907364829740628E-01,  4.170153463904564E-02, -2.142250074290781E-02, -2.218658974732968E-02,  1.568441798471314E-04,
2438680.500000000, A.D. 1964-Oct-12 00:00:00.0000, -3.948701635511853E-01, -6.681752883960872E-02,  3.082439297043608E-02, -1.152136619239153E-03, -2.652188370832808E-02, -2.059493904795561E-03,
2438690.500000000, A.D. 1964-Oct-22 00:00:00.0000, -3.280186466385727E-01, -3.022403712308650E-01,  5.461422062333453E-03,  1.333067143913051E-02, -1.940943605761734E-02, -2.809447948046579E-03,
2438700.500000000, A.D. 1964-Nov-01 00:00:00.0000, -1.511536178874992E-01, -4.402448052834252E-01, -2.205567822884340E-02,  2.095902868840267E-02, -7.731350676264580E-03, -2.556876479700451E-03,
2438710.500000000, A.D. 1964-Nov-11 00:00:00.0000,  6.989901150359401E-02, -4.509163557756282E-01, -4.323666238187089E-02,  2.216149166080079E-02,  5.761772562356399E-03, -1.565724231901289E-03,
2438720.500000000, A.D. 1964-Nov-21 00:00:00.0000,  2.680676618180241E-01, -3.247377688383210E-01, -5.114214960485419E-02,  1.610215588328357E-02,  1.927401018809082E-02,  9.418272082332432E-05,
2438730.500000000, A.D. 1964-Dec-01 00:00:00.0000,  3.600128015432194E-01, -7.798492864040608E-02, -3.944396180347935E-02,  5.053748074784962E-04,  2.876649324994725E-02,  2.302175009191076E-03,
2438740.500000000, A.D. 1964-Dec-11 00:00:00.0000,  2.483878024269460E-01,  2.006354423500522E-01, -6.440527472683958E-03, -2.321148682140160E-02,  2.310368810615160E-02,  4.018880488847438E-03,
2438750.500000000, A.D. 1964-Dec-21 00:00:00.0000, -5.863557524279075E-02,  3.049257804923132E-01,  3.028257921867721E-02, -3.327002128202347E-02, -4.277811171179568E-03,  2.707498069802920E-03,
2438760.500000000, A.D. 1964-Dec-31 00:00:00.0000, -3.236051344647769E-01,  1.431516000111782E-01,  4.141935756642768E-02, -1.717440731408901E-02, -2.452733583743031E-02, -4.245710828225353E-04,
2438770.500000000, A.D. 1965-Jan-10 00:00:00.0000, -3.935865971349081E-01, -1.199055923739092E-01,  2.637205151217340E-02,  2.367628382824674E-03, -2.569150521421109E-02, -2.315083714596457E-03,
2438780.500000000, A.D. 1965-Jan-20 00:00:00.0000, -2.987848999116964E-01, -3.395243002743203E-01, -2.685517055203571E-04,  1.541104545040748E-02, -1.728105322020726E-02, -2.826809958572812E-03,
2438790.500000000, A.D. 1965-Jan-30 00:00:00.0000, -1.077635119451967E-01, -4.532688468293521E-01, -2.710550640109191E-02,  2.172659150627450E-02, -5.083133567644297E-03, -2.411169747161743E-03,
2438800.500000000, A.D. 1965-Feb-09 00:00:00.0000,  1.143645540995863E-01, -4.363585117592504E-01, -4.613316757367132E-02,  2.157613056218861E-02,  8.576454071781548E-03, -1.282111855625268E-03,
2438810.500000000, A.D. 1965-Feb-19 00:00:00.0000,  2.984921642470256E-01, -2.830561875849903E-01, -5.053381775044847E-02,  1.378914829847332E-02,  2.175150538106516E-02,  5.089936535181973E-04,
2438820.500000000, A.D. 1965-Mar-01 00:00:00.0000,  3.565899502714258E-01, -1.885645040568571E-02, -3.430127210981495E-02, -3.948141033527075E-03,  2.936200612930341E-02,  2.759965964124222E-03,
2438830.500000000, A.D. 1965-Mar-11 00:00:00.0000,  1.968352229669734E-01,  2.434150317402606E-01,  1.789099854719633E-03, -2.745797164534348E-02,  1.885874374615120E-02,  4.062407891417439E-03,
2438840.500000000, A.D. 1965-Mar-21 00:00:00.0000, -1.245790941893789E-01,  2.902995138443811E-01,  3.514692048031322E-02, -3.150468581465409E-02, -1.003340384108695E-02,  2.075330195730764E-03,
2438850.500000000, A.D. 1965-Mar-31 00:00:00.0000, -3.541016304268420E-01,  9.170709548845475E-02,  4.002045552856531E-02, -1.287858943628530E-02, -2.602273273951636E-02, -9.413780467880287E-04,
2438860.500000000, A.D. 1965-Apr-10 00:00:00.0000, -3.854500393237251E-01, -1.709018847718259E-01,  2.146014099747244E-02,  5.593747368575862E-03, -2.449026672993950E-02, -2.513410667935624E-03,
2438870.500000000, A.D. 1965-Apr-20 00:00:00.0000, -2.656133938655467E-01, -3.723250869909971E-01, -5.994873736142850E-03,  1.721462992682916E-02, -1.500796614600694E-02, -2.806907665148905E-03,
2438880.500000000, A.D. 1965-Apr-30 00:00:00.0000, -6.308765117327161E-02, -4.608508362084431E-01, -3.182955010990052E-02,  2.223239318595387E-02, -2.376542351127308E-03, -2.236633560215561E-03,
2438890.500000000, A.D. 1965-May-10 00:00:00.0000,  1.573216832993106E-01, -4.160958785848068E-01, -4.842569242650883E-02,  2.068157115148599E-02,  1.137936202509561E-02, -9.710623012579725E-04,
2438900.500000000, A.D. 1965-May-20 00:00:00.0000,  3.237892772021667E-01, -2.365401419700659E-01, -4.906023773436217E-02,  1.105574698213651E-02,  2.402982813175986E-02,  9.461472279035625E-04,
2438910.500000000, A.D. 1965-May-30 00:00:00.0000,  3.437540409700505E-01,  4.074017235530315E-02, -2.825619540853160E-02, -8.744220942998371E-03,  2.920543502196817E-02,  3.187826816972990E-03,
2438920.500000000, A.D. 1965-Jun-09 00:00:00.0000,  1.375010670281032E-01,  2.765492137581765E-01,  9.945704650218923E-03, -3.081070748534313E-02,  1.363665432479197E-02,  3.944084001511731E-03,
2438930.500000000, A.D. 1965-Jun-19 00:00:00.0000, -1.858538082441038E-01,  2.646747263100842E-01,  3.868441541710878E-02, -2.869921448467596E-02, -1.506440403075091E-02,  1.406815337096816E-03,
2438940.500000000, A.D. 1965-Jun-29 00:00:00.0000, -3.759568867522119E-01,  3.798115550481396E-02,  3.764187873424699E-02, -8.672811942175614E-03, -2.677520741786538E-02, -1.389229884283053E-03,
2438950.500000000, A.D. 1965-Jul-09 00:00:00.0000, -3.710654147301286E-01, -2.191515564189322E-01,  1.619905383645738E-02,  8.522566165401398E-03, -2.298243886665116E-02, -2.659394268564438E-03,
2438960.500000000, A.D. 1965-Jul-19 00:00:00.0000, -2.290523480143974E-01, -4.003894725698612E-01, -1.164540295999483E-02,  1.874860079555233E-02, -1.261275082813061E-02, -2.752281209839675E-03,
2438970.500000000, A.D. 1965-Jul-29 00:00:00.0000, -1.765086066453381E-02, -4.628879637797922E-01, -3.617048360777065E-02,  2.247278949516628E-02,  3.772598723665861E-04, -2.033876918848565E-03,
2438980.500000000, A.D. 1965-Aug-08 00:00:00.0000,  1.981353102516205E-01, -3.901673779387630E-01, -5.005850770420779E-02,  1.945907214951197E-02,  1.414907368592480E-02, -6.325991235665206E-04,
2438990.500000000, A.D. 1965-Aug-18 00:00:00.0000,  3.430921486112076E-01, -1.856516100005763E-01, -4.667875720499982E-02,  7.881256361976509E-03,  2.603544748827257E-02,  1.401564819607744E-03,
2439000.500000000, A.D. 1965-Aug-28 00:00:00.0000,  3.209289046424872E-01,  9.913739022863571E-02, -2.139107661009744E-02, -1.375523234094494E-02,  2.814351720016028E-02,  3.561514920328016E-03,
2439010.500000000, A.D. 1965-Sep-07 00:00:00.0000,  7.251031359533458E-02,  2.983107331221065E-01,  1.769359620993268E-02, -3.297559633985550E-02,  7.705863324744796E-03,  3.658747998493294E-03,
2439020.500000000, A.D. 1965-Sep-17 00:00:00.0000, -2.406252824100896E-01,  2.297201989179919E-01,  4.086263212277590E-02, -2.513907194696799E-02, -1.920319400745582E-02,  7.417956429716631E-04,
2439030.500000000, A.D. 1965-Sep-27 00:00:00.0000, -3.894504195017699E-01, -1.661109952776355E-02,  3.442421224311364E-02, -4.652286378347355E-03, -2.689175131320546E-02, -1.768139838866885E-03,
2439040.500000000, A.D. 1965-Oct-07 00:00:00.0000, -3.510349517193292E-01, -2.640757127312473E-01,  1.069068961687183E-02,  1.115546827070782E-02, -2.122249464979405E-02, -2.757599707482432E-03,
2439050.500000000, A.D. 1965-Oct-17 00:00:00.0000, -1.896443578355581E-01, -4.234834629032196E-01, -1.715169855174397E-02,  2.001809977215663E-02, -1.011573928810519E-02, -2.665039374485395E-03,
2439060.500000000, A.D. 1965-Oct-27 00:00:00.0000,  2.800152651464272E-02, -4.592951080228042E-01, -4.007153324691284E-02,  2.244110274852723E-02,  3.165433334247522E-03, -1.803314066002288E-03,
2439070.500000000, A.D. 1965-Nov-06 00:00:00.0000,  2.361176850136802E-01, -3.586700686953729E-01, -5.097650993753984E-02,  1.788693462681824E-02,  1.685691076920253E-02, -2.670685274719449E-04,
2439080.500000000, A.D. 1965-Nov-16 00:00:00.0000,  3.554915454231664E-01, -1.310421835032207E-01, -4.335927508893857E-02,  4.254848689739596E-03,  2.767480763650216E-02,  1.868588692317067E-03,
2439090.500000000, A.D. 1965-Nov-26 00:00:00.0000,  2.878708092028400E-01,  1.543439622617979E-01, -1.384645819403577E-02, -1.878249631684308E-02,  2.604212546745353E-02,  3.851819655057280E-03,
2439100.500000000, A.D. 1965-Dec-06 00:00:00.0000,  4.493457170258680E-03,  3.076229473662439E-01,  2.470290906541389E-02, -3.377265217570302E-02,  1.444087746368666E-03,  3.220724323647326E-03,
2439110.500000000, A.D. 1965-Dec-16 00:00:00.0000, -2.876433546319755E-01,  1.873218893543702E-01,  4.172069377341051E-02, -2.110801836253090E-02, -2.239485946944699E-02,  1.108538605465650E-04,
2439120.500000000, A.D. 1965-Dec-26 00:00:00.0000, -3.950203748856305E-01, -7.088027476107354E-02,  3.050501332247477E-02, -8.764430574335545E-04, -2.647420577571108E-02, -2.080953390200366E-03,
2439130.500000000, A.D. 1966-Jan-05 00:00:00.0000, -3.259546338936001E-01, -3.052068908097137E-01,  5.028193823681705E-03,  1.349783387406700E-02, -1.925453647974361E-02, -2.812123405930968E-03,
2439140.500000000, A.D. 1966-Jan-15 00:00:00.0000, -1.479250457698436E-01, -4.414170217781023E-01, -2.244884116038440E-02,  2.102623961713283E-02, -7.533592478859117E-03, -2.546832268598162E-03,
2439150.500000000, A.D. 1966-Jan-25 00:00:00.0000,  7.330466555177967E-02, -4.500167394040066E-01, -4.347611269998072E-02,  2.212762060288385E-02,  5.974413401195415E-03, -1.545163061981000E-03,
2439160.500000000, A.D. 1966-Feb-04 00:00:00.0000,  2.705325900431299E-01, -3.217678263493808E-01, -5.112529401494587E-02,  1.594143206657589E-02,  1.946645652707114E-02,  1.247368103886323E-04,
2439170.500000000, A.D. 1966-Feb-14 00:00:00.0000,  3.600733414055153E-01, -7.357336611241042E-02, -3.908797544133306E-02,  1.832085849246121E-04,  2.883375748506289E-02,  2.337287804033633E-03,
2439180.500000000, A.D. 1966-Feb-24 00:00:00.0000,  2.448181641223099E-01,  2.041488163780265E-01, -5.824593092764948E-03, -2.355467824552271E-02,  2.282136676338084E-02,  4.027286311435340E-03,
2439190.500000000, A.D. 1966-Mar-06 00:00:00.0000, -6.370754948420759E-02,  3.042390831397573E-01,  3.069249330246372E-02, -3.317906846106864E-02, -4.730606241268993E-03,  2.662039328174711E-03,
2439200.500000000, A.D. 1966-Mar-16 00:00:00.0000, -3.262005922066074E-01,  1.393922407005994E-01,  4.134970798433403E-02, -1.685071993299200E-02, -2.466852013100699E-02, -4.659238756366463E-04,
2439210.500000000, A.D. 1966-Mar-26 00:00:00.0000, -3.931988706104315E-01, -1.238304538807573E-01,  2.601431356256958E-02,  2.621193584043307E-03, -2.561342646226151E-02, -2.332018674703779E-03,
2439220.500000000, A.D. 1966-Apr-05 00:00:00.0000, -2.964071925764801E-01, -3.421583400811555E-01, -7.035555853532478E-04,  1.555678194679960E-02, -1.711458567166279E-02, -2.826562993960459E-03,
2439230.500000000, A.D. 1966-Apr-15 00:00:00.0000, -1.044251351205388E-01, -4.540336515968236E-01, -2.747549202537045E-02,  2.177388620804877E-02, -4.880973664762137E-03, -2.398925688403713E-03,
2439240.500000000, A.D. 1966-Apr-25 00:00:00.0000,  1.176705445732192E-01, -4.350319810258076E-01, -4.632852367442488E-02,  2.151941846966871E-02,  8.788282381007232E-03, -1.259515064449872E-03,
2439250.500000000, A.D. 1966-May-05 00:00:00.0000,  3.005931695374444E-01, -2.797185488925087E-01, -5.045345037035989E-02,  1.359786836344708E-02,  2.193051627305170E-02,  5.412496884495173E-04,
2439260.500000000, A.D. 1966-May-15 00:00:00.0000,  3.559654789870764E-01, -1.437222562534526E-02, -3.387649387631051E-02, -4.298376927960747E-03,  2.937787023884047E-02,  2.793443918186136E-03,
2439270.500000000, A.D. 1966-May-25 00:00:00.0000,  1.926253444076553E-01,  2.462636968273110E-01,  2.409334059230309E-03, -2.774531743937751E-02,  1.849739595617043E-02,  4.059216462589719E-03,
2439280.500000000, A.D. 1966-Jun-04 00:00:00.0000, -1.293739001227731E-01,  2.887314401954501E-01,  3.545913348252744E-02, -3.132681096428226E-02, -1.044027651850761E-02,  2.025645735579372E-03,
2439290.500000000, A.D. 1966-Jun-14 00:00:00.0000, -3.560408091879075E-01,  8.771502442780635E-02,  3.987141894508653E-02, -1.255720069738667E-02, -2.610452542956888E-02, -9.776486421472063E-04,
2439300.500000000, A.D. 1966-Jun-24 00:00:00.0000, -3.845673800718438E-01, -1.746494488705714E-01,  2.107152456906980E-02,  5.825285060633367E-03, -2.438674727231692E-02, -2.526225686729959E-03,
2439310.500000000, A.D. 1966-Jul-04 00:00:00.0000, -2.629560760767885E-01, -3.746151853579573E-01, -6.427209513738752E-03,  1.733992997942650E-02, -1.483112227474537E-02, -2.803924104082667E-03,
2439320.500000000, A.D. 1966-Jul-14 00:00:00.0000, -5.966791892456830E-02, -4.612012964242951E-01, -3.217283670087148E-02,  2.225983016705833E-02, -2.169994404300963E-03, -2.222204646981400E-03,
2439330.500000000, A.D. 1966-Jul-24 00:00:00.0000,  1.604938310929425E-01, -4.143364892214195E-01, -4.857306384669983E-02,  2.060074128191661E-02,  1.158988819226752E-02, -9.463561859238929E-04,
2439340.500000000, A.D. 1966-Aug-03 00:00:00.0000,  3.254726973226711E-01, -2.328476334552640E-01, -4.891219405973563E-02,  1.083161558209814E-02,  2.419134443234473E-02,  9.799894940965205E-04,
2439350.500000000, A.D. 1966-Aug-13 00:00:00.0000,  3.423935581799206E-01,  4.520491903269877E-02, -2.776516170073542E-02, -9.116316585430179E-03,  2.915834068296003E-02,  3.218151956546995E-03,
2439360.500000000, A.D. 1966-Aug-23 00:00:00.0000,  1.327794502614235E-01,  2.786009199191999E-01,  1.054781464541449E-02, -3.101802815788771E-02,  1.321049360106967E-02,  3.928214520530882E-03,
2439370.500000000, A.D. 1966-Sep-02 00:00:00.0000, -1.902190120528488E-01,  2.623432977766618E-01,  3.889450182290211E-02, -2.845397137274990E-02, -1.540870771889876E-02,  1.356035685107078E-03,
2439380.500000000, A.D. 1966-Sep-12 00:00:00.0000, -3.772544708932594E-01,  3.387811569428906E-02,  3.742447496234455E-02, -8.362322753893767E-03, -2.680532435078060E-02, -1.420273773320996E-03,
2439390.500000000, A.D. 1966-Sep-22 00:00:00.0000, -3.697353701752578E-01, -2.226658206533149E-01,  1.578812876271400E-02,  8.731793452751352E-03, -2.285810680702260E-02, -2.668446558542537E-03,
2439400.500000000, A.D. 1966-Oct-02 00:00:00.0000, -2.261599664272221E-01, -4.023107672578699E-01, -1.206933083723949E-02,  1.885386728874929E-02, -1.242753482873090E-02, -2.746758660347703E-03,
2439410.500000000, A.D. 1966-Oct-12 00:00:00.0000, -1.419369946880237E-02, -4.628144169424543E-01, -3.648256033183761E-02,  2.247998262787481E-02,  5.869136819585467E-04, -2.017322783218458E-03,
2439420.500000000, A.D. 1966-Oct-22 00:00:00.0000,  2.011200641043946E-01, -3.879811932648453E-01, -5.015370880128198E-02,  1.935257863794236E-02,  1.435608149652188E-02, -6.058198327850546E-04,
2439430.500000000, A.D. 1966-Nov-01 00:00:00.0000,  3.442873119865903E-01, -1.816502171347256E-01, -4.646057139705825E-02,  7.623117351265357E-03,  2.617288398614584E-02,  1.436553961038819E-03,
2439440.500000000, A.D. 1966-Nov-11 00:00:00.0000,  3.187989646661981E-01,  1.034377368263983E-01, -2.084288541702811E-02, -1.413658674333789E-02,  2.802229098817086E-02,  3.586615815627627E-03,
2439450.500000000, A.D. 1966-Nov-21 00:00:00.0000,  6.746052482252124E-02,  2.994541987402844E-01,  1.825140176286606E-02, -3.308452042850860E-02,  7.240351651905388E-03,  3.630616366192328E-03,
2439460.500000000, A.D. 1966-Dec-01 00:00:00.0000, -2.444462897686576E-01,  2.267591717446096E-01,  4.097107959862827E-02, -2.484851357969154E-02, -1.947710423212903E-02,  6.926190817045149E-04,
2439470.500000000, A.D. 1966-Dec-11 00:00:00.0000, -3.901346644302272E-01, -2.073124694422414E-02,  3.414903801673721E-02, -4.358262685092814E-03, -2.687810689927476E-02, -1.794078079072225E-03,
2439480.500000000, A.D. 1966-Dec-21 00:00:00.0000, -3.493024358692918E-01, -2.673203488491525E-01,  1.026493734839593E-02,  1.134267429156691E-02, -2.108087482122065E-02, -2.763205491128267E-03,
2439490.500000000, A.D. 1966-Dec-31 00:00:00.0000, -1.865575595151867E-01, -4.250212959081214E-01, -1.756196087938131E-02,  2.010358296679359E-02, -9.923393985058144E-03, -2.657111854375312E-03,
2439500.500000000, A.D. 1967-Jan-10 00:00:00.0000,  3.145368340693711E-02, -4.587924109491590E-01, -4.034786309733109E-02,  2.242739169180886E-02,  3.377282736512383E-03, -1.784659283092371E-03,
2439510.500000000, A.D. 1967-Jan-20 00:00:00.0000,  2.388606210364164E-01, -3.560664558132387E-01, -5.101517400631080E-02,  1.775307234685324E-02,  1.705798842753186E-02, -2.382617669524464E-04,
2439520.500000000, A.D. 1967-Jan-30 00:00:00.0000,  3.561291210915004E-01, -1.267885099859799E-01, -4.306908025281334E-02,  3.962566346838154E-03,  2.778024755316372E-02,  1.904093136251955E-03,
2439530.500000000, A.D. 1967-Feb-09 00:00:00.0000,  2.849724395431516E-01,  1.583190577825624E-01, -1.325419104977606E-02, -1.915479027476260E-02,  2.583825972452208E-02,  3.869319783809999E-03,
2439540.500000000, A.D. 1967-Feb-19 00:00:00.0000, -6.675997574476027E-04,  3.078104508164596E-01,  2.519270636677733E-02, -3.377534981223598E-02,  9.707699604470890E-04,  3.182179785173319E-03,
2439550.500000000, A.D. 1967-Mar-01 00:00:00.0000, -2.908429556182114E-01,  1.838830667695839E-01,  4.173279529902442E-02, -2.079263473827165E-02, -2.259757986034051E-02,  6.520998131633733E-05,
2439560.500000000, A.D. 1967-Mar-11 00:00:00.0000, -3.951278561265362E-01, -7.492765326549401E-02,  3.018257699158727E-02, -6.027088602127894E-04, -2.642415019695655E-02, -2.102051222414080E-03,
2439570.500000000, A.D. 1967-Mar-21 00:00:00.0000, -3.238671889975991E-01, -3.081440349411248E-01,  4.594755791272620E-03,  1.366322602051733E-02, -1.909892201721728E-02, -2.814579493757727E-03,
2439580.500000000, A.D. 1967-Mar-31 00:00:00.0000, -1.446890569153286E-01, -4.425558213743891E-01, -2.284037993706634E-02,  2.109196587903451E-02, -7.335638836019769E-03, -2.536627804886636E-03,
2439590.500000000, A.D. 1967-Apr-10 00:00:00.0000,  7.670268032880123E-02, -4.490829622186369E-01, -4.371237576973909E-02,  2.209214346683111E-02,  6.187000289715501E-03, -1.524443183418669E-03,
2439600.500000000, A.D. 1967-Apr-20 00:00:00.0000,  2.729711277932982E-01, -3.187669635126129E-01, -5.110361080986058E-02,  1.577848944884868E-02,  1.965814746365305E-02,  1.554532710729940E-04,
2439610.500000000, A.D. 1967-Apr-30 00:00:00.0000,  3.600824379840549E-01, -6.914899592052870E-02, -3.872613764897360E-02, -1.414518390120876E-04,  2.889768018611460E-02,  2.372375390999638E-03,
2439620.500000000, A.D. 1967-May-10 00:00:00.0000,  2.411914809146896E-01,  2.076215992447945E-01, -5.206525415436250E-03, -2.389492769091166E-02,  2.253255020894984E-02,  4.034896202768987E-03,
2439630.500000000, A.D. 1967-May-20 00:00:00.0000, -6.877147081468919E-02,  3.034825518558623E-01,  3.109611654433983E-02, -3.308080150741346E-02, -5.181170096006503E-03,  2.616075956525699E-03,
2439640.500000000, A.D. 1967-May-30 00:00:00.0000, -3.287499306719832E-01,  1.356084237378639E-01,  4.127378771578250E-02, -1.652649396531677E-02, -2.480497523542653E-02, -5.069596014818507E-04,
2439650.500000000, A.D. 1967-Jun-09 00:00:00.0000, -3.927731661848387E-01, -1.277455264349005E-01,  2.565368855414862E-02,  2.873288296874890E-03, -2.553311440634323E-02, -2.348647696422636E-03,
2439660.500000000, A.D. 1967-Jun-19 00:00:00.0000, -2.940065346915843E-01, -3.447673592138505E-01, -1.138892930440445E-03,  1.570107066655810E-02, -1.694709434691633E-02, -2.826103028130833E-03,
2439670.500000000, A.D. 1967-Jun-29 00:00:00.0000, -1.010775609241838E-01, -4.547653399266695E-01, -2.784391474123349E-02,  2.181984349420932E-02, -4.678135390329919E-03, -2.386506018917673E-03,
2439680.500000000, A.D. 1967-Jul-09 00:00:00.0000,  1.209713350216271E-01, -4.336662100857407E-01, -4.652049302742193E-02,  2.146105513666974E-02,  9.000635944805780E-03, -1.236718503636807E-03,
2439690.500000000, A.D. 1967-Jul-19 00:00:00.0000,  3.026676147733526E-01, -2.763395095733749E-01, -5.036743282644345E-02,  1.340383936211462E-02,  2.210918151442730E-02,  5.737492968905481E-04,
2439700.500000000, A.D. 1967-Jul-29 00:00:00.0000,  3.552820428391107E-01, -9.865248239090260E-03, -3.344438230741112E-02, -4.651816476168824E-03,  2.938968382835725E-02,  2.826909609265176E-03,
2439710.500000000, A.D. 1967-Aug-08 00:00:00.0000,  1.883531393932759E-01,  2.490714728518752E-01,  3.032206019667734E-03, -2.802838033531019E-02,  1.812905301347049E-02,  4.055071203668219E-03,
2439720.500000000, A.D. 1967-Aug-18 00:00:00.0000, -1.341585578017221E-01,  2.871007858847148E-01,  3.576553836376150E-02, -3.114213838292336E-02, -1.084393187806063E-02,  1.975585859805655E-03,
2439730.500000000, A.D. 1967-Aug-28 00:00:00.0000, -3.579384431951401E-01,  8.370702925830298E-02,  3.971728992744940E-02, -1.223564453320656E-02, -2.618195743980715E-02, -1.013604102281278E-03,
2439740.500000000, A.D. 1967-Sep-07 00:00:00.0000, -3.836525652991510E-01, -1.783820588277146E-01,  2.068093985621696E-02,  6.055354650018312E-03, -2.428125333557469E-02, -2.538769616054490E-03,
2439750.500000000, A.D. 1967-Sep-17 00:00:00.0000, -2.602814392419376E-01, -3.768771944944017E-01, -6.859298533067191E-03,  1.746380012149696E-02, -1.465343823044415E-02, -2.800758958503876E-03,
2439760.500000000, A.D. 1967-Sep-27 00:00:00.0000, -5.624474991012423E-02, -4.615174522025334E-01, -3.251423187342901E-02,  2.228586950127246E-02, -1.962968010301586E-03, -2.207617317754202E-03,
2439770.500000000, A.D. 1967-Oct-07 00:00:00.0000,  1.636537254895134E-01, -4.125388840585987E-01, -4.871682413910013E-02,  2.051806175360078E-02,  1.180068819237298E-02, -9.214567935773959E-04,
2439780.500000000, A.D. 1967-Oct-17 00:00:00.0000,  3.271200902458684E-01, -2.291180654121982E-01, -4.875837661117207E-02,  1.060448417200416E-02,  2.435205372690439E-02,  1.014056226389380E-03,
2439790.500000000, A.D. 1967-Oct-27 00:00:00.0000,  3.409642211896891E-01,  4.968098354041311E-02, -2.726719461721433E-02, -9.491199172927111E-03,  2.910625908659203E-02,  3.248360708293097E-03,
2439800.500000000, A.D. 1967-Nov-06 00:00:00.0000,  1.279978254537766E-01,  2.805971861996017E-01,  1.115100741137959E-02, -3.121957988139842E-02,  1.277835546489378E-02,  3.911370017151031E-03,
2439810.500000000, A.D. 1967-Nov-16 00:00:00.0000, -1.945720921129402E-01,  2.599484634800887E-01,  3.909872623994980E-02, -2.820310075088488E-02, -1.574930522265576E-02,  1.305061004896937E-03,
2439820.500000000, A.D. 1967-Nov-26 00:00:00.0000, -3.785148087183474E-01,  2.975520171503486E-02,  3.720248701545533E-02, -8.051638424736477E-03, -2.683156476939584E-02, -1.451030793865548E-03,
2439830.500000000, A.D. 1967-Dec-06 00:00:00.0000, -3.683750024010292E-01, -2.261708132702900E-01,  1.537541924478958E-02,  8.939837844590173E-03, -2.273169612881998E-02, -2.677249286286509E-03,
2439840.500000000, A.D. 1967-Dec-16 00:00:00.0000, -2.232502627788859E-01, -4.042073429536690E-01, -1.249290197732952E-02,  1.895777943045467E-02, -1.224118221190856E-02, -2.741050993375447E-03,
2439850.500000000, A.D. 1967-Dec-26 00:00:00.0000, -1.073323189628816E-02, -4.627070600758366E-01, -3.679254304094950E-02,  2.248568593456785E-02,  7.973045764530308E-04, -2.000596369991258E-03,
2439860.500000000, A.D. 1968-Jan-05 00:00:00.0000,  2.040907446022573E-01, -3.857553716689477E-01, -5.024491424150109E-02,  1.924398207986449E-02,  1.456345678898054E-02, -5.788251512696179E-04,
2439870.500000000, A.D. 1968-Jan-15 00:00:00.0000,  3.454413145049494E-01, -1.776116858057337E-01, -4.623606432183892E-02,  7.361622499293013E-03,  2.630904216893781E-02,  1.471763912209587E-03,
2439880.500000000, A.D. 1968-Jan-25 00:00:00.0000,  3.165956985986181E-01,  1.077398899866552E-01, -2.028801012257752E-02, -1.451979945500430E-02,  2.789481044721418E-02,  3.611416671946110E-03,
2439890.500000000, A.D. 1968-Feb-04 00:00:00.0000,  6.236488206256824E-02,  3.005324531391167E-01,  1.880831856211975E-02, -3.318603576607686E-02,  6.770738438754158E-03,  3.601507541409502E-03,
2439900.500000000, A.D. 1968-Feb-14 00:00:00.0000, -2.482443044867430E-01,  2.237433487231731E-01,  4.107339287724658E-02, -2.455380636844904E-02, -1.974663095290027E-02,  6.434241152733103E-04,
2439910.500000000, A.D. 1968-Feb-24 00:00:00.0000, -3.907811109912110E-01, -2.486414188424959E-02,  3.386968783776906E-02, -4.064540480178867E-03, -2.686106406756946E-02, -1.819735992884671E-03,
2439920.500000000, A.D. 1968-Mar-05 00:00:00.0000, -3.475412057739182E-01, -2.705524799380528E-01,  9.837586012113307E-03,  1.152864217840922E-02, -2.093744550472326E-02, -2.768586063626092E-03,
2439930.500000000, A.D. 1968-Mar-15 00:00:00.0000, -1.834553408526203E-01, -4.265328868449174E-01, -1.797183960025191E-02,  2.018767497827845E-02, -9.730007413089638E-03, -2.649005367291167E-03,
2439940.500000000, A.D. 1968-Mar-25 00:00:00.0000,  3.490641764414555E-02, -4.582550137946244E-01, -4.062203780495063E-02,  2.241205057989060E-02,  3.589816211447170E-03, -1.765819957712856E-03,
2439950.500000000, A.D. 1968-Apr-04 00:00:00.0000,  2.415846129286252E-01, -3.534232893492859E-01, -5.104960006707595E-02,  1.761681576365123E-02,  1.725925183692625E-02, -2.092186462479840E-04,
2439960.500000000, A.D. 1968-Apr-14 00:00:00.0000,  3.567174439130591E-01, -1.225017773429205E-01, -4.277223869934744E-02,  3.666665451993827E-03,  2.788369979009885E-02,  1.939797703511537E-03,
2439970.500000000, A.D. 1968-Apr-24 00:00:00.0000,  2.819956795583541E-01,  1.622819760175292E-01, -1.265587213998456E-02, -1.952771522871506E-02,  2.562724594764067E-02,  3.886345576365843E-03,
2439980.500000000, A.D. 1968-May-04 00:00:00.0000, -5.864877525117291E-03,  3.079245853651850E-01,  2.568017573313689E-02, -3.377018295709583E-02,  4.952770494569219E-04,  3.142774599578147E-03,
2439990.500000000, A.D. 1968-May-14 00:00:00.0000, -2.940174783650831E-01,  1.803918829502501E-01,  4.173886061848762E-02, -2.047402826300328E-02, -2.279599035245057E-02,  1.962410588974342E-05,
2440000.500000000, A.D. 1968-May-24 00:00:00.0000, -3.951988363267405E-01, -7.898852890178036E-02,  2.985611835882614E-02, -3.291881611662732E-04, -2.637095804278686E-02, -2.122894246907914E-03,
2440010.500000000, A.D. 1968-Jun-03 00:00:00.0000, -3.217503679686185E-01, -3.110702785910133E-01,  4.159684067851043E-03,  1.382760058244942E-02, -1.894143930343460E-02, -2.816818367819555E-03,
2440020.500000000, A.D. 1968-Jun-13 00:00:00.0000, -1.414353240651777E-01, -4.436686179046495E-01, -2.323153650388502E-02,  2.115639271092135E-02, -7.136455886532843E-03, -2.526230466607420E-03,
2440030.500000000, A.D. 1968-Jun-23 00:00:00.0000,  8.010342789396248E-02, -4.481128269130023E-01, -4.394625682510100E-02,  2.205489454591086E-02,  6.400432557978850E-03, -1.503508435322543E-03,
2440040.500000000, A.D. 1968-Jul-03 00:00:00.0000,  2.753900146786986E-01, -3.157244964773063E-01, -5.107715616081502E-02,  1.561273107306221E-02,  1.984986875205197E-02,  1.864295234192860E-04,
2440050.500000000, A.D. 1968-Jul-13 00:00:00.0000,  3.600375918439835E-01, -6.469504482843237E-02, -3.835727955731190E-02, -4.698880486512555E-04,  2.895856911477289E-02,  2.407579881015834E-03,
2440060.500000000, A.D. 1968-Jul-23 00:00:00.0000,  2.374905076979504E-01,  2.110669357758616E-01, -4.583961422374380E-03, -2.423362812109575E-02,  2.223605401722503E-02,  4.041769507333351E-03,
2440070.500000000, A.D. 1968-Aug-02 00:00:00.0000, -7.385048053617341E-02,  3.026518526273691E-01,  3.149529491854770E-02, -3.297481667786076E-02, -5.631388495168834E-03,  2.569456605363431E-03,
2440080.500000000, A.D. 1968-Aug-12 00:00:00.0000, -3.312655911670874E-01,  1.317831658204386E-01,  4.119173684984694E-02, -1.620034940252491E-02, -2.493722687428874E-02, -5.478293730454806E-04,
2440090.500000000, A.D. 1968-Aug-22 00:00:00.0000, -3.923100139699798E-01, -1.316674435877161E-01,  2.528928928281110E-02,  3.124818558324656E-03, -2.545012829048169E-02, -2.365028115184351E-03,
2440100.500000000, A.D. 1968-Sep-01 00:00:00.0000, -2.915773430441546E-01, -3.473620123158686E-01, -1.575725585214267E-03,  1.584426389394664E-02, -1.677791319858116E-02, -2.825435494973318E-03,
2440110.500000000, A.D. 1968-Sep-11 00:00:00.0000, -9.771368983467045E-02, -4.554683724460707E-01, -2.821185236334344E-02,  2.186443043560636E-02, -4.474072808342569E-03, -2.373889509066637E-03,
2440120.500000000, A.D. 1968-Sep-21 00:00:00.0000,  1.242721399484555E-01, -4.322610265531741E-01, -4.670984410957880E-02,  2.140071603627156E-02,  9.213903640541489E-03, -1.213684051239345E-03,
2440130.500000000, A.D. 1968-Oct-01 00:00:00.0000,  3.047164715379915E-01, -2.729155295639110E-01, -5.027609325306587E-02,  1.320654137088169E-02,  2.228779577503482E-02,  6.065452173043816E-04,
2440140.500000000, A.D. 1968-Oct-11 00:00:00.0000,  3.545339472557158E-01, -5.329662501161181E-03, -3.300454800997917E-02, -5.009321838136768E-03,  2.939755412304581E-02,  2.860457331052333E-03,
2440150.500000000, A.D. 1968-Oct-21 00:00:00.0000,  1.840025547550717E-01,  2.518411262421738E-01,  3.659067614881213E-03, -2.830820067110735E-02,  1.775281394944268E-02,  4.050039818846225E-03,
2440160.500000000, A.D. 1968-Oct-31 00:00:00.0000, -1.389532496869225E-01,  2.853961713925238E-01,  3.606725288275275E-02, -3.095021410420092E-02, -1.124593925535146E-02,  1.925034825149002E-03,
2440170.500000000, A.D. 1968-Nov-10 00:00:00.0000, -3.598040074715141E-01,  7.966202778395329E-02,  3.955782653538519E-02, -1.191257803530944E-02, -2.625528031764600E-02, -1.049361503203988E-03,
2440180.500000000, A.D. 1968-Nov-20 00:00:00.0000, -3.827036569877232E-01, -1.821180781502235E-01,  2.028744485898630E-02,  6.284809636190313E-03, -2.417315426932906E-02, -2.551069373531340E-03,
2440190.500000000, A.D. 1968-Nov-30 00:00:00.0000, -2.575819487106564E-01, -3.791220862031163E-01, -7.292086474272990E-03,  1.758654092154674E-02, -1.447414379146088E-02, -2.797393950176265E-03,
2440200.500000000, A.D. 1968-Dec-10 00:00:00.0000, -5.280944690221735E-02, -4.618031346559170E-01, -3.285441934917667E-02,  2.231047437688111E-02, -1.754826886869886E-03, -2.192840366975439E-03,
2440210.500000000, A.D. 1968-Dec-20 00:00:00.0000,  1.668085914567869E-01, -4.107015911619686E-01, -4.885732148075829E-02,  2.043328752698923E-02,  1.201217247659258E-02, -8.963288855343238E-04,
2440220.500000000, A.D. 1968-Dec-30 00:00:00.0000,  3.287354850849045E-01, -2.253474809444752E-01, -4.859880077356239E-02,  1.037398035199780E-02,  2.451201340028034E-02,  1.048374448116595E-03,
2440230.500000000, A.D. 1969-Jan-09 00:00:00.0000,  3.394669280749920E-01,  5.417058262476734E-02, -2.676224778323624E-02, -9.869023805625952E-03,  2.904881033376034E-02,  3.278430815889388E-03,
2440240.500000000, A.D. 1969-Jan-19 00:00:00.0000,  1.231582574189926E-01,  2.825371061020219E-01,  1.175493729303320E-02, -3.141509182738061E-02,  1.234017736615735E-02,  3.893520246506809E-03,
2440250.500000000, A.D. 1969-Jan-29 00:00:00.0000, -1.989104889463462E-01,  2.574901148685581E-01,  3.929678386522116E-02, -2.794675784818695E-02, -1.608617305740956E-02,  1.253910717383814E-03,
2440260.500000000, A.D. 1969-Feb-08 00:00:00.0000, -3.797364583430315E-01,  2.561135948502463E-02,  3.697566567688673E-02, -7.740775341359236E-03, -2.685406857170236E-02, -1.481507906739170E-03,
2440270.500000000, A.D. 1969-Feb-18 00:00:00.0000, -3.669823907372521E-01, -2.296685064301841E-01,  1.496058688611711E-02,  9.146776274362143E-03, -2.260323874737599E-02, -2.685809268972651E-03,
2440280.500000000, A.D. 1969-Feb-28 00:00:00.0000, -2.203208025080812E-01, -4.060810227500931E-01, -1.291646653751528E-02,  1.906034619508779E-02, -1.205364716505822E-02, -2.735153729869455E-03,
2440290.500000000, A.D. 1969-Mar-10 00:00:00.0000, -7.267500938272232E-03, -4.625673186018067E-01, -3.710070257387736E-02,  2.248979686093027E-02,  1.008447554501795E-03, -1.983688256982607E-03,
2440300.500000000, A.D. 1969-Mar-20 00:00:00.0000,  2.070479544991521E-01, -3.834917530511464E-01, -5.033233631003531E-02,  1.913313443562650E-02,  1.477109150486839E-02, -5.516156180026966E-04,
2440310.500000000, A.D. 1969-Mar-30 00:00:00.0000,  3.465537240204896E-01, -1.735395655485391E-01, -4.600556388430127E-02,  7.096746434849373E-03,  2.644370769208211E-02,  1.507171240794198E-03,
2440320.500000000, A.D. 1969-Apr-09 00:00:00.0000,  3.143196781672571E-01,  1.120386307824321E-01, -1.972707683076948E-02, -1.490465102083663E-02,  2.776102812499760E-02,  3.635889404123812E-03,
2440330.500000000, A.D. 1969-Apr-19 00:00:00.0000,  5.722572732260975E-02,  3.015419997716232E-01,  1.936371466253577E-02, -3.328013949027059E-02,  6.297351829477747E-03,  3.571455954461546E-03,
2440340.500000000, A.D. 1969-Apr-29 00:00:00.0000, -2.520184153787037E-01,  2.206711888195489E-01,  4.116936745635259E-02, -2.425509653544146E-02, -2.001174462666160E-02,  5.942451481734340E-04,
2440350.500000000, A.D. 1969-May-09 00:00:00.0000, -3.913892356728430E-01, -2.901148355767158E-02,  3.358619261427188E-02, -3.771075914810820E-03, -2.684064032442064E-02, -1.845096545645849E-03,
2440360.500000000, A.D. 1969-May-19 00:00:00.0000, -3.457500636205932E-01, -2.737738318927830E-01,  9.408809745954799E-03,  1.171344219876616E-02, -2.079220185837216E-02, -2.773729652783342E-03,
2440370.500000000, A.D. 1969-May-29 00:00:00.0000, -1.803360627542682E-01, -4.280200662775662E-01, -1.838107410632656E-02,  2.027038372786805E-02, -9.535620772806853E-03, -2.640715052493582E-03,
2440380.500000000, A.D. 1969-Jun-08 00:00:00.0000,  3.836101729964405E-02, -4.576858898622824E-01, -4.089381817853156E-02,  2.239500866880081E-02,  3.802818968270262E-03, -1.746808359240204E-03,
2440390.500000000, A.D. 1969-Jun-18 00:00:00.0000,  2.442904328236746E-01, -3.507473000623826E-01, -5.107988156033469E-02,  1.747818807997927E-02,  1.746013979229536E-02, -1.800014312313910E-04,
2440400.500000000, A.D. 1969-Jun-28 00:00:00.0000,  3.572602077668869E-01, -1.181958996019245E-01, -4.246993434763732E-02,  3.367845709043980E-03,  2.798438153961536E-02,  1.975541177029892E-03,
2440410.500000000, A.D. 1969-Jul-08 00:00:00.0000,  2.789571919053509E-01,  1.662151330519698E-01, -1.205455691415260E-02, -1.989949191608096E-02,  2.540952097270819E-02,  3.902730420045033E-03,
2440420.500000000, A.D. 1969-Jul-18 00:00:00.0000, -1.106978528676478E-02,  3.079635124357655E-01,  2.616216192120770E-02, -3.375718979146478E-02,  1.984024978144830E-05,  3.102680155703622E-03,
2440430.500000000, A.D. 1969-Jul-28 00:00:00.0000, -2.971492722697597E-01,  1.768611036419484E-01,  4.173795218015252E-02, -2.015373869121294E-02, -2.298963798977663E-02, -2.571020561506759E-05,
2440440.500000000, A.D. 1969-Aug-07 00:00:00.0000, -3.952280749105251E-01, -8.305180327810899E-02,  2.952590419919673E-02, -5.675568120370765E-05, -2.631514360099791E-02, -2.143422274219188E-03,
2440450.500000000, A.D. 1969-Aug-17 00:00:00.0000, -3.196050298546131E-01, -3.139800090082736E-01,  3.723558332444977E-03,  1.399053440734820E-02, -1.878261479450239E-02, -2.818826919579984E-03,
2440460.500000000, A.D. 1969-Aug-27 00:00:00.0000, -1.381681468158302E-01, -4.447547129127822E-01, -2.362169221251895E-02,  2.121923136278375E-02, -6.936518591768359E-03, -2.515645913859562E-03,
2440470.500000000, A.D. 1969-Sep-06 00:00:00.0000,  8.350034472582769E-02, -4.471106538840098E-01, -4.417734579413670E-02,  2.201573602731325E-02,  6.614165204945939E-03, -1.482398691020292E-03,
2440480.500000000, A.D. 1969-Sep-16 00:00:00.0000,  2.777830106027528E-01, -3.126506192661515E-01, -5.104616722472641E-02,  1.544440853006593E-02,  2.004101560696213E-02,  2.175751039448118E-04,
2440490.500000000, A.D. 1969-Sep-26 00:00:00.0000,  3.599381100293702E-01, -6.022666698032614E-02, -3.798273233935139E-02, -8.012276243045504E-04,  2.901614654386615E-02,  2.442783025752386E-03,
2440500.500000000, A.D. 1969-Oct-06 00:00:00.0000,  2.337249562860562E-01,  2.144719659680173E-01, -3.959078766638127E-03, -2.456979500341234E-02,  2.193273302655388E-02,  4.047887534647456E-03,
2440510.500000000, A.D. 1969-Oct-16 00:00:00.0000, -7.893158771870153E-02,  3.017463236309441E-01,  3.188866996315922E-02, -3.286153531924688E-02, -6.080082295978009E-03,  2.522337183683722E-03,
2440520.500000000, A.D. 1969-Oct-26 00:00:00.0000, -3.337416694295215E-01,  1.279225993458350E-01,  4.110363521554040E-02, -1.587303284218319E-02, -2.506503388960769E-02, -5.884217682487311E-04,
2440530.500000000, A.D. 1969-Nov-05 00:00:00.0000, -3.918094784831644E-01, -1.355899309587575E-01,  2.492197027016942E-02,  3.375343839463662E-03, -2.536462086263555E-02, -2.381112019011134E-03,
2440540.500000000, A.D. 1969-Nov-15 00:00:00.0000, -2.891229141484111E-01, -3.499386916568468E-01, -2.012937180437361E-03,  1.598612572470155E-02, -1.660740765777297E-02, -2.824551992025478E-03,
2440550.500000000, A.D. 1969-Nov-25 00:00:00.0000, -9.433870070134713E-02, -4.561436399528035E-01, -2.857824276016443E-02,  2.190750349738615E-02, -4.269327477287916E-03, -2.361096595906050E-03,
2440560.500000000, A.D. 1969-Dec-05 00:00:00.0000,  1.275671030262074E-01, -4.308240929607627E-01, -4.689594556501225E-02,  2.133844642592180E-02,  9.427243206935334E-03, -1.190483604188157E-03,
2440570.500000000, A.D. 1969-Dec-15 00:00:00.0000,  3.067369223746416E-01, -2.694646813896161E-01, -5.017998693863806E-02,  1.300665736893424E-02,  2.246513969481049E-02,  6.394609208431497E-04,
2440580.500000000, A.D. 1969-Dec-25 00:00:00.0000,  3.537322133870903E-01, -7.948801795698986E-04, -3.256000718485264E-02, -5.368668254835162E-03,  2.940075374899684E-02,  2.893783718361066E-03,
2440590.500000000, A.D. 1970-Jan-04 00:00:00.0000,  1.796116665692800E-01,  2.545503752981826E-01,  4.284503921324671E-03, -2.858236520416161E-02,  1.737123594711426E-02,  4.044055395713311E-03,
2440600.500000000, A.D. 1970-Jan-14 00:00:00.0000, -1.437164858829877E-01,  2.836285511614791E-01,  3.636083310872745E-02, -3.075279562791290E-02, -1.164346448556983E-02,  1.874360088583262E-03,
2440610.500000000, A.D. 1970-Jan-24 00:00:00.0000, -3.616191160088004E-01,  7.560341061528517E-02,  3.939267479066798E-02, -1.159017182944483E-02, -2.632457977409445E-02, -1.084714877699802E-03,
2440620.500000000, A.D. 1970-Feb-03 00:00:00.0000, -3.817179709144541E-01, -1.858404599821671E-01,  1.989186360225627E-02,  6.512634573406447E-03, -2.406335514773641E-02, -2.563071656510602E-03,
2440630.500000000, A.D. 1970-Feb-13 00:00:00.0000, -2.548615501227693E-01, -3.813418374794753E-01, -7.724506877689850E-03,  1.770774529357274E-02, -1.429409900828540E-02, -2.793824085145245E-03,
2440640.500000000, A.D. 1970-Feb-23 00:00:00.0000, -4.936875190789326E-02, -4.620586145605836E-01, -3.319240745589907E-02,  2.233346333140291E-02, -1.546400308685003E-03, -2.177895425977096E-03,
2440650.500000000, A.D. 1970-Mar-05 00:00:00.0000,  1.699509898420286E-01, -4.088338732041756E-01, -4.899402721378026E-02,  2.034650525431412E-02,  1.222334414357124E-02, -8.710514420277841E-04,
2440660.500000000, A.D. 1970-Mar-15 00:00:00.0000,  3.303155756144507E-01, -2.215560017925536E-01, -4.843422978376366E-02,  1.014096625294222E-02,  2.467011249169696E-02,  1.082757989398505E-03,
2440670.500000000, A.D. 1970-Mar-25 00:00:00.0000,  3.379137525715396E-01,  5.864597568757548E-02, -2.625341624100955E-02, -1.024756524799749E-02,  2.898593166478381E-02,  3.308111132752214E-03,
2440680.500000000, A.D. 1970-Apr-04 00:00:00.0000,  1.182948051248667E-01,  2.844067321443658E-01,  1.235516015304534E-02, -3.160319213894095E-02,  1.189878384628854E-02,  3.874727016445817E-03,
2440690.500000000, A.D. 1970-Apr-14 00:00:00.0000, -2.032043001004781E-01,  2.549822736666433E-01,  3.948662907077298E-02, -2.768675317974823E-02, -1.641740537435838E-02,  1.202900083662213E-03,
2440700.500000000, A.D. 1970-Apr-24 00:00:00.0000, -3.809086428695521E-01,  2.146744097127309E-02,  3.674440652488177E-02, -7.431366322619278E-03, -2.687308638309372E-02, -1.511547326676558E-03,
2440710.500000000, A.D. 1970-May-04 00:00:00.0000, -3.655583949250727E-01, -2.331443148597609E-01,  1.454494049064533E-02,  9.351862539481939E-03, -2.247356054132451E-02, -2.694085897748410E-03,
2440720.500000000, A.D. 1970-May-14 00:00:00.0000, -2.173772591803292E-01, -4.079257578082447E-01, -1.333858738097988E-02,  1.916128151849900E-02, -1.186578928886948E-02, -2.729075510300663E-03,
2440730.500000000, A.D. 1970-May-24 00:00:00.0000, -3.803967966017766E-03, -4.623980571340321E-01, -3.740587408450073E-02,  2.249223111921207E-02,  1.219384371871048E-03, -1.966647369233774E-03,
2440740.500000000, A.D. 1970-Jun-03 00:00:00.0000,  2.099848888145562E-01, -3.812042760491178E-01, -5.041566252101192E-02,  1.902032801398811E-02,  1.497769638764263E-02, -5.243239000491582E-04,
2440750.500000000, A.D. 1970-Jun-13 00:00:00.0000,  3.476256835520032E-01, -1.694621506366227E-01, -4.577080857624710E-02,  6.829981734475803E-03,  2.657541951857644E-02,  1.542489400744724E-03,
2440760.500000000, A.D. 1970-Jun-23 00:00:00.0000,  3.119969945865423E-01,  1.162976438259181E-01, -1.916522100299259E-02, -1.528774069803170E-02,  2.762140967487049E-02,  3.659702035429346E-03,
2440770.500000000, A.D. 1970-Jul-03 00:00:00.0000,  5.209695179472327E-02,  3.024728058471430E-01,  1.991146228107774E-02, -3.336591768058606E-02,  5.824538594322597E-03,  3.540682041992392E-03,
2440780.500000000, A.D. 1970-Jul-13 00:00:00.0000, -2.557297063697201E-01,  2.175676715709573E-01,  4.125681421751028E-02, -2.395534749799573E-02, -2.027066701040904E-02,  5.454920239627405E-04,
2440790.500000000, A.D. 1970-Jul-23 00:00:00.0000, -3.919471335874680E-01, -3.314561449954043E-02,  3.329915213872557E-02, -3.479968363205057E-03, -2.681757409197780E-02, -1.870005484040534E-03,
2440800.500000000, A.D. 1970-Aug-02 00:00:00.0000, -3.439317807540616E-01, -2.769669186941577E-01,  8.980013195607470E-03,  1.189612706675951E-02, -2.064625489994902E-02, -2.778606488878642E-03,
2440810.500000000, A.D. 1970-Aug-12 00:00:00.0000, -1.772088137500918E-01, -4.294759307869043E-01, -1.878820178897580E-02,  2.035132293698466E-02, -9.341232192420492E-03, -2.632253862462165E-03,
2440820.500000000, A.D. 1970-Aug-22 00:00:00.0000,  4.180627399223931E-02, -4.570878427707949E-01, -4.116205258100902E-02,  2.237622272307485E-02,  4.015324590845776E-03, -1.727676781105545E-03,
2440830.500000000, A.D. 1970-Sep-01 00:00:00.0000,  2.469685731533441E-01, -3.480511084503714E-01, -5.110570090144730E-02,  1.733762512988871E-02,  1.765967100219569E-02, -1.507301116790603E-04,
2440840.500000000, A.D. 1970-Sep-11 00:00:00.0000,  3.577564412042165E-01, -1.138921210801956E-01, -4.216345371207718E-02,  3.067452777469680E-03,  2.808167025992593E-02,  2.011127859199776E-03,
2440850.500000000, A.D. 1970-Sep-21 00:00:00.0000,  2.758739757779438E-01,  1.700978434640711E-01, -1.145341317209943E-02, -2.026810068226202E-02,  2.518611392874335E-02,  3.918340593697192E-03,
2440860.500000000, A.D. 1970-Oct-01 00:00:00.0000, -1.625339048505009E-02,  3.079272179168995E-01,  2.663579181708871E-02, -3.373650943746455E-02, -4.529669784552601E-04,  3.062096893818058E-03,
2440870.500000000, A.D. 1970-Oct-11 00:00:00.0000, -3.002212761817928E-01,  1.733086487741711E-01,  4.172965710311206E-02, -1.983345622807871E-02, -2.317771819472104E-02, -7.056833943335346E-05,
2440880.500000000, A.D. 1970-Oct-21 00:00:00.0000, -3.952134087895006E-01, -8.709872530035891E-02,  2.919309514248705E-02,  2.134169506398999E-04, -2.625713301932450E-02, -2.163540834667389E-03,
2440890.500000000, A.D. 1970-Oct-31 00:00:00.0000, -3.174373365171639E-01, -3.168608830981481E-01,  3.288038990718423E-03,  1.415149894887219E-02, -1.862322093183939E-02, -2.820591047608962E-03,
2440900.500000000, A.D. 1970-Nov-10 00:00:00.0000, -1.348967449268864E-01, -4.458100063023825E-01, -2.400928313158682E-02,  2.128036260536275E-02, -6.736694600025386E-03, -2.504904166838923E-03,
2440910.500000000, A.D. 1970-Nov-20 00:00:00.0000,  8.688444653285002E-02, -4.460816771021074E-01, -4.440457879441451E-02,  2.197483474797344E-02,  6.827174377214064E-03, -1.461187582423536E-03,
2440920.500000000, A.D. 1970-Nov-30 00:00:00.0000,  2.801450391203710E-01, -3.095621840404816E-01, -5.101071622514293E-02,  1.527423027297764E-02,  2.023028497795273E-02,  2.487242297732089E-04,
2440930.500000000, A.D. 1970-Dec-10 00:00:00.0000,  3.597922295581886E-01, -5.577349896418812E-02, -3.760496174338308E-02, -1.133339672655968E-03,  2.906940490902189E-02,  2.477672973177344E-03,
2440940.500000000, A.D. 1970-Dec-20 00:00:00.0000,  2.299316444196490E-01,  2.178095086361453E-01, -3.337319231355498E-03, -2.490039897905625E-02,  2.162466222228438E-02,  4.053069604291328E-03,
2440950.500000000, A.D. 1970-Dec-30 00:00:00.0000, -8.396610133384586E-02,  3.007739070346520E-01,  3.227188330495651E-02, -3.274215306081316E-02, -6.523535115761681E-03,  2.475075442767261E-03,
2440960.500000000, A.D. 1971-Jan-09 00:00:00.0000, -3.361532949181100E-01,  1.240552935275998E-01,  4.100871138930109E-02, -1.554719094929293E-02, -2.518799446032222E-02, -6.284618255485799E-04,
2440970.500000000, A.D. 1971-Jan-19 00:00:00.0000, -3.912671086304734E-01, -1.394894012605257E-01,  2.455262898848543E-02,  3.623464946172143E-03, -2.527761029811907E-02, -2.396818246822401E-03,
2440980.500000000, A.D. 1971-Jan-29 00:00:00.0000, -2.866480437359773E-01, -3.524846398952149E-01, -2.449236772750774E-03,  1.612610023646233E-02, -1.643662857576068E-02, -2.823440696557307E-03,
2440990.500000000, A.D. 1971-Feb-08 00:00:00.0000, -9.096083124969932E-02, -4.567880862942237E-01, -2.894182407620441E-02,  2.194888351802405E-02, -4.064804727813372E-03, -2.348144255872326E-03,
2441000.500000000, A.D. 1971-Feb-18 00:00:00.0000,  1.308475519359336E-01, -4.293612878456053E-01, -4.707790159761428E-02,  2.127435559586911E-02,  9.639747833575041E-03, -1.167178702393685E-03,
2441010.500000000, A.D. 1971-Feb-28 00:00:00.0000,  3.087238940550817E-01, -2.660021757781521E-01, -5.007921122963092E-02,  1.280487749252169E-02,  2.264028279328606E-02,  6.723532940643278E-04,
2441020.500000000, A.D. 1971-Mar-10 00:00:00.0000,  3.528837795858374E-01,  3.716772909478872E-03, -3.211272942423544E-02, -5.728089921944725E-03,  2.939901576231630E-02,  2.926670981087686E-03,
2441030.500000000, A.D. 1971-Mar-20 00:00:00.0000,  1.752073054265658E-01,  2.571850395986729E-01,  4.904934030278335E-03, -2.884920898416301E-02,  1.698641449820659E-02,  4.037084965379988E-03,
2441040.500000000, A.D. 1971-Mar-30 00:00:00.0000, -1.484195060777581E-01,  2.818090976814201E-01,  3.664416719487702E-02, -3.055114242462577E-02, -1.203437903840347E-02,  1.823824461260184E-03,
2441050.500000000, A.D. 1971-Apr-09 00:00:00.0000, -3.633717925983332E-01,  7.155223136647429E-02,  3.922200148650511E-02, -1.127006019980928E-02, -2.638985322187559E-02, -1.119503619168411E-03,
2441060.500000000, A.D. 1971-Apr-19 00:00:00.0000, -3.806958798037799E-01, -1.895329072656653E-01,  1.949531330208382E-02,  6.737989862541380E-03, -2.395261004902502E-02, -2.574733552987396E-03,
2441070.500000000, A.D. 1971-Apr-29 00:00:00.0000, -2.521261423704871E-01, -3.835282346300464E-01, -8.155300101383498E-03,  1.782708544165068E-02, -1.411412180992710E-02, -2.790056094585658E-03,
2441080.500000000, A.D. 1971-May-09 00:00:00.0000, -4.593049419550801E-02, -4.622838240138671E-01, -3.352714606285526E-02,  2.235475566995403E-02, -1.338517394475723E-03, -2.162818192089058E-03,
2441090.500000000, A.D. 1971-May-19 00:00:00.0000,  1.730735229759244E-01, -4.069446349936445E-01, -4.912647297818774E-02,  2.025792062216305E-02,  1.243321221129031E-02, -8.457119923169602E-04,
2441100.500000000, A.D. 1971-May-29 00:00:00.0000,  3.318582455627852E-01, -2.177633666992246E-01, -4.826553653773074E-02,  9.906415026764663E-03,  2.482523246749740E-02,  1.117018184585600E-03,
2441110.500000000, A.D. 1971-Jun-08 00:00:00.0000,  3.363191756149043E-01,  6.307970119259977E-02, -2.574393594578636E-02, -1.062446585559762E-02,  2.891757341572690E-02,  3.337147286142557E-03,
2441120.500000000, A.D. 1971-Jun-18 00:00:00.0000,  1.134442883988247E-01,  2.861932251321693E-01,  1.294715827799379E-02, -3.178265828734642E-02,  1.145709898433187E-02,  3.855070747421873E-03,
2441130.500000000, A.D. 1971-Jun-28 00:00:00.0000, -2.074233102540429E-01,  2.524390693989277E-01,  3.966617496768790E-02, -2.742508750234117E-02, -1.674139349570932E-02,  1.152319018978893E-03,
2441140.500000000, A.D. 1971-Jul-08 00:00:00.0000, -3.820204992096089E-01,  1.734166049131509E-02,  3.650862549938790E-02, -7.124941268637889E-03, -2.688903054799477E-02, -1.541039725223236E-03,
2441150.500000000, A.D. 1971-Jul-18 00:00:00.0000, -3.641025311726830E-01, -2.365863199233559E-01,  1.412896309999512E-02,  9.554471590207458E-03, -2.234334645720255E-02, -2.702056231110833E-03,
2441160.500000000, A.D. 1971-Jul-28 00:00:00.0000, -2.144228154819831E-01, -4.097356406262064E-01, -1.375866778238263E-02,  1.926042093919970E-02, -1.167810950224901E-02, -2.722811720578144E-03,
2441170.500000000, A.D. 1971-Aug-07 00:00:00.0000, -3.461791269041369E-04, -4.621974131104436E-01, -3.770744767975248E-02,  2.249305646206870E-02,  1.429797786892145E-03, -1.949475523634095E-03,
2441180.500000000, A.D. 1971-Aug-17 00:00:00.0000,  2.128993797479074E-01, -3.788935931393199E-01, -5.049434219309033E-02,  1.890575992045376E-02,  1.518307304602225E-02, -4.969612707898081E-04,
2441190.500000000, A.D. 1971-Aug-27 00:00:00.0000,  3.486575982417115E-01, -1.653818419703844E-01, -4.553147005733577E-02,  6.561665982370640E-03,  2.670401443855265E-02,  1.577680291069129E-03,
2441200.500000000, A.D. 1971-Sep-06 00:00:00.0000,  3.096331953214955E-01,  1.205135336167006E-01, -1.860274903034359E-02, -1.566832781212807E-02,  2.747603114173225E-02,  3.682768228440200E-03,
2441210.500000000, A.D. 1971-Sep-16 00:00:00.0000,  4.699154813281803E-02,  3.033274797542835E-01,  2.045066695096557E-02, -3.344296002577438E-02,  5.353445090029447E-03,  3.509192273546513E-03,
2441220.500000000, A.D. 1971-Sep-26 00:00:00.0000, -2.593680226516443E-01,  2.144463257622023E-01,  4.133554268799863E-02, -2.365537300283277E-02, -2.052267696158609E-02,  4.972643421552504E-04,
2441230.500000000, A.D. 1971-Oct-06 00:00:00.0000, -3.924533482293915E-01, -3.725093403075478E-02,  3.300916052598031E-02, -3.191983121607457E-03, -2.679208924315648E-02, -1.894414077328020E-03,
2441240.500000000, A.D. 1971-Oct-16 00:00:00.0000, -3.420902025990957E-01, -2.801205890547259E-01,  8.551999368605701E-03,  1.207640079713710E-02, -2.050018153840858E-02, -2.783217912674892E-03,
2441250.500000000, A.D. 1971-Oct-26 00:00:00.0000, -1.740786673868226E-01, -4.308952461313760E-01, -1.919253418045823E-02,  2.043049970110246E-02, -9.147416390996421E-03, -2.623638553880660E-03,
2441260.500000000, A.D. 1971-Nov-05 00:00:00.0000,  4.523777478900747E-02, -4.564609306238971E-01, -4.142624229983903E-02,  2.235580144911512E-02,  4.226849806003814E-03, -1.708448439971272E-03,
2441270.500000000, A.D. 1971-Nov-15 00:00:00.0000,  2.496163131093298E-01, -3.453393849369320E-01, -5.112690305607513E-02,  1.719538567753616E-02,  1.785738603064368E-02, -1.214537973687464E-04,
2441280.500000000, A.D. 1971-Nov-25 00:00:00.0000,  3.582077421534482E-01, -1.095997358852385E-01, -4.185336334733952E-02,  2.766146372538567E-03,  2.817514809748232E-02,  2.046459192938598E-03,
2441290.500000000, A.D. 1971-Dec-05 00:00:00.0000,  2.727569713893453E-01,  1.739199656656888E-01, -1.085409684138813E-02, -2.063244412555382E-02,  2.495749945882570E-02,  3.933086166767556E-03,
2441300.500000000, A.D. 1971-Dec-15 00:00:00.0000, -2.139899868247587E-02,  3.078165419561950E-01,  2.709945110187980E-02, -3.370840116136842E-02, -9.218133140361509E-04,  3.021125350618975E-03,
2441310.500000000, A.D. 1971-Dec-25 00:00:00.0000, -3.032244376387579E-01,  1.697428874377360E-01,  4.171345346616290E-02, -1.951406733056229E-02, -2.336009730689050E-02, -1.148690204855738E-04,
2441320.500000000, A.D. 1972-Jan-04 00:00:00.0000, -3.951522072777467E-01, -9.112266843828290E-02,  2.885761073853771E-02,  4.809439534198363E-04, -2.619725216994740E-02, -2.183232883291494E-03,
2441330.500000000, A.D. 1972-Jan-14 00:00:00.0000, -3.152466898229714E-01, -3.197092784783593E-01,  2.853123245057828E-03,  1.431042879171104E-02, -1.846349454573808E-02, -2.822106585800092E-03,
2441340.500000000, A.D. 1972-Jan-24 00:00:00.0000, -1.316204716368483E-01, -4.468323097221274E-01, -2.439424593545994E-02,  2.133983843908154E-02, -6.537030676369700E-03, -2.493994863776685E-03,
2441350.500000000, A.D. 1972-Feb-03 00:00:00.0000,  9.025701367224614E-02, -4.450232072746683E-01, -4.462773548653631E-02,  2.193224815852645E-02,  7.039605502613351E-03, -1.439853200704591E-03,
2441360.500000000, A.D. 1972-Feb-13 00:00:00.0000,  2.824774425431408E-01, -3.064542198641885E-01, -5.097027760935590E-02,  1.510212153181197E-02,  2.041797055212673E-02,  2.799171036560468E-04,
2441370.500000000, A.D. 1972-Feb-23 00:00:00.0000,  3.595991864060675E-01, -5.132784293185722E-02, -3.722297139050891E-02, -1.466574453505629E-03,  2.911851836629274E-02,  2.512296990661034E-03,
2441380.500000000, A.D. 1972-Mar-04 00:00:00.0000,  2.261063242404871E-01,  2.210865195678903E-01, -2.717485991266976E-03, -2.522564349472714E-02,  2.131152846167613E-02,  4.057295261056429E-03,
2441390.500000000, A.D. 1972-Mar-14 00:00:00.0000, -8.895772868692065E-02,  2.997386135214695E-01,  3.264564885624120E-02, -3.261645070294159E-02, -6.961912922376633E-03,  2.427615851225709E-03,
2441400.500000000, A.D. 1972-Mar-24 00:00:00.0000, -3.385023519057903E-01,  1.201846895553220E-01,  4.090728111302897E-02, -1.522272347498206E-02, -2.530612355063146E-02, -6.679740885805842E-04,
2441410.500000000, A.D. 1972-Apr-03 00:00:00.0000, -3.906844429534534E-01, -1.433628852695413E-01,  2.418139698187514E-02,  3.869182892196598E-03, -2.518917588986260E-02, -2.412162539148205E-03,
2441420.500000000, A.D. 1972-Apr-13 00:00:00.0000, -2.841541393152641E-01, -3.549977606869587E-01, -2.884645213806717E-03,  1.626422206656563E-02, -1.626565694946136E-02, -2.822115908107254E-03,
2441430.500000000, A.D. 1972-Apr-23 00:00:00.0000, -8.758090998582523E-02, -4.574001196046438E-01, -2.930272857112086E-02,  2.198864678663426E-02, -3.860515056933434E-03, -2.335039003128583E-03,
2441440.500000000, A.D. 1972-May-03 00:00:00.0000,  1.341134147287615E-01, -4.278705946187543E-01, -4.725583049723842E-02,  2.120850388526931E-02,  9.851516033238078E-03, -1.143758275807903E-03,
2441450.500000000, A.D. 1972-May-13 00:00:00.0000,  3.106773488528414E-01, -2.625245178445398E-01, -4.997364460598720E-02,  1.260112177877858E-02,  2.281340834186419E-02,  7.052602390578897E-04,
2441460.500000000, A.D. 1972-May-23 00:00:00.0000,  3.519864749603543E-01,  8.210317717658490E-03, -3.166209805793732E-02, -6.087944260832316E-03,  2.939240620298152E-02,  2.959175303470211E-03,
2441470.500000000, A.D. 1972-Jun-02 00:00:00.0000,  1.707828604551538E-01,  2.597486752386394E-01,  5.521405652872880E-03, -2.910918941454178E-02,  1.659794348436649E-02,  4.029145373083583E-03,
2441480.500000000, A.D. 1972-Jun-12 00:00:00.0000, -1.530712125893837E-01,  2.799348665713020E-01,  3.691795981417700E-02, -3.034512040288384E-02, -1.241944587138913E-02,  1.773340611660770E-03,
2441490.500000000, A.D. 1972-Jun-22 00:00:00.0000, -3.650664700291060E-01,  6.750052088551828E-02,  3.904550227376392E-02, -1.095163833199883E-02, -2.645126418137848E-02, -1.153818141977994E-03,
2441500.500000000, A.D. 1972-Jul-02 00:00:00.0000, -3.796363526649909E-01, -1.932023415136876E-01,  1.909688721532294E-02,  6.961331025374658E-03, -2.384061484156969E-02, -2.586086063095254E-03,
2441510.500000000, A.D. 1972-Jul-12 00:00:00.0000, -2.493709066195201E-01, -3.856840673800372E-01, -8.585463267465804E-03,  1.794488330794104E-02, -1.393370673777361E-02, -2.786080275060470E-03,
2441520.500000000, A.D. 1972-Jul-22 00:00:00.0000, -4.248701408087751E-02, -4.624754860960585E-01, -3.385936218932861E-02,  2.237458859132545E-02, -1.130452273811726E-03, -2.147562206761761E-03,
2441530.500000000, A.D. 1972-Aug-01 00:00:00.0000,  1.761850355755694E-01, -4.050218019973245E-01, -4.925463372682803E-02,  2.016746648310397E-02,  1.264281422710626E-02, -8.202002271539502E-04,
2441540.500000000, A.D. 1972-Aug-11 00:00:00.0000,  3.333678682625227E-01, -2.139463390652885E-01, -4.809113921207984E-02,  9.669385993969472E-03,  2.497845530205705E-02,  1.151355944269277E-03,
2441550.500000000, A.D. 1972-Aug-21 00:00:00.0000,  3.346721861718294E-01,  6.750088784496025E-02, -2.523009300701890E-02, -1.100174187917570E-02,  2.884350267002686E-02,  3.365723097660090E-03,
2441560.500000000, A.D. 1972-Aug-31 00:00:00.0000,  1.085793679759603E-01,  2.879117548897633E-01,  1.353504075778669E-02, -3.195414928420396E-02,  1.101283976449265E-02,  3.834412580592617E-03,
2441570.500000000, A.D. 1972-Sep-10 00:00:00.0000, -2.115890267312613E-01,  2.498563313489970E-01,  3.983715649700099E-02, -2.716036200518252E-02, -1.705926653691816E-02,  1.101912970445836E-03,
2441580.500000000, A.D. 1972-Sep-20 00:00:00.0000, -3.830802293471328E-01,  1.322618244895536E-02,  3.626821008111302E-02, -6.820428520819716E-03, -2.690176299213631E-02, -1.570100834058377E-03,
2441590.500000000, A.D. 1972-Sep-30 00:00:00.0000, -3.626149768578143E-01, -2.399996321954230E-01,  1.371180519824851E-02,  9.755196984449705E-03, -2.221226859570853E-02, -2.709763700578029E-03,
2441600.500000000, A.D. 1972-Oct-10 00:00:00.0000, -2.114529389668760E-01, -4.115123136203969E-01, -1.417779724241220E-02,  1.935813034553577E-02, -1.149023090032061E-02, -2.716367618378144E-03,
2441610.500000000, A.D. 1972-Oct-20 00:00:00.0000,  3.112970584425226E-03, -4.619626685254585E-01, -3.800635423681497E-02,  2.249240585496595E-02,  1.640193123369263E-03, -1.932133931280297E-03,
2441620.500000000, A.D. 1972-Oct-30 00:00:00.0000,  2.157980992150381E-01, -3.765512373292517E-01, -5.056865760234194E-02,  1.878917442021637E-02,  1.538785299124097E-02, -4.694356680484087E-04,
2441630.500000000, A.D. 1972-Nov-09 00:00:00.0000,  3.496505542364042E-01, -1.612840210391990E-01, -4.528663733833629E-02,  6.290889187424146E-03,  2.683001683487276E-02,  1.612888057083862E-03,
2441640.500000000, A.D. 1972-Nov-19 00:00:00.0000,  3.072164871614652E-01,  1.247024212462572E-01, -1.803727457329695E-02, -1.604799304055177E-02,  2.732445902456544E-02,  3.705213641951107E-03,
2441650.500000000, A.D. 1972-Nov-29 00:00:00.0000,  4.188464560656077E-02,  3.041091622282449E-01,  2.098398323730730E-02, -3.351187278282231E-02,  4.882022751872517E-03,  3.476882963252579E-03,
2441660.500000000, A.D. 1972-Dec-09 00:00:00.0000, -2.629531684191601E-01,  2.112909120040241E-01,  4.140617201530089E-02, -2.335376696726326E-02, -2.076913523279467E-02,  4.493167778492107E-04,
2441670.500000000, A.D. 1972-Dec-19 00:00:00.0000, -3.929119914804432E-01, -4.134895074910323E-02,  3.271487400963548E-02, -2.905653041197383E-03, -2.676400832610365E-02, -1.918454596646730E-03,
2441680.500000000, A.D. 1972-Dec-29 00:00:00.0000, -3.402178605919455E-01, -2.832506190821786E-01,  8.122695274654070E-03,  1.225510946779137E-02, -2.035312385749726E-02, -2.787586133619649E-03,
2441690.500000000, A.D. 1973-Jan-08 00:00:00.0000, -1.709321629301443E-01, -4.322834965680218E-01, -1.959602188500342E-02,  2.050831146222359E-02, -8.952989483558769E-03, -2.614828522638537E-03,
2441700.500000000, A.D. 1973-Jan-18 00:00:00.0000,  4.867146553103368E-02, -4.557972376345274E-01, -4.168765968857690E-02,  2.233382993107727E-02,  4.438898228628504E-03, -1.689021598308826E-03,
2441710.500000000, A.D. 1973-Jan-28 00:00:00.0000,  2.522472998792838E-01, -3.425875707541868E-01, -5.114318391929566E-02,  1.705078998421770E-02,  1.805507691745749E-02, -9.194804700772095E-05,
2441720.500000000, A.D. 1973-Feb-07 00:00:00.0000,  3.586132452611113E-01, -1.052776559098469E-01, -4.153638770579555E-02,  2.461575561426430E-03,  2.826603266953536E-02,  2.081890790809850E-03,
2441730.500000000, A.D. 1973-Feb-17 00:00:00.0000,  2.695752826632464E-01,  1.777210542551421E-01, -1.025025398073161E-02, -2.099558815500756E-02,  2.472170845143539E-02,  3.947130603792097E-03,
2441740.500000000, A.D. 1973-Feb-27 00:00:00.0000, -2.655113929732315E-02,  3.076380701277865E-01,  2.755831542378084E-02, -3.367206977719958E-02, -1.390254031676553E-03,  2.979406363851498E-03,
2441750.500000000, A.D. 1973-Mar-09 00:00:00.0000, -3.061837103306278E-01,  1.661491003587586E-01,  4.169079658453195E-02, -1.919328994075447E-02, -2.353742885954093E-02, -1.589117655796479E-04,
2441760.500000000, A.D. 1973-Mar-19 00:00:00.0000, -3.950516325588991E-01, -9.513703619840085E-02,  2.851893054258010E-02,  7.470691719853408E-04, -2.613492968181165E-02, -2.202614998275191E-03,
2441770.500000000, A.D. 1973-Mar-29 00:00:00.0000, -3.130314790200123E-01, -3.225321038899107E-01,  2.417548343737159E-03,  1.446793361149569E-02, -1.830276425379190E-02, -2.823416815195739E-03,
2441780.500000000, A.D. 1973-Apr-08 00:00:00.0000, -1.283329977056124E-01, -4.478215849642591E-01, -2.477805096881757E-02,  2.139802126147304E-02, -6.336779296028208E-03, -2.482915130344894E-03,
2441790.500000000, A.D. 1973-Apr-18 00:00:00.0000,  9.362679019894948E-02, -4.439265029286270E-01, -4.484793043090890E-02,  2.188805683362946E-02,  7.252482019831792E-03, -1.418320046443884E-03,
2441800.500000000, A.D. 1973-Apr-28 00:00:00.0000,  2.847865964569050E-01, -3.033060925432750E-01, -5.092463849426696E-02,  1.492740965696542E-02,  2.060538811280496E-02,  3.113520829739199E-04,
2441810.500000000, A.D. 1973-May-08 00:00:00.0000,  3.593515388758922E-01, -4.685748382809800E-02, -3.683389009159310E-02, -1.803118412990646E-03,  2.916419237632282E-02,  2.546971764239978E-03,
2441820.500000000, A.D. 1973-May-18 00:00:00.0000,  2.222150056042580E-01,  2.243292379932549E-01, -2.094115447020994E-03, -2.554804054954155E-02,  2.099110051002606E-02,  4.060675607712720E-03,
2441830.500000000, A.D. 1973-May-28 00:00:00.0000, -9.394875663879428E-02,  2.986349135399541E-01,  3.301401829525524E-02, -3.248330716223238E-02, -7.398343236244856E-03,  2.379614599955994E-03,
2441840.500000000, A.D. 1973-Jun-07 00:00:00.0000, -3.408106652092290E-01,  1.162880431657199E-01,  4.079998306214028E-02, -1.489737901838081E-02, -2.541974390286137E-02, -7.072264330822424E-04,
2441850.500000000, A.D. 1973-Jun-17 00:00:00.0000, -3.900656239236274E-01, -1.472287412879025E-01,  2.380721856024832E-02,  4.113758445277816E-03, -2.509843649286966E-02, -2.427233867730668E-03,
2441860.500000000, A.D. 1973-Jun-27 00:00:00.0000, -2.816362105043799E-01, -3.574867141431788E-01, -3.320670479440983E-03,  1.640115344988194E-02, -1.609349236707572E-02, -2.820591027528663E-03,
2441870.500000000, A.D. 1973-Jul-07 00:00:00.0000, -8.418860103930556E-02, -4.579779755964568E-01, -2.966236324819544E-02,  2.202721898053334E-02, -3.655333315435838E-03, -2.321744818919059E-03,
2441880.500000000, A.D. 1973-Jul-17 00:00:00.0000,  1.373776348185948E-01, -4.263372748955018E-01, -4.743037812417336E-02,  2.114090983874352E-02,  1.006404838182826E-02, -1.120095674226447E-03,
2441890.500000000, A.D. 1973-Jul-27 00:00:00.0000,  3.126054394641724E-01, -2.590003221138060E-01, -4.986194889261697E-02,  1.239424464356761E-02,  2.298623724494486E-02,  7.384584754594756E-04,
2441900.500000000, A.D. 1973-Aug-06 00:00:00.0000,  3.510276253841764E-01,  1.272944057433675E-02, -3.120344699241859E-02, -6.451220446995780E-03,  2.938119375735794E-02,  2.991641543294074E-03,
2441910.500000000, A.D. 1973-Aug-16 00:00:00.0000,  1.662966273203860E-01,  2.622692605230021E-01,  6.140423323585157E-03, -2.936414985121321E-02,  1.620246968399343E-02,  4.020167474722916E-03,
2441920.500000000, A.D. 1973-Aug-26 00:00:00.0000, -1.577099818373264E-01,  2.780003425636500E-01,  3.718580954791476E-02, -3.013266707177528E-02, -1.280096529173587E-02,  1.722521467830737E-03,
2441930.500000000, A.D. 1973-Sep-05 00:00:00.0000, -3.667197726247169E-01,  6.343441219070373E-02,  3.886382660225225E-02, -1.063311628521634E-02, -2.650858718879551E-02, -1.187843692873578E-03,
2441940.500000000, A.D. 1973-Sep-15 00:00:00.0000, -3.785437958990377E-01, -1.968573761795117E-01,  1.869610417177574E-02,  7.183413786324249E-03, -2.372675388804075E-02, -2.597193746762969E-03,
2441950.500000000, A.D. 1973-Sep-25 00:00:00.0000, -2.465952368994106E-01, -3.878124070975851E-01, -9.015913497590072E-03,  1.806146012812326E-02, -1.375235952123853E-02, -2.781924264602783E-03,
2441960.500000000, A.D. 1973-Oct-05 00:00:00.0000, -3.903549505721961E-02, -4.626317945667791E-01, -3.419009298905266E-02,  2.239309404478239E-02, -9.216875427543702E-04, -2.132120967884691E-03,
2441970.500000000, A.D. 1973-Oct-15 00:00:00.0000,  1.792884960718898E-01, -4.030574009859370E-01, -4.937919957424975E-02,  2.007500036877373E-02,  1.285289422195166E-02, -7.944464071307255E-04,
2441980.500000000, A.D. 1973-Oct-25 00:00:00.0000,  3.348428653686378E-01, -2.100881922693809E-01, -4.791050887548558E-02,  9.428993384034370E-03,  2.513073508116413E-02,  1.185953896858074E-03,
2441990.500000000, A.D. 1973-Nov-04 00:00:00.0000,  3.329555653289021E-01,  7.193295413415707E-02, -2.470895997193951E-02, -1.138165952671036E-02,  2.876374329098992E-02,  3.394108865386151E-03,
2442000.500000000, A.D. 1973-Nov-14 00:00:00.0000,  1.036603717982060E-01,  2.895716898629717E-01,  1.412337141844835E-02, -3.211909688831575E-02,  1.056314059234112E-02,  3.812725395196557E-03,
2442010.500000000, A.D. 1973-Nov-24 00:00:00.0000, -2.157369850532207E-01,  2.472139323665162E-01,  4.000192043129727E-02, -2.689059681041210E-02, -1.737315088030295E-02,  1.051358026140292E-03,
2442020.500000000, A.D. 1973-Dec-04 00:00:00.0000, -3.841010856499096E-01,  9.093393612117190E-03,  3.602289408623068E-02, -6.515844331400271E-03, -2.691091328258645E-02, -1.598901540772055E-03,
2442030.500000000, A.D. 1973-Dec-14 00:00:00.0000, -3.610948067059936E-01, -2.434033990950126E-01,  1.329225445457631E-02,  9.954931247431228E-03, -2.207923647954411E-02, -2.717245298029101E-03,
2442040.500000000, A.D. 1973-Dec-24 00:00:00.0000, -2.084612676805618E-01, -4.132639905913623E-01, -1.459727480938459E-02,  1.945469266463390E-02, -1.130109457066820E-02, -2.709732032430358E-03,
2442050.500000000, A.D. 1974-Jan-03 00:00:00.0000,  6.581261206807109E-03, -4.616916278315989E-01, -3.830363054049678E-02,  2.249030459987755E-02,  1.851629446346237E-03, -1.914578180269859E-03,
2442060.500000000, A.D. 1974-Jan-13 00:00:00.0000,  2.186875316807108E-01, -3.741634195027200E-01, -5.063886339759414E-02,  1.867021715414221E-02,  1.559332310279012E-02, -4.416234819379799E-04,
2442070.500000000, A.D. 1974-Jan-23 00:00:00.0000,  3.506027431408227E-01, -1.571414572263980E-01, -4.503464709288529E-02,  6.016184479255557E-03,  2.695467815111686E-02,  1.648377310676072E-03,
2442080.500000000, A.D. 1974-Feb-02 00:00:00.0000,  3.047226837765956E-01,  1.288962877440914E-01, -1.746420218790211E-02, -1.642951767313530E-02,  2.716589604244745E-02,  3.727295120679148E-03,
2442090.500000000, A.D. 1974-Feb-12 00:00:00.0000,  3.673276604533190E-02,  3.048257010988491E-01,  2.151648951186000E-02, -3.357293082199151E-02,  4.406830149608584E-03,  3.443556742195091E-03,
2442100.500000000, A.D. 1974-Feb-22 00:00:00.0000, -2.665149552726300E-01,  2.080834421048332E-01,  4.147072389171597E-02, -2.304825791446957E-02, -2.101125676178543E-02,  4.013421716955403E-04,
2442110.500000000, A.D. 1974-Mar-04 00:00:00.0000, -3.933332171281950E-01, -4.545867619515471E-02,  3.241618565802063E-02, -2.619542196998970E-03, -2.673269882735935E-02, -1.942250590952352E-03,
2442120.500000000, A.D. 1974-Mar-14 00:00:00.0000, -3.383155412824429E-01, -2.863678440682765E-01,  7.691277887144666E-03,  1.243280605013810E-02, -2.020422466443163E-02, -2.791748874874593E-03,
2442130.500000000, A.D. 1974-Mar-24 00:00:00.0000, -1.677663589102180E-01, -4.336438009990157E-01, -1.999973007646600E-02,  2.058500954073533E-02, -8.757272831270016E-03, -2.605835848381536E-03,
2442140.500000000, A.D. 1974-Apr-03 00:00:00.0000,  5.211187344906151E-02, -4.550935592100733E-01, -4.194729339861537E-02,  2.231035756552691E-02,  4.652095578842778E-03, -1.669363761260068E-03,
2442150.500000000, A.D. 1974-Apr-13 00:00:00.0000,  2.548647711756146E-01, -3.397856308821361E-01, -5.115486542820186E-02,  1.690347646652296E-02,  1.825349306767035E-02, -6.210704011686422E-05,
2442160.500000000, A.D. 1974-Apr-23 00:00:00.0000,  3.589687065452056E-01, -1.009085543257123E-01, -4.121132400598135E-02,  2.152521140451113E-03,  2.835490563459465E-02,  2.117619586393796E-03,
2442170.500000000, A.D. 1974-May-03 00:00:00.0000,  2.663080655752277E-01,  1.815178584387659E-01, -9.638714209750057E-03, -2.135938121712048E-02,  2.447774411400365E-02,  3.960619398256471E-03,
2442180.500000000, A.D. 1974-May-13 00:00:00.0000, -3.174089319278599E-02,  3.073894671168554E-01,  2.801545076381627E-02, -3.362728968537371E-02, -1.860590366544362E-03,  2.936768704274785E-03,
2442190.500000000, A.D. 1974-May-23 00:00:00.0000, -3.091181589936887E-01,  1.625098323565068E-01,  4.166257420461462E-02, -1.886946550673625E-02, -2.371021900808240E-02, -2.028936850227795E-04,
2442200.500000000, A.D. 1974-Jun-02 00:00:00.0000, -3.949168423492208E-01, -9.915737138196276E-02,  2.817667702269129E-02,  1.012809501643317E-03, -2.606954263973934E-02, -2.221751021764752E-03,
2442210.500000000, A.D. 1974-Jun-12 00:00:00.0000, -3.107899007994011E-01, -3.253379054777509E-01,  1.980638759144326E-03,  1.462446016785737E-02, -1.814033528705880E-02, -2.824529266940240E-03,
2442220.500000000, A.D. 1974-Jun-22 00:00:00.0000, -1.250294118696310E-01, -4.487799492957000E-01, -2.516134926043028E-02,  2.145511757434636E-02, -6.135339727884526E-03, -2.471653893297799E-03,
2442230.500000000, A.D. 1974-Jul-02 00:00:00.0000,  9.699983163079766E-02, -4.427877305728631E-01, -4.506558635336089E-02,  2.184226663412436E-02,  7.466409529478980E-03, -1.396550205037168E-03,
2442240.500000000, A.D. 1974-Jul-12 00:00:00.0000,  2.870768591265955E-01, -3.001078085276330E-01, -5.087362336186872E-02,  1.474970449641156E-02,  2.079313625631391E-02,  3.431130128830321E-04,
2442250.500000000, A.D. 1974-Jul-22 00:00:00.0000,  3.590468869846727E-01, -4.234816327907556E-02, -3.643652419158704E-02, -2.143915138898370E-03,  2.920654578110476E-02,  2.581804614409936E-03,
2442260.500000000, A.D. 1974-Aug-01 00:00:00.0000,  2.182463161313477E-01,  2.275475524758708E-01, -1.465382558510180E-03, -2.586814366848698E-02,  2.066241761117370E-02,  4.063203595300521E-03,
2442270.500000000, A.D. 1974-Aug-11 00:00:00.0000, -9.894974203269981E-02,  2.974634296831522E-01,  3.337818332107691E-02, -3.234217536971093E-02, -7.833430696440003E-03,  2.330988006058530E-03,
2442280.500000000, A.D. 1974-Aug-21 00:00:00.0000, -3.430834216742222E-01,  1.123639558985373E-01,  4.068742123304436E-02, -1.457076540325166E-02, -2.552877605947478E-02, -7.462506879059570E-04,
2442290.500000000, A.D. 1974-Aug-31 00:00:00.0000, -3.894138813461620E-01, -1.510870970883413E-01,  2.343051752899842E-02,  4.357220577972712E-03, -2.500528544456814E-02, -2.442043775755411E-03,
2442300.500000000, A.D. 1974-Sep-10 00:00:00.0000, -2.790981907700681E-01, -3.599513175600650E-01, -3.757021415153766E-03,  1.653675226505886E-02, -1.592018502710735E-02, -2.818882672355964E-03,
2442310.500000000, A.D. 1974-Sep-20 00:00:00.0000, -8.078953579804922E-02, -4.585227622850707E-01, -3.002065440405734E-02,  2.206442255784015E-02, -3.449461643233766E-03, -2.308289326885518E-03,
2442320.500000000, A.D. 1974-Sep-30 00:00:00.0000,  1.406331599599858E-01, -4.247649265317788E-01, -4.760181553048405E-02,  2.107149000698396E-02,  1.027707313841447E-02, -1.096231692284462E-03,
2442330.500000000, A.D. 1974-Oct-10 00:00:00.0000,  3.145011838264103E-01, -2.554353447272700E-01, -4.974479522748962E-02,  1.218433824265790E-02,  2.315866250150330E-02,  7.719168475057637E-04,
2442340.500000000, A.D. 1974-Oct-20 00:00:00.0000,  3.500009422016061E-01,  1.726922382880424E-02, -3.073741731579900E-02, -6.817980195590177E-03,  2.936563954269432E-02,  3.024120250274591E-03,
2442350.500000000, A.D. 1974-Oct-30 00:00:00.0000,  1.617387647678605E-01,  2.647435392111693E-01,  6.762296318776234E-03, -2.961467190199604E-02,  1.579983830654041E-02,  4.010263280203715E-03,
2442360.500000000, A.D. 1974-Nov-09 00:00:00.0000, -1.623485705162550E-01,  2.759964127986455E-01,  3.744856883180073E-02, -2.991355045072361E-02, -1.317969632835959E-02,  1.671351516836845E-03,
2442370.500000000, A.D. 1974-Nov-19 00:00:00.0000, -3.683386486947305E-01,  5.934123291187415E-02,  3.867746129366644E-02, -1.031382897030202E-02, -2.656170902496571E-02, -1.221609690379271E-03,
2442380.500000000, A.D. 1974-Nov-29 00:00:00.0000, -3.774208338432992E-01, -2.005069142777759E-01,  1.829338414281704E-02,  7.404408947790886E-03, -2.361052804655372E-02, -2.608046492095360E-03,
2442390.500000000, A.D. 1974-Dec-09 00:00:00.0000, -2.438019701172678E-01, -3.899178920308639E-01, -9.446125720613673E-03,  1.817666196413016E-02, -1.356977662724104E-02, -2.777584014113307E-03,
2442400.500000000, A.D. 1974-Dec-19 00:00:00.0000, -3.558053416656298E-02, -4.627559239648222E-01, -3.451891655292051E-02,  2.241011885081027E-02, -7.122281681570960E-04, -2.116520331805984E-03,
2442410.500000000, A.D. 1974-Dec-29 00:00:00.0000,  1.823786538012321E-01, -4.010558185669501E-01, -4.950014428085697E-02,  1.998056530000262E-02,  1.306323944829233E-02, -7.685014175173566E-04,
2442420.500000000, A.D. 1975-Jan-08 00:00:00.0000,  3.362797082320914E-01, -2.061957491860298E-01, -4.772418317475335E-02,  9.185541966552085E-03,  2.528183642740053E-02,  1.220753344338705E-03,
2442430.500000000, A.D. 1975-Jan-18 00:00:00.0000,  3.311701826462798E-01,  7.636785846486818E-02, -2.418159111197178E-02, -1.176365476464497E-02,  2.867835306849480E-02,  3.422267509244732E-03,
2442440.500000000, A.D. 1975-Jan-28 00:00:00.0000,  9.869336134872436E-02,  2.911686995777233E-01,  1.471113500653238E-02, -3.227721615320316E-02,  1.010867766021414E-02,  3.790068410993897E-03,
2442450.500000000, A.D. 1975-Feb-07 00:00:00.0000, -2.198624439966620E-01,  2.445137365978118E-01,  4.016037802503641E-02, -2.661620855560991E-02, -1.768264935721205E-02,  1.000749748870418E-03,
2442460.500000000, A.D. 1975-Feb-17 00:00:00.0000, -3.850827391779557E-01,  4.947092208483668E-03,  3.577329919424381E-02, -6.211619351111830E-03, -2.691642854380218E-02, -1.627393547781854E-03,
2442470.500000000, A.D. 1975-Feb-27 00:00:00.0000, -3.595459206067490E-01, -2.467941912274706E-01,  1.287125151971745E-02,  1.015325599387683E-02, -2.194437908014559E-02, -2.724484051532029E-03,
2442480.500000000, A.D. 1975-Mar-09 00:00:00.0000, -2.054557106561982E-01, -4.149896362612266E-01, -1.501614096261153E-02,  1.954973921229105E-02, -1.111105957024543E-02, -2.702919192483770E-03,
2442490.500000000, A.D. 1975-Mar-19 00:00:00.0000,  1.004784496114993E-02, -4.613881350016348E-01, -3.859864975115354E-02,  2.248656166585922E-02,  2.063492312012902E-03, -1.896862263207773E-03,
2442500.500000000, A.D. 1975-Mar-29 00:00:00.0000,  2.215566651825723E-01, -3.717410845538116E-01, -5.070510802142977E-02,  1.854908955182342E-02,  1.579871312393583E-02, -4.136261497832313E-04,
2442510.500000000, A.D. 1975-Apr-08 00:00:00.0000,  3.515081593001006E-01, -1.529719931875520E-01, -4.477683870579544E-02,  5.738370821056793E-03,  2.707750359622734E-02,  1.684020728229969E-03,
2442520.500000000, A.D. 1975-Apr-18 00:00:00.0000,  3.021559512457282E-01,  1.330772036162481E-01, -1.688582590648968E-02, -1.681187347261564E-02,  2.700094185188992E-02,  3.748979102618895E-03,
2442530.500000000, A.D. 1975-Apr-28 00:00:00.0000,  3.154497309262669E-02,  3.054696912905374E-01,  2.204657216986843E-02, -3.362634173381671E-02,  3.929019868185135E-03,  3.409366624141295E-03,
2442540.500000000, A.D. 1975-May-08 00:00:00.0000, -2.700495155245592E-01,  2.048234688219565E-01,  4.152905911129842E-02, -2.273938497614172E-02, -2.124875400889750E-02,  3.534548643385784E-04,
2442550.500000000, A.D. 1975-May-18 00:00:00.0000, -3.937171760898986E-01, -4.957899470274794E-02,  3.211380496401859E-02, -2.333955682930127E-03, -2.669807748195987E-02, -1.965738666165861E-03,
2442560.500000000, A.D. 1975-May-28 00:00:00.0000, -3.363861427274522E-01, -2.894712205995230E-01,  7.258920083673068E-03,  1.260922522657305E-02, -2.005360815034329E-02, -2.795677089092130E-03,
2442570.500000000, A.D. 1975-Jun-07 00:00:00.0000, -1.645869667549282E-01, -4.349778379837983E-01, -2.040236840950672E-02,  2.066029852988605E-02, -8.560696568616466E-03, -2.596667535873174E-03,
2442580.500000000, A.D. 1975-Jun-17 00:00:00.0000,  5.555065143696106E-02, -4.543577677014952E-01, -4.220419808780001E-02,  2.228519813285978E-02,  4.865612763105973E-03, -1.649543536093192E-03,
2442590.500000000, A.D. 1975-Jun-27 00:00:00.0000,  2.574607796188702E-01, -3.369520246881324E-01, -5.116218501357002E-02,  1.675382104673726E-02,  1.845136569523771E-02, -3.210684569185124E-05,
2442600.500000000, A.D. 1975-Jul-07 00:00:00.0000,  3.592761336704854E-01, -9.652370657937109E-02, -4.088082712050632E-02,  1.840740850835910E-03,  2.844070130259512E-02,  2.153345897277692E-03,
2442610.500000000, A.D. 1975-Jul-17 00:00:00.0000,  2.629819736794516E-01,  1.852787774205070E-01, -9.024905663807689E-03, -2.172107152907833E-02,  2.422709358597547E-02,  3.973382486346247E-03,
2442620.500000000, A.D. 1975-Jul-27 00:00:00.0000, -3.692811569677402E-02,  3.070677514917159E-01,  2.846637360538169E-02, -3.357472531654140E-02, -2.329565919706547E-03,  2.893551003818979E-03,
2442630.500000000, A.D. 1975-Aug-06 00:00:00.0000, -3.120058609749359E-01,  1.588409184425111E-01,  4.162783751270663E-02, -1.854472808232819E-02, -2.387801958811379E-02, -2.465366288936351E-04,
2442640.500000000, A.D. 1975-Aug-16 00:00:00.0000, -3.947425219370650E-01, -1.031705783997078E-01,  2.783164947225564E-02,  1.276982609897401E-03, -2.600174799954997E-02, -2.240546832926186E-03,
2442650.500000000, A.D. 1975-Aug-26 00:00:00.0000, -3.085256303194557E-01, -3.281206690883807E-01,  1.543734129152950E-03,  1.477929328293390E-02, -1.797692933191075E-02, -2.825418541346754E-03,
2442660.500000000, A.D. 1975-Sep-05 00:00:00.0000, -1.217198026697435E-01, -4.497091040890062E-01, -2.554277062244561E-02,  2.151055136553722E-02, -5.933575914319365E-03, -2.460233514005516E-03,
2442670.500000000, A.D. 1975-Sep-15 00:00:00.0000,  1.003616089523417E-01, -4.416189231774826E-01, -4.527993912338655E-02,  2.179463709315949E-02,  7.680164802802343E-03, -1.374650502741971E-03,
2442680.500000000, A.D. 1975-Sep-25 00:00:00.0000,  2.893353873274605E-01, -2.968851283818387E-01, -5.081812736072851E-02,  1.456970734208190E-02,  2.097977653056959E-02,  3.749728599451404E-04,
2442690.500000000, A.D. 1975-Oct-05 00:00:00.0000,  3.586867078359877E-01, -3.783686400185506E-02, -3.603444555105872E-02, -2.486799922983341E-03,  2.924509186615220E-02,  2.616518194760432E-03,
2442700.500000000, A.D. 1975-Oct-15 00:00:00.0000,  2.142249438232964E-01,  2.307129470528124E-01, -8.365066891769588E-04, -2.618414849204661E-02,  2.032777502285727E-02,  4.064904400564058E-03,
2442710.500000000, A.D. 1975-Oct-25 00:00:00.0000, -1.039347378122385E-01,  2.962216881341234E-01,  3.373524588141473E-02, -3.219443283739351E-02, -8.265206955558180E-03,  2.282076715524320E-03,
2442720.500000000, A.D. 1975-Nov-04 00:00:00.0000, -3.453100119892556E-01,  1.084179964557444E-01,  4.056935834070759E-02, -1.424413610206403E-02, -2.563323415693304E-02, -7.848742727407114E-04,
2442730.500000000, A.D. 1975-Nov-14 00:00:00.0000, -3.887273283834475E-01, -1.549345381765675E-01,  2.305217421133337E-02,  4.598973428352082E-03, -2.491000340559594E-02, -2.456522391021111E-03,
2442740.500000000, A.D. 1975-Nov-24 00:00:00.0000, -2.765430748849908E-01, -3.623910862042916E-01, -4.192350418211667E-03,  1.667059445417975E-02, -1.574606698269425E-02, -2.816965199636346E-03,
2442750.500000000, A.D. 1975-Dec-04 00:00:00.0000, -7.739050608124833E-02, -4.590384670389391E-01, -3.037623895769000E-02,  2.209993856382448E-02, -3.243501995920575E-03, -2.294698788252750E-03,
2442760.500000000, A.D. 1975-Dec-14 00:00:00.0000,  1.438713946434305E-01, -4.231658020826267E-01, -4.776942770906245E-02,  2.100026731832765E-02,  1.048951386294432E-02, -1.072276946147308E-03,
2442770.500000000, A.D. 1975-Dec-24 00:00:00.0000,  3.163603067999670E-01, -2.518550053444226E-01, -4.962321549150221E-02,  1.197239326954017E-02,  2.332919299574184E-02,  8.053873083167716E-04,
2442780.500000000, A.D. 1976-Jan-03 00:00:00.0000,  3.489209919776682E-01,  2.179190364037647E-02, -3.026822695692149E-02, -7.185359616306519E-03,  2.934520781901759E-02,  3.056250926854588E-03,
2442790.500000000, A.D. 1976-Jan-13 00:00:00.0000,  1.571550249872898E-01,  2.671468859494079E-01,  7.380464660758542E-03, -2.985841039142318E-02,  1.539345779687006E-02,  3.999446873118608E-03,
2442800.500000000, A.D. 1976-Jan-23 00:00:00.0000, -1.669426242685998E-01,  2.739363772101177E-01,  3.770262984148866E-02, -2.969008861731611E-02, -1.355281833975567E-02,  1.620271686850903E-03,
2442810.500000000, A.D. 1976-Feb-02 00:00:00.0000, -3.699049960217111E-01,  5.524494911022935E-02,  3.848626638539106E-02, -9.996064101995437E-03, -2.661090819841272E-02, -1.254894265244606E-03,
2442820.500000000, A.D. 1976-Feb-12 00:00:00.0000, -3.762657114508408E-01, -2.041345973359658E-01,  1.788987873586503E-02,  7.623243250538819E-03, -2.349291720855751E-02, -2.618581589565236E-03,
2442830.500000000, A.D. 1976-Feb-22 00:00:00.0000, -2.409968492660498E-01, -3.919939146009636E-01, -9.874636691708646E-03,  1.828996681081746E-02, -1.338691354275625E-02, -2.773051744308669E-03,
2442840.500000000, A.D. 1976-Mar-03 00:00:00.0000, -3.213188818259610E-02, -4.628511594675727E-01, -3.484449917319615E-02,  2.242537044741905E-02, -5.031436165924676E-04, -2.100798025555962E-03,
2442850.500000000, A.D. 1976-Mar-13 00:00:00.0000,  1.854445279558725E-01, -3.990326626979617E-01, -4.961692220099038E-02,  1.988428657267937E-02,  1.327243680569959E-02, -7.424965437492994E-04,
2442860.500000000, A.D. 1976-Mar-23 00:00:00.0000,  3.376737450912227E-01, -2.022996809195590E-01, -4.753366157064644E-02,  8.940341083917549E-03,  2.543030130622567E-02,  1.255473227470513E-03,
2442870.500000000, A.D. 1976-Apr-02 00:00:00.0000,  3.293332550871890E-01,  8.076694804592256E-02, -2.365268558398207E-02, -1.214479099607426E-02,  2.858767688746129E-02,  3.449895914174861E-03,
2442880.500000000, A.D. 1976-Apr-12 00:00:00.0000,  9.371987940252073E-02,  2.926856784217178E-01,  1.529261001660489E-02, -3.242756525197184E-02,  9.653066508285837E-03,  3.766611978266996E-03,
2442890.500000000, A.D. 1976-Apr-22 00:00:00.0000, -2.239342435699169E-01,  2.417685159420775E-01,  4.031011668175125E-02, -2.633944608505385E-02, -1.798616698397243E-02,  9.504470277367994E-04,
2442900.500000000, A.D. 1976-May-02 00:00:00.0000, -3.860141122804127E-01,  8.035960579164038E-04,  3.551958175651699E-02, -5.909250642198645E-03, -2.691876972769857E-02, -1.655418939623554E-03,
2442910.500000000, A.D. 1976-May-12 00:00:00.0000, -3.579672547256641E-01, -2.501624711170737E-01,  1.244992565598392E-02,  1.034955487637107E-02, -2.180844850864318E-02, -2.731425866260847E-03,
2442920.500000000, A.D. 1976-May-22 00:00:00.0000, -2.024395027588971E-01, -4.166870631868413E-01, -1.543296080077452E-02,  1.964295822867429E-02, -1.092085805781944E-02, -2.695918935415758E-03,
2442930.500000000, A.D. 1976-Jun-01 00:00:00.0000,  1.350693911758326E-02, -4.610581108381221E-01, -3.889011965666944E-02,  2.248098833963483E-02,  2.274837528866005E-03, -1.879031449363588E-03,
2442940.500000000, A.D. 1976-Jun-11 00:00:00.0000,  2.243996109235165E-01, -3.693019601823163E-01, -5.076707362730810E-02,  1.842607065828407E-02,  1.600257457097403E-02, -3.856072738495135E-04,
2442950.500000000, A.D. 1976-Jun-21 00:00:00.0000,  3.523701450712046E-01, -1.488096692806673E-01, -4.451546720220149E-02,  5.459245600453818E-03,  2.719686195037038E-02,  1.719460822298024E-03,
2442960.500000000, A.D. 1976-Jul-01 00:00:00.0000,  2.995489796849421E-01,  1.372038710043659E-01, -1.630844478092717E-02, -1.719122676048421E-02,  2.683050326256839E-02,  3.769900897074386E-03,
2442970.500000000, A.D. 1976-Jul-11 00:00:00.0000,  2.638135033016186E-02,  3.060323713719603E-01,  2.256730076797713E-02, -3.367176306470207E-02,  3.453382464267979E-03,  3.374617267179065E-03,
2442980.500000000, A.D. 1976-Jul-21 00:00:00.0000, -2.735171372129633E-01,  2.015364862210560E-01,  4.157872476034220E-02, -2.243037110186701E-02, -2.148025702333428E-02,  3.060779202385357E-04,
2442990.500000000, A.D. 1976-Jul-31 00:00:00.0000, -3.940509591198752E-01, -5.368544143288023E-02,  3.180802780734950E-02, -2.050798274911423E-03, -2.666114364063753E-02, -1.988773690455241E-03,
2443000.500000000, A.D. 1976-Aug-10 00:00:00.0000, -3.344295406217357E-01, -2.925476977941277E-01,  6.826706244327027E-03,  1.278354998567208E-02, -1.990238725592689E-02, -2.799333237619713E-03,
2443010.500000000, A.D. 1976-Aug-20 00:00:00.0000, -1.613998717884817E-01, -4.362825088741746E-01, -2.080265442302624E-02,  2.073372709213030E-02, -8.364166041283334E-03, -2.587320173011117E-03,
2443020.500000000, A.D. 1976-Aug-30 00:00:00.0000,  5.897857417604033E-02, -4.535958638124916E-01, -4.245730176827006E-02,  2.225816156152572E-02,  5.078488602224873E-03, -1.629613394950407E-03,
2443030.500000000, A.D. 1976-Sep-09 00:00:00.0000,  2.600268482896353E-01, -3.341033748168908E-01, -5.116506001091123E-02,  1.660225378003036E-02,  1.864754365248942E-02, -2.099561911342572E-06,
2443040.500000000, A.D. 1976-Sep-19 00:00:00.0000,  3.595370259745693E-01, -9.215042641961783E-02, -4.054690425501479E-02,  1.527891301614820E-03,  2.852262840004663E-02,  2.188812761689874E-03,
2443050.500000000, A.D. 1976-Sep-29 00:00:00.0000,  2.596203261800357E-01,  1.889780397958383E-01, -8.413167880264163E-03, -2.207835261981859E-02,  2.397122782262175E-02,  3.985281873296648E-03,
2443060.500000000, A.D. 1976-Oct-09 00:00:00.0000, -4.207932388647299E-02,  3.066724571264890E-01,  2.890753055248488E-02, -3.351507797972179E-02, -2.794451701252161E-03,  2.850023296339048E-03,
2443070.500000000, A.D. 1976-Oct-19 00:00:00.0000, -3.148291248516982E-01,  1.551573140215206E-01,  4.158577740068171E-02, -1.822084203393909E-02, -2.404047336612523E-02, -2.896277347642904E-04,
2443080.500000000, A.D. 1976-Oct-29 00:00:00.0000, -3.945242036102531E-01, -1.071640732113404E-01,  2.748438313316155E-02,  1.538724288253936E-03, -2.593210885390750E-02, -2.258929589818172E-03,
2443090.500000000, A.D. 1976-Nov-08 00:00:00.0000, -3.062395802371383E-01, -3.308738316508092E-01,  1.107781410784518E-03,  1.493214221915332E-02, -1.781313525901557E-02, -2.826065613176309E-03,
2443100.500000000, A.D. 1976-Nov-18 00:00:00.0000, -1.184067084316131E-01, -4.506081133490477E-01, -2.592130447122881E-02,  2.156425057096376E-02, -5.732046532835374E-03, -2.448659360177223E-03,
2443110.500000000, A.D. 1976-Nov-28 00:00:00.0000,  1.037094796420396E-01, -4.404254368068778E-01, -4.549019772367188E-02,  2.174523240080786E-02,  7.893001437044788E-03, -1.352665676236200E-03,
2443120.500000000, A.D. 1976-Dec-08 00:00:00.0000,  2.915620400127169E-01, -2.936528853608950E-01, -5.075824980680938E-02,  1.438796778124438E-02,  2.116414316523002E-02,  4.067832856069081E-04,
2443130.500000000, A.D. 1976-Dec-18 00:00:00.0000,  3.582829310387942E-01, -3.335058833875467E-02, -3.563009378778784E-02, -2.829705382662883E-03,  2.927883695169662E-02,  2.650793561558786E-03,
2443140.500000000, A.D. 1976-Dec-28 00:00:00.0000,  2.101908635314504E-01,  2.338016561904298E-01, -2.129551862632245E-04, -2.649318734471839E-02,  1.998940755195723E-02,  4.065607578821543E-03,
2443150.500000000, A.D. 1977-Jan-07 00:00:00.0000, -1.088555488083688E-01,  2.949207263998789E-01,  3.408098130126484E-02, -3.204165882482275E-02, -8.690308516514523E-03,  2.233234473292084E-03,
2443160.500000000, A.D. 1977-Jan-17 00:00:00.0000, -3.474669843215459E-01,  1.044771266821728E-01,  4.044481083525607E-02, -1.391996164381158E-02, -2.573314110546661E-02, -8.228729678313724E-04,
2443170.500000000, A.D. 1977-Jan-27 00:00:00.0000, -3.879999530945297E-01, -1.587515009420737E-01,  2.267243731491916E-02,  4.837982156567182E-03, -2.481367030892998E-02, -2.470620226540358E-03,
2443180.500000000, A.D. 1977-Feb-06 00:00:00.0000, -2.739705000438498E-01, -3.647965787847442E-01, -4.626190275022324E-03,  1.680245259667478E-02, -1.557200781820908E-02, -2.814830001332949E-03,
2443190.500000000, A.D. 1977-Feb-16 00:00:00.0000, -7.399204375122784E-02, -4.595227310277145E-01, -3.072856425816149E-02,  2.213375289390714E-02, -3.038030324126881E-03, -2.280964289492291E-03,
2443200.500000000, A.D. 1977-Feb-26 00:00:00.0000,  1.470918902349661E-01, -4.215428481312197E-01, -4.793264589338145E-02,  2.092728169252408E-02,  1.070083757313872E-02, -1.048244410130911E-03,
2443210.500000000, A.D. 1977-Mar-08 00:00:00.0000,  3.181840274344888E-01, -2.482683293982745E-01, -4.949710968139376E-02,  1.175879255193602E-02,  2.349713898081354E-02,  8.387782143051863E-04,
2443220.500000000, A.D. 1977-Mar-18 00:00:00.0000,  3.477973791898280E-01,  2.628225830465164E-02, -2.979727109361806E-02, -7.551960560667349E-03,  2.931956427867954E-02,  3.087833277453542E-03,
2443230.500000000, A.D. 1977-Mar-28 00:00:00.0000,  1.525719153053700E-01,  2.694705638179696E-01,  7.991875252108522E-03, -3.009393923228491E-02,  1.498519534035526E-02,  3.987663936767248E-03,
2443240.500000000, A.D. 1977-Apr-07 00:00:00.0000, -1.714653327191965E-01,  2.718338209115066E-01,  3.794607074016237E-02, -2.946357578581409E-02, -1.391856110349171E-02,  1.569499071431554E-03,
2443250.500000000, A.D. 1977-Apr-17 00:00:00.0000, -3.714077180378433E-01,  5.116588343330298E-02,  3.829013108158769E-02, -9.681235628347388E-03, -2.665642487554617E-02, -1.287579465576763E-03,
2443260.500000000, A.D. 1977-Apr-27 00:00:00.0000, -3.750768626616952E-01, -2.077263623207873E-01,  1.748609239115484E-02,  7.839397452057773E-03, -2.337472837649379E-02, -2.628779157864460E-03,
2443270.500000000, A.D. 1977-May-07 00:00:00.0000, -2.381807270904740E-01, -3.940340008732530E-01, -1.030090102406008E-02,  1.840132289279473E-02, -1.320443655255133E-02, -2.768330433036635E-03,
2443280.500000000, A.D. 1977-May-17 00:00:00.0000, -2.869038279789377E-02, -4.629166530901198E-01, -3.516632423880662E-02,  2.243886690511145E-02, -2.949108091262902E-04, -2.084958449440098E-03,
2443290.500000000, A.D. 1977-May-27 00:00:00.0000,  1.884855900345014E-01, -3.969915711605766E-01, -4.972918200794466E-02,  1.978624081441295E-02,  1.348003029081174E-02, -7.164671861085667E-04,
2443300.500000000, A.D. 1977-Jun-06 00:00:00.0000,  3.390269389942071E-01, -1.984088565286907E-01, -4.733926675441127E-02,  8.693897946362421E-03,  2.557554003015541E-02,  1.290007372799648E-03,
2443310.500000000, A.D. 1977-Jun-16 00:00:00.0000,  3.274562801840288E-01,  8.511679407818179E-02, -2.312404133272527E-02, -1.252362896421367E-02,  2.849164567991946E-02,  3.476821527141518E-03,
2443320.500000000, A.D. 1977-Jun-26 00:00:00.0000,  8.876540245474974E-02,  2.941183466895050E-01,  1.586503178322693E-02, -3.256941502236903E-02,  9.198188168863029E-03,  3.742396391117920E-03,
2443330.500000000, A.D. 1977-Jul-06 00:00:00.0000, -2.279321788519065E-01,  2.389907228107304E-01,  4.044983817376711E-02, -2.606169600012057E-02, -1.828280341331307E-02,  9.006238174387733E-04,
2443340.500000000, A.D. 1977-Jul-16 00:00:00.0000, -3.868878979315687E-01, -3.323581150470886E-03,  3.526157291308435E-02, -5.609709481820505E-03, -2.691835528129725E-02, -1.682925032961074E-03,
2443350.500000000, A.D. 1977-Jul-26 00:00:00.0000, -3.563575597126074E-01, -2.534998966207094E-01,  1.202831315725463E-02,  1.054352779765766E-02, -2.167194268910332E-02, -2.738068653457033E-03,
2443360.500000000, A.D. 1977-Aug-05 00:00:00.0000, -1.994125323603941E-01, -4.183516113025527E-01, -1.584769235329945E-02,  1.973437647389993E-02, -1.073070974911857E-02, -2.688728050174044E-03,
2443370.500000000, A.D. 1977-Aug-15 00:00:00.0000,  1.695963604473072E-02, -4.606974856862820E-01, -3.917789251030702E-02,  2.247372346003652E-02,  2.485767355979448E-03, -1.861065847374294E-03,
2443380.500000000, A.D. 1977-Aug-25 00:00:00.0000,  2.272185294055275E-01, -3.668394218666250E-01, -5.082427153405100E-02,  1.830118866751124E-02,  1.620530139412490E-02, -3.575159033209512E-04,
2443390.500000000, A.D. 1977-Sep-04 00:00:00.0000,  3.531892827286225E-01, -1.446434295769103E-01, -4.424935308451369E-02,  5.178420434535050E-03,  2.731315438044387E-02,  1.754780265640924E-03,
2443400.500000000, A.D. 1977-Sep-14 00:00:00.0000,  2.968967540373900E-01,  1.412882783617587E-01, -1.573022866694253E-02, -1.756814953368850E-02,  2.665425706210072E-02,  3.790081886531025E-03,
2443410.500000000, A.D. 1977-Sep-24 00:00:00.0000,  2.123510118782699E-02,  3.065202311714213E-01,  2.308003529308329E-02, -3.370894149275221E-02,  2.979420234939588E-03,  3.339213907889146E-03,
2443420.500000000, A.D. 1977-Oct-04 00:00:00.0000, -2.769211463615618E-01,  1.982273140042486E-01,  4.162028345801335E-02, -2.212095253103653E-02, -2.170568058447156E-02,  2.591620537331009E-04,
2443430.500000000, A.D. 1977-Oct-14 00:00:00.0000, -3.943368825083745E-01, -5.777238155839942E-02,  3.149914908823462E-02, -1.770071917597015E-03, -2.662188984639042E-02, -2.011370813555827E-03,
2443440.500000000, A.D. 1977-Oct-24 00:00:00.0000, -3.324477494752488E-01, -2.955923840145600E-01,  6.394767422583024E-03,  1.295588443514481E-02, -1.975068799975655E-02, -2.802736389056072E-03,
2443450.500000000, A.D. 1977-Nov-03 00:00:00.0000, -1.582051340495924E-01, -4.375539989276117E-01, -2.120063671047724E-02,  2.080556448455041E-02, -8.167739824214334E-03, -2.577806659531580E-03,
2443460.500000000, A.D. 1977-Nov-13 00:00:00.0000,  6.239835710083590E-02, -4.528037461948169E-01, -4.270664900796280E-02,  2.222949242222403E-02,  5.290843208208132E-03, -1.609556561238447E-03,
2443470.500000000, A.D. 1977-Nov-23 00:00:00.0000,  2.625670141866933E-01, -3.312337692750746E-01, -5.116319352040019E-02,  1.644876406325205E-02,  1.884223143830536E-02,  2.796337843656429E-05,
2443480.500000000, A.D. 1977-Dec-03 00:00:00.0000,  3.597538358545773E-01, -8.778168052424810E-02, -4.020878265967460E-02,  1.213709882152407E-03,  2.860064143929753E-02,  2.224053948824870E-03,
2443490.500000000, A.D. 1977-Dec-13 00:00:00.0000,  2.562239155607285E-01,  1.926204333275093E-01, -7.802789478934000E-03, -2.243118930500056E-02,  2.370984687712304E-02,  3.996268869614231E-03,
2443500.500000000, A.D. 1977-Dec-23 00:00:00.0000, -4.719251364782507E-02,  3.062073189150933E-01,  2.933907808095771E-02, -3.344831234796547E-02, -3.255186380593259E-03,  2.806141925523990E-03,
2443510.500000000, A.D. 1978-Jan-02 00:00:00.0000, -3.175867066904873E-01,  1.514626173880097E-01,  4.153618422348402E-02, -1.789790012354772E-02, -2.419770389275507E-02, -3.322033025848406E-04,
2443520.500000000, A.D. 1978-Jan-12 00:00:00.0000, -3.942606657331339E-01, -1.111359233585775E-01,  2.713430550597943E-02,  1.798132716013525E-03, -2.586078736799923E-02, -2.276932578231825E-03,
2443530.500000000, A.D. 1978-Jan-22 00:00:00.0000, -3.039287492161588E-01, -3.335963021180083E-01,  6.719678972131082E-04,  1.508324439894742E-02, -1.764893356786014E-02, -2.826482475429909E-03,
2443540.500000000, A.D. 1978-Feb-01 00:00:00.0000, -1.150846288750544E-01, -4.514742943988703E-01, -2.629771601650522E-02,  2.161645159358640E-02, -5.530439778142012E-03, -2.436907757486094E-03,
2443550.500000000, A.D. 1978-Feb-11 00:00:00.0000,  1.070505457613062E-01, -4.391997586621596E-01, -4.569665136682612E-02,  2.169409564275333E-02,  8.105577255785441E-03, -1.330521070348269E-03,
2443560.500000000, A.D. 1978-Feb-21 00:00:00.0000,  2.937620226371291E-01, -2.903955033111955E-01, -5.069319093638665E-02,  1.420398605086316E-02,  2.134714510489500E-02,  4.386903029662244E-04,
2443570.500000000, A.D. 1978-Mar-03 00:00:00.0000,  3.578311272001561E-01, -2.886604591246998E-02, -3.522090798085070E-02, -3.174084369865235E-03,  2.930819127327388E-02,  2.684819542045772E-03,
2443580.500000000, A.D. 1978-Mar-13 00:00:00.0000,  2.061237821191349E-01,  2.368321943010170E-01,  4.090361756291387E-04, -2.679653135991028E-02,  1.964584826905588E-02,  4.065311878383919E-03,
2443590.500000000, A.D. 1978-Mar-23 00:00:00.0000, -1.137342493676931E-01,  2.935612245014149E-01,  3.441773236746090E-02, -3.188298361224805E-02, -9.110258525868036E-03,  2.184231837511577E-03,
2443600.500000000, A.D. 1978-Apr-02 00:00:00.0000, -3.495647868439938E-01,  1.005343845889295E-01,  4.031413244560230E-02, -1.359712459496427E-02, -2.582862501168135E-02, -8.603907778387808E-04,
2443610.500000000, A.D. 1978-Apr-12 00:00:00.0000, -3.872336490806957E-01, -1.625436178609095E-01,  2.229070248318895E-02,  5.074869575702777E-03, -2.471601548707771E-02, -2.484396640131455E-03,
2443620.500000000, A.D. 1978-Apr-22 00:00:00.0000, -2.713775304113376E-01, -3.671703109479169E-01, -5.059526071559755E-03,  1.693270384764312E-02, -1.539765790456284E-02, -2.812496803199221E-03,
2443630.500000000, A.D. 1978-May-02 00:00:00.0000, -7.058821963548378E-02, -4.599739667802706E-01, -3.107862947750540E-02,  2.216608309814285E-02, -2.832559935322713E-03, -2.267067036127515E-03,
2443640.500000000, A.D. 1978-May-12 00:00:00.0000,  1.503015386699988E-01, -4.198886084208927E-01, -4.809202049547767E-02,  2.085247223507627E-02,  1.091173475925084E-02, -1.024059476165146E-03,
2443650.500000000, A.D. 1978-May-22 00:00:00.0000,  3.199759841431241E-01, -2.446602738423776E-01, -4.936591621469898E-02,  1.154287665053494E-02,  2.366327277149472E-02,  8.722390214170996E-04,
2443660.500000000, A.D. 1978-Jun-01 00:00:00.0000,  3.466226468189632E-01,  3.076064209775792E-02, -2.932222946002344E-02, -7.919334202827758E-03,  2.928877992269433E-02,  3.119049114085128E-03,
2443670.500000000, A.D. 1978-Jun-11 00:00:00.0000,  1.479662209368496E-01,  2.717265432446968E-01,  8.599908292038798E-03, -3.032242591217189E-02,  1.457326013239142E-02,  3.974896503566926E-03,
2443680.500000000, A.D. 1978-Jun-21 00:00:00.0000, -1.759405362496371E-01,  2.696800983430297E-01,  3.818068571548973E-02, -2.923299518563232E-02, -1.427870011802173E-02,  1.518781053661120E-03,
2443690.500000000, A.D. 1978-Jul-01 00:00:00.0000, -3.728565612553391E-01,  4.708626742002977E-02,  3.808853670481269E-02, -9.367896937163530E-03, -2.669836718683612E-02, -1.319842746905485E-03,
2443700.500000000, A.D. 1978-Jul-11 00:00:00.0000, -3.738523988240738E-01, -2.112963903025074E-01,  1.708037116505816E-02,  8.053739149614925E-03, -2.325528438769967E-02, -2.638696968703608E-03,
2443710.500000000, A.D. 1978-Jul-21 00:00:00.0000, -2.353452167159754E-01, -3.960439472643809E-01, -1.072676983289301E-02,  1.851121693824078E-02, -1.302136463768574E-02, -2.763408672123999E-03,
2443720.500000000, A.D. 1978-Jul-31 00:00:00.0000, -2.524360143759010E-02, -4.629466625819494E-01, -3.548587052433327E-02,  2.245093329687870E-02, -8.617122661032425E-05, -2.068934514270839E-03,
2443730.500000000, A.D. 1978-Aug-10 00:00:00.0000,  1.915155794672396E-01, -3.949106235411112E-01, -4.983719792278751E-02,  1.968623495957572E-02,  1.368790359896965E-02, -6.902232667642074E-04,
2443740.500000000, A.D. 1978-Aug-20 00:00:00.0000,  3.403439049190117E-01, -1.944812016283939E-01, -4.713842390933009E-02,  8.444353695624034E-03,  2.571949529774831E-02,  1.324737137813245E-03,
2443750.500000000, A.D. 1978-Aug-30 00:00:00.0000,  3.255138123347404E-01,  8.946932351043345E-02, -2.258891754384407E-02, -1.290406808609108E-02,  2.838962840308394E-02,  3.503413516603987E-03,
2443760.500000000, A.D. 1978-Sep-09 00:00:00.0000,  8.377453988984673E-02,  2.954895371909407E-01,  1.643600321768909E-02, -3.270365946478064E-02,  8.739493146098046E-03,  3.717158126582247E-03,
2443770.500000000, A.D. 1978-Sep-19 00:00:00.0000, -2.318966642152744E-01,  2.361675982841996E-01,  4.058281150280055E-02, -2.578008039629597E-02, -1.857430610162642E-02,  8.508399799468715E-04,
2443780.500000000, A.D. 1978-Sep-29 00:00:00.0000, -3.877195495147250E-01, -7.450023809213716E-03,  3.499954151097125E-02, -5.311179653841099E-03, -2.691456896102105E-02, -1.710083958329400E-03,
2443790.500000000, A.D. 1978-Oct-09 00:00:00.0000, -3.547199550645379E-01, -2.568144203160679E-01,  1.160563197813366E-02,  1.073598561433081E-02, -2.153410641012815E-02, -2.744474661348705E-03,
2443800.500000000, A.D. 1978-Oct-19 00:00:00.0000, -1.963716201443245E-01, -4.199843838965207E-01, -1.626153827875161E-02,  1.982450597165657E-02, -1.053996625867385E-02, -2.681369756168507E-03,
2443810.500000000, A.D. 1978-Oct-29 00:00:00.0000,  2.041331483440925E-02, -4.603002743533943E-01, -3.946313736178157E-02,  2.246506679960680E-02,  2.697097151752456E-03, -1.842928744257807E-03,
2443820.500000000, A.D. 1978-Nov-08 00:00:00.0000,  2.300213713472783E-01, -3.643377461082705E-01, -5.087701900843346E-02,  1.817416590909320E-02,  1.640801948912511E-02, -3.292111266591982E-04,
2443830.500000000, A.D. 1978-Nov-18 00:00:00.0000,  3.539651013615300E-01, -1.404461809421495E-01, -4.397677082448909E-02,  4.894373951704548E-03,  2.742735922118701E-02,  1.790242243008695E-03,
2443840.500000000, A.D. 1978-Nov-28 00:00:00.0000,  2.941768449862899E-01,  1.453594332814157E-01, -1.514678052705220E-02, -1.794523593992540E-02,  2.647119979231805E-02,  3.809731533272148E-03,
2443850.500000000, A.D. 1978-Dec-08 00:00:00.0000,  1.606676601848436E-02,  3.069385582861279E-01,  2.358925271608643E-02, -3.373802308686349E-02,  2.503956085933734E-03,  3.302940960141082E-03,
2443860.500000000, A.D. 1978-Dec-18 00:00:00.0000, -2.802878823713793E-01,  1.948776025309688E-01,  4.165516053069592E-02, -2.180901325825462E-02, -2.192616122930023E-02,  2.124070274648151E-04,
2443870.500000000, A.D. 1978-Dec-28 00:00:00.0000, -3.945824900403626E-01, -6.185948993666236E-02,  3.118647871200500E-02, -1.490326727330423E-03, -2.657976053802651E-02, -2.033656314122263E-03,
2443880.500000000, A.D. 1979-Jan-07 00:00:00.0000, -3.304381124763320E-01, -2.986171402656433E-01,  5.961701572821874E-03,  1.312689741172667E-02, -1.959762170943827E-02, -2.805916936696061E-03,
2443890.500000000, A.D. 1979-Jan-17 00:00:00.0000, -1.549954347878333E-01, -4.387950230893548E-01, -2.159777838895464E-02,  2.087612566988043E-02, -7.970467262100531E-03, -2.568111262542753E-03,
2443900.500000000, A.D. 1979-Jan-27 00:00:00.0000,  6.581930428385714E-02, -4.519735955506797E-01, -4.295327708586164E-02,  2.219925086281716E-02,  5.503876278531581E-03, -1.589296523763734E-03,
2443910.500000000, A.D. 1979-Feb-06 00:00:00.0000,  2.650883573351126E-01, -3.283213178781894E-01, -5.115630106720935E-02,  1.629271734436406E-02,  1.903703581207138E-02,  5.828300615202429E-05,
2443920.500000000, A.D. 1979-Feb-16 00:00:00.0000,  3.599196393689358E-01, -8.337986882202562E-02, -3.986331352090314E-02,  8.958584107861578E-04,  2.867597465060805E-02,  2.259433206987087E-03,
2443930.500000000, A.D. 1979-Feb-26 00:00:00.0000,  2.527547821802926E-01,  1.962420406271526E-01, -7.187267631296368E-03, -2.278283411004898E-02,  2.344086500049565E-02,  4.006542977064773E-03,
2443940.500000000, A.D. 1979-Mar-08 00:00:00.0000, -5.231964286689329E-02,  3.056725742720925E-01,  2.976647606166830E-02, -3.337341966094344E-02, -3.715666000108089E-03,  2.761534628998215E-03,
2443950.500000000, A.D. 1979-Mar-18 00:00:00.0000, -3.203073193522977E-01,  1.477343401302560E-01,  4.148061149773218E-02, -1.757322371493899E-02, -2.435027982102579E-02, -3.745756048012858E-04,
2443960.500000000, A.D. 1979-Mar-28 00:00:00.0000, -3.939601503930731E-01, -1.151050495800524E-01,  2.678099164563703E-02,  2.056566358146717E-03, -2.578691198679008E-02, -2.294662416107796E-03,
2443970.500000000, A.D. 1979-Apr-07 00:00:00.0000, -3.015928231171636E-01, -3.362978033422193E-01,  2.352519229856512E-04,  1.523307812902615E-02, -1.748344684438940E-02, -2.826701087041291E-03,
2443980.500000000, A.D. 1979-Apr-17 00:00:00.0000, -1.117503346333825E-01, -4.523093705356101E-01, -2.667321163039335E-02,  2.166731705239883E-02, -5.328008645994453E-03, -2.424980411032708E-03,
2443990.500000000, A.D. 1979-Apr-27 00:00:00.0000,  1.103887775620029E-01, -4.379358722701709E-01, -4.590030087866750E-02,  2.164119419192427E-02,  8.318737479080469E-03, -1.308166385679268E-03,
2444000.500000000, A.D. 1979-May-07 00:00:00.0000,  2.959366643670305E-01, -2.870972187547681E-01, -5.062294659279690E-02,  1.401715462059322E-02,  2.152987858451595E-02,  4.708561736775161E-04,
2444010.500000000, A.D. 1979-May-17 00:00:00.0000,  3.573201116383379E-01, -2.435743339998401E-02, -3.480451971462837E-02, -3.521968586982414E-03,  2.933380053703660E-02,  2.718897148982099E-03,
2444020.500000000, A.D. 1979-May-27 00:00:00.0000,  2.019867425111768E-01,  2.398244999448296E-01,  1.034496170022405E-03, -2.709671011396386E-02,  1.929487554780208E-02,  4.064153264051499E-03,
2444030.500000000, A.D. 1979-Jun-06 00:00:00.0000, -1.186160434286984E-01,  2.921303223622673E-01,  3.474930074027516E-02, -3.171717552588720E-02, -9.528357029119260E-03,  2.134728754396310E-03,
2444040.500000000, A.D. 1979-Jun-16 00:00:00.0000, -3.516259439298373E-01,  9.655890083347629E-02,  4.017766435905948E-02, -1.327310120131580E-02, -2.591995691817057E-02, -8.977013376965918E-04,
2444050.500000000, A.D. 1979-Jun-26 00:00:00.0000, -3.864312193297012E-01, -1.663357012565116E-01,  2.190563300579923E-02,  5.310997260719133E-03, -2.461590668284503E-02, -2.497930863270497E-03,
2444060.500000000, A.D. 1979-Jul-06 00:00:00.0000, -2.687579955838582E-01, -3.695247764671274E-01, -5.493998719021660E-03,  1.706189071093120E-02, -1.522177739848323E-02, -2.809961894415622E-03,
2444070.500000000, A.D. 1979-Jul-16 00:00:00.0000, -6.716932756311322E-02, -4.603925458252668E-01, -3.142783589751864E-02,  2.219713702381972E-02, -2.625877714287629E-03, -2.252962629550209E-03,
2444080.500000000, A.D. 1979-Jul-26 00:00:00.0000,  1.535105643709005E-01, -4.181904423981583E-01, -4.824818808671154E-02,  2.077567678707755E-02,  1.112363475070247E-02, -9.996032662285346E-04,
2444090.500000000, A.D. 1979-Aug-05 00:00:00.0000,  3.217403218564261E-01, -2.410026550674857E-01, -4.922841874457330E-02,  1.132342307800488E-02,  2.382918998598517E-02,  9.060311039880775E-04,
2444100.500000000, A.D. 1979-Aug-15 00:00:00.0000,  3.453795213778705E-01,  3.526650802709194E-02, -2.883864631622124E-02, -8.290541843528093E-03,  2.925303921943946E-02,  3.150244859618488E-03,
2444110.500000000, A.D. 1979-Aug-25 00:00:00.0000,  1.432906085589290E-01,  2.739371669814323E-01,  9.210951172765073E-03, -3.054580470956595E-02,  1.415405714021085E-02,  3.961084541011443E-03,
2444120.500000000, A.D. 1979-Sep-04 00:00:00.0000, -1.804116057052601E-01,  2.674609121503788E-01,  3.840989407987418E-02, -2.899602711911833E-02, -1.463584066099585E-02,  1.467708702527175E-03,
2444130.500000000, A.D. 1979-Sep-14 00:00:00.0000, -3.742693514408731E-01,  4.298208000094091E-02,  3.788171567514645E-02, -9.053836255683794E-03, -2.673644862888275E-02, -1.351886886478263E-03,
2444140.500000000, A.D. 1979-Sep-24 00:00:00.0000, -3.725944888187669E-01, -2.148612269951710E-01,  1.667177586111191E-02,  8.267269497599971E-03, -2.313363081001931E-02, -2.648391596715347E-03,
2444150.500000000, A.D. 1979-Oct-04 00:00:00.0000, -2.324858076620985E-01, -3.980311392610903E-01, -1.115349399933117E-02,  1.862007652342110E-02, -1.283686123557109E-02, -2.758300486956914E-03,
2444160.500000000, A.D. 1979-Oct-14 00:00:00.0000, -2.178429397121864E-02, -4.629410912501113E-01, -3.580436212699896E-02,  2.246169112279098E-02,  1.237529363759399E-04, -2.052702805515401E-03,
2444170.500000000, A.D. 1979-Oct-24 00:00:00.0000,  1.945410702752705E-01, -3.927832139555403E-01, -4.994169477933175E-02,  1.958398503789785E-02,  1.389669386304376E-02, -6.636871410402940E-04,
2444180.500000000, A.D. 1979-Nov-03 00:00:00.0000,  3.416255361210022E-01, -1.905041056198820E-01, -4.693078650532578E-02,  8.190814886476492E-03,  2.586268223191222E-02,  1.359799363266177E-03,
2444190.500000000, A.D. 1979-Nov-13 00:00:00.0000,  3.234940997288993E-01,  9.383907913205504E-02, -2.204542604192784E-02, -1.328768818375198E-02,  2.828129462991787E-02,  3.529822932347908E-03,
2444200.500000000, A.D. 1979-Nov-23 00:00:00.0000,  7.872182447675534E-02,  2.968019738388573E-01,  1.700811740078187E-02, -3.283102320180524E-02,  8.275027237280718E-03,  3.690848680526704E-03,
2444210.500000000, A.D. 1979-Dec-03 00:00:00.0000, -2.358492493169095E-01,  2.332829467287461E-01,  4.071008826943049E-02, -2.549327677595092E-02, -1.886201755608534E-02,  8.008884027933972E-04,
2444220.500000000, A.D. 1979-Dec-13 00:00:00.0000, -3.885156877378926E-01, -1.159682303501634E-02,  3.473286652634471E-02, -5.012293030355384E-03, -2.690718606938566E-02, -1.737006037849553E-03,
2444230.500000000, A.D. 1979-Dec-23 00:00:00.0000, -3.530508779832731E-01, -2.601214127025580E-01,  1.118067126910096E-02,  1.092760243351572E-02, -2.139416288299531E-02, -2.750661858529276E-03,
2444240.500000000, A.D. 1980-Jan-02 00:00:00.0000, -1.933090897785746E-01, -4.215925971780328E-01, -1.667565783716569E-02,  1.991354310945661E-02, -1.034781013987804E-02, -2.673821761188493E-03,
2444250.500000000, A.D. 1980-Jan-12 00:00:00.0000,  2.387617821320688E-02, -4.598656938729932E-01, -3.974667273492950E-02,  2.245494491728308E-02,  2.909616350066351E-03, -1.824573796692115E-03,
2444260.500000000, A.D. 1980-Jan-22 00:00:00.0000,  2.328142225881611E-01, -3.617881626795378E-01, -5.092548560009462E-02,  1.804461973560557E-02,  1.661153768923610E-02, -3.006044289992963E-04,
2444270.500000000, A.D. 1980-Feb-01 00:00:00.0000,  3.546970286066725E-01, -1.362017121975445E-01, -4.369668814403947E-02,  4.606095547140070E-03,  2.754005195911483E-02,  1.825997186067781E-03,
2444280.500000000, A.D. 1980-Feb-11 00:00:00.0000,  2.913755951976952E-01,  1.494338185565642E-01, -1.455561654175982E-02, -1.832388034729377E-02,  2.628059898206494E-02,  3.828950840235619E-03,
2444290.500000000, A.D. 1980-Feb-21 00:00:00.0000,  1.085538317444810E-02,  3.072899700936351E-01,  2.409731818203291E-02, -3.375882503392254E-02,  2.025364909360686E-03,  3.265679210169102E-03,
2444300.500000000, A.D. 1980-Mar-02 00:00:00.0000, -2.836303753723006E-01,  1.914792245485779E-01,  4.168428644076890E-02, -2.149350503240167E-02, -2.214210850687301E-02,  1.656851427302871E-04,
2444310.500000000, A.D. 1980-Mar-12 00:00:00.0000, -3.947923901470760E-01, -6.595457160356280E-02,  3.087009464421042E-02, -1.210992346638490E-03, -2.653445573008776E-02, -2.055678610106475E-03,
2444320.500000000, A.D. 1980-Mar-22 00:00:00.0000, -3.284018975990473E-01, -3.016264157587976E-01,  5.527295708816922E-03,  1.329673438885995E-02, -1.944287439714540E-02, -2.808891693923543E-03,
2444330.500000000, A.D. 1980-Apr-01 00:00:00.0000, -1.517716206732371E-01, -4.400075635812270E-01, -2.199442006047538E-02,  2.094538169531496E-02, -7.772171268780596E-03, -2.558244462736603E-03,
2444340.500000000, A.D. 1980-Apr-11 00:00:00.0000,  6.924000882706884E-02, -4.511061871375399E-01, -4.319761375721946E-02,  2.216736667518037E-02,  5.717664134336328E-03, -1.568839294810154E-03,
2444350.500000000, A.D. 1980-Apr-21 00:00:00.0000,  2.675887016696895E-01, -3.253661832604200E-01, -5.114480365031606E-02,  1.613402281779249E-02,  1.923201834082995E-02,  8.886976418603890E-05,
2444360.500000000, A.D. 1980-May-01 00:00:00.0000,  3.600307683632666E-01, -7.894437723993061E-02, -3.951063906381930E-02,  5.740921536155340E-04,  2.874870994223148E-02,  2.294999258229685E-03,
2444370.500000000, A.D. 1980-May-11 00:00:00.0000,  2.492053435409656E-01,  1.998432423994370E-01, -6.566089973187270E-03, -2.313379643284096E-02,  2.316406004558124E-02,  4.016174258298464E-03,
2444380.500000000, A.D. 1980-May-21 00:00:00.0000, -5.747204597365603E-02,  3.050633974385588E-01,  3.019057296221038E-02, -3.329045358384340E-02, -4.176630188564118E-03,  2.716181327464270E-03,
2444390.500000000, A.D. 1980-May-31 00:00:00.0000, -3.229986149042824E-01,  1.439623090589417E-01,  4.141935249148745E-02, -1.724618249914724E-02, -2.449836604506968E-02, -4.168069351353876E-04,
2444400.500000000, A.D. 1980-Jun-10 00:00:00.0000, -3.936247881874178E-01, -1.190799955248637E-01,  2.642437015777470E-02,  2.314423780363946E-03, -2.571010851701913E-02, -2.312129835697545E-03,
2444410.500000000, A.D. 1980-Jun-20 00:00:00.0000, -2.992314726348739E-01, -3.389828978741525E-01, -2.024112935533214E-04,  1.538177104680149E-02, -1.731630410346852E-02, -2.826711980330166E-03,
2444420.500000000, A.D. 1980-Jun-30 00:00:00.0000, -1.084027588989933E-01, -4.531148362559727E-01, -2.704775259128586E-02,  2.171688861285014E-02, -5.124509180763164E-03, -2.412871441736721E-03,
2444430.500000000, A.D. 1980-Jul-10 00:00:00.0000,  1.137255133698041E-01, -4.366333354699732E-01, -4.610106718770794E-02,  2.158653805084599E-02,  8.532629727099622E-03, -1.285598318701414E-03,
2444440.500000000, A.D. 1980-Jul-20 00:00:00.0000,  2.980870712357318E-01, -2.837566687129529E-01, -5.054740486071409E-02,  1.382741135803223E-02,  2.171236500073548E-02,  5.032826451921307E-04,
2444450.500000000, A.D. 1980-Jul-30 00:00:00.0000,  3.567503621328797E-01, -1.982422461615520E-02, -3.438089964902871E-02, -3.873358375651353E-03,  2.935547309411842E-02,  2.753001895434824E-03,
2444460.500000000, A.D. 1980-Aug-09 00:00:00.0000,  1.977825389445282E-01,  2.427774803425947E-01,  1.663022965507833E-03, -2.739325458727833E-02,  1.893653417576815E-02,  4.062085272269898E-03,
2444470.500000000, A.D. 1980-Aug-19 00:00:00.0000, -1.234949917602904E-01,  2.906311623261149E-01,  3.507531254791692E-02, -3.154427832238834E-02, -9.943982881567821E-03,  2.084781928311254E-03,
2444480.500000000, A.D. 1980-Aug-29 00:00:00.0000, -3.536477897546977E-01,  9.255797282326896E-02,  4.003573000446042E-02, -1.294836217799914E-02, -2.600698635994239E-02, -9.347411713368093E-04,
2444490.500000000, A.D. 1980-Sep-08 00:00:00.0000, -3.855944526790038E-01, -1.701211052147708E-01,  2.151797746341715E-02,  5.545971344706348E-03, -2.451357662551625E-02, -2.511201085554244E-03,
2444500.500000000, A.D. 1980-Sep-18 00:00:00.0000, -2.661171352545265E-01, -3.718566365843443E-01, -5.928800924565498E-03,  1.718970583842006E-02, -1.504477842530412E-02, -2.807233036426489E-03,
2444510.500000000, A.D. 1980-Sep-28 00:00:00.0000, -6.374338741560516E-02, -4.607800342555877E-01, -3.177557963864773E-02,  2.222667432067536E-02, -2.418560281984555E-03, -2.238685517697642E-03,
2444520.500000000, A.D. 1980-Oct-08 00:00:00.0000,  1.567094364910872E-01, -4.164566618822486E-01, -4.840109222636265E-02,  2.069687822776437E-02,  1.133577008502852E-02, -9.749546086015893E-04,
2444530.500000000, A.D. 1980-Oct-18 00:00:00.0000,  3.234698724308308E-01, -2.373117211187348E-01, -4.908562985771896E-02,  1.110098475007568E-02,  2.399414659124065E-02,  9.400219490152365E-04,
2444540.500000000, A.D. 1980-Oct-28 00:00:00.0000,  3.440699644839104E-01,  3.977934336482940E-02, -2.834886770411244E-02, -8.664385313021267E-03,  2.921241521766671E-02,  3.181312335195430E-03,
2444550.500000000, A.D. 1980-Nov-07 00:00:00.0000,  1.385568601020804E-01,  2.760897526854635E-01,  9.822528480314339E-03, -3.076368402208806E-02,  1.372892985217220E-02,  3.946333279590999E-03,
2444560.500000000, A.D. 1980-Nov-17 00:00:00.0000, -1.848703470973398E-01,  2.651742581616374E-01,  3.863284443984915E-02, -2.875342765868661E-02, -1.498947284053642E-02,  1.416439366958542E-03,
2444570.500000000, A.D. 1980-Nov-27 00:00:00.0000, -3.756437324470289E-01,  3.885289109910074E-02,  3.766987717749624E-02, -8.739431143833127E-03, -2.677066373719023E-02, -1.383646246878748E-03,
2444580.500000000, A.D. 1980-Dec-07 00:00:00.0000, -3.713035369615444E-01, -2.184212478306214E-01,  1.626098583159134E-02,  8.479762928386104E-03, -2.300977604753280E-02, -2.657830244286608E-03,
2444590.500000000, A.D. 1980-Dec-17 00:00:00.0000, -2.296052786444449E-01, -3.999967540068832E-01, -1.158017886396086E-02,  1.872763949611139E-02, -1.265109971347528E-02, -2.752995412784925E-03,
2444600.500000000, A.D. 1980-Dec-27 00:00:00.0000, -1.831791119994352E-02, -4.629040627689052E-01, -3.612095512833592E-02,  2.247089986613630E-02,  3.344331998438769E-04, -2.036288502894365E-03,
2444610.500000000, A.D. 1981-Jan-06 00:00:00.0000,  1.975554470325762E-01, -3.906192876180695E-01, -5.004238198020379E-02,  1.947956287918651E-02,  1.410566486921235E-02, -6.369489965536413E-04,
2444620.500000000, A.D. 1981-Jan-16 00:00:00.0000,  3.428694410999002E-01, -1.864958654446076E-01, -4.671739002512822E-02,  7.934150928919068E-03,  2.600424415656836E-02,  1.395017560848104E-03,
2444630.500000000, A.D. 1981-Jan-26 00:00:00.0000,  3.214093851223308E-01,  9.820265551638906E-02, -2.149662712489856E-02, -1.367247037112183E-02,  2.816680428791996E-02,  3.555852342188325E-03,
2444640.500000000, A.D. 1981-Feb-05 00:00:00.0000,  7.363735003443840E-02,  2.980464285781799E-01,  1.757763711160433E-02, -3.295069434522682E-02,  7.807323830263513E-03,  3.663589260195377E-03,
2444650.500000000, A.D. 1981-Feb-15 00:00:00.0000, -2.397667404671481E-01,  2.303494887609774E-01,  4.083035525188520E-02, -2.520296974340576E-02, -1.914468738008468E-02,  7.510353348358619E-04,
2444660.500000000, A.D. 1981-Feb-25 00:00:00.0000, -3.892692640651535E-01, -1.574804006876113E-02,  3.446212291531545E-02, -4.714367306390066E-03, -2.689652859308295E-02, -1.763579677588485E-03,
2444670.500000000, A.D. 1981-Mar-07 00:00:00.0000, -3.513530801249062E-01, -2.634103992904366E-01,  1.075462486856582E-02,  1.111767420600732E-02, -2.125277868985205E-02, -2.756604823360454E-03,
2444680.500000000, A.D. 1981-Mar-17 00:00:00.0000, -1.902331254763399E-01, -4.231729144673300E-01, -1.708881599531154E-02,  2.000106858068060E-02, -1.015500691414121E-02, -2.666098765190627E-03,
2444690.500000000, A.D. 1981-Mar-27 00:00:00.0000,  2.733689961023588E-02, -4.593989801708552E-01, -4.002762318804359E-02,  2.244316780214462E-02,  3.122351513097523E-03, -1.806062378446305E-03,
2444700.500000000, A.D. 1981-Apr-06 00:00:00.0000,  2.355861020540486E-01, -3.592070595652552E-01, -5.096978370708408E-02,  1.791289188221024E-02,  1.681461249298028E-02, -2.718387425881165E-04,
2444710.500000000, A.D. 1981-Apr-16 00:00:00.0000,  3.553827222455674E-01, -1.319386026672366E-01, -4.341116032779106E-02,  4.315078969270888E-03,  2.765021355892058E-02,  1.861804480539467E-03,
2444720.500000000, A.D. 1981-Apr-26 00:00:00.0000,  2.885116462341903E-01,  1.534809558639788E-01, -1.396109251330709E-02, -1.870167211997739E-02,  2.608348909988003E-02,  3.847582258367822E-03,
2444730.500000000, A.D. 1981-May-06 00:00:00.0000,  5.633563533926446E-03,  3.075671092317424E-01,  2.460035538712264E-02, -3.377157420680225E-02,  1.546540912331859E-03,  3.227684009766049E-03,
2444740.500000000, A.D. 1981-May-16 00:00:00.0000, -2.869296943473389E-01,  1.880438073303928E-01,  4.170668957596774E-02, -2.117621253296136E-02, -2.235279185332225E-02,  1.192406198154985E-04,
2444750.500000000, A.D. 1981-May-26 00:00:00.0000, -3.949619170600682E-01, -7.004554892408667E-02,  3.055065729391497E-02, -9.330830223723971E-04, -2.648634540879013E-02, -2.077340568217570E-03,
2444760.500000000, A.D. 1981-Jun-05 00:00:00.0000, -3.263414420034290E-01, -3.046130320784913E-01,  5.092804750727760E-03,  1.346493922224567E-02, -1.928699888171360E-02, -2.811630004304607E-03,
2444770.500000000, A.D. 1981-Jun-15 00:00:00.0000, -1.485392027151017E-01, -4.411903215251926E-01, -2.238920265313996E-02,  2.101312178134682E-02, -7.573487068012000E-03, -2.548215375690434E-03,
2444780.500000000, A.D. 1981-Jun-25 00:00:00.0000,  7.265372750321863E-02, -4.502075436800115E-01, -4.343863045425871E-02,  2.213382090333608E-02,  5.931345978095490E-03, -1.548247023892361E-03,
2444790.500000000, A.D. 1981-Jul-05 00:00:00.0000,  2.700632356683305E-01, -3.223847986882609E-01, -5.112875000866469E-02,  1.597318702499728E-02,  1.942595450157887E-02,  1.195595335435412E-04,
2444800.500000000, A.D. 1981-Jul-15 00:00:00.0000,  3.600936982684219E-01, -7.450422399450526E-02, -3.915319290555589E-02,  2.503445028798682E-04,  2.881777466277355E-02,  2.330440349921491E-03,
2444810.500000000, A.D. 1981-Jul-25 00:00:00.0000,  2.456097580700719E-01,  2.033953555583268E-01, -5.944775116012767E-03, -2.348091439785231E-02,  2.288118043937123E-02,  4.024953064012231E-03,
2444820.500000000, A.D. 1981-Aug-04 00:00:00.0000, -6.259989882503403E-02,  3.043852303548046E-01,  3.060669573580792E-02, -3.320020550574176E-02, -4.634113966053848E-03,  2.670448389092004E-03,
2444830.500000000, A.D. 1981-Aug-14 00:00:00.0000, -3.256335562770620E-01,  1.401760000048687E-01,  4.135174037859141E-02, -1.691957754352770E-02, -2.464128781135139E-02, -4.585680909056755E-04,
2444840.500000000, A.D. 1981-Aug-24 00:00:00.0000, -3.932503635912048E-01, -1.230349300406546E-01,  2.606585353127127E-02,  2.570033861601527E-03, -2.563138183996572E-02, -2.329228873019720E-03,
2444850.500000000, A.D. 1981-Sep-03 00:00:00.0000, -2.968524089753844E-01, -3.416374333842968E-01, -6.391225811120388E-04,  1.552850062790929E-02, -1.714873633374651E-02, -2.826507703141320E-03,
2444860.500000000, A.D. 1981-Sep-13 00:00:00.0000, -1.050557412842472E-01, -4.538890307728747E-01, -2.741962491329467E-02,  2.176472331713645E-02, -4.921230897154764E-03, -2.400624971163679E-03,
2444870.500000000, A.D. 1981-Sep-23 00:00:00.0000,  1.170442946381280E-01, -4.353044310757172E-01, -4.629802908726756E-02,  2.153009845488221E-02,  8.745731721116538E-03, -1.262939837454818E-03,
2444880.500000000, A.D. 1981-Oct-03 00:00:00.0000,  3.002008058660372E-01, -2.804022373574942E-01, -5.046749005946354E-02,  1.363572865922517E-02,  2.189299804298757E-02,  5.357185287859262E-04,
2444890.500000000, A.D. 1981-Oct-13 00:00:00.0000,  3.561273252932166E-01, -1.530659814129678E-02, -3.395395930533301E-02, -4.225641268721486E-03,  2.937281296480201E-02,  2.786821551942292E-03,
2444900.500000000, A.D. 1981-Oct-23 00:00:00.0000,  1.935440473768694E-01,  2.456627323689241E-01,  2.288845963327430E-03, -2.768409547481955E-02,  1.857369198422603E-02,  4.059137490678880E-03,
2444910.500000000, A.D. 1981-Nov-02 00:00:00.0000, -1.283374676487133E-01,  2.890672832561107E-01,  3.539261126236868E-02, -3.136598913322200E-02, -1.035469134305910E-02,  2.034774772531395E-03,
2444920.500000000, A.D. 1981-Nov-12 00:00:00.0000, -3.556164415418773E-01,  8.854579560266709E-02,  3.988823998915616E-02, -1.262464915514932E-02, -2.608968674844548E-02, -9.713048040468608E-04,
2444930.500000000, A.D. 1981-Nov-22 00:00:00.0000, -3.847223180724254E-01, -1.738890547227065E-01,  2.112895691906852E-02,  5.778890762393201E-03, -2.440955331593455E-02, -2.524131182589358E-03,
2444940.500000000, A.D. 1981-Dec-02 00:00:00.0000, -2.634606455114841E-01, -3.741608812420908E-01, -6.362267262763715E-03,  1.731565200353087E-02, -1.486728097317414E-02, -2.804292818778488E-03,
2444950.500000000, A.D. 1981-Dec-12 00:00:00.0000, -6.031978404263088E-02, -4.611383783807897E-01, -3.212027921802183E-02,  2.225445673583257E-02, -2.211403686552822E-03, -2.224272052001245E-03,
2444960.500000000, A.D. 1981-Dec-22 00:00:00.0000,  1.598882246632461E-01, -4.146986569582781E-01, -4.854987733063477E-02,  2.061625918406632E-02,  1.154703082366066E-02, -9.502284460630961E-04,
2444970.500000000, A.D. 1982-Jan-01 00:00:00.0000,  3.251606957922846E-01, -2.336114266459234E-01, -4.893842310977898E-02,  1.087670870656174E-02,  2.415680493557787E-02,  9.739727779496142E-04,
2444980.500000000, A.D. 1982-Jan-11 00:00:00.0000,  3.427098611733955E-01,  4.426511819583939E-02, -2.785676835174507E-02, -9.037988475641823E-03,  2.916664995692098E-02,  3.211918600978195E-03,
2444990.500000000, A.D. 1982-Jan-21 00:00:00.0000,  1.338108329167193E-01,  2.781657470573992E-01,  1.042873374697646E-02, -3.097396021580208E-02,  1.330139556359055E-02,  3.930682496468208E-03,
2445000.500000000, A.D. 1982-Jan-31 00:00:00.0000, -1.892740330772038E-01,  2.628390391623353E-01,  3.884658719425729E-02, -2.850756203081476E-02, -1.533686408171962E-02,  1.365394554119835E-03,
2445010.500000000, A.D. 1982-Feb-10 00:00:00.0000, -3.769636186461481E-01,  3.472807579455330E-02,  3.745338972692295E-02, -8.427049753210240E-03, -2.680129427764852E-02, -1.414906862557150E-03,
2445020.500000000, A.D. 1982-Feb-20 00:00:00.0000, -3.699809317220232E-01, -2.219554592368673E-01,  1.584958764162561E-02,  8.690023290745570E-03, -2.288485336094052E-02, -2.666959389261203E-03,
2445030.500000000, A.D. 1982-Mar-02 00:00:00.0000, -2.267134637650738E-01, -4.019314599938141E-01, -1.200504667813406E-02,  1.883333186907644E-02, -1.246524359301577E-02, -2.747500744423727E-03,
2445040.500000000, A.D. 1982-Mar-12 00:00:00.0000, -1.485821303109839E-02, -4.628380583190971E-01, -3.643418199891599E-02,  2.247834104704343E-02,  5.446390697450241E-04, -2.019749724781012E-03,
2445050.500000000, A.D. 1982-Mar-22 00:00:00.0000,  2.005451395280794E-01, -3.884346553557566E-01, -5.013877062122315E-02,  1.937329730347594E-02,  1.431337567951538E-02, -6.101546596676361E-04,
2445060.500000000, A.D. 1982-Apr-01 00:00:00.0000,  3.440706351873709E-01, -1.824867449839966E-01, -4.649981823752345E-02,  7.675880967631840E-03,  2.614287802484667E-02,  1.430122654460151E-03,
2445070.500000000, A.D. 1982-Apr-11 00:00:00.0000,  3.192775303136994E-01,  1.025242520125545E-01, -2.094699592246132E-02, -1.405554455269092E-02,  2.804680580798620E-02,  3.581248753884579E-03,
2445080.500000000, A.D. 1982-Apr-21 00:00:00.0000,  6.856066569141253E-02,  2.992103358721906E-01,  1.813958931773162E-02, -3.306209298436514E-02,  7.339909194818120E-03,  3.635583194343467E-03,
2445090.500000000, A.D. 1982-May-01 00:00:00.0000, -2.436214381540104E-01,  2.273821244831662E-01,  4.094185278415996E-02, -2.491133365379569E-02, -1.942092823085594E-02,  7.016029328471822E-04,
2445100.500000000, A.D. 1982-May-11 00:00:00.0000, -3.899717205928218E-01, -1.988585953402524E-02,  3.418780501567015E-02, -4.418847290399242E-03, -2.688302955915655E-02, -1.789669180482754E-03,
2445110.500000000, A.D. 1982-May-21 00:00:00.0000, -3.496279243519076E-01, -2.666701195338703E-01,  1.032879254175444E-02,  1.130557520010419E-02, -2.111070931216838E-02, -2.762263490096666E-03,
2445120.500000000, A.D. 1982-May-31 00:00:00.0000, -1.871492631834194E-01, -4.247217217806986E-01, -1.749954590754123E-02,  2.008681646274857E-02, -9.962333167812741E-03, -2.658204164925936E-03,
2445130.500000000, A.D. 1982-Jun-10 00:00:00.0000,  3.078823005951884E-02, -4.589049137809363E-01, -4.030477652261546E-02,  2.242966243268181E-02,  3.334362136670843E-03, -1.787446941455745E-03,
2445140.500000000, A.D. 1982-Jun-20 00:00:00.0000,  2.383309082587614E-01, -3.566103530555753E-01, -5.100966731315785E-02,  1.777937937628678E-02,  1.701593920839710E-02, -2.430665665163695E-04,
2445150.500000000, A.D. 1982-Jun-30 00:00:00.0000,  3.560259176687847E-01, -1.276867404641404E-01, -4.312225027760572E-02,  4.023089206427019E-03,  2.775653155336699E-02,  1.897350777976013E-03,
2445160.500000000, A.D. 1982-Jul-10 00:00:00.0000,  2.856159127116751E-01,  1.574669779312848E-01, -1.336868532942843E-02, -1.907522105931389E-02,  2.588102063436294E-02,  3.865338223491753E-03,
2445170.500000000, A.D. 1982-Jul-20 00:00:00.0000,  4.540881960754239E-04,  3.077673785404000E-01,  2.509278852897843E-02, -3.377634866726974E-02,  1.071718397196386E-03,  3.189259662297913E-03,
2445180.500000000, A.D. 1982-Jul-30 00:00:00.0000, -2.901531337730290E-01,  1.845972629973964E-01,  4.172075088546729E-02, -2.086001251451021E-02, -2.255719686460220E-02,  7.342498618527357E-05,
2445190.500000000, A.D. 1982-Aug-09 00:00:00.0000, -3.950820833994746E-01, -7.410852585797460E-02,  3.022876843135312E-02, -6.583001689662145E-04, -2.643636188173174E-02, -2.098530334699780E-03,
2445200.500000000, A.D. 1982-Aug-19 00:00:00.0000, -3.242593039186715E-01, -3.075636766277458E-01,  4.659380374745876E-03,  1.363077471993529E-02, -1.913104925037779E-02, -2.814113723077976E-03,
2445210.500000000, A.D. 1982-Aug-29 00:00:00.0000, -1.453059567138974E-01, -4.423397605733505E-01, -2.278095993204467E-02,  2.107898125990274E-02, -7.375331839640466E-03, -2.538037192242621E-03,
2445220.500000000, A.D. 1982-Sep-08 00:00:00.0000,  7.605029169812066E-02, -4.492832968520939E-01, -4.367549397941919E-02,  2.209852180516292E-02,  6.143976396860820E-03, -1.527578696068919E-03,
2445230.500000000, A.D. 1982-Sep-18 00:00:00.0000,  2.725033989532571E-01, -3.193927124193273E-01, -5.110827084322050E-02,  1.581070011985847E-02,  1.961783274941421E-02,  1.502140745831456E-04,
2445240.500000000, A.D. 1982-Sep-28 00:00:00.0000,  3.601096642029067E-01, -7.008340781772916E-02, -3.879288158596449E-02, -7.386822733543534E-05,  2.888267581980776E-02,  2.365551876259077E-03,
2445250.500000000, A.D. 1982-Oct-08 00:00:00.0000,  2.419874771242396E-01,  2.068783478712231E-01, -5.326847570347232E-03, -2.382246627349773E-02,  2.259373999566122E-02,  4.032819602427131E-03,
2445260.500000000, A.D. 1982-Oct-18 00:00:00.0000, -6.767847370794733E-02,  3.036394773745568E-01,  3.101242560785116E-02, -3.310350508698134E-02, -5.086094721395319E-03,  2.624573083563956E-03,
2445270.500000000, A.D. 1982-Oct-28 00:00:00.0000, -3.282006102751140E-01,  1.363871723169662E-01,  4.127748859817573E-02, -1.659473401187017E-02, -2.477887673859312E-02, -4.997067820164425E-04,
2445280.500000000, A.D. 1982-Nov-07 00:00:00.0000, -3.928351887096334E-01, -1.269601966586281E-01,  2.570610301722948E-02,  2.822735857690585E-03, -2.555114589711528E-02, -2.345908262451062E-03,
2445290.500000000, A.D. 1982-Nov-17 00:00:00.0000, -2.944583515867252E-01, -3.442562528621003E-01, -1.073936848106594E-03,  1.567299565116728E-02, -1.698120383864933E-02, -2.826076835457412E-03,
2445300.500000000, A.D. 1982-Nov-27 00:00:00.0000, -1.017137474554299E-01, -4.546314734146163E-01, -2.778788251279323E-02,  2.181072144897126E-02, -4.718659156182498E-03, -2.388252085798396E-03,
2445310.500000000, A.D. 1982-Dec-07 00:00:00.0000,  1.203403600856971E-01, -4.339539597073371E-01, -4.649051636696747E-02,  2.147193819595768E-02,  8.957460073768769E-03, -1.240239947882278E-03,
2445320.500000000, A.D. 1982-Dec-17 00:00:00.0000,  3.022756470466003E-01, -2.770453026431019E-01, -5.038334127528045E-02,  1.344262457893422E-02,  2.207104976293003E-02,  5.680458932402250E-04,
2445330.500000000, A.D. 1982-Dec-27 00:00:00.0000,  3.554583255833387E-01, -1.082255877771220E-02, -3.352544629170269E-02, -4.577352026936942E-03,  2.938540915308988E-02,  2.820158698192283E-03,
2445340.500000000, A.D. 1983-Jan-06 00:00:00.0000,  1.892961309411402E-01,  2.484671015500797E-01,  2.908607799721957E-03, -2.796767384879636E-02,  1.820800054301430E-02,  4.055255535379105E-03,
2445350.500000000, A.D. 1983-Jan-16 00:00:00.0000, -1.331165470587047E-01,  2.874469195040979E-01,  3.569899593763962E-02, -3.118347448679216E-02, -1.075868299001260E-02,  1.984933172746261E-03,
2445360.500000000, A.D. 1983-Jan-26 00:00:00.0000, -3.575200399543110E-01,  8.453804315488782E-02,  3.973486506658652E-02, -1.230335080391460E-02, -2.616818421171946E-02, -1.007271823707751E-03,
2445370.500000000, A.D. 1983-Feb-05 00:00:00.0000, -3.838127079739089E-01, -1.776285013953827E-01,  2.073889685475227E-02,  6.009159643567929E-03, -2.430444683854553E-02, -2.536694513306647E-03,
2445380.500000000, A.D. 1983-Feb-15 00:00:00.0000, -2.607899735955784E-01, -3.764321568954891E-01, -6.793954659193828E-03,  1.743954814550422E-02, -1.468978438637151E-02, -2.801137615936560E-03,
2445390.500000000, A.D. 1983-Feb-25 00:00:00.0000, -5.690095478894960E-02, -4.614665081854487E-01, -3.246148141602576E-02,  2.228044093624359E-02, -2.004779898639041E-03, -2.209724012581166E-03,
2445400.500000000, A.D. 1983-Mar-07 00:00:00.0000,  1.630444380776610E-01, -4.129188563548988E-01, -4.869417560218831E-02,  2.053385979109843E-02,  1.175707511732865E-02, -9.254432790044728E-04,
2445410.500000000, A.D. 1983-Mar-17 00:00:00.0000,  3.268115983914749E-01, -2.299075821015220E-01, -4.878678234654329E-02,  1.065084777043862E-02,  2.431684817076566E-02,  1.007829349110520E-03,
2445420.500000000, A.D. 1983-Mar-27 00:00:00.0000,  3.413023462235250E-01,  4.871613490592205E-02, -2.736303378843141E-02, -9.410742794991031E-03,  2.911578022277185E-02,  3.241986584355161E-03,
2445430.500000000, A.D. 1983-Apr-06 00:00:00.0000,  1.290612719483514E-01,  2.801619538532958E-01,  1.102844454733697E-02, -3.117635449454429E-02,  1.287228638120482E-02,  3.914145025418588E-03,
2445440.500000000, A.D. 1983-Apr-16 00:00:00.0000, -1.936159614850785E-01,  2.604591906761312E-01,  3.905056768716239E-02, -2.825893382819050E-02, -1.567765238843320E-02,  1.314642965886555E-03,
2445450.500000000, A.D. 1983-Apr-26 00:00:00.0000, -3.782264755261391E-01,  3.061180636030788E-02,  3.723216866652247E-02, -8.116957159244901E-03, -2.682853686885345E-02, -1.445642996089343E-03,
2445460.500000000, A.D. 1983-May-06 00:00:00.0000, -3.686254015690760E-01, -2.254619753063960E-01,  1.543763665668924E-02,  8.898032960534425E-03, -2.275907292897225E-02, -2.675772101700583E-03,
2445470.500000000, A.D. 1983-May-16 00:00:00.0000, -2.238087914483783E-01, -4.038349528629254E-01, -1.242798802664388E-02,  1.893720466529225E-02, -1.227940272597083E-02, -2.741811364867881E-03,
2445480.500000000, A.D. 1983-May-26 00:00:00.0000, -1.140328444479720E-02, -4.627436513999381E-01, -3.674388455302986E-02,  2.248402284700209E-02,  7.542851906508277E-04, -2.003083093232313E-03,
2445490.500000000, A.D. 1983-Jun-05 00:00:00.0000,  2.035119409686836E-01, -3.862311853530933E-01, -5.023073839976010E-02,  1.926517440866405E-02,  1.451962878951885E-02, -5.833189846525857E-04,
2445500.500000000, A.D. 1983-Jun-15 00:00:00.0000,  3.452315803922132E-01, -1.784815337053399E-01, -4.627832060930877E-02,  7.416219396450874E-03,  2.627821080997498E-02,  1.465049573847869E-03,
2445510.500000000, A.D. 1983-Jun-25 00:00:00.0000,  3.171059883603766E-01,  1.067962378808218E-01, -2.039769974962164E-02, -1.443612079057061E-02,  2.792128725541420E-02,  3.605909087547937E-03,
2445520.500000000, A.D. 1983-Jul-05 00:00:00.0000,  6.350568205277865E-02,  3.002917416979753E-01,  1.869237075924152E-02, -3.316511192486594E-02,  6.873787525838871E-03,  3.606875292031561E-03,
2445530.500000000, A.D. 1983-Jul-15 00:00:00.0000, -2.474044583425809E-01,  2.243850433550882E-01,  4.104376320572196E-02, -2.461910798147150E-02, -1.969071507078050E-02,  6.526532217594251E-04,
2445540.500000000, A.D. 1983-Jul-25 00:00:00.0000, -3.906189204067167E-01, -2.400893370518801E-02,  3.390928674911147E-02, -4.125919224639245E-03, -2.686707091885266E-02, -1.815284878573584E-03,
2445550.500000000, A.D. 1983-Aug-04 00:00:00.0000, -3.478714964456215E-01, -2.699017653861246E-01,  9.902427656875374E-03,  1.149137490313377E-02, -2.096804992419198E-02, -2.767643201326705E-03,
2445560.500000000, A.D. 1983-Aug-14 00:00:00.0000, -1.840528963959044E-01, -4.262396525896028E-01, -1.790851730124927E-02,  2.017083449815702E-02, -9.769599174630111E-03, -2.650117476953083E-03,
2445570.500000000, A.D. 1983-Aug-24 00:00:00.0000,  3.423486471613234E-02, -4.583811837462412E-01, -4.057848874450035E-02,  2.241439271058531E-02,  3.546038877148410E-03, -1.768685483307019E-03,
2445580.500000000, A.D. 1983-Sep-03 00:00:00.0000,  2.410521886712677E-01, -3.539909485450916E-01, -5.104493547246009E-02,  1.764385417693482E-02,  1.721607716796427E-02, -2.142152796276523E-04,
2445590.500000000, A.D. 1983-Sep-13 00:00:00.0000,  3.566256369310241E-01, -1.234332670998302E-01, -4.282880092151130E-02,  3.729382500965306E-03,  2.785951732421092E-02,  1.932754312542542E-03,
2445600.500000000, A.D. 1983-Sep-23 00:00:00.0000,  2.826767832375063E-01,  1.614060048675894E-01, -1.277607591198994E-02, -1.944578942705907E-02,  2.567272937627160E-02,  3.882303638922520E-03,
2445610.500000000, A.D. 1983-Oct-03 00:00:00.0000, -4.703230000317479E-03,  3.078933680114274E-01,  2.557680562120193E-02, -3.377326996647993E-02,  5.992985869264165E-04,  3.150283727464703E-03,
2445620.500000000, A.D. 1983-Oct-13 00:00:00.0000, -2.933143479877337E-01,  1.811295687997801E-01,  4.172695917246348E-02, -2.054376971258542E-02, -2.275600150210779E-02,  2.806938269260814E-05,
2445630.500000000, A.D. 1983-Oct-23 00:00:00.0000, -3.951556672296120E-01, -7.815502681960440E-02,  2.990370917690506E-02, -3.857168951589977E-04, -2.638427499479300E-02, -2.119321296414313E-03,
2445640.500000000, A.D. 1983-Nov-02 00:00:00.0000, -3.221508717320112E-01, -3.104859602005542E-01,  4.225899703947798E-03,  1.379481776062738E-02, -1.897452978194563E-02, -2.816356922427384E-03,
2445650.500000000, A.D. 1983-Nov-12 00:00:00.0000, -1.420627102893373E-01, -4.434579753134030E-01, -2.317075974459847E-02,  2.114330146568898E-02, -7.177105100797152E-03, -2.527685348479908E-03,
2445660.500000000, A.D. 1983-Nov-22 00:00:00.0000,  7.944092124988639E-02, -4.483291638102946E-01, -4.390881836272067E-02,  2.206151229147668E-02,  6.356218386828036E-03, -1.506767100881308E-03,
2445670.500000000, A.D. 1983-Dec-02 00:00:00.0000,  2.749186084132293E-01, -3.163793223712140E-01, -5.108310735140931E-02,  1.564613206418221E-02,  1.980820349440126E-02,  1.809366412631177E-04,
2445680.500000000, A.D. 1983-Dec-12 00:00:00.0000,  3.600813013189481E-01, -6.566814407735143E-02, -3.842843984189755E-02, -3.994216192485859E-04,  2.894341006522803E-02,  2.400416603779481E-03,
2445690.500000000, A.D. 1983-Dec-22 00:00:00.0000,  2.383328162767358E-01,  2.103018428236882E-01, -4.710737172845044E-03, -2.415908737170253E-02,  2.230096365492095E-02,  4.039742088874993E-03,
2445700.500000000, A.D. 1984-Jan-01 00:00:00.0000, -7.271647228098142E-02,  3.028266396398884E-01,  3.140850680410101E-02, -3.300031006308555E-02, -5.533545603952261E-03,  2.578432982815297E-03,
2445710.500000000, A.D. 1984-Jan-11 00:00:00.0000, -3.307044499016935E-01,  1.325879137239690E-01,  4.119596503098689E-02, -1.627095219871314E-02, -2.491173061536866E-02, -5.403580169542928E-04,
2445720.500000000, A.D. 1984-Jan-21 00:00:00.0000, -3.923760031370466E-01, -1.308664237626462E-01,  2.534342571289497E-02,  3.073332252226842E-03, -2.546936004578805E-02, -2.362239563303925E-03,
2445730.500000000, A.D. 1984-Jan-31 00:00:00.0000, -2.920389756736602E-01, -3.468469475698838E-01, -1.508892376678870E-03,  1.581583875979153E-02, -1.681316047124894E-02, -2.825418061085290E-03,
2445740.500000000, A.D. 1984-Feb-10 00:00:00.0000, -9.836208445668752E-02, -4.553420934668644E-01, -2.815423946917988E-02,  2.185517231886487E-02, -4.515813170603211E-03, -2.375691485007839E-03,
2445750.500000000, A.D. 1984-Feb-20 00:00:00.0000,  1.236295163278193E-01, -4.325700785133388E-01, -4.667930830185438E-02,  2.141194294832000E-02,  9.169170529778253E-03, -1.217366549041880E-03,
2445760.500000000, A.D. 1984-Mar-01 00:00:00.0000,  3.043221466398536E-01, -2.736594949143075E-01, -5.029388802282113E-02,  1.324703533064996E-02,  2.224798193085487E-02,  6.005060557856680E-04,
2445770.500000000, A.D. 1984-Mar-11 00:00:00.0000,  3.547358145504366E-01, -6.335001815881069E-03, -3.309149069451384E-02, -4.931039121649244E-03,  2.939360005070377E-02,  2.853300510936026E-03,
2445780.500000000, A.D. 1984-Mar-21 00:00:00.0000,  1.850052788504287E-01,  2.512163262484294E-01,  3.527823535117305E-03, -2.824588679971880E-02,  1.783678013627545E-02,  4.050403446847418E-03,
2445790.500000000, A.D. 1984-Mar-31 00:00:00.0000, -1.378665349170847E-01,  2.857659558192392E-01,  3.599756311279634E-02, -3.099517708444958E-02, -1.115833801045895E-02,  1.934901962536222E-03,
2445800.500000000, A.D. 1984-Apr-10 00:00:00.0000, -3.593734717647705E-01,  8.051926907120684E-02,  3.957576030318741E-02, -1.198263322808068E-02, -2.624260057844119E-02, -1.042846268883954E-03,
2445810.500000000, A.D. 1984-Apr-20 00:00:00.0000, -3.828662358759834E-01, -1.813518377421380E-01,  2.034664723153407E-02,  6.237840531318191E-03, -2.419770946985175E-02, -2.548966039023064E-03,
2445820.500000000, A.D. 1984-Apr-30 00:00:00.0000, -2.580974655306639E-01, -3.786765064349408E-01, -7.225439201289063E-03,  1.756203308083078E-02, -1.451157884153993E-02, -2.797782506285666E-03,
2445830.500000000, A.D. 1984-May-10 00:00:00.0000, -5.347435272247972E-02, -4.617624342816437E-01, -3.280064661129634E-02,  2.230495886006802E-02, -1.797776993377453E-03, -2.195000680578835E-03,
2445840.500000000, A.D. 1984-May-20 00:00:00.0000,  1.661917161972202E-01, -4.111049362598648E-01, -4.883466953571680E-02,  2.044950984401711E-02,  1.196704602866784E-02, -9.004797083108758E-04,
2445850.500000000, A.D. 1984-May-30 00:00:00.0000,  3.284302033002622E-01, -2.261763681083977E-01, -4.862972387538499E-02,  1.042228614875008E-02,  2.447531944685770E-02,  1.041803507135603E-03,
2445860.500000000, A.D. 1984-Jun-09 00:00:00.0000,  3.398381869578127E-01,  5.316143868715584E-02, -2.686441984131079E-02, -9.784788435647241E-03,  2.905951574942368E-02,  3.271719786773245E-03,
2445870.500000000, A.D. 1984-Jun-19 00:00:00.0000,  1.242806673800148E-01,  2.820928072395013E-01,  1.162564207210163E-02, -3.137182676529252E-02,  1.243915687550634E-02,  3.896624224086393E-03,
2445880.500000000, A.D. 1984-Jun-29 00:00:00.0000, -1.979201427675525E-01,  2.580259062235215E-01,  3.924653232450816E-02, -2.800616826091895E-02, -1.601351030304841E-02,  1.263903920380665E-03,
2445890.500000000, A.D. 1984-Jul-09 00:00:00.0000, -3.794409020228756E-01,  2.648771534303691E-02,  3.700563298465975E-02, -7.807731537805703E-03, -2.685238876118511E-02, -1.476022159933737E-03,
2445900.500000000, A.D. 1984-Jul-19 00:00:00.0000, -3.672343034132874E-01, -2.289532218972709E-01,  1.502347425422292E-02,  9.104641403515332E-03, -2.263177711585743E-02, -2.684326070517784E-03,
2445910.500000000, A.D. 1984-Jul-29 00:00:00.0000, -2.208819417803779E-01, -4.057116522426488E-01, -1.285088981374593E-02,  1.903978589347729E-02, -1.209264343019381E-02, -2.735919142870793E-03,
2445920.500000000, A.D. 1984-Aug-08 00:00:00.0000, -7.939603635568299E-03, -4.626142507918781E-01, -3.705154785905514E-02,  2.248823832448432E-02,  9.646721891330381E-04, -1.986211271001575E-03,
2445930.500000000, A.D. 1984-Aug-18 00:00:00.0000,  2.064697050028856E-01, -3.839867601548176E-01, -5.031844364884182E-02,  1.915484707005437E-02,  1.472622800894290E-02, -5.562421154248093E-04,
2445940.500000000, A.D. 1984-Aug-28 00:00:00.0000,  3.463554006763514E-01, -1.744392362606619E-01, -4.605019636612859E-02,  7.153169615325931E-03,  2.641198910936362E-02,  1.500169513726584E-03,
2445950.500000000, A.D. 1984-Sep-07 00:00:00.0000,  3.148674732440255E-01,  1.110666771309827E-01, -1.984214577665924E-02, -1.481797517533312E-02,  2.778928939161559E-02,  3.630155888165806E-03,
2445960.500000000, A.D. 1984-Sep-17 00:00:00.0000,  5.841812324710180E-02,  3.013078721919286E-01,  1.924294299350804E-02, -3.326029751173147E-02,  6.404487787145557E-03,  3.577170250806773E-03,
2445970.500000000, A.D. 1984-Sep-27 00:00:00.0000, -2.511536217213615E-01,  2.213417317820902E-01,  4.113870875594701E-02, -2.432343725516408E-02, -1.995565319933735E-02,  6.037622562604881E-04,
2445980.500000000, A.D. 1984-Oct-07 00:00:00.0000, -3.912237792269102E-01, -2.813614574803467E-02,  3.362629307832599E-02, -3.833712022391122E-03, -2.684803135057653E-02, -1.840594902312881E-03,
2445990.500000000, A.D. 1984-Oct-17 00:00:00.0000, -3.460833978911848E-01, -2.731161050128786E-01,  9.474248861518720E-03,  1.167599932764283E-02, -2.082393943390129E-02, -2.772798353214216E-03,
2446000.500000000, A.D. 1984-Oct-27 00:00:00.0000, -1.809363982773380E-01, -4.277290306388324E-01, -1.831729437616117E-02,  2.025369357976517E-02, -9.575953560966003E-03, -2.641842112382865E-03,
2446010.500000000, A.D. 1984-Nov-06 00:00:00.0000,  3.768872197418736E-02, -4.578208114139680E-01, -4.085003852073869E-02,  2.239761182980260E-02,  3.758422600447352E-03, -1.749711315137440E-03,
2446020.500000000, A.D. 1984-Nov-16 00:00:00.0000,  2.437613111988428E-01, -3.513302056289813E-01, -5.107569121254825E-02,  1.750585896552911E-02,  1.741628527903869E-02, -1.851114716784606E-04,
2446030.500000000, A.D. 1984-Nov-26 00:00:00.0000,  3.571825685076896E-01, -1.191481514829368E-01, -4.252863987566479E-02,  3.432200622046972E-03,  2.795998171714593E-02,  1.968284435324165E-03,
2446040.500000000, A.D. 1984-Dec-06 00:00:00.0000,  2.796720147747840E-01,  1.653266618645848E-01, -1.217870181179612E-02, -1.981583303697256E-02,  2.545720783637006E-02,  3.898623013036936E-03,
2446050.500000000, A.D. 1984-Dec-16 00:00:00.0000, -9.874352206987125E-03,  3.079484055051146E-01,  2.605635322319547E-02, -3.376215322121697E-02,  1.262685953487066E-04,  3.110494084890218E-03,
2446060.500000000, A.D. 1984-Dec-26 00:00:00.0000, -2.964354054862690E-01,  1.776228586586529E-01,  4.172609524806713E-02, -2.022548182963207E-02, -2.295017746472924E-02, -1.711814367611341E-05,
2446070.500000000, A.D. 1985-Jan-05 00:00:00.0000, -3.951868630699499E-01, -8.220407426666144E-02,  2.957419522586989E-02, -1.138997019276983E-04, -2.632960739002662E-02, -2.139839938616365E-03,
2446080.500000000, A.D. 1985-Jan-15 00:00:00.0000, -3.200095142121555E-01, -3.133917274223024E-01,  3.790364621244470E-03,  1.395785330054242E-02, -1.881656658069421E-02, -2.818386519837897E-03,
2446090.500000000, A.D. 1985-Jan-25 00:00:00.0000, -1.387970481710620E-01, -4.445470566728674E-01, -2.356053991214616E-02,  2.120647973558666E-02, -6.977721631309995E-03, -2.517122118566882E-03,
2446100.500000000, A.D. 1985-Feb-04 00:00:00.0000,  8.284013381217865E-02, -4.473348330570327E-01, -4.413979549105136E-02,  2.202277836969818E-02,  6.569492555622042E-03, -1.485694605345818E-03,
2446110.500000000, A.D. 1985-Feb-14 00:00:00.0000,  2.773193511473334E-01, -3.133182216090083E-01, -5.105266654598118E-02,  1.547855726801866E-02,  1.999882094234004E-02,  2.119763572167035E-04,
2446120.500000000, A.D. 1985-Feb-24 00:00:00.0000,  3.600013629332224E-01, -6.121637460641453E-02, -3.805603622091718E-02, -7.290586778884123E-04,  2.900099633025809E-02,  2.435414789952773E-03,
2446130.500000000, A.D. 1985-Mar-06 00:00:00.0000,  2.346053473798777E-01,  2.137019435471106E-01, -4.089539192244100E-03, -2.449391651802456E-02,  2.200020534819777E-02,  4.045843672681206E-03,
2446140.500000000, A.D. 1985-Mar-16 00:00:00.0000, -7.776457674046325E-02,  3.019443055577727E-01,  3.179998930477384E-02, -3.288921903404968E-02, -5.980261479149907E-03,  2.531602351578817E-03,
2446150.500000000, A.D. 1985-Mar-26 00:00:00.0000, -3.331709425345277E-01,  1.287548534260612E-01,  4.110812658062091E-02, -1.594555642742539E-02, -2.504030860315897E-02, -5.808348438568380E-04,
2446160.500000000, A.D. 1985-Apr-05 00:00:00.0000, -3.918779685957649E-01, -1.347731853293094E-01,  2.497677973778168E-02,  3.323272543760168E-03, -2.538516253728879E-02, -2.378333249250950E-03,
2446170.500000000, A.D. 1985-Apr-15 00:00:00.0000, -2.895891562711654E-01, -3.494194303653165E-01, -1.945671635712480E-03,  1.595775627818302E-02, -1.664360391196937E-02, -2.824562789363454E-03,
2446180.500000000, A.D. 1985-Apr-25 00:00:00.0000, -9.498990344872281E-02, -4.560207116713429E-01, -2.852045524316305E-02,  2.189851218511552E-02, -4.311660838489243E-03, -2.362923136550938E-03,
2446190.500000000, A.D. 1985-May-05 00:00:00.0000,  1.269250134104467E-01, -4.311415279448631E-01, -4.686554130348202E-02,  2.135009224230573E-02,  9.382067956007198E-03, -1.194208151840116E-03,
2446200.500000000, A.D. 1985-May-15 00:00:00.0000,  3.063490304460799E-01, -2.702208920889748E-01, -5.019856721527036E-02,  1.304797630682734E-02,  2.242503947390794E-02,  6.333284418650932E-04,
2446210.500000000, A.D. 1985-May-25 00:00:00.0000,  3.539519178790436E-01, -1.811610835561927E-03, -3.264885257313660E-02, -5.289000258876286E-03,  2.939750206465910E-02,  2.886520850987098E-03,
2446220.500000000, A.D. 1985-Jun-04 00:00:00.0000,  1.806410137416588E-01,  2.539306682579690E-01,  4.151320210628887E-03, -2.852030054340421E-02,  1.745751403649590E-02,  4.044557649013411E-03,
2446230.500000000, A.D. 1985-Jun-14 00:00:00.0000, -1.426179058916969E-01,  2.840178594100553E-01,  3.629108196563779E-02, -3.079971935553588E-02, -1.155573777381683E-02,  1.884370486676084E-03,
2446240.500000000, A.D. 1985-Jun-24 00:00:00.0000, -3.611902243155845E-01,  7.647352471653975E-02,  3.941102852441174E-02, -1.166090271814481E-02, -2.631292729929877E-02, -1.078220058771640E-03,
2446250.500000000, A.D. 1985-Jul-04 00:00:00.0000, -3.818843165622451E-01, -1.850706966976102E-01,  1.995108985748048E-02,  6.465793413862327E-03, -2.408867462007513E-02, -2.561012746433787E-03,
2446260.500000000, A.D. 1985-Jul-14 00:00:00.0000, -2.553779069244410E-01, -3.808982714614497E-01, -7.658188413309315E-03,  1.768363776243036E-02, -1.433188564177289E-02, -2.794236391273543E-03,
2446270.500000000, A.D. 1985-Jul-24 00:00:00.0000, -5.003016641189390E-02, -4.620217642318328E-01, -3.313908161529192E-02,  2.232839087762778E-02, -1.589386630858146E-03, -2.180056759821926E-03,
2446280.500000000, A.D. 1985-Aug-03 00:00:00.0000,  1.693418932692930E-01, -4.092403690890433E-01, -4.897176682007872E-02,  2.036314048417433E-02,  1.217837506522877E-02, -8.751932995488592E-04,
2446290.500000000, A.D. 1985-Aug-13 00:00:00.0000,  3.300222563628093E-01, -2.223857490381986E-01, -4.846550027834384E-02,  1.018971679274719E-02,  2.463373629531358E-02,  1.076183084494342E-03,
2446300.500000000, A.D. 1985-Aug-23 00:00:00.0000,  3.383015783743661E-01,  5.764148939644209E-02, -2.635601249653065E-02, -1.016295787476340E-02,  2.899754770317357E-02,  3.301404580136943E-03,
2446310.500000000, A.D. 1985-Sep-02 00:00:00.0000,  1.194309180478896E-01,  2.839790749860426E-01,  1.222607377214626E-02, -3.156111972871532E-02,  1.199881709345887E-02,  3.877947618186650E-03,
2446320.500000000, A.D. 1985-Sep-12 00:00:00.0000, -2.022147474260896E-01,  2.555351992593992E-01,  3.943723096617453E-02, -2.774729537111522E-02, -1.634557621775970E-02,  1.212873271843715E-03,
2446330.500000000, A.D. 1985-Sep-22 00:00:00.0000, -3.806189141590483E-01,  2.235087241144541E-02,  3.677454638224594E-02, -7.498318275571827E-03, -2.687236107151322E-02, -1.506149703661686E-03,
2446340.500000000, A.D. 1985-Oct-02 00:00:00.0000, -3.658133776255504E-01, -2.324293705206987E-01,  1.460721956955265E-02,  9.310195214074070E-03, -2.250261148531942E-02, -2.692664669245189E-03,
2446350.500000000, A.D. 1985-Oct-12 00:00:00.0000, -2.179359473148208E-01, -4.075595399880912E-01, -1.327402460975683E-02,  1.914131985582708E-02, -1.190484068966481E-02, -2.729859204705477E-03,
2446360.500000000, A.D. 1985-Oct-22 00:00:00.0000, -4.467809841113014E-03, -4.624465834608846E-01, -3.735768773991805E-02,  2.249120597453603E-02,  1.175966420419718E-03, -1.969143001675349E-03,
2446370.500000000, A.D. 1985-Nov-01 00:00:00.0000,  2.094191384786761E-01, -3.816955328333408E-01, -5.040224213132771E-02,  1.904232192758219E-02,  1.493352802859630E-02, -5.288793421320863E-04,
2446380.500000000, A.D. 1985-Nov-11 00:00:00.0000,  3.474405332928393E-01, -1.703499399476454E-01, -4.581501897312287E-02,  6.886217572461227E-03,  2.654460616933640E-02,  1.535593429555918E-03,
2446390.500000000, A.D. 1985-Nov-21 00:00:00.0000,  3.125522473828595E-01,  1.153467051538268E-01, -1.927867397703496E-02, -1.520212587355305E-02,  2.765048888828872E-02,  3.654099890477125E-03,
2446400.500000000, A.D. 1985-Dec-01 00:00:00.0000,  5.328120819637028E-02,  3.022612034792993E-01,  1.979331887890135E-02, -3.334776888766314E-02,  5.930813047812835E-03,  3.546414254052097E-03,
2446410.500000000, A.D. 1985-Dec-11 00:00:00.0000, -2.548810140292537E-01,  2.182458155865365E-01,  4.122770771063809E-02, -2.402351142426781E-02, -2.021612141382358E-02,  5.548230815047505E-04,
2446420.500000000, A.D. 1985-Dec-21 00:00:00.0000, -3.917915541842757E-01, -3.227336222329271E-02,  3.333911163594617E-02, -3.541770101709551E-03, -2.682558747913677E-02, -1.865638693026001E-03,
2446430.500000000, A.D. 1985-Dec-31 00:00:00.0000, -3.442664681245464E-01, -2.763154818496580E-01,  9.044331227800828E-03,  1.185953084015515E-02, -2.067805817995302E-02, -2.777739919364051E-03,
2446440.500000000, A.D. 1986-Jan-10 00:00:00.0000, -1.778023298415226E-01, -4.291896512256707E-01, -1.872590117983444E-02,  2.033540632655724E-02, -9.381192427074180E-03, -2.633388277680699E-03,
2446450.500000000, A.D. 1986-Jan-20 00:00:00.0000,  4.114763563177094E-02, -4.572215033761007E-01, -4.111952659761481E-02,  2.237938715311007E-02,  3.971762149378814E-03, -1.730525577033156E-03,
2446460.500000000, A.D. 1986-Jan-30 00:00:00.0000,  2.464565868797406E-01, -3.486223105162177E-01, -5.110185677326753E-02,  1.736536894677244E-02,  1.761703649228791E-02, -1.557104967236063E-04,
2446470.500000000, A.D. 1986-Feb-09 00:00:00.0000,  3.576924442443639E-01, -1.148201284633414E-01, -4.222084826806751E-02,  3.130966257484857E-03,  2.805844650611418E-02,  2.004065067094739E-03,
2446480.500000000, A.D. 1986-Feb-19 00:00:00.0000,  2.765886116823594E-01,  1.692413644606854E-01, -1.157435766154916E-02, -2.018630445702086E-02,  2.523394954182715E-02,  3.914389296616233E-03,
2446490.500000000, A.D. 1986-Mar-01 00:00:00.0000, -1.507566344487119E-02,  3.079352445054527E-01,  2.653358095275684E-02, -3.374257254892275E-02, -3.483622350837935E-04,  3.069800997906565E-03,
2446500.500000000, A.D. 1986-Mar-11 00:00:00.0000, -2.995255807467275E-01,  1.740759298806308E-01,  4.171943440790049E-02, -1.990450335977704E-02, -2.313955988746912E-02, -6.219305670755687E-05,
2446510.500000000, A.D. 1986-Mar-21 00:00:00.0000, -3.951820762553707E-01, -8.625349715167092E-02,  2.924127416894190E-02,  1.571124496866380E-04, -2.627202519155026E-02, -2.160090149235987E-03,
2446520.500000000, A.D. 1986-Mar-31 00:00:00.0000, -3.178436308035251E-01, -3.162771980330008E-01,  3.353747003324287E-03,  1.411960303839102E-02, -1.865718805148168E-02, -2.820219919205717E-03,
2446530.500000000, A.D. 1986-Apr-10 00:00:00.0000, -1.355197743061543E-01, -4.456051166045033E-01, -2.394964284851748E-02,  2.126835047290191E-02, -6.777501556986561E-03, -2.506392286761834E-03,
2446540.500000000, A.D. 1986-Apr-20 00:00:00.0000,  8.623666133398122E-02, -4.463022169424147E-01, -4.436830460443383E-02,  2.198240328785356E-02,  6.783398196340369E-03, -1.464420294810624E-03,
2446550.500000000, A.D. 1986-Apr-30 00:00:00.0000,  2.796964599306921E-01, -3.102146869706995E-01, -5.101737429544226E-02,  1.530829525486413E-02,  2.018945715994986E-02,  2.432896245923415E-04,
2446560.500000000, A.D. 1986-May-10 00:00:00.0000,  3.598641064502591E-01, -5.673387658934982E-02, -3.767625796853834E-02, -1.062485737146331E-03,  2.905556938201674E-02,  2.470565885074098E-03,
2446570.500000000, A.D. 1986-May-20 00:00:00.0000,  2.308004073167818E-01,  2.170750085288040E-01, -3.463266751652121E-03, -2.482704567335808E-02,  2.169165060922562E-02,  4.051208351532151E-03,
2446580.500000000, A.D. 1986-May-30 00:00:00.0000, -8.282873870178316E-02,  3.009889935342249E-01,  3.218754278081956E-02, -3.277026126459966E-02, -6.426353114772138E-03,  2.484115570604758E-03,
2446590.500000000, A.D. 1986-Jun-09 00:00:00.0000, -3.356048696414611E-01,  1.248848758178842E-01,  4.101474627894762E-02, -1.561840482309484E-02, -2.516435145797728E-02, -6.211318430153377E-04,
2446600.500000000, A.D. 1986-Jun-19 00:00:00.0000, -3.913459506264941E-01, -1.386800088822939E-01,  2.460709456663057E-02,  3.572404579913585E-03, -2.529820838363573E-02, -2.394168381451904E-03,
2446610.500000000, A.D. 1986-Jun-29 00:00:00.0000, -2.871157648833452E-01, -3.519714351262377E-01, -2.383224573370413E-03,  1.609854406150131E-02, -1.647254399855299E-02, -2.823511676584748E-03,
2446620.500000000, A.D. 1986-Jul-09 00:00:00.0000, -9.160560059366131E-02, -4.566667460143893E-01, -2.888562097850373E-02,  2.194065841947192E-02, -4.106494644486424E-03, -2.349974141240060E-03,
2446630.500000000, A.D. 1986-Jul-19 00:00:00.0000,  1.302186227997809E-01, -4.296712390387954E-01, -4.704870219933022E-02,  2.128651329136661E-02,  9.595769174515276E-03, -1.170816055082985E-03,
2446640.500000000, A.D. 1986-Jul-29 00:00:00.0000,  3.083506002176392E-01, -2.667360989026329E-01, -5.009746739630451E-02,  1.284583278152924E-02,  2.260189443508943E-02,  6.664457511388380E-04,
2446650.500000000, A.D. 1986-Aug-08 00:00:00.0000,  3.531063242424491E-01,  2.738724664619640E-03, -3.219832710414778E-02, -5.650526182162216E-03,  2.939703521502160E-02,  2.919748563971496E-03,
2446660.500000000, A.D. 1986-Aug-18 00:00:00.0000,  1.762115034922775E-01,  2.566040273394355E-01,  4.777794831435510E-03, -2.879007041466627E-02,  1.707098517634995E-02,  4.037712654434425E-03,
2446670.500000000, A.D. 1986-Aug-28 00:00:00.0000, -1.473594984021350E-01,  2.822080945090233E-01,  3.657902546278772E-02, -3.059747218709730E-02, -1.194969011742056E-02,  1.833481998830573E-03,
2446680.500000000, A.D. 1986-Sep-07 00:00:00.0000, -3.629666485692690E-01,  7.241387351092597E-02,  3.924155433194192E-02, -1.133908981623735E-02, -2.637886624560646E-02, -1.113276233193843E-03,
2446690.500000000, A.D. 1986-Sep-17 00:00:00.0000, -3.808721166653953E-01, -1.887726653284940E-01,  1.955389289390740E-02,  6.692228586871169E-03, -2.397770703718307E-02, -2.572793882770941E-03,
2446700.500000000, A.D. 1986-Sep-27 00:00:00.0000, -2.526432401823002E-01, -3.830907625784263E-01, -8.090442066351931E-03,  1.780379371024848E-02, -1.415145873128060E-02, -2.790518708660847E-03,
2446710.500000000, A.D. 1986-Oct-07 00:00:00.0000, -4.658486751329116E-02, -4.622469617445044E-01, -3.347548806880604E-02,  2.235041722595685E-02, -1.380685196323845E-03, -2.164966642416220E-03,
2446720.500000000, A.D. 1986-Oct-17 00:00:00.0000,  1.724774422663414E-01, -4.073399038690907E-01, -4.910526466981061E-02,  2.027492738678813E-02,  1.238970363457867E-02, -8.497332466926431E-04,
2446730.500000000, A.D. 1986-Oct-27 00:00:00.0000,  3.315765817841506E-01, -2.185639862076440E-01, -4.829583558101397E-02,  9.954327680171135E-03,  2.479089535102480E-02,  1.110736878744883E-03,
2446740.500000000, A.D. 1986-Nov-06 00:00:00.0000,  3.366991193742285E-01,  6.212226941659204E-02, -2.584179696744794E-02, -1.054304254117178E-02,  2.893024425730744E-02,  3.330865483279847E-03,
2446750.500000000, A.D. 1986-Nov-16 00:00:00.0000,  1.145357086009814E-01,  2.858027942706067E-01,  1.282568592920320E-02, -3.174366079440399E-02,  1.155377426297257E-02,  3.858308821696710E-03,
2446760.500000000, A.D. 1986-Nov-26 00:00:00.0000, -2.064833165707108E-01,  2.529886845738412E-01,  3.962140721328360E-02, -2.748373193814448E-02, -1.667286778510233E-02,  1.161818026740010E-03,
2446770.500000000, A.D. 1986-Dec-06 00:00:00.0000, -3.817560297741135E-01,  1.820603590730104E-02,  3.653948145591976E-02, -7.189618764359839E-03, -2.688850723472359E-02, -1.535912385800984E-03,
2446780.500000000, A.D. 1986-Dec-16 00:00:00.0000, -3.643654580165755E-01, -2.358870240686845E-01,  1.419021474861000E-02,  9.514062162965688E-03, -2.237177372420136E-02, -2.700738480043495E-03,
2446790.500000000, A.D. 1986-Dec-26 00:00:00.0000, -2.149795393427028E-01, -4.093781825521593E-01, -1.369579006740933E-02,  1.924126592448813E-02, -1.171641824652275E-02, -2.723630761857258E-03,
2446800.500000000, A.D. 1987-Jan-05 00:00:00.0000, -1.000995215592834E-03, -4.622461399256763E-01, -3.766100709795543E-02,  2.249263736668778E-02,  1.387398735072756E-03, -1.951943435090809E-03,
2446810.500000000, A.D. 1987-Jan-15 00:00:00.0000,  2.123468540121728E-01, -3.793722514450242E-01, -5.048188978449607E-02,  1.892789628671918E-02,  1.514048054091848E-02, -5.013777862241198E-04,
2446820.500000000, A.D. 1987-Jan-25 00:00:00.0000,  3.484813392779511E-01, -1.662386023086472E-01, -4.557440880784914E-02,  6.616685432808501E-03,  2.667520330023281E-02,  1.571102324828165E-03,
2446830.500000000, A.D. 1987-Feb-04 00:00:00.0000,  3.101733738060379E-01,  1.196089397952310E-01, -1.871100793252116E-02, -1.558632078665067E-02,  2.750557100706571E-02,  3.677582294511470E-03,
2446840.500000000, A.D. 1987-Feb-14 00:00:00.0000,  4.812459727484240E-02,  3.031434350591909E-01,  2.033987190910550E-02, -3.342711094871741E-02,  5.455528588692110E-03,  3.514815437981798E-03,
2446850.500000000, A.D. 1987-Feb-24 00:00:00.0000, -2.585664009399147E-01,  2.151106743482232E-01,  4.131004934631647E-02, -2.372106722263079E-02, -2.047095758995862E-02,  5.061204512360887E-04,
2446860.500000000, A.D. 1987-Mar-06 00:00:00.0000, -3.923184898334822E-01, -3.640381897237651E-02,  3.304907073544082E-02, -3.251503388414079E-03, -2.679997827946848E-02, -1.890288674196007E-03,
2446870.500000000, A.D. 1987-Mar-16 00:00:00.0000, -3.424285233583370E-01, -2.794881636563868E-01,  8.614750042339681E-03,  1.204102707225757E-02, -2.053110634099521E-02, -2.782436623350592E-03,
2446880.500000000, A.D. 1987-Mar-26 00:00:00.0000, -1.746663123154656E-01, -4.306183791578164E-01, -1.913228958952955E-02,  2.041534791852329E-02, -9.186343089999403E-03, -2.624791922017356E-03,
2446890.500000000, A.D. 1987-Apr-05 00:00:00.0000,  4.459164240021631E-02, -4.565923628096205E-01, -4.138563736869688E-02,  2.235951780880804E-02,  4.184626975566777E-03, -1.711243167786202E-03,
2446900.500000000, A.D. 1987-Apr-15 00:00:00.0000,  2.491198254273033E-01, -3.458924228473391E-01, -5.112379677669703E-02,  1.722304443171485E-02,  1.781661434067202E-02, -1.262388481814382E-04,
2446910.500000000, A.D. 1987-Apr-25 00:00:00.0000,  3.581509017386244E-01, -1.104894715336036E-01, -4.190859057114690E-02,  2.827866591434032E-03,  2.815388742600199E-02,  2.039781613705556E-03,
2446920.500000000, A.D. 1987-May-05 00:00:00.0000,  2.734492206525183E-01,  1.731122562142582E-01, -1.096870279245934E-02, -2.055452713261414E-02,  2.500480681466665E-02,  3.929500490355098E-03,
2446930.500000000, A.D. 1987-May-15 00:00:00.0000, -2.027356574593330E-02,  3.078455095981525E-01,  2.700435654453861E-02, -3.371537459535207E-02, -8.215574396824002E-04,  3.028562064036164E-03,
2446940.500000000, A.D. 1987-May-25 00:00:00.0000, -3.025682149308958E-01,  1.704975499497884E-01,  4.170622583653695E-02, -1.958263090306546E-02, -2.332365051533906E-02, -1.069017100386922E-04,
2446950.500000000, A.D. 1987-Jun-04 00:00:00.0000, -3.951383242752173E-01, -9.029469692167075E-02,  2.890589742433449E-02,  4.263363376334797E-04, -2.621181843367331E-02, -2.179963413746171E-03,
2446960.500000000, A.D. 1987-Jun-14 00:00:00.0000, -3.156578825589650E-01, -3.191375631091101E-01,  2.917738094901084E-03,  1.427946085601657E-02, -1.849685419619462E-02, -2.821812591409824E-03,
2446970.500000000, A.D. 1987-Jun-24 00:00:00.0000, -1.322405747942789E-01, -4.466330935270958E-01, -2.433621812293672E-02,  2.132851465918045E-02, -6.577160105459787E-03, -2.495510975065447E-03,
2446980.500000000, A.D. 1987-Jul-04 00:00:00.0000,  8.961830569882120E-02, -4.452413016053539E-01, -4.459304143592929E-02,  2.194032972251373E-02,  6.996822660976634E-03, -1.443044233335797E-03,
2446990.500000000, A.D. 1987-Jul-14 00:00:00.0000,  2.820406741783423E-01, -3.070918550958811E-01, -5.097752933354805E-02,  1.513610871158109E-02,  2.037863893145532E-02,  2.746482632297422E-04,
2447000.500000000, A.D. 1987-Jul-24 00:00:00.0000,  3.596755119328687E-01, -5.225718465702904E-02, -3.729239051470323E-02, -1.397292844504193E-03,  2.910623092349638E-02,  2.505516090211117E-03,
2447010.500000000, A.D. 1987-Aug-03 00:00:00.0000,  2.269542323563412E-01,  2.203897933297771E-01, -2.838152006249992E-03, -2.515548491682010E-02,  2.137772923805246E-02,  4.055706930498352E-03,
2447020.500000000, A.D. 1987-Aug-13 00:00:00.0000, -8.786251678233883E-02,  2.999661030852264E-01,  3.256670474654542E-02, -3.264476999540995E-02, -6.868176668773777E-03,  2.436393760247526E-03,
2447030.500000000, A.D. 1987-Aug-23 00:00:00.0000, -3.379834950094428E-01,  1.210030922802817E-01,  4.091541602635456E-02, -1.529204678841286E-02, -2.528348118541287E-02, -6.609382694853406E-04,
2447040.500000000, A.D. 1987-Sep-02 00:00:00.0000, -3.907772408333140E-01, -1.425662970333578E-01,  2.423594324262454E-02,  3.819266020848019E-03, -2.520944489837561E-02, -2.409637658470049E-03,
2447050.500000000, A.D. 1987-Sep-12 00:00:00.0000, -2.846273708488217E-01, -3.544931611201003E-01, -2.819406385803836E-03,  1.623730773504397E-02, -1.630113306372731E-02, -2.822245623424094E-03,
2447060.500000000, A.D. 1987-Sep-22 00:00:00.0000, -8.822539424254221E-02, -4.572828327166585E-01, -2.924773002918555E-02,  2.198097484568244E-02, -3.901695470893808E-03, -2.336895903795694E-03,
2447070.500000000, A.D. 1987-Oct-02 00:00:00.0000,  1.334900430992926E-01, -4.281778991124758E-01, -4.722784905470082E-02,  2.122112617399750E-02,  9.808425354212140E-03, -1.147362797188863E-03,
2447080.500000000, A.D. 1987-Oct-12 00:00:00.0000,  3.103119912373079E-01, -2.632438441493882E-01, -4.999221489461059E-02,  1.264195129396143E-02,  2.277653340824537E-02,  6.995146813504042E-04,
2447090.500000000, A.D. 1987-Oct-22 00:00:00.0000,  3.522081450634000E-01,  7.263432500885686E-03, -3.174545777112921E-02, -6.012237694013644E-03,  2.939195901682287E-02,  2.952598537238200E-03,
2447100.500000000, A.D. 1987-Nov-01 00:00:00.0000,  1.717579959383276E-01,  2.592021210539476E-01,  5.399898473095418E-03, -2.905325261735337E-02,  1.668099654802455E-02,  4.029994784603384E-03,
2447110.500000000, A.D. 1987-Nov-11 00:00:00.0000, -1.520552974703568E-01,  2.803385477655140E-01,  3.685777259958036E-02, -3.039076532731639E-02, -1.233796212149551E-02,  1.782691950784879E-03,
2447120.500000000, A.D. 1987-Nov-21 00:00:00.0000, -3.646887012573148E-01,  6.834899887214926E-02,  3.906698856922339E-02, -1.101882335356153E-02, -2.644071983735878E-02, -1.147818162144814E-03,
2447130.500000000, A.D. 1987-Dec-01 00:00:00.0000, -3.798265118018437E-01, -1.924537475668636E-01,  1.915595136056839E-02,  6.916425257228100E-03, -2.386528275721035E-02, -2.584231790944419E-03,
2447140.500000000, A.D. 1987-Dec-11 00:00:00.0000, -2.498962805947059E-01, -3.852543731899224E-01, -8.520760225434729E-03,  1.792197327785696E-02, -1.397074364971753E-02, -2.786596437053329E-03,
2447150.500000000, A.D. 1987-Dec-21 00:00:00.0000, -4.314610504753624E-02, -4.624440514304372E-01, -3.380837650122061E-02,  2.237062693151728E-02, -1.172406211508701E-03, -2.149759718427382E-03,
2447160.500000000, A.D. 1987-Dec-31 00:00:00.0000,  1.755885328941430E-01, -4.054193810674888E-01, -4.923446763247168E-02,  2.018493847106691E-02,  1.259978526946593E-02, -8.242379366249385E-04,
2447170.500000000, A.D. 1988-Jan-10 00:00:00.0000,  3.330895108367818E-01, -2.147413815867767E-01, -4.812218163434435E-02,  9.717449902767296E-03,  2.494527055535900E-02,  1.145168564097041E-03,
2447180.500000000, A.D. 1988-Jan-20 00:00:00.0000,  3.350503142493570E-01,  6.656342310491417E-02, -2.532675183997162E-02, -1.092178173112442E-02,  2.885765358624251E-02,  3.359743103348960E-03,
2447190.500000000, A.D. 1988-Jan-30 00:00:00.0000,  1.096444302841948E-01,  2.875445634617278E-01,  1.341788147761704E-02, -3.191791862540946E-02,  1.110801777108479E-02,  3.837848555757137E-03,
2447200.500000000, A.D. 1988-Feb-09 00:00:00.0000, -2.106860055003518E-01,  2.504027323237469E-01,  3.979608508440788E-02, -2.721814619581441E-02, -1.699331883486044E-02,  1.111161800551326E-03,
2447210.500000000, A.D. 1988-Feb-19 00:00:00.0000, -3.828376323936238E-01,  1.407439428223399E-02,  3.630046262364788E-02, -6.883588582069087E-03, -2.690141308122370E-02, -1.565136236383326E-03,
2447220.500000000, A.D. 1988-Feb-29 00:00:00.0000, -3.628892779605212E-01, -2.393136160929339E-01,  1.377346446775658E-02,  9.715394670234518E-03, -2.224020608146125E-02, -2.708500572442903E-03,
2447230.500000000, A.D. 1988-Mar-10 00:00:00.0000, -2.120175200438671E-01, -4.111639426751408E-01, -1.411493927508372E-02,  1.933917470710253E-02, -1.152823310917426E-02, -2.717227469422037E-03,
2447240.500000000, A.D. 1988-Mar-20 00:00:00.0000,  2.452393429988623E-03, -4.620183403132839E-01, -3.796040391301137E-02,  2.249226138794015E-02,  1.597961772156584E-03, -1.934654134032610E-03,
2447250.500000000, A.D. 1988-Mar-30 00:00:00.0000,  2.152436787314974E-01, -3.770342712304510E-01, -5.055715847518917E-02,  1.881179488564500E-02,  1.534569119828341E-02, -4.738820179565179E-04,
2447260.500000000, A.D. 1988-Apr-09 00:00:00.0000,  3.494767201034724E-01, -1.621373807511103E-01, -4.533034105118169E-02,  6.346129311349844E-03,  2.680239327089089E-02,  1.606399173525637E-03,
2447270.500000000, A.D. 1988-Apr-19 00:00:00.0000,  3.077539218416763E-01,  1.238158176376853E-01, -1.814431918476928E-02, -1.596754038674014E-02,  2.735538649675230E-02,  3.700333174429358E-03,
2447280.500000000, A.D. 1988-Apr-29 00:00:00.0000,  4.299161262258190E-02,  3.039432732710947E-01,  2.087716317862470E-02, -3.349822669434716E-02,  4.982317418629651E-03,  3.482627022983781E-03,
2447290.500000000, A.D. 1988-May-09 00:00:00.0000, -2.621823727320114E-01,  2.119502264923685E-01,  4.138372047295761E-02, -2.341841821157574E-02, -2.071922836478568E-02,  4.579629612857428E-04,
2447300.500000000, A.D. 1988-May-19 00:00:00.0000, -3.927951636154445E-01, -4.051433176762220E-02,  3.275616132299339E-02, -2.964076734417791E-03, -2.677184760635836E-02, -1.914433685402170E-03,
2447310.500000000, A.D. 1988-May-29 00:00:00.0000, -3.405670744116963E-01, -2.826280004894522E-01,  8.186174080719793E-03,  1.222013370316487E-02, -2.038374752612850E-02, -2.786848104389025E-03,
2447320.500000000, A.D. 1988-Jun-08 00:00:00.0000, -1.715281143911408E-01, -4.320149422085127E-01, -1.953550252152703E-02,  2.049335162366236E-02, -8.991946331528798E-03, -2.616034202305810E-03,
2447330.500000000, A.D. 1988-Jun-18 00:00:00.0000,  4.801927001703540E-02, -4.559389604097653E-01, -4.164739874767543E-02,  2.233784071319335E-02,  4.396339595700854E-03, -1.691888576640356E-03,
2447340.500000000, A.D. 1988-Jun-28 00:00:00.0000,  2.517492525552685E-01, -3.431546523293574E-01, -5.114127788343283E-02,  1.707910529947793E-02,  1.801396577845368E-02, -9.683215441037797E-05,
2447350.500000000, A.D. 1988-Jul-08 00:00:00.0000,  3.585640598794199E-01, -1.061819477693091E-01, -4.159379400720939E-02,  2.524437743921278E-03,  2.824520039580312E-02,  2.075136834134011E-03,
2447360.500000000, A.D. 1988-Jul-18 00:00:00.0000,  2.702836497387462E-01,  1.769112755016182E-01, -1.036681523502598E-02, -2.091763924718848E-02,  2.477100493545724E-02,  3.943708676341327E-03,
2447370.500000000, A.D. 1988-Jul-28 00:00:00.0000, -2.542252948580702E-02,  3.076793586640488E-01,  2.746376722216389E-02, -3.368108099125074E-02, -1.289849806509786E-03,  2.987066070837347E-03,
2447380.500000000, A.D. 1988-Aug-07 00:00:00.0000, -3.055369889423658E-01,  1.669082600373212E-01,  4.168491868935364E-02, -1.926222648797257E-02, -2.350203254090199E-02, -1.509685844787633E-04,
2447390.500000000, A.D. 1988-Aug-17 00:00:00.0000, -3.950470262932443E-01, -9.431179392445839E-02,  2.856817242141987E-02,  6.926415709050715E-04, -2.614990920939454E-02, -2.199380791747652E-03,
2447400.500000000, A.D. 1988-Aug-27 00:00:00.0000, -3.134506928499827E-01, -3.219659027552020E-01,  2.482858791934541E-03,  1.443701769610656E-02, -1.833635009200167E-02, -2.823144236901593E-03,
2447410.500000000, A.D. 1988-Sep-06 00:00:00.0000, -1.289610269470872E-01, -4.476307178946401E-01, -2.471961045272787E-02,  2.138669926005451E-02, -6.377280242366276E-03, -2.484471990876044E-03,
2447420.500000000, A.D. 1988-Sep-16 00:00:00.0000,  9.298103863641646E-02, -4.441577554710613E-01, -4.481345717948648E-02,  2.189637247237244E-02,  7.209120029599073E-03, -1.421601285432983E-03,
2447430.500000000, A.D. 1988-Sep-26 00:00:00.0000,  2.843479681803242E-01, -3.039627431073365E-01, -5.093332000590188E-02,  1.496226950674385E-02,  2.056556157347526E-02,  3.059343828101868E-04,
2447440.500000000, A.D. 1988-Oct-06 00:00:00.0000,  3.594386787597084E-01, -4.780628441574236E-02, -3.690621465182260E-02, -1.732284762605194E-03,  2.915257489050932E-02,  2.540078717631379E-03,
2447450.500000000, A.D. 1988-Oct-16 00:00:00.0000,  2.230839784100178E-01,  2.236301193404266E-01, -2.217377551836040E-03, -2.547803805967313E-02,  2.105976422991672E-02,  4.059302779029854E-03,
2447460.500000000, A.D. 1988-Oct-26 00:00:00.0000, -9.284773844245385E-02,  2.988755423613256E-01,  3.293534876877270E-02, -3.251368495691888E-02, -7.304525630842627E-03,  2.388626323513542E-03,
2447470.500000000, A.D. 1988-Nov-05 00:00:00.0000, -3.402987597505507E-01,  1.171128203842259E-01,  4.080943897802981E-02, -1.496721270691234E-02, -2.539796931394328E-02, -7.001738232363954E-04,
2447480.500000000, A.D. 1988-Nov-15 00:00:00.0000, -3.901674159957017E-01, -1.464322965852505E-01,  2.386305827685008E-02,  4.063766322513770E-03, -2.511916979927786E-02, -2.424718672513927E-03,
2447490.500000000, A.D. 1988-Nov-25 00:00:00.0000, -2.821194153074066E-01, -3.569864013083753E-01, -3.254279124688077E-03,  1.637410847981413E-02, -1.612939734715054E-02, -2.820743016713259E-03,
2447500.500000000, A.D. 1988-Dec-05 00:00:00.0000, -8.484427908076714E-02, -4.578703342103682E-01, -2.960661757315619E-02,  2.201947572959677E-02, -3.697184868563169E-03, -2.323666185243867E-03,
2447510.500000000, A.D. 1988-Dec-15 00:00:00.0000,  1.367440813356587E-01, -4.266624367292403E-01, -4.740264895015676E-02,  2.115388652229100E-02,  1.002000721744944E-02, -1.123840846280268E-03,
2447520.500000000, A.D. 1988-Dec-25 00:00:00.0000,  3.122378948701033E-01, -2.597468372264513E-01, -4.988262340446799E-02,  1.243641266932883E-02,  2.294860003616157E-02,  7.324886628586577E-04,
2447530.500000000, A.D. 1989-Jan-04 00:00:00.0000,  3.512659062927360E-01,  1.175495080710590E-02, -3.129104632437905E-02, -6.373318560307845E-03,  2.938180038746912E-02,  2.984917044000442E-03,
2447540.500000000, A.D. 1989-Jan-14 00:00:00.0000,  1.673007922238385E-01,  2.617189397467822E-01,  6.015320135384689E-03, -2.930872058757590E-02,  1.628862682171005E-02,  4.021322761646041E-03,
2447550.500000000, A.D. 1989-Jan-24 00:00:00.0000, -1.566844086352024E-01,  2.784176173356806E-01,  3.712554321375496E-02, -3.018058417299538E-02, -1.271945400697315E-02,  1.732136708103234E-03,
2447560.500000000, A.D. 1989-Feb-03 00:00:00.0000, -3.663466347757849E-01,  6.428979062166000E-02,  3.888656022671451E-02, -1.070098391223102E-02, -2.649888551621985E-02, -1.181798078504818E-03,
2447570.500000000, A.D. 1989-Feb-13 00:00:00.0000, -3.787424051620894E-01, -1.961085398615836E-01,  1.875662405107278E-02,  7.138271115335015E-03, -2.375193613156943E-02, -2.595332173095051E-03,
2447580.500000000, A.D. 1989-Feb-23 00:00:00.0000, -2.471312942215254E-01, -3.873873623057995E-01, -8.949797062485235E-03,  1.803833545807457E-02, -1.378992217408101E-02, -2.782460171113821E-03,
2447590.500000000, A.D. 1989-Mar-05 00:00:00.0000, -3.970679354140499E-02, -4.626115115849979E-01, -3.413815358913896E-02,  2.238909220272887E-02, -9.644404788046830E-04, -2.134396571590724E-03,
2447600.500000000, A.D. 1989-Mar-15 00:00:00.0000,  1.786819030974196E-01, -4.034755850878111E-01, -4.935929559921085E-02,  2.009302555243852E-02,  1.280881026525404E-02, -7.986538197711033E-04,
2447610.500000000, A.D. 1989-Mar-25 00:00:00.0000,  3.345653611981261E-01, -2.109134123852018E-01, -4.794399180505632E-02,  9.478776674679288E-03,  2.509689513732166E-02,  1.179510588380005E-03,
2447620.500000000, A.D. 1989-Apr-04 00:00:00.0000,  3.333568162892922E-01,  7.096845981928168E-02, -2.481029939116295E-02, -1.129933461422489E-02,  2.877956665860625E-02,  3.388006614150271E-03,
2447630.500000000, A.D. 1989-Apr-14 00:00:00.0000,  1.047583571503439E-01,  2.892064693772723E-01,  1.400274590078091E-02, -3.208391392329332E-02,  1.066152773009012E-02,  3.816517895314420E-03,
2447640.500000000, A.D. 1989-Apr-24 00:00:00.0000, -2.148225569847526E-01,  2.477785008462354E-01,  3.996094485726285E-02, -2.695061309184071E-02, -1.730717953902098E-02,  1.060862693345129E-03,
2447650.500000000, A.D. 1989-May-04 00:00:00.0000, -3.838622907057721E-01,  9.953981997114158E-03,  3.605671534184409E-02, -6.579918015870054E-03, -2.691137246021698E-02, -1.593865085128555E-03,
2447660.500000000, A.D. 1989-May-14 00:00:00.0000, -3.613790665138005E-01, -2.427128211051776E-01,  1.335586221082655E-02,  9.914705517029734E-03, -2.210792888976855E-02, -2.715970175767294E-03,
2447670.500000000, A.D. 1989-May-24 00:00:00.0000, -2.090391266692445E-01, -4.129189928197243E-01, -1.453258089930565E-02,  1.943548731635407E-02, -1.133996951694579E-02, -2.710628842527150E-03,
2447680.500000000, A.D. 1989-Jun-03 00:00:00.0000,  5.906149227385623E-03, -4.617608991433518E-01, -3.825656435768884E-02,  2.249020913893333E-02,  1.808200944476307E-03, -1.917212027068397E-03,
2447690.500000000, A.D. 1989-Jun-13 00:00:00.0000,  2.181225168861192E-01, -3.746737513849934E-01, -5.062795652285342E-02,  1.869369937693062E-02,  1.554966485409502E-02, -4.463053222180135E-04,
2447700.500000000, A.D. 1989-Jun-23 00:00:00.0000,  3.504345065729759E-01, -1.580354045291574E-01, -4.508196403789865E-02,  6.073920149628011E-03,  2.692619699467743E-02,  1.641534680901162E-03,
2447710.500000000, A.D. 1989-Jul-03 00:00:00.0000,  3.052968850742694E-01,  1.279750550401642E-01, -1.757782026165181E-02, -1.634595652802319E-02,  2.719938384497209E-02,  3.722281689251287E-03,
2447720.500000000, A.D. 1989-Jul-13 00:00:00.0000,  3.788645192837533E-02,  3.046649638910452E-01,  2.140506551435305E-02, -3.356097259147175E-02,  4.511135065724581E-03,  3.449776381309583E-03,
2447730.500000000, A.D. 1989-Jul-23 00:00:00.0000, -2.657256309911691E-01,  2.087675613781844E-01,  4.144812555698134E-02, -2.311573066401886E-02, -2.096127201746689E-02,  4.103065652756760E-04,
2447740.500000000, A.D. 1989-Aug-02 00:00:00.0000, -3.932179684908093E-01, -4.460620599888546E-02,  3.245922517206994E-02, -2.679245459634068E-03, -2.674160383732460E-02, -1.938134641934791E-03,
2447750.500000000, A.D. 1989-Aug-12 00:00:00.0000, -3.386748962279064E-01, -2.857383648446242E-01,  7.756982945459955E-03,  1.239726322326212E-02, -2.023595101586123E-02, -2.790998660263112E-03,
2447760.500000000, A.D. 1989-Aug-22 00:00:00.0000, -1.683768900918917E-01, -4.333798029217206E-01, -1.993712217553560E-02,  2.056970102527120E-02, -8.797449511412432E-03, -2.607083693175345E-03,
2447770.500000000, A.D. 1989-Sep-01 00:00:00.0000,  5.144312040911315E-02, -4.552536623375457E-01, -4.190581522582344E-02,  2.231440313941409E-02,  4.607958252744750E-03, -1.672374813821439E-03,
2447780.500000000, A.D. 1989-Sep-11 00:00:00.0000,  2.543554742055690E-01, -3.403887167180181E-01, -5.115398870023162E-02,  1.693299537229129E-02,  1.821051716798395E-02, -6.730497031259852E-05,
2447790.500000000, A.D. 1989-Sep-21 00:00:00.0000,  3.589306029247551E-01, -1.018637661769619E-01, -4.127369051968522E-02,  2.218731839174442E-03,  2.833341435391960E-02,  2.110426054869647E-03,
2447800.500000000, A.D. 1989-Oct-01 00:00:00.0000,  2.670652207033777E-01,  1.806713252082061E-01, -9.763328006212806E-03, -2.127829403205935E-02,  2.453093634471049E-02,  3.957158133282427E-03,
2447810.500000000, A.D. 1989-Oct-11 00:00:00.0000, -3.056186697629843E-02,  3.074415790658266E-01,  2.791623138791147E-02, -3.363911208617570E-02, -1.756378287134515E-03,  2.945004672148212E-03,
2447820.500000000, A.D. 1989-Oct-21 00:00:00.0000, -3.084543216616563E-01,  1.632933814690845E-01,  4.165663117002360E-02, -1.894121448708268E-02, -2.367534949452272E-02, -1.946658229106278E-04,
2447830.500000000, A.D. 1989-Oct-31 00:00:00.0000, -3.949136771158483E-01, -9.831840761290320E-02,  2.822742156797501E-02,  9.572921526057775E-04, -2.608574982794572E-02, -2.218446588673176E-03,
2447840.500000000, A.D. 1989-Nov-10 00:00:00.0000, -3.112178030394049E-01, -3.247692417773897E-01,  2.047791830467206E-03,  1.459304659552311E-02, -1.817495386697136E-02, -2.824248898157819E-03,
2447850.500000000, A.D. 1989-Nov-20 00:00:00.0000, -1.256701611544358E-01, -4.485970717094397E-01, -2.510123746510478E-02,  2.144348213962401E-02, -6.176965197331205E-03, -2.473258596267310E-03,
2447860.500000000, A.D. 1989-Nov-30 00:00:00.0000,  9.634005796899320E-02, -4.430401226863382E-01, -4.503041614185266E-02,  2.185073175350409E-02,  7.421511827305442E-03, -1.399990204610971E-03,
2447870.500000000, A.D. 1989-Dec-10 00:00:00.0000,  2.866313989225768E-01, -3.008025886642615E-01, -5.088402901569765E-02,  1.478603773967008E-02,  2.075157402761572E-02,  3.373636838670568E-04,
2447880.500000000, A.D. 1989-Dec-20 00:00:00.0000,  3.591524814444805E-01, -4.334654172511481E-02, -3.651451859240778E-02, -2.069524804408526E-03,  2.919492752192561E-02,  2.574504997587697E-03,
2447890.500000000, A.D. 1989-Dec-30 00:00:00.0000,  2.191675183852428E-01,  2.268216962881578E-01, -1.596319629171323E-03, -2.579624844264137E-02,  2.073563844429230E-02,  4.061966996671666E-03,
2447900.500000000, A.D. 1990-Jan-09 00:00:00.0000, -9.780825141010223E-02,  2.977197206807909E-01,  3.329614626389649E-02, -3.237597251532284E-02, -7.737265217328152E-03,  2.340525242080038E-03,
2447910.500000000, A.D. 1990-Jan-19 00:00:00.0000, -3.425614341274485E-01,  1.132068748574400E-01,  4.069701679081190E-02, -1.464266913461335E-02, -2.550804458842172E-02, -7.390210759815202E-04,
2447920.500000000, A.D. 1990-Jan-29 00:00:00.0000, -3.895174997251737E-01, -1.502842904534461E-01,  2.348737537306430E-02,  4.306666176602396E-03, -2.502709990593269E-02, -2.439493809220902E-03,
2447930.500000000, A.D. 1990-Feb-08 00:00:00.0000, -2.795863957613821E-01, -3.594535786613893E-01, -3.689437117411415E-03,  1.650952389681011E-02, -1.595684185211292E-02, -2.819029859607631E-03,
2447940.500000000, A.D. 1990-Feb-18 00:00:00.0000, -8.145162108147753E-02, -4.584251299253937E-01, -2.996384136183248E-02,  2.205658807393690E-02, -3.492116818623666E-03, -2.310247495552991E-03,
2447950.500000000, A.D. 1990-Feb-28 00:00:00.0000,  1.399937824223489E-01, -4.251098103235346E-01, -4.757382122846563E-02,  2.108476793670274E-02,  1.023186561336213E-02, -1.100112033469967E-03,
2447960.500000000, A.D. 1990-Mar-10 00:00:00.0000,  3.141360273670138E-01, -2.562145243326476E-01, -4.976732478197305E-02,  1.222802227250197E-02,  2.311974085105714E-02,  7.656522587074137E-04,
2447970.500000000, A.D. 1990-Mar-20 00:00:00.0000,  3.502660764670047E-01,  1.625603590036757E-02, -3.083032034994455E-02, -6.736817231961535E-03,  2.936689068728087E-02,  3.017059738768701E-03,
2447980.500000000, A.D. 1990-Mar-30 00:00:00.0000,  1.627958642069838E-01,  2.641820812292750E-01,  6.630819744232869E-03, -2.955854350216976E-02,  1.589047320838028E-02,  4.011638360722490E-03,
2447990.500000000, A.D. 1990-Apr-09 00:00:00.0000, -1.612886685120416E-01,  2.764370904417775E-01,  3.738604101288497E-02, -2.996477836078652E-02, -1.309679214626189E-02,  1.681388665109182E-03,
2448000.500000000, A.D. 1990-Apr-19 00:00:00.0000, -3.679580433011848E-01,  6.021744711474484E-02,  3.870058378788423E-02, -1.038344157687772E-02, -2.655322318709520E-02, -1.215439028130994E-03,
2448010.500000000, A.D. 1990-Apr-29 00:00:00.0000, -3.776217532978265E-01, -1.997501616511184E-01,  1.835484899544404E-02,  7.358849992149977E-03, -2.363689825640063E-02, -2.606171249636450E-03,
2448020.500000000, A.D. 1990-May-09 00:00:00.0000, -2.443421494726345E-01, -3.894949366256992E-01, -9.379060021513340E-03,  1.815348757362968E-02, -1.360818585734305E-02, -2.778128585577774E-03,
2448030.500000000, A.D. 1990-May-19 00:00:00.0000, -3.625609429338551E-02, -4.627458064343596E-01, -3.446625216331554E-02,  2.240614172289067E-02, -7.558139082084733E-04, -2.118839403346430E-03,
2448040.500000000, A.D. 1990-May-29 00:00:00.0000,  1.817694640700324E-01, -4.014937492384464E-01, -4.948037138655784E-02,  1.999900076299569E-02,  1.301805348422091E-02, -7.728490470313194E-04,
2448050.500000000, A.D. 1990-Jun-08 00:00:00.0000,  3.360091230431607E-01, -2.070520214743618E-01, -4.775994127813401E-02,  9.236989212590438E-03,  2.524701965500160E-02,  1.214020965575900E-03,
2448060.500000000, A.D. 1990-Jun-18 00:00:00.0000,  3.316029764440840E-01,  7.537175443786791E-02, -2.428826135802133E-02, -1.167837782864138E-02,  2.869559514182362E-02,  3.415920577411537E-03,
2448070.500000000, A.D. 1990-Jun-28 00:00:00.0000,  9.983940576868022E-02,  2.908036874623705E-01,  1.458540732903619E-02, -3.224268125263841E-02,  1.021111350688479E-02,  3.794184941356089E-03,
2448080.500000000, A.D. 1990-Jul-08 00:00:00.0000, -2.189240196755563E-01,  2.451022594812924E-01,  4.011820750701039E-02, -2.667916577027434E-02, -1.761633676061539E-02,  1.010570838144154E-03,
2448090.500000000, A.D. 1990-Jul-18 00:00:00.0000, -3.848408371191712E-01,  5.824212985358626E-03,  3.580770271042534E-02, -6.276878252498634E-03, -2.691814864494618E-02, -1.622286110889742E-03,
2448100.500000000, A.D. 1990-Jul-28 00:00:00.0000, -3.598329378539553E-01, -2.460988996935301E-01,  1.293570710425697E-02,  1.011286480504149E-02, -2.197407665911165E-02, -2.723207429054231E-03,
2448110.500000000, A.D. 1990-Aug-07 00:00:00.0000, -2.060362779498879E-01, -4.146480559025859E-01, -1.495066004256205E-02,  1.953063719526060E-02, -1.115059411129212E-02, -2.703828581283268E-03,
2448120.500000000, A.D. 1990-Aug-17 00:00:00.0000,  9.371471110235299E-03, -4.614669127012569E-01, -3.855105491686572E-02,  2.248666186722224E-02,  2.019452753629653E-03, -1.899541816262216E-03,
2448130.500000000, A.D. 1990-Aug-27 00:00:00.0000,  2.209937966773246E-01, -3.722678383362695E-01, -5.069450292824040E-02,  1.857314507964407E-02,  1.575427236191977E-02, -4.184383754231248E-04,
2448140.500000000, A.D. 1990-Sep-06 00:00:00.0000,  3.513526069748412E-01, -1.538898251467467E-01, -4.482637971760193E-02,  5.797773609044007E-03,  2.704850241817118E-02,  1.676926582571875E-03,
2448150.500000000, A.D. 1990-Sep-16 00:00:00.0000,  3.027650491098977E-01,  1.321367140502942E-01, -1.700408731477368E-02, -1.672596362668730E-02,  2.703634424136506E-02,  3.743815199878014E-03,
2448160.500000000, A.D. 1990-Sep-26 00:00:00.0000,  3.274107833103877E-02,  3.053209785648563E-01,  2.193152068422586E-02, -3.361580698815853E-02,  4.036580894138458E-03,  3.415919936731765E-03,
2448170.500000000, A.D. 1990-Oct-06 00:00:00.0000, -2.692424252371862E-01,  2.055349159245397E-01,  4.150611614244917E-02, -2.280938716613418E-02, -2.119893233914844E-02,  3.626531161377269E-04,
2448180.500000000, A.D. 1990-Oct-16 00:00:00.0000, -3.936016937587500E-01, -4.870853634512008E-02,  3.215772791644589E-02, -2.394659823502366E-03, -2.670827586429683E-02, -1.961583288724319E-03,
2448190.500000000, A.D. 1990-Oct-26 00:00:00.0000, -3.367505128026448E-01, -2.888358734177671E-01,  7.325562958204572E-03,  1.257349221375628E-02, -2.008638546008534E-02, -2.794939854503391E-03,
2448200.500000000, A.D. 1990-Nov-05 00:00:00.0000, -1.652029181337607E-01, -4.347167232578298E-01, -2.033901431199501E-02,  2.064505405721328E-02, -8.601605979335229E-03, -2.597941650217603E-03,
2448210.500000000, A.D. 1990-Nov-15 00:00:00.0000,  5.487798515479571E-02, -4.545274960022240E-01, -4.216239000890889E-02,  2.228950301350343E-02,  4.820823369659803E-03, -1.652617377321122E-03,
2448220.500000000, A.D. 1990-Nov-25 00:00:00.0000,  2.569522338163810E-01, -3.375712886971159E-01, -5.116193983129999E-02,  1.678408746906257E-02,  1.840775896370870E-02, -3.743933268840759E-05,
2448230.500000000, A.D. 1990-Dec-05 00:00:00.0000,  3.592505609047161E-01, -9.749894788293584E-02, -4.094552221535236E-02,  1.908581468223943E-03,  2.841930034684836E-02,  2.145964125803451E-03,
2448240.500000000, A.D. 1990-Dec-15 00:00:00.0000,  2.637678800737196E-01,  1.844239069946678E-01, -9.152964243316098E-03, -2.163899642224493E-02,  2.428265691163466E-02,  3.969959390880480E-03,
2448250.500000000, A.D. 1990-Dec-25 00:00:00.0000, -3.572787587321639E-02,  3.071350052915442E-01,  2.836580596415546E-02, -3.358873776801551E-02, -2.224068681103185E-03,  2.902065517766905E-03,
2448260.500000000, A.D. 1991-Jan-04 00:00:00.0000, -3.113401210188795E-01,  1.596382567991448E-01,  4.162222238690363E-02, -1.861768578313630E-02, -2.384415406178400E-02, -2.382544908825784E-04,
2448270.500000000, A.D. 1991-Jan-14 00:00:00.0000, -3.947428168740215E-01, -1.023280629366682E-01,  2.788274706878540E-02,  1.221415396214909E-03, -2.601882713263641E-02, -2.237265503132530E-03,
2448280.500000000, A.D. 1991-Jan-24 00:00:00.0000, -3.089554577874030E-01, -3.275548631251562E-01,  1.611012713216403E-03,  1.474815079882789E-02, -1.801197890172083E-02, -2.825156390930123E-03,
2448290.500000000, A.D. 1991-Feb-03 00:00:00.0000, -1.223595241057179E-01, -4.495319754867165E-01, -2.548266562920616E-02,  2.149921662125935E-02, -5.975384808864061E-03, -2.461848566799867E-03,
2448300.500000000, A.D. 1991-Feb-13 00:00:00.0000,  9.970591492755908E-02, -4.418784750199799E-01, -4.524491858047212E-02,  2.180342792836200E-02,  7.635144143605090E-03, -1.378113276711001E-03,
2448310.500000000, A.D. 1991-Feb-23 00:00:00.0000,  2.888981448486955E-01, -2.975882658984228E-01, -5.082910172137765E-02,  1.460659403709030E-02,  2.093812066621266E-02,  3.691574903960154E-04,
2448320.500000000, A.D. 1991-Mar-05 00:00:00.0000,  3.588083556142893E-01, -3.884244531601137E-02, -3.611389077930120E-02, -2.411415925481400E-03,  2.923398499791946E-02,  2.609123442489430E-03,
2448330.500000000, A.D. 1991-Mar-15 00:00:00.0000,  2.151689787171947E-01,  2.299925401819619E-01, -9.691188091145421E-04, -2.611243062376733E-02,  2.040289386721010E-02,  4.063764156580108E-03,
2448340.500000000, A.D. 1991-Mar-25 00:00:00.0000, -1.027839255124430E-01,  2.964956057250562E-01,  3.365313903867216E-02, -3.223011600996261E-02, -8.169062683137291E-03,  2.291745962500696E-03,
2448350.500000000, A.D. 1991-Apr-04 00:00:00.0000, -3.447909170945019E-01,  1.092700880461733E-01,  4.057921731851769E-02, -1.431650002005240E-02, -2.561368926419597E-02, -7.776839239271480E-04,
2448360.500000000, A.D. 1991-Apr-14 00:00:00.0000, -3.888335128762136E-01, -1.541325958201456E-01,  2.310873696746631E-02,  4.548781818572867E-03, -2.493255966664133E-02, -2.454028254378095E-03,
2448370.500000000, A.D. 1991-Apr-24 00:00:00.0000, -2.770292094848880E-01, -3.618988698497933E-01, -4.125463458962983E-03,  1.664385923262876E-02, -1.578293999746844E-02, -2.817134753818806E-03,
2448380.500000000, A.D. 1991-May-04 00:00:00.0000, -7.804612052496482E-02, -4.589467202697482E-01, -3.032018031374618E-02,  2.209247293981411E-02, -3.286050185740507E-03, -2.296648559097899E-03,
2448390.500000000, A.D. 1991-May-14 00:00:00.0000,  1.432414386147516E-01, -4.235147119859597E-01, -4.774203692168192E-02,  2.101377966371849E-02,  1.044454730634460E-02, -1.076139965761591E-03,
2448400.500000000, A.D. 1991-May-24 00:00:00.0000,  3.160067902820954E-01, -2.526353719493996E-01, -4.964623768927431E-02,  1.201631497201148E-02,  2.329062155645442E-02,  7.991250542652841E-04,
2448410.500000000, A.D. 1991-Jun-03 00:00:00.0000,  3.492001776717078E-01,  2.078313489064336E-02, -3.036159516354922E-02, -7.104056416222872E-03,  2.934733940683629E-02,  3.049210823661220E-03,
2448420.500000000, A.D. 1991-Jun-13 00:00:00.0000,  1.582210852504314E-01,  2.666008574995634E-01,  7.249361497399599E-03, -2.980369626904915E-02,  1.548496995040412E-02,  4.000963386089919E-03,
2448430.500000000, A.D. 1991-Jun-23 00:00:00.0000, -1.658897926892746E-01,  2.743892770137409E-01,  3.764121407209651E-02, -2.974238366398052E-02, -1.347128841316045E-02,  1.630267728302163E-03,
2448440.500000000, A.D. 1991-Jul-03 00:00:00.0000, -3.695330225145491E-01,  5.611929711803484E-02,  3.850943711239420E-02, -1.006516079323735E-02, -2.660354227473467E-02, -1.248850605690060E-03,
2448450.500000000, A.D. 1991-Jul-13 00:00:00.0000, -3.764678344243119E-01, -2.033865634032143E-01,  1.795036757112656E-02,  7.578523278435858E-03, -2.351957507491598E-02, -2.616778226573626E-03,
2448460.500000000, A.D. 1991-Jul-23 00:00:00.0000, -2.415302327578854E-01, -3.915794934967077E-01, -9.808957421441814E-03,  1.826752191890029E-02, -1.342503630130198E-02, -2.773608644124854E-03,
2448470.500000000, A.D. 1991-Aug-02 00:00:00.0000, -3.279443356856972E-02, -4.628445661857558E-01, -3.479310034468538E-02,  2.242189383097674E-02, -5.460313547757136E-04, -2.103082127237321E-03,
2448480.500000000, A.D. 1991-Aug-12 00:00:00.0000,  1.848518142599609E-01, -3.994654659640797E-01, -4.959784149285337E-02,  1.990288992183616E-02,  1.322826384357971E-02, -7.467632921120360E-04,
2448490.500000000, A.D. 1991-Aug-22 00:00:00.0000,  3.374187751676443E-01, -2.031399288793513E-01, -4.756904458311798E-02,  8.991396553286589E-03,  2.539659397818982E-02,  1.248872387239159E-03,
2448500.500000000, A.D. 1991-Sep-01 00:00:00.0000,  3.297736333579050E-01,  7.979653746168998E-02, -2.375751983326065E-02, -1.206077214900550E-02,  2.860562567215962E-02,  3.443700388614287E-03,
2448510.500000000, A.D. 1991-Sep-11 00:00:00.0000,  9.485718671687661E-02,  2.923465498916614E-01,  1.516985862886296E-02, -3.239474394080546E-02,  9.754572974496988E-03,  3.770762105526969E-03,
2448520.500000000, A.D. 1991-Sep-21 00:00:00.0000, -2.230132337686266E-01,  2.423670997734449E-01,  4.026999395842818E-02, -2.640229184421509E-02, -1.792153957130668E-02,  9.600866012505995E-04,
2448530.500000000, A.D. 1991-Oct-01 00:00:00.0000, -3.857836793651319E-01,  1.678882006529014E-03,  3.555429812757771E-02, -5.973690093351728E-03, -2.692120079041323E-02, -1.650455481105669E-03,
2448540.500000000, A.D. 1991-Oct-11 00:00:00.0000, -3.582574790625115E-01, -2.494729358426651E-01,  1.251359977897617E-02,  1.030997440651017E-02, -2.183827719624310E-02, -2.730227724506861E-03,
2448550.500000000, A.D. 1991-Oct-21 00:00:00.0000, -2.030154282461172E-01, -4.163504209434851E-01, -1.536878412636479E-02,  1.962460909538107E-02, -1.096010058033101E-02, -2.696854924919190E-03,
2448560.500000000, A.D. 1991-Oct-31 00:00:00.0000,  1.284207634890852E-02, -4.611367102626145E-01, -3.884381627891506E-02,  2.248167910634578E-02,  2.231535473408425E-03, -1.881679371876541E-03,
2448570.500000000, A.D. 1991-Nov-10 00:00:00.0000,  2.238522597155948E-01, -3.698189080118526E-01, -5.075707388986871E-02,  1.845027220291519E-02,  1.595930808400203E-02, -3.903103416089199E-04,
2448580.500000000, A.D. 1991-Nov-20 00:00:00.0000,  3.522273842276220E-01, -1.497047006916624E-01, -4.456407199579095E-02,  5.517862558694684E-03,  2.716919672239645E-02,  1.712564874694857E-03,
2448590.500000000, A.D. 1991-Nov-30 00:00:00.0000,  3.001562865316164E-01,  1.362964360389407E-01, -1.642354035311914E-02, -1.710745470416715E-02,  2.686632448020036E-02,  3.764958809310789E-03,
2448600.500000000, A.D. 1991-Dec-10 00:00:00.0000,  2.755344846144066E-02,  3.059079630451708E-01,  2.245652201677412E-02, -3.366282482637286E-02,  3.558730865110034E-03,  3.381105839959597E-03,
2448610.500000000, A.D. 1991-Dec-20 00:00:00.0000, -2.727352953130112E-01,  2.022488866887799E-01,  4.155796978771288E-02, -2.249933739991734E-02, -2.143221371182272E-02,  3.150109177818237E-04,
2448620.500000000, A.D. 1991-Dec-30 00:00:00.0000, -3.939482695810287E-01, -5.282367168862645E-02,  3.185200710365606E-02, -2.110305195572635E-03, -2.667167298689983E-02, -1.984770854421488E-03,
2448630.500000000, A.D. 1992-Jan-09 00:00:00.0000, -3.347963861621068E-01, -2.919211737272040E-01,  6.892341815396235E-03,  1.274871304490091E-02, -1.993494823623473E-02, -2.798665647050403E-03,
2448640.500000000, A.D. 1992-Jan-19 00:00:00.0000, -1.620100808514160E-01, -4.360264103940866E-01, -2.074074119927314E-02,  2.071924347892470E-02, -8.404527040988997E-03, -2.588612090848098E-03,
2448650.500000000, A.D. 1992-Jan-29 00:00:00.0000,  5.831842728930539E-02, -4.537630924261227E-01, -4.241680568008380E-02,  2.226302439727267E-02,  5.034675537702222E-03, -1.632638727049622E-03,
2448660.500000000, A.D. 1992-Feb-08 00:00:00.0000,  2.595339222074683E-01, -3.347079218440498E-01, -5.116516493289629E-02,  1.663248902460740E-02,  1.860539049923709E-02, -7.282028836143717E-06,
2448670.500000000, A.D. 1992-Feb-18 00:00:00.0000,  3.595209509182138E-01, -9.309544831382240E-02, -4.060984305900926E-02,  1.594405374526107E-03,  2.850272107230357E-02,  2.181698983948846E-03,
2448680.500000000, A.D. 1992-Feb-28 00:00:00.0000,  2.603940202386892E-01,  1.881617377422958E-01, -8.536659387400560E-03, -2.199914563285676E-02,  2.402650501569955E-02,  3.982098643157734E-03,
2448690.500000000, A.D. 1992-Mar-09 00:00:00.0000, -4.091440220921409E-02,  3.067587288247717E-01,  2.881191802982674E-02, -3.352996392267655E-02, -2.692137100791820E-03,  2.858334297387280E-03,
2448700.500000000, A.D. 1992-Mar-19 00:00:00.0000, -3.141912978290012E-01,  1.559476283104282E-01,  4.158204161811598E-02, -1.829210586564754E-02, -2.400814287570783E-02, -2.816544850886655E-04,
2448710.500000000, A.D. 1992-Mar-29 00:00:00.0000, -3.945361309364516E-01, -1.063349818331036E-01,  2.753507488471686E-02,  1.484541465872638E-03, -2.594920298316084E-02, -2.255801246375416E-03,
2448720.500000000, A.D. 1992-Apr-08 00:00:00.0000, -3.066698431633458E-01, -3.303189040880717E-01,  1.173626571502801E-03,  1.490190417007909E-02, -1.784774106126920E-02, -2.825866206629809E-03,
2448730.500000000, A.D. 1992-Apr-18 00:00:00.0000, -1.190391355393566E-01, -4.504360032812066E-01, -2.586295989704599E-02,  2.155357935147868E-02, -5.773116184041390E-03, -2.450277548738816E-03,
2448740.500000000, A.D. 1992-Apr-28 00:00:00.0000,  1.030665272414703E-01, -4.406805715571648E-01, -4.545661338241826E-02,  2.175441395704585E-02,  7.849159784962702E-03, -1.356054388337962E-03,
2448750.500000000, A.D. 1992-May-08 00:00:00.0000,  2.911383992588776E-01, -2.943370537938854E-01, -5.076933130879049E-02,  1.442451183911708E-02,  2.112420962066698E-02,  4.011698746881746E-04,
2448760.500000000, A.D. 1992-May-18 00:00:00.0000,  3.584069510775190E-01, -3.431921709354809E-02, -3.570679544770146E-02, -2.756426990694203E-03,  2.926935489410202E-02,  2.643762606197736E-03,
2448770.500000000, A.D. 1992-May-28 00:00:00.0000,  2.111057658741871E-01,  2.331225531186361E-01, -3.392523225623954E-04, -2.642521433531755E-02,  2.006308275483446E-02,  4.064715482887706E-03,
2448780.500000000, A.D. 1992-Jun-07 00:00:00.0000, -1.077556785204141E-01,  2.952019136598982E-01,  3.400448383195027E-02, -3.207708579747538E-02, -8.598395262708705E-03,  2.242527218790151E-03,
2448790.500000000, A.D. 1992-Jun-17 00:00:00.0000, -3.469797528322296E-01,  1.053083192874367E-01,  4.045603968651873E-02, -1.398973202193195E-02, -2.571477707864630E-02, -8.160448699001898E-04,
2448800.500000000, A.D. 1992-Jun-27 00:00:00.0000, -3.881158289791505E-01, -1.579719456363781E-01,  2.272789979983450E-02,  4.789521469779861E-03, -2.483570655118654E-02, -2.468274900222668E-03,
2448810.500000000, A.D. 1992-Jul-07 00:00:00.0000, -2.744529993757761E-01, -3.643191449943336E-01, -4.561300266226075E-03,  1.677673785996722E-02, -1.560796793436183E-02, -2.815043681423752E-03,
2448820.500000000, A.D. 1992-Jul-17 00:00:00.0000, -7.463568279741156E-02, -4.594354912050704E-01, -3.067461065502520E-02,  2.212696314861116E-02, -3.079414097296925E-03, -2.282891283155960E-03,
2448830.500000000, A.D. 1992-Jul-27 00:00:00.0000,  1.464788355666582E-01, -4.218825369343570E-01, -4.790669543730484E-02,  2.094104579467588E-02,  1.065748716522014E-02, -1.051988308902301E-03,
2448840.500000000, A.D. 1992-Aug-06 00:00:00.0000,  3.178453015369844E-01, -2.490207581686051E-01, -4.951963439995018E-02,  1.180187217214593E-02,  2.346064137487668E-02,  8.327949489572641E-04,
2448850.500000000, A.D. 1992-Aug-16 00:00:00.0000,  3.480726263923247E-01,  2.532030588990373E-02, -2.988648869949783E-02, -7.473717471479632E-03,  2.932298487015064E-02,  3.081221795822259E-03,
2448860.500000000, A.D. 1992-Aug-26 00:00:00.0000,  1.535958689082918E-01,  2.689655079733101E-01,  7.868304483657430E-03, -3.004289165775515E-02,  1.507370863108248E-02,  3.989295489297669E-03,
2448870.500000000, A.D. 1992-Sep-05 00:00:00.0000, -1.704666761780692E-01,  2.722844360987873E-01,  3.788981568373965E-02, -2.951436808181831E-02, -1.384116616193896E-02,  1.579006610699260E-03,
2448880.500000000, A.D. 1992-Sep-15 00:00:00.0000, -3.710642824462000E-01,  5.201500749195171E-02,  3.831396862603199E-02, -9.747593634201379E-03, -2.664967517379341E-02, -1.281874380207016E-03,
2448890.500000000, A.D. 1992-Sep-25 00:00:00.0000, -3.752855225413597E-01, -2.070011750857587E-01,  1.754502667374868E-02,  7.796335183313731E-03, -2.340062349562207E-02, -2.627105019606860E-03,
2448900.500000000, A.D. 1992-Oct-05 00:00:00.0000, -2.387077661333595E-01, -3.936329092356122E-01, -1.023753197307123E-02,  1.837989182472544E-02, -1.324146962542381E-02, -2.768920866140926E-03,
2448910.500000000, A.D. 1992-Oct-15 00:00:00.0000, -2.933800780384619E-02, -4.629110042641776E-01, -3.511722144391224E-02,  2.243610410715457E-02, -3.363768711381221E-04, -2.087202228520203E-03,
2448920.500000000, A.D. 1992-Oct-25 00:00:00.0000,  1.879125961080262E-01, -3.974085701437035E-01, -4.971141248091908E-02,  1.980498319728607E-02,  1.343780498352698E-02, -7.205645514371537E-04,
2448930.500000000, A.D. 1992-Nov-04 00:00:00.0000,  3.387863874800797E-01, -1.992117449233782E-01, -4.737334038523439E-02,  8.743548739255784E-03,  2.554406909476459E-02,  1.283766268663911E-03,
2448940.500000000, A.D. 1992-Nov-14 00:00:00.0000,  3.278849045627332E-01,  8.420056582659358E-02, -2.322327936237330E-02, -1.244343501130606E-02,  2.851015815232523E-02,  3.471072262104419E-03,
2448950.500000000, A.D. 1992-Nov-24 00:00:00.0000,  8.985198696042979E-02,  2.938158559214580E-01,  1.575037706010480E-02, -3.253931668657411E-02,  9.295565936856673E-03,  3.746476398277428E-03,
2448960.500000000, A.D. 1992-Dec-04 00:00:00.0000, -2.270613393179793E-01,  2.395827914896959E-01,  4.041419433179531E-02, -2.612222859222445E-02, -1.822131822106191E-02,  9.097707997168078E-04,
2448970.500000000, A.D. 1992-Dec-14 00:00:00.0000, -3.866815280681737E-01, -2.468683262855637E-03,  3.529688473159307E-02, -5.671832236415541E-03, -2.692086023361853E-02, -1.678223117136816E-03,
2448980.500000000, A.D. 1992-Dec-24 00:00:00.0000, -3.566542357567453E-01, -2.528266232992513E-01,  1.209087312073095E-02,  1.050524192922500E-02, -2.170110711454103E-02, -2.736975433670747E-03,
2448990.500000000, A.D. 1993-Jan-03 00:00:00.0000, -1.999845602227555E-01, -4.180239262482747E-01, -1.578531756842214E-02,  1.971687701838479E-02, -1.076916079524827E-02, -2.689702335095647E-03,
2449000.500000000, A.D. 1993-Jan-13 00:00:00.0000,  1.630595617112294E-02, -4.607759449091308E-01, -3.913345816283581E-02,  2.247501313711831E-02,  2.443535851662278E-03, -1.863683905436781E-03,
2449010.500000000, A.D. 1993-Jan-23 00:00:00.0000,  2.266860972410060E-01, -3.673431865208299E-01, -5.081532207953803E-02,  1.832544925277920E-02,  1.616359034528986E-02, -3.620755453025833E-04,
2449020.500000000, A.D. 1993-Feb-02 00:00:00.0000,  3.530562068003030E-01, -1.455078899736204E-01, -4.429678082309609E-02,  5.235758774894316E-03,  2.728728786255965E-02,  1.748190713071275E-03,
2449030.500000000, A.D. 1993-Feb-12 00:00:00.0000,  2.974906275353640E-01,  1.404239337349006E-01, -1.584054062363997E-02, -1.748767822135638E-02,  2.669024948635621E-02,  3.785502811428483E-03,
2449040.500000000, A.D. 1993-Feb-22 00:00:00.0000,  2.236302212627946E-02,  3.064201784730177E-01,  2.297569123869992E-02, -3.370171318603091E-02,  3.081044248587511E-03,  3.345576759367319E-03,
2449050.500000000, A.D. 1993-Mar-04 00:00:00.0000, -2.761781838912274E-01,  1.989298540881767E-01,  4.160270681136569E-02, -2.218784040745233E-02, -2.165982249795424E-02,  2.677088535571326E-04,
2449060.500000000, A.D. 1993-Mar-14 00:00:00.0000, -3.942522279482762E-01, -5.692890504407216E-02,  3.154338570682083E-02, -1.827847456645539E-03, -2.663230814061238E-02, -2.007560424855789E-03,
2449070.500000000, A.D. 1993-Mar-24 00:00:00.0000, -3.328198491561441E-01, -2.949797326590013E-01,  6.459394914585357E-03,  1.292195647574483E-02, -1.978264332722392E-02, -2.802147731733166E-03,
2449080.500000000, A.D. 1993-Apr-03 00:00:00.0000, -1.588134284865235E-01, -4.373053357373459E-01, -2.114026152638525E-02,  2.079167123157539E-02, -8.207414782372619E-03, -2.579129373998599E-03,
2449090.500000000, A.D. 1993-Apr-13 00:00:00.0000,  6.174538177104860E-02, -4.529704260844208E-01, -4.266774307160612E-02,  2.223480980511162E-02,  5.247992823390706E-03, -1.612555202225300E-03,
2449100.500000000, A.D. 1993-Apr-23 00:00:00.0000,  2.620840594409899E-01, -3.318254693570030E-01, -5.116409750155029E-02,  1.647899861510947E-02,  1.880161032979335E-02,  2.292609585432300E-05,
2449110.500000000, A.D. 1993-May-03 00:00:00.0000,  3.597414456954237E-01, -8.869612410481484E-02, -4.027013137896143E-02,  1.278733015024721E-03,  2.858258877691145E-02,  2.217280455859032E-03,
2449120.500000000, A.D. 1993-May-13 00:00:00.0000,  2.569745635567116E-01,  1.918455687633450E-01, -7.920740057069291E-03, -2.235565649055202E-02,  2.376472538915884E-02,  3.993454281916855E-03,
2449130.500000000, A.D. 1993-May-23 00:00:00.0000, -4.607879816875162E-02,  3.063085549238432E-01,  2.924994393452332E-02, -3.346393618060554E-02, -3.157034325508590E-03,  2.814212764536917E-03,
2449140.500000000, A.D. 1993-Jun-02 00:00:00.0000, -3.169865773480361E-01,  1.522367977667421E-01,  4.153521219079855E-02, -1.796672909950559E-02, -2.416684310659901E-02, -3.245911933227328E-04,
2449150.500000000, A.D. 1993-Jun-12 00:00:00.0000, -3.942893645564969E-01, -1.103257140659527E-01,  2.718527983894651E-02,  1.745494138225108E-03, -2.587741376459761E-02, -2.273952532551990E-03,
2449160.500000000, A.D. 1993-Jun-22 00:00:00.0000, -3.043650571136974E-01, -3.330540153853545E-01,  7.371420882991667E-04,  1.505372870998753E-02, -1.768288915966826E-02, -2.826344154396336E-03,
2449170.500000000, A.D. 1993-Jul-02 00:00:00.0000, -1.157173249840620E-01, -4.513087450333303E-01, -2.624050486599053E-02,  2.160628076074758E-02, -5.570919663359679E-03, -2.438559455766516E-03,
2449180.500000000, A.D. 1993-Jul-12 00:00:00.0000,  1.064121130908790E-01, -4.394547785723595E-01, -4.566434225202256E-02,  2.170372209879657E-02,  8.062540296145887E-03, -1.333896952982500E-03,
2449190.500000000, A.D. 1993-Jul-22 00:00:00.0000,  2.933458443232065E-01, -2.910690446227281E-01, -5.070492804046463E-02,  1.424056179109627E-02,  2.130854428557181E-02,  4.332017355508190E-04,
2449200.500000000, A.D. 1993-Aug-01 00:00:00.0000,  3.579567685699563E-01, -2.980859375297710E-02, -3.529612610162084E-02, -3.102236318302704E-03,  2.930029640561691E-02,  2.678097233454262E-03,
2449210.500000000, A.D. 1993-Aug-11 00:00:00.0000,  2.070152732334364E-01,  2.361865270502548E-01,  2.876660514157723E-04, -2.673181670603502E-02,  1.971870969661647E-02,  4.064708141390231E-03,
2449220.500000000, A.D. 1993-Aug-21 00:00:00.0000, -1.126783343971277E-01,  2.938493721785070E-01,  3.434632527633957E-02, -3.191838951225941E-02, -9.021834191316925E-03,  2.193264120775855E-03,
2449230.500000000, A.D. 1993-Aug-31 00:00:00.0000, -3.491069456655304E-01,  1.013499395960197E-01,  4.032731102499916E-02, -1.366488833715464E-02, -2.581109007480523E-02, -8.538308709862787E-04,
2449240.500000000, A.D. 1993-Sep-10 00:00:00.0000, -3.873629723571113E-01, -1.617796832376623E-01,  2.234635954447714E-02,  5.027510561072032E-03, -2.473757727176815E-02, -2.482151967920420E-03,
2449250.500000000, A.D. 1993-Sep-20 00:00:00.0000, -2.718660306603690E-01, -3.667032122869068E-01, -4.995100582666791E-03,  1.690748429644671E-02, -1.543311740567932E-02, -2.812755815261372E-03,
2449260.500000000, A.D. 1993-Sep-30 00:00:00.0000, -7.123369660491674E-02, -4.598925541025659E-01, -3.102552584524905E-02,  2.215968476525791E-02, -2.873509635174883E-03, -2.269026589872756E-03,
2449270.500000000, A.D. 1993-Oct-10 00:00:00.0000,  1.496907089501754E-01, -4.202288746560989E-01, -4.806710845247185E-02,  2.086664086377528E-02,  1.086906588145771E-02, -1.027800360503137E-03,
2449280.500000000, A.D. 1993-Oct-20 00:00:00.0000,  3.196422217937129E-01, -2.454036396473220E-01, -4.938898203157317E-02,  1.158597331955109E-02,  2.362806355290286E-02,  8.663687132087803E-04,
2449290.500000000, A.D. 1993-Oct-30 00:00:00.0000,  3.468963615982817E-01,  2.982290226424936E-02, -2.940990497601376E-02, -7.842667275517237E-03,  2.929370825370249E-02,  3.112746402277077E-03,
2449300.500000000, A.D. 1993-Nov-09 00:00:00.0000,  1.489628106618339E-01,  2.712496852654780E-01,  8.481107933917981E-03, -3.027439388194299E-02,  1.466037741046023E-02,  3.976751503107476E-03,
2449310.500000000, A.D. 1993-Nov-19 00:00:00.0000, -1.749828565502683E-01,  2.701310372413079E-01,  3.812871396643026E-02, -2.928306306724042E-02, -1.420426144285280E-02,  1.528020514860231E-03,
2449320.500000000, A.D. 1993-Nov-29 00:00:00.0000, -3.725379474648852E-01,  4.791967419890367E-02,  3.811404536009461E-02, -9.432499150893295E-03, -2.669196412242109E-02, -1.314330341747245E-03,
2449330.500000000, A.D. 1993-Dec-09 00:00:00.0000, -3.740730180638528E-01, -2.105848147391261E-01,  1.713977781609605E-02,  8.011502631145582E-03, -2.328070828611279E-02, -2.637091435938313E-03,
2449340.500000000, A.D. 1993-Dec-19 00:00:00.0000, -2.358787268126398E-01, -3.956523371565669E-01, -1.066345971112480E-02,  1.849015603062295E-02, -1.305810247974019E-02, -2.764046828556571E-03,
2449350.500000000, A.D. 1993-Dec-29 00:00:00.0000, -2.589443794536710E-02, -4.629489161794919E-01, -3.543731358987023E-02,  2.244849029947387E-02, -1.275953270257973E-04, -2.071227224584829E-03,
2449360.500000000, A.D. 1994-Jan-08 00:00:00.0000,  1.909429999664130E-01, -3.953354864124448E-01, -4.982045112467421E-02,  1.970540277096631E-02,  1.364569767207440E-02, -6.943665009857034E-04,
2449370.500000000, A.D. 1994-Jan-18 00:00:00.0000,  3.401088679735935E-01, -1.952901382020062E-01, -4.717388593947775E-02,  8.494578260067753E-03,  2.568846817574200E-02,  1.318478979719895E-03,
2449380.500000000, A.D. 1994-Jan-28 00:00:00.0000,  3.259517954959218E-01,  8.855615859389808E-02, -2.268910276737298E-02, -1.282397025195882E-02,  2.840953063177476E-02,  3.497798165161009E-03,
2449390.500000000, A.D. 1994-Feb-07 00:00:00.0000,  8.485905037266421E-02,  2.952014823741638E-01,  1.632257542648476E-02, -3.267556470020853E-02,  8.837041480369873E-03,  3.721463491068616E-03,
2449400.500000000, A.D. 1994-Feb-17 00:00:00.0000, -2.310416474865116E-01,  2.367638976024621E-01,  4.054912434278348E-02, -2.584091694979528E-02, -1.851434301053210E-02,  8.599182267367492E-04,
2449410.500000000, A.D. 1994-Feb-27 00:00:00.0000, -3.875257479437615E-01, -6.601208385705811E-03,  3.503584556404887E-02, -5.372723895575130E-03, -2.691756611370082E-02, -1.705468797102238E-03,
2449420.500000000, A.D. 1994-Mar-09 00:00:00.0000, -3.550246543584997E-01, -2.561491324364080E-01,  1.166858085551475E-02,  1.069798979625728E-02, -2.156329252329161E-02, -2.743420971471529E-03,
2449430.500000000, A.D. 1994-Mar-19 00:00:00.0000, -1.969500617174318E-01, -4.196649644862885E-01, -1.619910626400355E-02,  1.980708141667925E-02, -1.057849807155089E-02, -2.682377197064040E-03,
2449440.500000000, A.D. 1994-Mar-29 00:00:00.0000,  1.975408970041913E-02, -4.603886917173566E-01, -3.941907147431790E-02,  2.246650680356174E-02,  2.654613997540960E-03, -1.845601867117973E-03,
2449450.500000000, A.D. 1994-Apr-08 00:00:00.0000,  2.294865571961351E-01, -3.648541851951151E-01, -5.086913403604108E-02,  1.819895523551776E-02,  1.636607927249407E-02, -3.338529240058719E-04,
2449460.500000000, A.D. 1994-Apr-18 00:00:00.0000,  3.538374141825842E-01, -1.413230214511779E-01, -4.402604473094120E-02,  4.952688938982637E-03,  2.740193976601644E-02,  1.783596876111395E-03,
2449470.500000000, A.D. 1994-Apr-28 00:00:00.0000,  2.947834620958500E-01,  1.444942114224627E-01, -1.525862503355768E-02, -1.786471165832295E-02,  2.650900106008673E-02,  3.805308091210287E-03,
2449480.500000000, A.D. 1994-May-08 00:00:00.0000,  1.719547952124403E-02,  3.068513818773295E-01,  2.348580480172315E-02, -3.373280188159445E-02,  2.605764295427398E-03,  3.309531176928604E-03,
2449490.500000000, A.D. 1994-May-18 00:00:00.0000, -2.795568940667074E-01,  1.955847449333780E-01,  4.163925743272584E-02, -2.187622903356477E-02, -2.188143823309683E-02,  2.209148583917475E-04,
2449500.500000000, A.D. 1994-May-28 00:00:00.0000, -3.945087193895450E-01, -6.101884888155000E-02,  3.123183699972889E-02, -1.547832749430910E-03, -2.659055654174162E-02, -2.029893849086903E-03,
2449510.500000000, A.D. 1994-Jun-07 00:00:00.0000, -3.308191613555269E-01, -2.980096135914326E-01,  6.027095949714813E-03,  1.309307296154232E-02, -1.962975346612950E-02, -2.805357110279310E-03,
2449520.500000000, A.D. 1994-Jun-17 00:00:00.0000, -1.556121137397506E-01, -4.385539007401324E-01, -2.153697629316537E-02,  2.086227832166188E-02, -8.010478711652402E-03, -2.569478009215468E-03,
2449530.500000000, A.D. 1994-Jun-27 00:00:00.0000,  6.515915446869383E-02, -4.521523442963428E-01, -4.291456435916585E-02,  2.220481476372774E-02,  5.460463775249233E-03, -1.592378552527292E-03,
2449540.500000000, A.D. 1994-Jul-07 00:00:00.0000,  2.646031704865403E-01, -3.289311287358708E-01, -5.115849524769676E-02,  1.632376341875212E-02,  1.899584341804402E-02,  5.310962545964023E-05,
2449550.500000000, A.D. 1994-Jul-17 00:00:00.0000,  3.599172212936392E-01, -8.431477631029748E-02, -3.992741100386892E-02,  9.624698599846422E-04,  2.865827029214299E-02,  2.252528394393544E-03,
2449560.500000000, A.D. 1994-Jul-27 00:00:00.0000,  2.535288422911219E-01,  1.954608153836561E-01, -7.308163239786974E-03, -2.270683542800935E-02,  2.349816481995385E-02,  4.003876561024231E-03,
2449570.500000000, A.D. 1994-Aug-06 00:00:00.0000, -5.119361876262857E-02,  3.057875690266235E-01,  2.967709572051482E-02, -3.339116954079576E-02, -3.616742611528503E-03,  2.769879271383277E-03,
2449580.500000000, A.D. 1994-Aug-16 00:00:00.0000, -3.197110020760817E-01,  1.485193389658368E-01,  4.148086381520034E-02, -1.764294981538135E-02, -2.432020598133275E-02, -3.669191035403257E-04,
2449590.500000000, A.D. 1994-Aug-26 00:00:00.0000, -3.939974573262933E-01, -1.142909862257604E-01,  2.683330022672474E-02,  2.003689700427247E-03, -2.580410934408605E-02, -2.291687042833806E-03,
2449600.500000000, A.D. 1994-Sep-05 00:00:00.0000, -3.020394760617080E-01, -3.357568419991951E-01,  3.016484204561811E-04,  1.520342720188939E-02, -1.751791506905877E-02, -2.826582357999183E-03,
2449610.500000000, A.D. 1994-Sep-15 00:00:00.0000, -1.123942649334277E-01, -4.521509197467378E-01, -2.661512942847997E-02,  2.165712774621942E-02, -5.369151879638039E-03, -2.426687095786940E-03,
2449620.500000000, A.D. 1994-Sep-25 00:00:00.0000,  1.097404463723506E-01, -4.382056029583727E-01, -4.586796087536902E-02,  2.165116463154528E-02,  8.274856096409799E-03, -1.311659712347826E-03,
2449630.500000000, A.D. 1994-Oct-05 00:00:00.0000,  2.955176077263236E-01, -2.877936675202054E-01, -5.063620597676773E-02,  1.405486891417417E-02,  2.149059821463940E-02,  4.651773668333823E-04,
2449640.500000000, A.D. 1994-Oct-15 00:00:00.0000,  3.574590622702811E-01, -2.532398265694414E-02, -3.488316580469317E-02, -3.448153887678045E-03,  2.932667844840428E-02,  2.712024658469163E-03,
2449650.500000000, A.D. 1994-Oct-25 00:00:00.0000,  2.029052212937599E-01,  2.391748864548430E-01,  9.098458120877246E-04, -2.703195736177098E-02,  1.937063351247246E-02,  4.063774094559200E-03,
2449660.500000000, A.D. 1994-Nov-04 00:00:00.0000, -1.175479049004375E-01,  2.924345864975134E-01,  3.467775057706365E-02, -3.175473621791597E-02, -9.439372587386434E-03,  2.144040314174011E-03,
2449670.500000000, A.D. 1994-Nov-14 00:00:00.0000, -3.511716494117775E-01,  9.738760673049139E-02,  4.019234647521523E-02, -1.334183123758843E-02, -2.590309893415782E-02, -8.910627434969647E-04,
2449680.500000000, A.D. 1994-Nov-24 00:00:00.0000, -3.865705917708813E-01, -1.655653031849707E-01,  2.196322068336114E-02,  5.263180482885029E-03, -2.463811646987078E-02, -2.495668943848635E-03,
2449690.500000000, A.D. 1994-Dec-04 00:00:00.0000, -2.692603422945040E-01, -3.690580662700205E-01, -5.427677052200563E-03,  1.703635850903794E-02, -1.525799551496317E-02, -2.810246785690054E-03,
2449700.500000000, A.D. 1994-Dec-14 00:00:00.0000, -6.783078733989110E-02, -4.603204270955636E-01, -3.137338950541393E-02,  2.219066284135832E-02, -2.667869417530064E-03, -2.255011845670493E-03,
2449710.500000000, A.D. 1994-Dec-24 00:00:00.0000,  1.528856257143167E-01, -4.185519761990407E-01, -4.822328704311338E-02,  2.079038533430034E-02,  1.107963982817236E-02, -1.003530997852041E-03,
2449720.500000000, A.D. 1995-Jan-03 00:00:00.0000,  3.214036160772581E-01, -2.417800738838832E-01, -4.925392774374714E-02,  1.136832787913852E-02,  2.379293539775056E-02,  8.998671356073913E-04,
2449730.500000000, A.D. 1995-Jan-13 00:00:00.0000,  3.456754174248253E-01,  3.429336271939391E-02, -2.893161588120153E-02, -8.210927356984215E-03,  2.925920948193373E-02,  3.143732472299948E-03,
2449740.500000000, A.D. 1995-Jan-23 00:00:00.0000,  1.443279110754359E-01,  2.734543135841563E-01,  9.087301468701233E-03, -3.049796726254581E-02,  1.424512142590484E-02,  3.963276320750653E-03,
2449750.500000000, A.D. 1995-Feb-02 00:00:00.0000, -1.794334351233498E-01,  2.679316783265094E-01,  3.835728432898371E-02, -2.904882733219415E-02, -1.456065193442583E-02,  1.477308019166506E-03,
2449760.500000000, A.D. 1995-Feb-12 00:00:00.0000, -3.739510655739450E-01,  4.383255146389022E-02,  3.790881108176403E-02, -9.119826047248774E-03, -2.673084291999085E-02, -1.346259226034236E-03,
2449770.500000000, A.D. 1995-Feb-22 00:00:00.0000, -3.728250387191115E-01, -2.141412523958975E-01,  1.673339064338084E-02,  8.224366409839029E-03, -2.315995063726606E-02, -2.646762739959788E-03,
2449780.500000000, A.D. 1995-Mar-04 00:00:00.0000, -2.330346277336894E-01, -3.976407447086738E-01, -1.108800915089425E-02,  1.859857059188418E-02, -1.287466297273447E-02, -2.758968078811515E-03,
2449790.500000000, A.D. 1995-Mar-14 00:00:00.0000, -2.245375540345175E-02, -4.629569218613322E-01, -3.575427560612099E-02,  2.245908754703388E-02,  8.089277370328460E-05, -2.055104162130156E-03,
2449800.500000000, A.D. 1995-Mar-24 00:00:00.0000,  1.939520291381576E-01, -3.932380974040892E-01, -4.992515873956475E-02,  1.960389149699152E-02,  1.385267676129662E-02, -6.680793722881451E-04,
2449810.500000000, A.D. 1995-Apr-03 00:00:00.0000,  3.413900081333867E-01, -1.913599477595572E-01, -4.696974766444332E-02,  8.243641364621523E-03,  2.583039290080710E-02,  1.353145511264845E-03,
2449820.500000000, A.D. 1995-Apr-13 00:00:00.0000,  3.239661222323022E-01,  9.288089296429193E-02, -2.215270560279677E-02, -1.320384429927038E-02,  2.830344063712348E-02,  3.523989586394757E-03,
2449830.500000000, A.D. 1995-Apr-23 00:00:00.0000,  7.985808366654167E-02,  2.965103726803124E-01,  1.688895124076224E-02, -3.280407141795499E-02,  8.377304201340448E-03,  3.695631202610824E-03,
2449840.500000000, A.D. 1995-May-03 00:00:00.0000, -2.349709532594092E-01,  2.339015544917510E-01,  4.067558520658745E-02, -2.555727065100578E-02, -1.880171289953409E-02,  8.103322959136734E-04,
2449850.500000000, A.D. 1995-May-13 00:00:00.0000, -3.883209210913880E-01, -1.073219723690300E-02,  3.477045868516751E-02, -5.075202101692511E-03, -2.691127457050775E-02, -1.732292875341257E-03,
2449860.500000000, A.D. 1995-May-23 00:00:00.0000, -3.533634632632167E-01, -2.594509224983066E-01,  1.124541037271252E-02,  1.088903338402738E-02, -2.142434211082489E-02, -2.749589853721896E-03,
2449870.500000000, A.D. 1995-Jun-02 00:00:00.0000, -1.938999590720920E-01, -4.212778856329603E-01, -1.661147508336784E-02,  1.989574947558860E-02, -1.038739255247182E-02, -2.674857979375058E-03,
2449880.500000000, A.D. 1995-Jun-12 00:00:00.0000,  2.320201939277589E-02, -4.599711409332274E-01, -3.970153137924640E-02,  2.245631838800356E-02,  2.865671178075734E-03, -1.827363621354715E-03,
2449890.500000000, A.D. 1995-Jun-22 00:00:00.0000,  2.322680154208578E-01, -3.623387723803425E-01, -5.091843070805267E-02,  1.807035642685751E-02,  1.656768571469902E-02, -3.055226271687497E-04,
2449900.500000000, A.D. 1995-Jul-02 00:00:00.0000,  3.545773539048693E-01, -1.371298854723477E-01, -4.375046455957493E-02,  4.667498347960894E-03,  2.751352354921569E-02,  1.818913894777662E-03,
2449910.500000000, A.D. 1995-Jul-12 00:00:00.0000,  2.920285631052895E-01,  1.485250762275346E-01, -1.467557296425353E-02, -1.823965702988752E-02,  2.632167588922708E-02,  3.824380543759683E-03,
2449920.500000000, A.D. 1995-Jul-22 00:00:00.0000,  1.203980729745000E-02,  3.072072613587994E-01,  2.398827648936392E-02, -3.375593680094362E-02,  2.131682409157431E-03,  3.272830041926367E-03,
2449930.500000000, A.D. 1995-Aug-01 00:00:00.0000, -2.828776707237568E-01,  1.922101643290937E-01,  4.166765251535923E-02, -2.156385087658079E-02, -2.209767073657672E-02,  1.745054372512859E-04,
2449940.500000000, A.D. 1995-Aug-11 00:00:00.0000, -3.947173263768261E-01, -6.510042980098593E-02,  3.091638922415790E-02, -1.269617600996550E-03, -2.654653109906652E-02, -2.051847242070157E-03,
2449950.500000000, A.D. 1995-Aug-21 00:00:00.0000, -3.287881627338051E-01, -3.010167869013595E-01,  5.593966078181679E-03,  1.326255087365931E-02, -1.947599029236972E-02, -2.808318853912657E-03,
2449960.500000000, A.D. 1995-Aug-31 00:00:00.0000, -1.523961893063783E-01, -4.397735247003747E-01, -2.193236219375820E-02,  2.093132481737218E-02, -7.813105302704664E-03, -2.559632764829713E-03,
2449970.500000000, A.D. 1995-Sep-10 00:00:00.0000,  6.857085859393125E-02, -4.513026065041489E-01, -4.315823306825187E-02,  2.217298997070961E-02,  5.673007144452383E-03, -1.572029258721022E-03,
2449980.500000000, A.D. 1995-Sep-20 00:00:00.0000,  2.670993042100437E-01, -3.260080737701486E-01, -5.114815554533625E-02,  1.616614219842927E-02,  1.918926019253286E-02,  8.342857659332897E-05,
2449990.500000000, A.D. 1995-Sep-30 00:00:00.0000,  3.600444136594033E-01, -7.992364898566456E-02, -3.957937016579213E-02,  6.437686007301480E-04,  2.873057165606725E-02,  2.287698491736866E-03,
2450000.500000000, A.D. 1995-Oct-10 00:00:00.0000,  2.500291270825749E-01,  1.990332650494394E-01, -6.694305032218085E-03, -2.305520304570622E-02,  2.322523463069212E-02,  4.013501130523696E-03,
2450010.500000000, A.D. 1995-Oct-20 00:00:00.0000, -5.629903912903200E-02,  3.051936497799549E-01,  3.009716848236815E-02, -3.331113582309424E-02, -4.074476892335196E-03,  2.725044978328697E-03,
2450020.500000000, A.D. 1995-Oct-30 00:00:00.0000, -3.223871897335661E-01,  1.447720200607264E-01,  4.141953886942559E-02, -1.731847187582211E-02, -2.446903213861640E-02, -4.089191941991191E-04,
2450030.500000000, A.D. 1995-Nov-09 00:00:00.0000, -3.936632358451721E-01, -1.182530701683562E-01,  2.647780778599644E-02,  2.260674342663501E-03, -2.572859329066906E-02, -2.309108864941149E-03,
2450040.500000000, A.D. 1995-Nov-19 00:00:00.0000, -2.996843259245352E-01, -3.384404970085789E-01, -1.347051969095812E-04,  1.535184247213104E-02, -1.735177259410334E-02, -2.826593099933426E-03,
2450050.500000000, A.D. 1995-Nov-29 00:00:00.0000, -1.090548719878457E-01, -4.529644838211337E-01, -2.698852124963478E-02,  2.170656304182392E-02, -5.166624683073144E-03, -2.414615846926939E-03,
2450060.500000000, A.D. 1995-Dec-09 00:00:00.0000,  1.130689229746847E-01, -4.369222175154110E-01, -4.606836092452891E-02,  2.159671363784443E-02,  8.487475308734133E-03, -1.289222637036465E-03,
2450070.500000000, A.D. 1995-Dec-19 00:00:00.0000,  2.976666469824074E-01, -2.844862258374859E-01, -5.056236596787755E-02,  1.386647695996048E-02,  2.167168440674801E-02,  4.973147729734412E-04,
2450080.500000000, A.D. 1995-Dec-29 00:00:00.0000,  3.569108677936648E-01, -2.083201475745844E-02, -3.446469435864486E-02, -3.796360834931155E-03,  2.934863918161848E-02,  2.745779396319265E-03,
2450090.500000000, A.D. 1996-Jan-08 00:00:00.0000,  1.987510493133306E-01,  2.421101906704991E-01,  1.531723624630368E-03, -2.732720703295153E-02,  1.901657480708318E-02,  4.061868078916789E-03,
2450100.500000000, A.D. 1996-Jan-18 00:00:00.0000, -1.223909189244359E-01,  2.909547635867583E-01,  3.500111304084642E-02, -3.158505612958903E-02, -9.853161167916227E-03,  2.094549591794871E-03,
2450110.500000000, A.D. 1996-Jan-28 00:00:00.0000, -3.531852460859143E-01,  9.340635290055439E-02,  4.005075510118220E-02, -1.301896991704578E-02, -2.599118527067693E-02, -9.279528828988987E-04,
2450120.500000000, A.D. 1996-Feb-07 00:00:00.0000, -3.857364976401113E-01, -1.693428081237353E-01,  2.157663323304475E-02,  5.497640052913392E-03, -2.453688700142266E-02, -2.508913998201986E-03,
2450130.500000000, A.D. 1996-Feb-17 00:00:00.0000, -2.666247661595160E-01, -3.713913569895219E-01, -5.861327791652635E-03,  1.716406733015870E-02, -1.508179421629452E-02, -2.807522018888600E-03,
2450140.500000000, A.D. 1996-Feb-27 00:00:00.0000, -6.441053804353918E-02, -4.607170426838789E-01, -3.172018014357407E-02,  2.222022586028298E-02, -2.461352157216663E-03, -2.240776197006744E-03,
2450150.500000000, A.D. 1996-Mar-08 00:00:00.0000,  1.560805540670359E-01, -4.168365871760375E-01, -4.837604258297133E-02,  2.071199418407887E-02,  1.129069726685755E-02, -9.790125990567552E-04,
2450160.500000000, A.D. 1996-Mar-18 00:00:00.0000,  3.231382066412624E-01, -2.381191588328844E-01, -4.911300037397667E-02,  1.114744386563088E-02,  2.395678088476984E-02,  9.335806894059382E-04,
2450170.500000000, A.D. 1996-Mar-28 00:00:00.0000,  3.443950163686610E-01,  3.877224871741149E-02, -2.844689078440584E-02, -8.581651471986057E-03,  2.921946330723686E-02,  3.174499159636860E-03,
2450180.500000000, A.D. 1996-Apr-07 00:00:00.0000,  1.396464693702583E-01,  2.756016434579842E-01,  9.693121395725776E-03, -3.071551190445043E-02,  1.382434716418232E-02,  3.948765812278066E-03,
2450190.500000000, A.D. 1996-Apr-17 00:00:00.0000, -1.838597254410494E-01,  2.656717469854648E-01,  3.857844226964113E-02, -2.880943384546358E-02, -1.491307942753060E-02,  1.426427557602572E-03,
2450200.500000000, A.D. 1996-Apr-27 00:00:00.0000, -3.753189895885493E-01,  3.972699484615890E-02,  3.769762189026395E-02, -8.807151307537828E-03, -2.676627529673965E-02, -1.377902889619944E-03,
2450210.500000000, A.D. 1996-May-07 00:00:00.0000, -3.715378050233775E-01, -2.176910388738498E-01,  1.632374189021858E-02,  8.436369714392199E-03, -2.303738052373209E-02, -2.656193227400200E-03,
2450220.500000000, A.D. 1996-May-17 00:00:00.0000, -2.301604087208526E-01, -3.996073565877160E-01, -1.151360546646601E-02,  1.870601485235288E-02, -1.268988701411686E-02, -2.753678394809780E-03,
2450230.500000000, A.D. 1996-May-27 00:00:00.0000, -1.899418512867244E-02, -4.629304572715310E-01, -3.607010305045286E-02,  2.246832727615667E-02,  2.905817230235361E-04, -2.038746902723067E-03,
2450240.500000000, A.D. 1996-Jun-06 00:00:00.0000,  1.969619162949538E-01, -3.910959241776433E-01, -5.002610630846289E-02,  1.950001222992510E-02,  1.406039196121555E-02, -6.415011943929511E-04,
2450250.500000000, A.D. 1996-Jun-16 00:00:00.0000,  3.426409768652037E-01, -1.873857936799095E-01, -4.675895353917534E-02,  7.988905209524593E-03,  2.597096840802572E-02,  1.388058026572597E-03,
2450260.500000000, A.D. 1996-Jun-26 00:00:00.0000,  3.219152366308661E-01,  9.721173973054477E-02, -2.160953395107335E-02, -1.358563682431399E-02,  2.819077395241916E-02,  3.549809456418668E-03,
2450270.500000000, A.D. 1996-Jul-06 00:00:00.0000,  7.482053635286257E-02,  2.977567583234569E-01,  1.745365979626651E-02, -3.292497126162450E-02,  7.913535659533453E-03,  3.668742319273899E-03,
2450280.500000000, A.D. 1996-Jul-16 00:00:00.0000, -2.388680758569598E-01,  2.309894418814631E-01,  4.079481548358430E-02, -2.526976260536175E-02, -1.908450970009265E-02,  7.607398726967374E-04,
2450290.500000000, A.D. 1996-Jul-26 00:00:00.0000, -3.890721220730113E-01, -1.487191492560885E-02,  3.449992603703182E-02, -4.778138906840201E-03, -2.690191118066348E-02, -1.758835226886823E-03,
2450300.500000000, A.D. 1996-Aug-05 00:00:00.0000, -3.516666245294590E-01, -2.627393688801074E-01,  1.081961453347364E-02,  1.107911099701168E-02, -2.128379894959065E-02, -2.755538625771405E-03,
2450310.500000000, A.D. 1996-Aug-15 00:00:00.0000, -1.908239656803821E-01, -4.228639333835599E-01, -1.702441042875287E-02,  1.998340353576653E-02, -1.019505828441457E-02, -2.667135872995234E-03,
2450320.500000000, A.D. 1996-Aug-25 00:00:00.0000,  2.666399323254671E-02, -4.595144856750437E-01, -3.998235373735803E-02,  2.244467806076953E-02,  3.077953794062284E-03, -1.808878274932205E-03,
2450330.500000000, A.D. 1996-Sep-04 00:00:00.0000,  2.350437884817964E-01, -3.597731638155958E-01, -5.096321664235805E-02,  1.793911261586417E-02,  1.677012651171262E-02, -2.768637990208763E-04,
2450340.500000000, A.D. 1996-Sep-14 00:00:00.0000,  3.552763000052280E-01, -1.328878575618860E-01, -4.346704823056088E-02,  4.377968127432730E-03,  2.762341394773948E-02,  1.854510663865977E-03,
2450350.500000000, A.D. 1996-Sep-24 00:00:00.0000,  2.891960080647458E-01,  1.525584631125519E-01, -1.408494188166748E-02, -1.861583941593736E-02,  2.612663782556687E-02,  3.842946875148033E-03,
2450360.500000000, A.D. 1996-Oct-04 00:00:00.0000,  6.848222042730116E-03,  3.074973705181928E-01,  2.448890748699561E-02, -3.377067584104233E-02,  1.654970018296032E-03,  3.235130659122149E-03,
2450370.500000000, A.D. 1996-Oct-14 00:00:00.0000, -2.861691578003761E-01,  1.887916329900258E-01,  4.168980337076945E-02, -2.124826320782871E-02, -2.230928274821271E-02,  1.281543107835998E-04,
2450380.500000000, A.D. 1996-Oct-24 00:00:00.0000, -3.948875301583034E-01, -6.918640148629583E-02,  3.059685164961723E-02, -9.918768301432190E-04, -2.649955329971618E-02, -2.073537631932753E-03,
2450390.500000000, A.D. 1996-Nov-03 00:00:00.0000, -3.267269244888404E-01, -3.040068273955526E-01,  5.159084030705952E-03,  1.343107793858884E-02, -1.932066553812426E-02, -2.811077341367295E-03,
2450400.500000000, A.D. 1996-Nov-13 00:00:00.0000, -1.491597143861093E-01, -4.409630317852185E-01, -2.232760240842238E-02,  2.099935560618751E-02, -7.614588759992121E-03, -2.549599382301376E-03,
2450410.500000000, A.D. 1996-Nov-23 00:00:00.0000,  7.199098498494129E-02, -4.504118000845719E-01, -4.339966109355744E-02,  2.213964263631200E-02,  5.886592912530529E-03, -1.551439224165775E-03,
2450420.500000000, A.D. 1996-Dec-03 00:00:00.0000,  2.695827713700644E-01, -3.230358979995122E-01, -5.113276388163294E-02,  1.600568343650856E-02,  1.938302546037181E-02,  1.140629381648830E-04,
2450430.500000000, A.D. 1996-Dec-13 00:00:00.0000,  3.601227585097367E-01, -7.549310092442203E-02, -3.922347677623882E-02,  3.209633340719602E-04,  2.879991868504526E-02,  2.323029031037301E-03,
2450440.500000000, A.D. 1996-Dec-23 00:00:00.0000,  2.464570616759377E-01,  2.025864946338115E-01, -6.075066531836087E-03, -2.340219254026051E-02,  2.294423127872972E-02,  4.022343370150610E-03,
2450450.500000000, A.D. 1997-Jan-02 00:00:00.0000, -6.141565322552671E-02,  3.045308971489837E-01,  3.051283726401924E-02, -3.322295765379770E-02, -4.531767033564866E-03,  2.679473810416624E-03,
2450460.500000000, A.D. 1997-Jan-12 00:00:00.0000, -3.250249551196625E-01,  1.409923583528092E-01,  4.135192362176061E-02, -1.699236985632590E-02, -2.461330928586002E-02, -4.507293536864847E-04,
2450470.500000000, A.D. 1997-Jan-22 00:00:00.0000, -3.932903864918975E-01, -1.222124523272481E-01,  2.611858909171635E-02,  2.516821415901059E-03, -2.565062017930844E-02, -2.326274955973640E-03,
2450480.500000000, A.D. 1997-Feb-01 00:00:00.0000, -2.973003417542935E-01, -3.411033734248027E-01, -5.725539592136409E-04,  1.549924564305533E-02, -1.718426925023318E-02, -2.826406667803130E-03,
2450490.500000000, A.D. 1997-Feb-11 00:00:00.0000, -1.056969796419669E-01, -4.537453095423859E-01, -2.736147615421150E-02,  2.175488912902454E-02, -4.962982764187689E-03, -2.402343593333927E-03,
2450500.500000000, A.D. 1997-Feb-21 00:00:00.0000,  1.164022315165217E-01, -4.355951503739854E-01, -4.626602061255320E-02,  2.154051402489134E-02,  8.701137040831558E-03, -1.266517145859861E-03,
2450510.500000000, A.D. 1997-Mar-03 00:00:00.0000,  2.997962758528406E-01, -2.811279051955485E-01, -5.048268194111463E-02,  1.367484782636634E-02,  2.185287531366099E-02,  5.297919702616267E-04,
2450520.500000000, A.D. 1997-Mar-13 00:00:00.0000,  3.563038550716743E-01, -1.630496043659898E-02, -3.403771315330245E-02, -4.148675051933267E-03,  2.936659358176811E-02,  2.779613663943048E-03,
2450530.500000000, A.D. 1997-Mar-23 00:00:00.0000,  1.945252313649483E-01,  2.450128230454029E-01,  2.157927487495516E-03, -2.761894162786228E-02,  1.865456765363040E-02,  4.058991226027047E-03,
2450540.500000000, A.D. 1997-Apr-02 00:00:00.0000, -1.272339339180555E-01,  2.894092419253166E-01,  3.531935913196085E-02, -3.140800749829033E-02, -1.026465833547973E-02,  2.044538476994437E-03,
2450550.500000000, A.D. 1997-Apr-12 00:00:00.0000, -3.551602042520322E-01,  8.940137176672240E-02,  3.990357707143036E-02, -1.269522813814250E-02, -2.607502746934673E-02, -9.646121180978075E-04,
2450560.500000000, A.D. 1997-Apr-22 00:00:00.0000, -3.848669045629141E-01, -1.731126173564082E-01,  2.118701366496980E-02,  5.731175140357903E-03, -2.443349943787746E-02, -2.521922032697952E-03,
2450570.500000000, A.D. 1997-May-02 00:00:00.0000, -2.639638573115807E-01, -3.737010356472945E-01, -6.295950214635022E-03,  1.729073107126957E-02, -1.490438747912584E-02, -2.804613089244430E-03,
2450580.500000000, A.D. 1997-May-12 00:00:00.0000, -6.097602594221553E-02, -4.610794739548956E-01, -3.206609164720228E-02,  2.224855529199559E-02, -2.253863328663311E-03, -2.226343413198128E-03,
2450590.500000000, A.D. 1997-May-22 00:00:00.0000,  1.592742454097814E-01, -4.150780312821203E-01, -4.852564246412856E-02,  2.063161542189335E-02,  1.150251698204791E-02, -9.542301121191773E-04,
2450600.500000000, A.D. 1997-Jun-01 00:00:00.0000,  3.248447953266592E-01, -2.344124370711537E-01, -4.896598460384858E-02,  1.092311719334548E-02,  2.412003563218776E-02,  9.675938566126696E-04,
2450610.500000000, A.D. 1997-Jun-11 00:00:00.0000,  3.430489930157349E-01,  4.327084606133491E-02, -2.795441408928187E-02, -8.955589327279084E-03,  2.917443509581293E-02,  3.205162749556178E-03,
2450620.500000000, A.D. 1997-Jun-21 00:00:00.0000,  1.349062314159022E-01,  2.776975911157306E-01,  1.030049672001935E-02, -3.092722499000048E-02,  1.339715073003209E-02,  3.933204851313664E-03,
2450630.500000000, A.D. 1997-Jul-01 00:00:00.0000, -1.882710812875661E-01,  2.633502697474789E-01,  3.879346771149660E-02, -2.856431729680083E-02, -1.526182111144280E-02,  1.375297242725203E-03,
2450640.500000000, A.D. 1997-Jul-11 00:00:00.0000, -3.766468857016821E-01,  3.560297896688372E-02,  3.748117350445776E-02, -8.494293578899026E-03, -2.679793894414281E-02, -1.409294051614948E-03,
2450650.500000000, A.D. 1997-Jul-21 00:00:00.0000, -3.702165321881499E-01, -2.212311796009819E-01,  1.591132395637969E-02,  8.647402320351858E-03, -2.291278569409188E-02, -2.665399282266723E-03,
2450660.500000000, A.D. 1997-Jul-31 00:00:00.0000, -2.272621286863340E-01, -4.015483134628778E-01, -1.193996401747379E-02,  1.881246438331464E-02, -1.250379000913495E-02, -2.748201840729604E-03,
2450670.500000000, A.D. 1997-Aug-10 00:00:00.0000, -1.552121963317807E-02, -4.628658997233205E-01, -3.638471683202653E-02,  2.247634209245263E-02,  5.014944735099733E-04, -2.022168640194796E-03,
2450680.500000000, A.D. 1997-Aug-20 00:00:00.0000,  1.999688019610497E-01, -3.889037156477753E-01, -5.012317264756290E-02,  1.939391173489727E-02,  1.426917677943323E-02, -6.146033243403727E-04,
2450690.500000000, A.D. 1997-Aug-30 00:00:00.0000,  3.438576540725086E-01, -1.833574909272552E-01, -4.654070303788997E-02,  7.730070198242479E-03,  2.611078058802811E-02,  1.423327860574670E-03,
2450700.500000000, A.D. 1997-Sep-09 00:00:00.0000,  3.197882433834317E-01,  1.015622999997091E-01, -2.105744342816480E-02, -1.397030214901540E-02,  2.807138272923039E-02,  3.575382347280750E-03,
2450710.500000000, A.D. 1997-Sep-19 00:00:00.0000,  6.972977548615995E-02,  2.989466480823808E-01,  1.801916688913552E-02, -3.303812684044023E-02,  7.444694551792265E-03,  3.640725794054173E-03,
2450720.500000000, A.D. 1997-Sep-29 00:00:00.0000, -2.427432870000749E-01,  2.280286268220895E-01,  4.090833595205978E-02, -2.497766392773849E-02, -1.936257507401760E-02,  7.110705291430557E-04,
2450730.500000000, A.D. 1997-Oct-09 00:00:00.0000, -3.897861975601956E-01, -1.901502598421527E-02,  3.422552152259898E-02, -4.481575096248064E-03, -2.688902790348223E-02, -1.785090520657763E-03,
2450740.500000000, A.D. 1997-Oct-19 00:00:00.0000, -3.499431713038469E-01, -2.660070109787297E-01,  1.039249216763976E-02,  1.126793773170363E-02, -2.114170883689932E-02, -2.761277352985187E-03,
2450750.500000000, A.D. 1997-Oct-29 00:00:00.0000, -1.877331879636140E-01, -4.244181897941859E-01, -1.743689527964472E-02,  2.006994684792256E-02, -1.000191390212970E-02, -2.659255241050069E-03,
2450760.500000000, A.D. 1997-Nov-08 00:00:00.0000,  3.012920839954088E-02, -4.590188031858777E-01, -4.026105688955153E-02,  2.243173783288293E-02,  3.290915464447054E-03, -1.790205067032665E-03,
2450770.500000000, A.D. 1997-Nov-18 00:00:00.0000,  2.378056978938821E-01, -3.571628741671399E-01, -5.100361872851005E-02,  1.780559724234328E-02,  1.697287842340004E-02, -2.479385220558823E-04,
2450780.500000000, A.D. 1997-Nov-28 00:00:00.0000,  3.559311700700157E-01, -1.286070570223106E-01, -4.317656980998143E-02,  4.084769200891855E-03,  2.773125080043705E-02,  1.890319198318999E-03,
2450790.500000000, A.D. 1997-Dec-08 00:00:00.0000,  2.862913806913550E-01,  1.565833615519311E-01, -1.348813812389281E-02, -1.899223964872001E-02,  2.592421771503574E-02,  3.860963172027314E-03,
2450800.500000000, A.D. 1997-Dec-18 00:00:00.0000,  1.633562980912735E-03,  3.077199363769320E-01,  2.498655271196426E-02, -3.377690886464257E-02,  1.176955457795484E-03,  3.196540899170429E-03,
2450810.500000000, A.D. 1997-Dec-28 00:00:00.0000, -2.894236155576342E-01,  1.853378598424290E-01,  4.170588296615352E-02, -2.093033136724639E-02, -2.251566327897173E-02,  8.198146775064341E-05,
2450820.500000000, A.D. 1998-Jan-07 00:00:00.0000, -3.950202105291137E-01, -7.326568320825604E-02,  3.027424782359173E-02, -7.154021495358169E-04, -2.644968258078813E-02, -2.094912821201071E-03,
2450830.500000000, A.D. 1998-Jan-17 00:00:00.0000, -3.246430663070305E-01, -3.069711282745301E-01,  4.723736499733794E-03,  1.359810514687490E-02, -1.916417919400513E-02, -2.813629230402661E-03,
2450840.500000000, A.D. 1998-Jan-27 00:00:00.0000, -1.459144470572047E-01, -4.421188077018824E-01, -2.272156602498724E-02,  2.106609806423604E-02, -7.415504836802454E-03, -2.539410998202953E-03,
2450850.500000000, A.D. 1998-Feb-06 00:00:00.0000,  7.540663787734159E-02, -4.494823530317812E-01, -4.363820053586581E-02,  2.210482892825021E-02,  6.100616497737052E-03, -1.530670387846445E-03,
2450860.500000000, A.D. 1998-Feb-16 00:00:00.0000,  2.720431144604110E-01, -3.200223659904915E-01, -5.111237193685560E-02,  1.584281945659180E-02,  1.957672026524147E-02,  1.449394488328757E-04,
2450870.500000000, A.D. 1998-Feb-26 00:00:00.0000,  3.601476533332468E-01, -7.103302984343154E-02, -3.886041145041342E-02, -5.246703089687114E-06,  2.886633974326722E-02,  2.358475442367680E-03,
2450880.500000000, A.D. 1998-Mar-08 00:00:00.0000,  2.428151982847288E-01,  2.061136445721971E-01, -5.451271315543437E-03, -2.374712629154016E-02,  2.265574980727993E-02,  4.030423405386351E-03,
2450890.500000000, A.D. 1998-Mar-18 00:00:00.0000, -6.653675846283347E-02,  3.038012358603034E-01,  3.092393792111880E-02, -3.312662172230266E-02, -4.987568121726790E-03,  2.633275871378584E-03,
2450900.500000000, A.D. 1998-Mar-28 00:00:00.0000, -3.276215709021477E-01,  1.371910454377528E-01,  4.127907385370746E-02, -1.666535778575940E-02, -2.475243153084019E-02, -4.922332278377647E-04,
2450910.500000000, A.D. 1998-Apr-07 00:00:00.0000, -3.928845679645884E-01, -1.261558039461252E-01,  2.575759252597355E-02,  2.771247561087243E-03, -2.557026274413736E-02, -2.343128292465170E-03,
2450920.500000000, A.D. 1998-Apr-17 00:00:00.0000, -2.949013187539350E-01, -3.437357690399653E-01, -1.009732103800008E-03,  1.564493044068847E-02, -1.701602853400730E-02, -2.826035902488986E-03,
2450930.500000000, A.D. 1998-Apr-27 00:00:00.0000, -1.023398203945460E-01, -4.544920227857078E-01, -2.773227850932723E-02,  2.180174901152535E-02, -4.759246643638739E-03, -2.389946527576094E-03,
2450940.500000000, A.D. 1998-May-07 00:00:00.0000,  1.197200221767116E-01, -4.342346726430817E-01, -4.646029200859448E-02,  2.148273796570302E-02,  8.914561749890866E-03, -1.243680982206684E-03,
2450950.500000000, A.D. 1998-May-17 00:00:00.0000,  3.018917306817547E-01, -2.777418222468812E-01, -5.039819449927415E-02,  1.348098791635732E-02,  2.203298078239406E-02,  5.624115296944789E-04,
2450960.500000000, A.D. 1998-May-27 00:00:00.0000,  3.556385570780430E-01, -1.177354406005039E-02, -3.360528364868413E-02, -4.503092191833579E-03,  2.938044569911592E-02,  2.813347574721272E-03,
2450970.500000000, A.D. 1998-Jun-06 00:00:00.0000,  1.902475973878814E-01,  2.478619943498729E-01,  2.784701004054302E-03, -2.790583874010126E-02,  1.828669011741805E-02,  4.055231430907938E-03,
2450980.500000000, A.D. 1998-Jun-16 00:00:00.0000, -1.320573733653135E-01,  2.877990845908960E-01,  3.563096236947025E-02, -3.122473880194089E-02, -1.067222692053535E-02,  1.994283606209967E-03,
2450990.500000000, A.D. 1998-Jun-26 00:00:00.0000, -3.570901190379181E-01,  8.538200992472658E-02,  3.975140880951319E-02, -1.237183292257458E-02, -2.615437488249155E-02, -1.000897783405948E-03,
2451000.500000000, A.D. 1998-Jul-06 00:00:00.0000, -3.839660128593751E-01, -1.768653050937281E-01,  2.079592903201666E-02,  5.962862678953454E-03, -2.432812932794998E-02, -2.534631628020181E-03,
2451010.500000000, A.D. 1998-Jul-16 00:00:00.0000, -2.612898202643450E-01, -3.759810316498720E-01, -6.729648661802047E-03,  1.741568701607158E-02, -1.472627294547837E-02, -2.801516041743072E-03,
2451020.500000000, A.D. 1998-Jul-26 00:00:00.0000, -5.754421349076554E-02, -4.614081350214075E-01, -3.240949802264219E-02,  2.227539009520571E-02, -2.046184797302673E-03, -2.211771880352847E-03,
2451030.500000000, A.D. 1998-Aug-05 00:00:00.0000,  1.624498128388594E-01, -4.132852631880377E-01, -4.867134389738958E-02,  2.054954994590161E-02,  1.171421717424750E-02, -9.292995773349188E-04,
2451040.500000000, A.D. 1998-Aug-15 00:00:00.0000,  3.265128111175307E-01, -2.306767335377873E-01, -4.881348966927585E-02,  1.069631683759563E-02,  2.428208861497433E-02,  1.001759356247097E-03,
2451050.500000000, A.D. 1998-Aug-25 00:00:00.0000,  3.416393715061664E-01,  4.777007517210572E-02, -2.745615357517034E-02, -9.331266454094928E-03,  2.912441135783472E-02,  3.235617017976704E-03,
2451060.500000000, A.D. 1998-Sep-04 00:00:00.0000,  1.301223735723668E-01,  2.797331450032576E-01,  1.090721326534702E-02, -3.113227510950476E-02,  1.296523163849200E-02,  3.916676894798396E-03,
2451070.500000000, A.D. 1998-Sep-14 00:00:00.0000, -1.926531885639451E-01,  2.609759332078946E-01,  3.900190027966249E-02, -2.831436097046799E-02, -1.560542944929350E-02,  1.324138167168909E-03,
2451080.500000000, A.D. 1998-Sep-24 00:00:00.0000, -3.779321099362520E-01,  3.147766136623793E-02,  3.726094072244638E-02, -8.182510307427213E-03, -2.682555228510437E-02, -1.440281870574204E-03,
2451090.500000000, A.D. 1998-Oct-04 00:00:00.0000, -3.688701391032049E-01, -2.247461612999705E-01,  1.549861352659436E-02,  8.856438088272562E-03, -2.278671488426389E-02, -2.674329258655851E-03,
2451100.500000000, A.D. 1998-Oct-14 00:00:00.0000, -2.243575352750163E-01, -4.034564155226892E-01, -1.236450463285622E-02,  1.891718472756266E-02, -1.231745542618233E-02, -2.742567195578208E-03,
2451110.500000000, A.D. 1998-Oct-24 00:00:00.0000, -1.205809444508321E-02, -4.627692021351700E-01, -3.669623252216890E-02,  2.248280709672738E-02,  7.120832451493543E-04, -2.005483240648686E-03,
2451120.500000000, A.D. 1998-Nov-03 00:00:00.0000,  2.029497963672658E-01, -3.866850370905103E-01, -5.021616281003291E-02,  1.928608658799633E-02,  1.447709587979505E-02, -5.876159502864557E-04,
2451130.500000000, A.D. 1998-Nov-13 00:00:00.0000,  3.450293405000782E-01, -1.793173996323381E-01, -4.631775679674872E-02,  7.469206364707656E-03,  2.624823942529871E-02,  1.458602980924713E-03,
2451140.500000000, A.D. 1998-Nov-23 00:00:00.0000,  3.176033914527605E-01,  1.058851348563572E-01, -2.050253431316718E-02, -1.435445754261186E-02,  2.794633913786676E-02,  3.600469704200371E-03,
2451150.500000000, A.D. 1998-Dec-03 00:00:00.0000,  6.462649082521099E-02,  3.000612582427307E-01,  1.857971740804292E-02, -3.314332095406829E-02,  6.974675183190633E-03,  3.611910477860275E-03,
2451160.500000000, A.D. 1998-Dec-13 00:00:00.0000, -2.465710568900781E-01,  2.250274855505209E-01,  4.101447419399247E-02, -2.468324910964804E-02, -1.963476821187923E-02,  6.616821881527673E-04,
2451170.500000000, A.D. 1998-Dec-23 00:00:00.0000, -3.904561614326488E-01, -2.315113902901585E-02,  3.394795189755657E-02, -4.186874698298012E-03, -2.687294268147230E-02, -1.810916989296933E-03,
2451180.500000000, A.D. 1999-Jan-02 00:00:00.0000, -3.481967492989469E-01, -2.692477474473691E-01,  9.965677896306303E-03,  1.145464612769531E-02, -2.099856762969188E-02, -2.766749389047022E-03,
2451190.500000000, A.D. 1999-Jan-12 00:00:00.0000, -1.846390554076796E-01, -4.259404919826245E-01, -1.784701525394844E-02,  2.015468503575392E-02, -9.808688468644019E-03, -2.651218973058124E-03,
2451200.500000000, A.D. 1999-Jan-22 00:00:00.0000,  3.358074106799935E-02, -4.584931972337493E-01, -4.053615968404670E-02,  2.241715298121844E-02,  3.503416394347441E-03, -1.771433695504014E-03,
2451210.500000000, A.D. 1999-Feb-01 00:00:00.0000,  2.405370951794689E-01, -3.545302435607874E-01, -5.103962215139683E-02,  1.767031433860656E-02,  1.717449251376624E-02, -2.189534245297954E-04,
2451220.500000000, A.D. 1999-Feb-11 00:00:00.0000,  3.565372321307850E-01, -1.243228874025470E-01, -4.288160625275694E-02,  3.789851620736233E-03,  2.783610624433024E-02,  1.926043888092851E-03,
2451230.500000000, A.D. 1999-Feb-21 00:00:00.0000,  2.833350998556828E-01,  1.605657013691132E-01, -1.289024066259224E-02, -1.936618741099459E-02,  2.571596099411464E-02,  3.878295636781593E-03,
2451240.500000000, A.D. 1999-Mar-03 00:00:00.0000, -3.569874026750849E-03,  3.078684235415982E-01,  2.547718273697801E-02, -3.377506233996296E-02,  7.007767172813227E-04,  3.157385697297563E-03,
2451250.500000000, A.D. 1999-Mar-13 00:00:00.0000, -2.926222196238176E-01,  1.818619016908785E-01,  4.171529852587196E-02, -2.061198069591536E-02, -2.271612016425216E-02,  3.626683455873585E-05,
2451260.500000000, A.D. 1999-Mar-23 00:00:00.0000, -3.951124400549966E-01, -7.732520702561765E-02,  2.994985008661579E-02, -4.414263992175171E-04, -2.639733161281432E-02, -2.115862137702132E-03,
2451270.500000000, A.D. 1999-Apr-02 00:00:00.0000, -3.225437007382644E-01, -3.099022397445334E-01,  4.289854873764156E-03,  1.376279221682735E-02, -1.900721266270677E-02, -2.815944879878381E-03,
2451280.500000000, A.D. 1999-Apr-12 00:00:00.0000, -1.426748815864476E-01, -4.432416776724212E-01, -2.311234159513010E-02,  2.113092043585748E-02, -7.216859462234028E-03, -2.529103533614365E-03,
2451290.500000000, A.D. 1999-Apr-22 00:00:00.0000,  7.879881924515829E-02, -4.485275382551808E-01, -4.387274175274267E-02,  2.206835101913099E-02,  6.313577371804000E-03, -1.509854381555526E-03,
2451300.500000000, A.D. 1999-May-02 00:00:00.0000,  2.744640268556748E-01, -3.169979147058026E-01, -5.108784912446076E-02,  1.567842755387759E-02,  1.976849491946409E-02,  1.757887572640939E-04,
2451310.500000000, A.D. 1999-May-12 00:00:00.0000,  3.601204319630117E-01, -6.658958209636728E-02, -3.849433615360780E-02, -3.321485945804229E-04,  2.892891807268840E-02,  2.393676381937752E-03,
2451320.500000000, A.D. 1999-May-22 00:00:00.0000,  2.391361349195897E-01,  2.095757376917169E-01, -4.829635171043794E-03, -2.408725553685212E-02,  2.236246235337564E-02,  4.037696302604380E-03,
2451330.500000000, A.D. 1999-Jun-01 00:00:00.0000, -7.162382515444024E-02,  3.030007187833670E-01,  3.132619231964814E-02, -3.302375257004101E-02, -5.438856544899820E-03,  2.586880805632985E-03,
2451340.500000000, A.D. 1999-Jun-11 00:00:00.0000, -3.301600062422969E-01,  1.333778868911510E-01,  4.120025024837824E-02, -1.633936077996517E-02, -2.488631306871590E-02, -5.331981006798345E-04,
2451350.500000000, A.D. 1999-Jun-21 00:00:00.0000, -3.924422524339808E-01, -1.300763555276127E-01,  2.539553365979614E-02,  3.023060472446233E-03, -2.548796691780003E-02, -2.359581601272649E-03,
2451360.500000000, A.D. 1999-Jul-01 00:00:00.0000, -2.924904941653731E-01, -3.463352959717407E-01, -1.444912066755163E-03,  1.578835895070136E-02, -1.684749638892372E-02, -2.825440731141771E-03,
2451370.500000000, A.D. 1999-Jul-11 00:00:00.0000, -9.899129901112474E-02, -4.552075075633673E-01, -2.809942373454534E-02,  2.184674709341117E-02, -4.556063344697371E-03, -2.377433268825453E-03,
2451380.500000000, A.D. 1999-Jul-21 00:00:00.0000,  1.230116992698284E-01, -4.328518540945315E-01, -4.665014348310317E-02,  2.142330091404173E-02,  9.126753106531771E-03, -1.220808022148189E-03,
2451390.500000000, A.D. 1999-Jul-31 00:00:00.0000,  3.039452577033119E-01, -2.743502778987414E-01, -5.030941125195815E-02,  1.328566817880475E-02,  2.221082255471453E-02,  5.949569374674722E-04,
2451400.500000000, A.D. 1999-Aug-10 00:00:00.0000,  3.549217573434368E-01, -7.269089675216936E-03, -3.317054846325969E-02, -4.857463789539228E-03,  2.938986943015948E-02,  2.846697266808306E-03,
2451410.500000000, A.D. 1999-Aug-20 00:00:00.0000,  1.859478722011049E-01,  2.506361683880099E-01,  3.407065983017875E-03, -2.818614263121424E-02,  1.791537292119035E-02,  4.050588411973895E-03,
2451420.500000000, A.D. 1999-Aug-30 00:00:00.0000, -1.368311906795452E-01,  2.861300988277281E-01,  3.593306072440280E-02, -3.103676635371756E-02, -1.107378475633691E-02,  1.944115579653342E-03,
2451430.500000000, A.D. 1999-Sep-09 00:00:00.0000, -3.589625130114374E-01,  8.136242324813492E-02,  3.959409798470170E-02, -1.205032102258899E-02, -2.622935125909162E-02, -1.036624996466656E-03,
2451440.500000000, A.D. 1999-Sep-19 00:00:00.0000, -3.830324527809646E-01, -1.805914241923319E-01,  2.040439645320512E-02,  6.191939912422589E-03, -2.422141544678824E-02, -2.546976385512270E-03,
2451450.500000000, A.D. 1999-Sep-29 00:00:00.0000, -2.586073056404722E-01, -3.782286144718562E-01, -7.161017462489995E-03,  1.753842332841532E-02, -1.454815934450220E-02, -2.798214711903306E-03,
2451460.500000000, A.D. 1999-Oct-09 00:00:00.0000, -5.412457393199133E-02, -4.617084578892979E-01, -3.274907516005749E-02,  2.230028907607344E-02, -1.839289883204540E-03, -2.197099751542368E-03,
2451470.500000000, A.D. 1999-Oct-19 00:00:00.0000,  1.655948831302909E-01, -4.114758684416875E-01, -4.881268846375820E-02,  2.046575997755474E-02,  1.192432207412866E-02, -9.043674544290164E-04,
2451480.500000000, A.D. 1999-Oct-29 00:00:00.0000,  3.281349405006914E-01, -2.269460688266309E-01, -4.865731425218628E-02,  1.046826721866725E-02,  2.444128167361012E-02,  1.035769987684064E-03,
2451490.500000000, A.D. 1999-Nov-08 00:00:00.0000,  3.401802925584800E-01,  5.222580603468321E-02, -2.695736207398213E-02, -9.705750171907607E-03,  2.906953899647376E-02,  3.265539396315965E-03,
2451500.500000000, A.D. 1999-Nov-18 00:00:00.0000,  1.253332260855058E-01,  2.816839872987509E-01,  1.150696390034901E-02, -3.132978196399715E-02,  1.253202431339151E-02,  3.899366783917304E-03,
2451510.500000000, A.D. 1999-Nov-28 00:00:00.0000, -1.969786628255226E-01,  2.585509134256480E-01,  3.920083115133625E-02, -2.806171871678266E-02, -1.594281355989047E-02,  1.273292902478613E-03,
2451520.500000000, A.D. 1999-Dec-08 00:00:00.0000, -3.791635842413438E-01,  2.735288185055161E-02,  3.703618799028480E-02, -7.872735945052172E-03, -2.684971021008179E-02, -1.470753575921183E-03,
2451530.500000000, A.D. 1999-Dec-18 00:00:00.0000, -3.674926088061616E-01, -2.282391609964043E-01,  1.508560072114845E-02,  9.063210706649545E-03, -2.265948293323837E-02, -2.682929412063662E-03,
2451540.500000000, A.D. 1999-Dec-28 00:00:00.0000, -2.214432556663294E-01, -4.053365347331020E-01, -1.278673843460163E-02,  1.901986308364893E-02, -1.213097838229083E-02, -2.736730384880016E-03,
2451550.500000000, A.D. 2000-Jan-07 00:00:00.0000, -8.605084943394861E-03, -4.626468815190956E-01, -3.700389493559263E-02,  2.248734031243052E-02,  9.220539826600997E-04, -1.988689207457069E-03,
2451560.500000000, A.D. 2000-Jan-17 00:00:00.0000,  2.059018672499323E-01, -3.844514222818043E-01, -5.030471856611762E-02,  1.917645382808863E-02,  1.468342856945009E-02, -5.606276734475255E-04,
2451570.500000000, A.D. 2000-Jan-27 00:00:00.0000,  3.461562615641496E-01, -1.752857052144897E-01, -4.609124116348706E-02,  7.207167130859117E-03,  2.638244836945449E-02,  1.493675006458222E-03,
2451580.500000000, A.D. 2000-Feb-06 00:00:00.0000,  3.153758320323926E-01,  1.101556402258193E-01, -1.994827531476559E-02, -1.473610499242282E-02,  2.781603005829783E-02,  3.624858260837833E-03,
2451590.500000000, A.D. 2000-Feb-16 00:00:00.0000,  5.954038220492096E-02,  3.010920166301590E-01,  1.913133599539302E-02, -3.324035537652732E-02,  6.505880687978458E-03,  3.582447909033056E-03,
2451600.500000000, A.D. 2000-Feb-26 00:00:00.0000, -2.503320848423053E-01,  2.219934230085294E-01,  4.111153085599322E-02, -2.438808467071308E-02, -1.990065561945438E-02,  6.127805842616191E-04,
2451610.500000000, A.D. 2000-Mar-07 00:00:00.0000, -3.910740728931555E-01, -2.727544483422755E-02,  3.366673851819098E-02, -3.894672531364527E-03, -2.685424040767572E-02, -1.836258656035722E-03,
2451620.500000000, A.D. 2000-Mar-17 00:00:00.0000, -3.464226673400754E-01, -2.724618321104116E-01,  9.539015051889638E-03,  1.163909360142068E-02, -2.085474582450099E-02, -2.771932454386789E-03,
2451630.500000000, A.D. 2000-Mar-27 00:00:00.0000, -1.815382613868866E-01, -4.274337095553985E-01, -1.825469340333773E-02,  2.023743767813248E-02, -9.615584092432353E-03, -2.643003413987714E-03,
2451640.500000000, A.D. 2000-Apr-06 00:00:00.0000,  3.701949873467180E-02, -4.579431118103826E-01, -4.080743695312473E-02,  2.240064880118807E-02,  3.715088320272111E-03, -1.752565470041269E-03,
2451650.500000000, A.D. 2000-Apr-16 00:00:00.0000,  2.432369233460396E-01, -3.518863160546139E-01, -5.107135461445624E-02,  1.753323482623189E-02,  1.737420433048375E-02, -1.899873703938516E-04,
2451660.500000000, A.D. 2000-Apr-26 00:00:00.0000,  3.570971129243797E-01, -1.200550665726167E-01, -4.258364134471009E-02,  3.494097452438327E-03,  2.793716198980455E-02,  1.961494525191146E-03,
2451670.500000000, A.D. 2000-May-06 00:00:00.0000,  2.803435191691199E-01,  1.644838305928462E-01, -1.229464918147885E-02, -1.973612183679691E-02,  2.550264158015064E-02,  3.894811571003843E-03,
2451680.500000000, A.D. 2000-May-16 00:00:00.0000, -8.739951671455597E-03,  3.079369269078508E-01,  2.595773582910310E-02, -3.376587770447560E-02,  2.280607259604203E-04,  3.117842421884475E-03,
2451690.500000000, A.D. 2000-May-26 00:00:00.0000, -2.957544110669990E-01,  1.783634354023726E-01,  4.171651962415074E-02, -2.029414140839990E-02, -2.291100878803975E-02, -8.908716862873438E-06,
2451700.500000000, A.D. 2000-Jun-05 00:00:00.0000, -3.951569941133024E-01, -8.137042933725375E-02,  2.962241717295824E-02, -1.698053290862782E-04, -2.634291883699707E-02, -2.136381300192535E-03,
2451710.500000000, A.D. 2000-Jun-15 00:00:00.0000, -3.204183668144969E-01, -3.128071319889075E-01,  3.856329420376994E-03,  1.392552549254750E-02, -1.884966059995132E-02, -2.817995882373361E-03,
2451720.500000000, A.D. 2000-Jun-25 00:00:00.0000, -1.394275609621422E-01, -4.443358055161306E-01, -2.350058710643320E-02,  2.119399352723326E-02, -7.018250119051877E-03, -2.518617647682437E-03,
2451730.500000000, A.D. 2000-Jul-05 00:00:00.0000,  8.218100346457578E-02, -4.475474304544299E-01, -4.410329879622187E-02,  2.203004098274513E-02,  6.525829185878867E-03, -1.488928279572262E-03,
2451740.500000000, A.D. 2000-Jul-15 00:00:00.0000,  2.768560952487183E-01, -3.139609208499902E-01, -5.105877948315221E-02,  1.551215765440050E-02,  1.995827413844209E-02,  2.066214660295950E-04,
2451750.500000000, A.D. 2000-Jul-25 00:00:00.0000,  3.600498427473515E-01, -6.216485171168822E-02, -3.812534215336005E-02, -6.595914583170866E-04,  2.898704562328280E-02,  2.428508091913381E-03,
2451760.500000000, A.D. 2000-Aug-04 00:00:00.0000,  2.354357097095092E-01,  2.129671236043802E-01, -4.211988555171505E-03, -2.442146296307490E-02,  2.206466570709138E-02,  4.043991074338663E-03,
2451770.500000000, A.D. 2000-Aug-14 00:00:00.0000, -7.665603912408520E-02,  3.021341582723273E-01,  3.171735426267413E-02, -3.291484893796176E-02, -5.884422393105685E-03,  2.540376384608462E-03,
2451780.500000000, A.D. 2000-Aug-24 00:00:00.0000, -3.326286852426467E-01,  1.295616538919443E-01,  4.111416781871487E-02, -1.601523514096339E-02, -2.501533521887145E-02, -5.735644997450391E-04,
2451790.500000000, A.D. 2000-Sep-03 00:00:00.0000, -3.919558531627709E-01, -1.339717176972085E-01,  2.503129778861598E-02,  3.272271781910156E-03, -2.540439207301950E-02, -2.375643385525700E-03,
2451800.500000000, A.D. 2000-Sep-13 00:00:00.0000, -2.900583924734915E-01, -3.489039489192972E-01, -1.879240947305098E-03,  1.592977742371474E-02, -1.667885972128366E-02, -2.824609598444903E-03,
2451810.500000000, A.D. 2000-Sep-23 00:00:00.0000, -9.564055633719318E-02, -4.558934179267644E-01, -2.846374676620052E-02,  2.188987518242898E-02, -4.353218231208352E-03, -2.364756736401891E-03,
2451820.500000000, A.D. 2000-Oct-03 00:00:00.0000,  1.262865426136495E-01, -4.314454105693565E-01, -4.683590088433340E-02,  2.136191649307718E-02,  9.338028164496274E-03, -1.197848595109353E-03,
2451830.500000000, A.D. 2000-Oct-13 00:00:00.0000,  3.059624556977922E-01, -2.709495852747814E-01, -5.021624221442938E-02,  1.308846074258305E-02,  2.238652868211235E-02,  6.274584107631864E-04,
2451840.500000000, A.D. 2000-Oct-23 00:00:00.0000,  3.541547401883380E-01, -2.788032787909015E-03, -3.273328681846104E-02, -5.212191351671621E-03,  2.939472175565382E-02,  2.879658123658904E-03,
2451850.500000000, A.D. 2000-Nov-02 00:00:00.0000,  1.816238108675180E-01,  2.533367081785904E-01,  4.025112726257208E-03, -2.846019604180497E-02,  1.754032360118989E-02,  4.045048923335852E-03,
2451860.500000000, A.D. 2000-Nov-12 00:00:00.0000, -1.415606179176088E-01,  2.843984166260192E-01,  3.622551571557373E-02, -3.084417226080085E-02, -1.147011919136831E-02,  1.893983910849646E-03,
2451870.500000000, A.D. 2000-Nov-22 00:00:00.0000, -3.607791485042101E-01,  7.733142831561095E-02,  3.943075156206150E-02, -1.172999388114075E-02, -2.630044978203201E-02, -1.071875209892455E-03,
2451880.500000000, A.D. 2000-Dec-02 00:00:00.0000, -3.820600057339297E-01, -1.843035139739109E-01,  2.001092713113136E-02,  6.419207596398670E-03, -2.411315863369210E-02, -2.558988709547734E-03,
2451890.500000000, A.D. 2000-Dec-12 00:00:00.0000, -2.559031416667525E-01, -3.804517946032633E-01, -7.591587786839836E-03,  1.765950402661218E-02, -1.436937937947895E-02, -2.794686742222184E-03,
2451900.500000000, A.D. 2000-Dec-22 00:00:00.0000, -5.069994744023862E-02, -4.619802591845156E-01, -3.308589249572740E-02,  2.232346924681832E-02, -1.632232573120522E-03, -2.182257667037542E-03,
2451910.500000000, A.D. 2001-Jan-01 00:00:00.0000,  1.687264923391241E-01, -4.096395148755040E-01, -4.894981999546058E-02,  2.037997097990558E-02,  1.213387371790906E-02, -8.793180990833739E-04,
2451920.500000000, A.D. 2001-Jan-11 00:00:00.0000,  3.297221621870881E-01, -2.232008841199794E-01, -4.849627357082680E-02,  1.023801297090403E-02,  2.459830058370800E-02,  1.069766934024627E-03,
2451930.500000000, A.D. 2001-Jan-21 00:00:00.0000,  3.386708804125677E-01,  5.665900922899393E-02, -2.645576244750905E-02, -1.008026107849621E-02,  2.900928156147726E-02,  3.294975865438236E-03,
2451940.500000000, A.D. 2001-Jan-31 00:00:00.0000,  1.205310362887275E-01,  2.835606033073139E-01,  1.210144898142673E-02, -3.151975212875423E-02,  1.209632441126242E-02,  3.881131058327966E-03,
2451950.500000000, A.D. 2001-Feb-10 00:00:00.0000, -2.012519061916732E-01,  2.560771913096407E-01,  3.939050783607826E-02, -2.780594203578557E-02, -1.627450533175797E-02,  1.222638575155843E-03,
2451960.500000000, A.D. 2001-Feb-20 00:00:00.0000, -3.803413153019016E-01,  2.322666920642580E-02,  3.680617381252919E-02, -7.564513534108832E-03, -2.687069704696319E-02, -1.500788997295081E-03,
2451970.500000000, A.D. 2001-Mar-02 00:00:00.0000, -3.660788796833672E-01, -2.317135927936658E-01,  1.467091856197584E-02,  9.268267905315061E-03, -2.253107203123994E-02, -2.691243237357037E-03,
2451980.500000000, A.D. 2001-Mar-12 00:00:00.0000, -2.185088484105460E-01, -4.071899957051915E-01, -1.320822937829094E-02,  1.912099379059938E-02, -1.194395266788389E-02, -2.730684886768017E-03,
2451990.500000000, A.D. 2001-Mar-22 00:00:00.0000, -5.148001219630552E-03, -4.624942654780221E-01, -3.730889622473651E-02,  2.249015480457307E-02,  1.132189552516637E-03, -1.971716709319282E-03,
2452000.500000000, A.D. 2001-Apr-01 00:00:00.0000,  2.088387356404718E-01, -3.821890004738808E-01, -5.038897615478052E-02,  1.906464942614349E-02,  1.488918906640455E-02, -5.334965251075575E-04,
2452010.500000000, A.D. 2001-Apr-11 00:00:00.0000,  3.472441269505991E-01, -1.712390688413292E-01, -4.585955782768809E-02,  6.942667595108626E-03,  2.651414924045675E-02,  1.528740348231605E-03,
2452020.500000000, A.D. 2001-Apr-21 00:00:00.0000,  3.130943237981659E-01,  1.143983820139362E-01, -1.939131662530192E-02, -1.511714705085205E-02,  2.767972553431750E-02,  3.648662228664621E-03,
2452030.500000000, A.D. 2001-May-01 00:00:00.0000,  5.444706435976896E-02,  3.020471071316975E-01,  1.967710387971596E-02, -3.332955765935706E-02,  6.036102543481157E-03,  3.552161960451745E-03,
2452040.500000000, A.D. 2001-May-11 00:00:00.0000, -2.540438599310378E-01,  2.189166093870433E-01,  4.120018251615871E-02, -2.409080568442112E-02, -2.016132923218272E-02,  5.641225864683469E-04,
2452050.500000000, A.D. 2001-May-21 00:00:00.0000, -3.916433834053919E-01, -3.140194225331116E-02,  3.338073673335634E-02, -3.603672441273102E-03, -2.683282892314683E-02, -1.861235238054919E-03,
2452060.500000000, A.D. 2001-May-31 00:00:00.0000, -3.446130582819397E-01, -2.756596760429426E-01,  9.110631678962047E-03,  1.182226394047050E-02, -2.070967361971337E-02, -2.776859682061171E-03,
2452070.500000000, A.D. 2001-Jun-10 00:00:00.0000, -1.784144448244170E-01, -4.289007714544794E-01, -1.866180323881311E-02,  2.031890735493339E-02, -9.421671390138818E-03, -2.634575523835523E-03,
2452080.500000000, A.D. 2001-Jun-20 00:00:00.0000,  4.046672330639582E-02, -4.573603430119506E-01, -4.107605599625996E-02,  2.238244500006527E-02,  3.927218425180757E-03, -1.733489129049927E-03,
2452090.500000000, A.D. 2001-Jun-30 00:00:00.0000,  2.459245483641233E-01, -3.492090367210967E-01, -5.109842530604413E-02,  1.739368560401202E-02,  1.757341593341671E-02, -1.608410618743991E-04,
2452100.500000000, A.D. 2001-Jul-10 00:00:00.0000,  3.576174550292533E-01, -1.157703917966969E-01, -4.228004102868591E-02,  3.195646217243085E-03,  2.803500919549541E-02,  1.996897604070273E-03,
2452110.500000000, A.D. 2001-Jul-20 00:00:00.0000,  2.773028254669905E-01,  1.683665359374824E-01, -1.169728545903221E-02, -2.010381895166639E-02,  2.528267803553899E-02,  3.910520694580752E-03,
2452120.500000000, A.D. 2001-Jul-30 00:00:00.0000, -1.389679943852909E-02,  3.079334238912529E-01,  2.643078201984954E-02, -3.374881658868574E-02, -2.431628810004671E-04,  3.077652352048489E-03,
2452130.500000000, A.D. 2001-Aug-09 00:00:00.0000, -2.988302447335414E-01,  1.748378910052500E-01,  4.170971210111295E-02, -1.997567771709475E-02, -2.310094433597365E-02, -5.373794555875481E-05,
2452140.500000000, A.D. 2001-Aug-19 00:00:00.0000, -3.951538171649602E-01, -8.540864246448017E-02,  2.929068030789809E-02,  1.003472479205589E-04, -2.628646494914412E-02, -2.156572390393835E-03,
2452150.500000000, A.D. 2001-Aug-29 00:00:00.0000, -3.182591592835389E-01, -3.156913784370806E-01,  3.421201933690718E-03,  1.408698911996830E-02, -1.869115785817399E-02, -2.819818570637907E-03,
2452160.500000000, A.D. 2001-Sep-08 00:00:00.0000, -1.361589975926815E-01, -4.454010784183828E-01, -2.388828056563067E-02,  2.125572750567585E-02, -6.818899800134721E-03, -2.507919483835137E-03,
2452170.500000000, A.D. 2001-Sep-18 00:00:00.0000,  8.556867082075957E-02, -4.465320068580113E-01, -4.433111077230493E-02,  2.198984275649446E-02,  6.738575114098284E-03, -1.467774967368841E-03,
2452180.500000000, A.D. 2001-Sep-28 00:00:00.0000,  2.792303151189053E-01, -3.108875965651357E-01, -5.102470368142496E-02,  1.534306812194159E-02,  2.014755115196306E-02,  2.376656527479331E-04,
2452190.500000000, A.D. 2001-Oct-08 00:00:00.0000,  3.599300850566163E-01, -5.772198519771413E-02, -3.775010776521417E-02, -9.900855140139847E-04,  2.904153933102833E-02,  2.463299373759683E-03,
2452200.500000000, A.D. 2001-Oct-18 00:00:00.0000,  2.316779255125623E-01,  2.163188304373278E-01, -3.592355742150661E-03, -2.475265873879579E-02,  2.175998085641927E-02,  4.049416876551483E-03,
2452210.500000000, A.D. 2001-Oct-28 00:00:00.0000, -8.168041789542063E-02,  3.011968247178658E-01,  3.210174908826850E-02, -3.279882202302670E-02, -6.327980058625437E-03,  2.493369773587785E-03,
2452220.500000000, A.D. 2001-Nov-07 00:00:00.0000, -3.350517483849722E-01,  1.257151599567626E-01,  4.102115238296599E-02, -1.569028886652092E-02, -2.514020123061826E-02, -6.136577345637324E-04,
2452230.500000000, A.D. 2001-Nov-17 00:00:00.0000, -3.914269712979270E-01, -1.378666166855841E-01,  2.466306550791471E-02,  3.520620967909977E-03, -2.531866442237534E-02, -2.391433407841653E-03,
2452240.500000000, A.D. 2001-Nov-27 00:00:00.0000, -2.875932727729729E-01, -3.514551731528524E-01, -2.315149189829179E-03,  1.607020828385518E-02, -1.650881084229900E-02, -2.823558262404261E-03,
2452250.500000000, A.D. 2001-Dec-07 00:00:00.0000, -9.226744195699633E-02, -4.565487179459094E-01, -2.882749073569863E-02,  2.193180598513169E-02, -4.149114249221451E-03, -2.351860161685250E-03,
2452260.500000000, A.D. 2001-Dec-17 00:00:00.0000,  1.295687161147867E-01, -4.299966062451773E-01, -4.701866616564167E-02,  2.129860534546699E-02,  9.550327691179672E-03, -1.174620332983141E-03,
2452270.500000000, A.D. 2001-Dec-27 00:00:00.0000,  3.079610440516084E-01, -2.675011125168654E-01, -5.011717029587887E-02,  1.288790757088770E-02,  2.256197715075700E-02,  6.602535795592199E-04,
2452280.500000000, A.D. 2002-Jan-06 00:00:00.0000,  3.533312813344999E-01,  1.719647642261446E-03, -3.228835303168820E-02, -5.570449730873163E-03,  2.939494551103441E-02,  2.912560093753768E-03,
2452290.500000000, A.D. 2002-Jan-16 00:00:00.0000,  1.772413791938871E-01,  2.559949831709142E-01,  4.645229821483173E-03, -2.872947876647968E-02,  1.715814360352175E-02,  4.038464006042952E-03,
2452300.500000000, A.D. 2002-Jan-26 00:00:00.0000, -1.462749482308126E-01,  2.826046605542245E-01,  3.651138782279588E-02, -3.064512712532075E-02, -1.186316691740337E-02,  1.843499462734621E-03,
2452310.500000000, A.D. 2002-Feb-05 00:00:00.0000, -3.625515413683809E-01,  7.328213288426710E-02,  3.926148964790893E-02, -1.140943510419540E-02, -2.636763611085705E-02, -1.106843344754392E-03,
2452320.500000000, A.D. 2002-Feb-15 00:00:00.0000, -3.810495929779473E-01, -1.880060169567843E-01,  1.961430936364697E-02,  6.645480024793302E-03, -2.400301683433874E-02, -2.570757255586481E-03,
2452330.500000000, A.D. 2002-Feb-25 00:00:00.0000, -2.531709374538059E-01, -3.826508878658650E-01, -8.023165997808402E-03,  1.777961107291436E-02, -1.418941389158425E-02, -2.790962611035241E-03,
2452340.500000000, A.D. 2002-Mar-07 00:00:00.0000, -4.725777372273917E-02, -4.622167234405807E-01, -3.342169391176546E-02,  2.234543906188437E-02, -1.424066851875713E-03, -2.167196175908300E-03,
2452350.500000000, A.D. 2002-Mar-17 00:00:00.0000,  1.718596969506100E-01, -4.077571870654672E-01, -4.908340223201415E-02,  2.029206655983112E-02,  1.234435684343752E-02, -8.539769742992517E-04,
2452360.500000000, A.D. 2002-Mar-27 00:00:00.0000,  3.312819931832742E-01, -2.194060931572945E-01, -4.832851653098613E-02,  1.000401405265305E-02,  2.475470461469523E-02,  1.104076476068425E-03,
2452370.500000000, A.D. 2002-Apr-06 00:00:00.0000,  3.370941309922157E-01,  6.111319938665358E-02, -2.594598178746104E-02, -1.045798517110768E-02,  2.894327130840631E-02,  3.324243139535249E-03,
2452380.500000000, A.D. 2002-Apr-16 00:00:00.0000,  1.156728393949128E-01,  2.853847772396737E-01,  1.269701939981341E-02, -3.170323166390688E-02,  1.165454221677818E-02,  3.861785212498679E-03,
2452390.500000000, A.D. 2002-Apr-26 00:00:00.0000, -2.055062419742451E-01,  2.535467001895477E-01,  3.957380490457425E-02, -2.754478978691081E-02, -1.660212660738506E-02,  1.171798359434055E-03,
2452400.500000000, A.D. 2002-May-06 00:00:00.0000, -3.814782023135462E-01,  1.908718899871008E-02,  3.657111565317243E-02, -7.256290337307923E-03, -2.688809619398217E-02, -1.530546040585415E-03,
2452410.500000000, A.D. 2002-May-16 00:00:00.0000, -3.646308100491412E-01, -2.351755641384146E-01,  1.425380694254326E-02,  9.472395356271068E-03, -2.240088464441480E-02, -2.699329169455870E-03,
2452420.500000000, A.D. 2002-May-26 00:00:00.0000, -2.155495161552389E-01, -4.090170929197928E-01, -1.363012510810447E-02,  1.922117061908271E-02, -1.175577680836184E-02, -2.724450718778661E-03,
2452430.500000000, A.D. 2002-Jun-05 00:00:00.0000, -1.676804541272817E-03, -4.623044999247082E-01, -3.761231730402766E-02,  2.249166626931466E-02,  1.343358525857234E-03, -1.954525509726854E-03,
2452440.500000000, A.D. 2002-Jun-15 00:00:00.0000,  2.117721047646551E-01, -3.798803825947296E-01, -5.046912896896838E-02,  1.895049325807832E-02,  1.509559281670961E-02, -5.060787354209140E-04,
2452450.500000000, A.D. 2002-Jun-25 00:00:00.0000,  3.482972343659949E-01, -1.671481890280365E-01, -4.562088764964187E-02,  6.674322236227966E-03,  2.664431766852087E-02,  1.564048246100391E-03,
2452460.500000000, A.D. 2002-Jul-05 00:00:00.0000,  3.107440578733330E-01,  1.186442937324615E-01, -1.882752108974727E-02, -1.549968469692965E-02,  2.753646238509071E-02,  3.672035105590606E-03,
2452470.500000000, A.D. 2002-Jul-15 00:00:00.0000,  4.932036488909989E-02,  3.029380316266926E-01,  2.022085444370894E-02, -3.341069768069571E-02,  5.563062329112830E-03,  3.520848955900842E-03,
2452480.500000000, A.D. 2002-Jul-25 00:00:00.0000, -2.577219371193396E-01,  2.157945461126462E-01,  4.128195479573805E-02, -2.379011059481037E-02, -2.041722148161532E-02,  5.155153073136699E-04,
2452490.500000000, A.D. 2002-Aug-04 00:00:00.0000, -3.921704018288235E-01, -3.553255902599460E-02,  3.309019221300104E-02, -3.313340226548842E-03, -2.680841739965245E-02, -1.885924954460440E-03,
2452500.500000000, A.D. 2002-Aug-14 00:00:00.0000, -3.427711666322603E-01, -2.788404695818719E-01,  8.680208899062111E-03,  1.200432597913609E-02, -2.056312073624837E-02, -2.781573498562378E-03,
2452510.500000000, A.D. 2002-Aug-24 00:00:00.0000, -1.752693220482148E-01, -4.303386436112049E-01, -1.906899663624239E-02,  2.039926225388593E-02, -9.226694749451054E-03, -2.625958129826448E-03,
2452520.500000000, A.D. 2002-Sep-03 00:00:00.0000,  4.392262138312550E-02, -4.567379964733703E-01, -4.134270742809224E-02,  2.236273303881478E-02,  4.140373214839537E-03, -1.714182294561272E-03,
2452530.500000000, A.D. 2002-Sep-13 00:00:00.0000,  2.486007844547453E-01, -3.464832708538700E-01, -5.112082665596950E-02,  1.725148225577164E-02,  1.777321904725248E-02, -1.313840935663497E-04,
2452540.500000000, A.D. 2002-Sep-23 00:00:00.0000,  3.580914759253083E-01, -1.114415449159046E-01, -4.196867674343829E-02,  2.892979393951666E-03,  2.813078374392117E-02,  2.032546522721309E-03,
2452550.500000000, A.D. 2002-Oct-03 00:00:00.0000,  2.741832172877286E-01,  1.722433778129759E-01, -1.109297486203851E-02, -2.047196914780271E-02,  2.505485943375929E-02,  3.925654049924176E-03,
2452560.500000000, A.D. 2002-Oct-13 00:00:00.0000, -1.908440281515870E-02,  3.078611580236149E-01,  2.690135087890656E-02, -3.372337141511386E-02, -7.160587563177963E-04,  3.036556084485745E-03,
2452570.500000000, A.D. 2002-Oct-23 00:00:00.0000, -3.018759834110498E-01,  1.712698859906962E-01,  4.169686209691099E-02, -1.965442174270585E-02, -2.328629609103685E-02, -9.847192919929188E-05,
2452580.500000000, A.D. 2002-Nov-02 00:00:00.0000, -3.951133504764049E-01, -8.945079873904863E-02,  2.895511987804596E-02,  3.699743615002068E-04, -2.622712994298926E-02, -2.176507769788023E-03,
2452590.500000000, A.D. 2002-Nov-12 00:00:00.0000, -3.160711793495909E-01, -3.185582326861995E-01,  2.984523851811466E-03,  1.424745730662189E-02, -1.853108063997859E-02, -2.821442361641786E-03,
2452600.500000000, A.D. 2002-Nov-22 00:00:00.0000, -1.328720027864244E-01, -4.464358647338381E-01, -2.427565484814589E-02,  2.131636303217222E-02, -6.618406835118873E-03, -2.497035040709584E-03,
2452610.500000000, A.D. 2002-Dec-02 00:00:00.0000,  8.896171709204090E-02, -4.454753527682412E-01, -4.455652371339558E-02,  2.194802252578094E-02,  6.952320801325646E-03, -1.446382041820487E-03,
2452620.500000000, A.D. 2002-Dec-12 00:00:00.0000,  2.815877707901143E-01, -3.077657044185443E-01, -5.098542311789381E-02,  1.517103016839192E-02,  2.033706625090905E-02,  2.690248294863495E-04,
2452630.500000000, A.D. 2002-Dec-22 00:00:00.0000,  3.597565391738075E-01, -5.324220353667734E-02, -3.736692910060512E-02, -1.324684763815969E-03,  2.909277113720830E-02,  2.498232257386837E-03,
2452640.500000000, A.D. 2003-Jan-01 00:00:00.0000,  2.278458273221384E-01,  2.196459017861847E-01, -2.967658479463578E-03, -2.508185096169625E-02,  2.144720234345447E-02,  4.054015168117987E-03,
2452650.500000000, A.D. 2003-Jan-11 00:00:00.0000, -8.671484439919729E-02,  3.001897512425787E-01,  3.248165118344070E-02, -3.267491536004291E-02, -6.770597312489073E-03,  2.445703837492728E-03,
2452660.500000000, A.D. 2003-Jan-21 00:00:00.0000, -3.374382998678328E-01,  1.218360623510953E-01,  4.092216525453968E-02, -1.536383462701136E-02, -2.526067913189753E-02, -6.535621385976335E-04,
2452670.500000000, A.D. 2003-Jan-31 00:00:00.0000, -3.908612248303566E-01, -1.417597836432919E-01,  2.429131582039873E-02,  3.768197582097816E-03, -2.523044243574357E-02, -2.406978514547177E-03,
2452680.500000000, A.D. 2003-Feb-10 00:00:00.0000, -2.851005234045985E-01, -3.539857156902312E-01, -2.752419677217014E-03,  1.620967309010181E-02, -1.633729581630651E-02, -2.822315562777333E-03,
2452690.500000000, A.D. 2003-Feb-20 00:00:00.0000, -8.887668505507397E-02, -4.571704403858273E-01, -2.919070539410743E-02,  2.197264542396102E-02, -3.943814228171646E-03, -2.338763656754978E-03,
2452700.500000000, A.D. 2003-Mar-02 00:00:00.0000,  1.328546773943113E-01, -4.285025421614260E-01, -4.719855806912333E-02,  2.123347754553109E-02,  9.763734891667927E-03, -1.151113968298081E-03,
2452710.500000000, A.D. 2003-Mar-12 00:00:00.0000,  3.099377858708757E-01, -2.639998892754408E-01, -5.001198139040090E-02,  1.268390617780511E-02,  2.273749160625512E-02,  6.934041411509499E-04,
2452720.500000000, A.D. 2003-Mar-22 00:00:00.0000,  3.524445986804816E-01,  6.262145200131625E-03, -3.183461940219665E-02, -5.932872880234984E-03,  2.939072937069244E-02,  2.945515066719057E-03,
2452730.500000000, A.D. 2003-Apr-01 00:00:00.0000,  1.727870039509349E-01,  2.586166708601052E-01,  5.269349850243439E-03, -2.899442976943628E-02,  1.676811879460527E-02,  4.030849999367063E-03,
2452740.500000000, A.D. 2003-Apr-11 00:00:00.0000, -1.509862345752604E-01,  2.807475541895187E-01,  3.679211267877378E-02, -3.043901388194011E-02, -1.225330064341321E-02,  1.792581253043498E-03,
2452750.500000000, A.D. 2003-Apr-21 00:00:00.0000, -3.642860846535417E-01,  6.921381312192351E-02,  3.908721539296749E-02, -1.108829922949657E-02, -2.643058483748254E-02, -1.141549594772332E-03,
2452760.500000000, A.D. 2003-May-01 00:00:00.0000, -3.800066324157639E-01, -1.916967562016294E-01,  1.921539331244781E-02,  6.870673319756319E-03, -2.389081645608207E-02, -2.582283543985008E-03,
2452770.500000000, A.D. 2003-May-11 00:00:00.0000, -2.504174701936428E-01, -3.848235759563979E-01, -8.455006263163716E-03,  1.789860252107580E-02, -1.400839587959633E-02, -2.787063711733898E-03,
2452780.500000000, A.D. 2003-May-21 00:00:00.0000, -4.380575024539621E-02, -4.624179128921769E-01, -3.375605334718181E-02,  2.236617188921642E-02, -1.215113831704582E-03, -2.151956563171846E-03,
2452790.500000000, A.D. 2003-May-31 00:00:00.0000,  1.749873964889090E-01, -4.058326063655429E-01, -4.921348715268720E-02,  2.020220199707852E-02,  1.255537764592073E-02, -8.283971464247371E-04,
2452800.500000000, A.D. 2003-Jun-10 00:00:00.0000,  3.328100853924475E-01, -2.155692577978954E-01, -4.815465625876802E-02,  9.766682403582772E-03,  2.491014547176736E-02,  1.138640658837568E-03,
2452810.500000000, A.D. 2003-Jun-20 00:00:00.0000,  3.354515331197545E-01,  6.557865743703935E-02, -2.542917786394833E-02, -1.083816469593468E-02,  2.887151251779811E-02,  3.353296828735234E-03,
2452820.500000000, A.D. 2003-Jun-30 00:00:00.0000,  1.107675264649596E-01,  2.871512932630296E-01,  1.329249796480259E-02, -3.187975039349632E-02,  1.120759523746186E-02,  3.841390970152272E-03,
2452830.500000000, A.D. 2003-Jul-10 00:00:00.0000, -2.097340591107380E-01,  2.509633592566171E-01,  3.975061994469560E-02, -2.727884826967525E-02, -1.692503323378394E-02,  1.120887020912509E-03,
2452840.500000000, A.D. 2003-Jul-20 00:00:00.0000, -3.825732474522724E-01,  1.494157807653290E-02,  3.633172831365982E-02, -6.948721666014853E-03, -2.690182569810548E-02, -1.559974573560140E-03,
2452850.500000000, A.D. 2003-Jul-30 00:00:00.0000, -3.631535378475298E-01, -2.386184896944098E-01,  1.383526995404893E-02,  9.675025546275759E-03, -2.226909361539936E-02, -2.707175953737884E-03,
2452860.500000000, A.D. 2003-Aug-09 00:00:00.0000, -2.125753338915325E-01, -4.108139467029627E-01, -1.405146222274091E-02,  1.931999654430863E-02, -1.156680858607287E-02, -2.718047470150612E-03,
2452870.500000000, A.D. 2003-Aug-19 00:00:00.0000,  1.795930338319711E-03, -4.620777932746539E-01, -3.791354403397656E-02,  2.249179335612196E-02,  1.555128933209083E-03, -1.937164436930109E-03,
2452880.500000000, A.D. 2003-Aug-29 00:00:00.0000,  2.146904458174363E-01, -3.775295564402981E-01, -5.054511197298486E-02,  1.883426498811799E-02,  1.530236315878338E-02, -4.784285519175761E-04,
2452890.500000000, A.D. 2003-Sep-08 00:00:00.0000,  3.493077867235810E-01, -1.630179338358114E-01, -4.537551655974569E-02,  6.402523275422611E-03,  2.677307658511458E-02,  1.599593062521757E-03,
2452900.500000000, A.D. 2003-Sep-18 00:00:00.0000,  3.083196643266276E-01,  1.228911050010667E-01, -1.825683311024961E-02, -1.588366639662005E-02,  2.738653174872139E-02,  3.695044381513859E-03,
2452910.500000000, A.D. 2003-Sep-28 00:00:00.0000,  4.415485452306104E-02,  3.037641676234723E-01,  2.076330029730030E-02, -3.348372367016556E-02,  5.086837604783884E-03,  3.488557630876224E-03,
2452920.500000000, A.D. 2003-Oct-08 00:00:00.0000, -2.613704571180716E-01,  2.126286571959258E-01,  4.135790946184485E-02, -2.348590337686984E-02, -2.066794205843957E-02,  4.669927878239258E-04,
2452930.500000000, A.D. 2003-Oct-18 00:00:00.0000, -3.926605716240151E-01, -3.966148886272777E-02,  3.279659844076260E-02, -3.024036762025331E-03, -2.678064590931383E-02, -1.910282163239871E-03,
2452940.500000000, A.D. 2003-Oct-28 00:00:00.0000, -3.409071482800841E-01, -2.819971768641129E-01,  8.249540272539053E-03,  1.218477522859761E-02, -2.041522437901721E-02, -2.786066010662745E-03,
2452950.500000000, A.D. 2003-Nov-07 00:00:00.0000, -1.721172296490261E-01, -4.317440922021565E-01, -1.947467258617572E-02,  2.047820988600123E-02, -9.031253797297299E-03, -2.617197154182040E-03,
2452960.500000000, A.D. 2003-Nov-17 00:00:00.0000,  4.737168187666059E-02, -4.560805375862864E-01, -4.160648526035059E-02,  2.234158832020422E-02,  4.353635138007380E-03, -1.694736762562683E-03,
2452970.500000000, A.D. 2003-Nov-27 00:00:00.0000,  2.512532835962782E-01, -3.437236305827048E-01, -5.113880302195564E-02,  1.710722120790198E-02,  1.797254044501901E-02, -1.017570623751906E-04,
2452980.500000000, A.D. 2003-Dec-07 00:00:00.0000,  3.585168055558947E-01, -1.070928016545483E-01, -4.165147225538855E-02,  2.587562531730771E-03,  2.822378016540996E-02,  2.068251777319887E-03,
2452990.500000000, A.D. 2003-Dec-17 00:00:00.0000,  2.710009292628887E-01,  1.760906028118201E-01, -1.048526879633656E-02, -2.083859211976724E-02,  2.482028603797932E-02,  3.940125151076602E-03,
2453000.500000000, A.D. 2003-Dec-27 00:00:00.0000, -2.427638271499091E-02,  3.077169733933601E-01,  2.736671590235997E-02, -3.368990577939424E-02, -1.188230486411241E-03,  2.994791558296071E-03,
2453010.500000000, A.D. 2004-Jan-06 00:00:00.0000, -3.048774812311694E-01,  1.676717467129973E-01,  4.167771740827764E-02, -1.933191308162210E-02, -2.346643856493193E-02, -1.429103836871823E-04,
2453020.500000000, A.D. 2004-Jan-16 00:00:00.0000, -3.950346938030073E-01, -9.348377745069328E-02,  2.861682732678901E-02,  6.380016131098394E-04, -2.616519530268424E-02, -2.196107306861283E-03,
2453030.500000000, A.D. 2004-Jan-26 00:00:00.0000, -3.138622674187778E-01, -3.213990538635571E-01,  2.547847068398762E-03,  1.440622520583964E-02, -1.837000713695840E-02, -2.822849614317647E-03,
2453040.500000000, A.D. 2004-Feb-05 00:00:00.0000, -1.295800528972365E-01, -4.474383729190538E-01, -2.466122380920176E-02,  2.137548208457179E-02, -6.417561363051212E-03, -2.485995529316793E-03,
2453050.500000000, A.D. 2004-Feb-15 00:00:00.0000,  9.234435894830557E-02, -4.443845394840605E-01, -4.477864204343886E-02,  2.190457264484854E-02,  7.166097937335477E-03, -1.424838370689030E-03,
2453060.500000000, A.D. 2004-Feb-25 00:00:00.0000,  2.839157536278222E-01, -3.046121260035837E-01, -5.094124480004698E-02,  1.499671638295533E-02,  2.052589018821509E-02,  3.005491523028674E-04,
2453070.500000000, A.D. 2004-Mar-06 00:00:00.0000,  3.595275124363690E-01, -4.874895670088451E-02, -3.697775441309673E-02, -1.661874378762270E-03,  2.914051966542722E-02,  2.533144963060418E-03,
2453080.500000000, A.D. 2004-Mar-16 00:00:00.0000,  2.239541354770770E-01,  2.229307081103364E-01, -2.340843909846008E-03, -2.540760461710167E-02,  2.112782633719229E-02,  4.057788218720249E-03,
2453090.500000000, A.D. 2004-Mar-26 00:00:00.0000, -9.174004056173660E-02,  2.991149226586344E-01,  3.285548334199569E-02, -3.254374516313444E-02, -7.210392769704237E-03,  2.397612041744326E-03,
2453100.500000000, A.D. 2004-Apr-05 00:00:00.0000, -3.397801104801308E-01,  1.179380072703983E-01,  4.081782243374057E-02, -1.503714267087761E-02, -2.537628731643671E-02, -6.931017622357302E-04,
2453110.500000000, A.D. 2004-Apr-15 00:00:00.0000, -3.902618193890072E-01, -1.456373396448860E-01,  2.391788677006491E-02,  4.014011121610199E-03, -2.514006853577406E-02, -2.422205799169147E-03,
2453120.500000000, A.D. 2004-Apr-25 00:00:00.0000, -2.825919824773013E-01, -3.564875592283351E-01, -3.188865633353702E-03,  1.634741906234492E-02, -1.616510892476385E-02, -2.820880344719779E-03,
2453130.500000000, A.D. 2004-May-05 00:00:00.0000, -8.548645874660801E-02, -4.577603633094913E-01, -2.955152133508996E-02,  2.201190734802502E-02, -3.738489704878162E-03, -2.325534893023710E-03,
2453140.500000000, A.D. 2004-May-15 00:00:00.0000,  1.361239154200143E-01, -4.269787708005952E-01, -4.737483739788664E-02,  2.116663076901218E-02,  9.976673780582529E-03, -1.127493344129391E-03,
2453150.500000000, A.D. 2004-May-25 00:00:00.0000,  3.118785963287105E-01, -2.604782107346623E-01, -4.990216723766533E-02,  1.247777095438843E-02,  2.291142072247482E-02,  7.266278036012705E-04,
2453160.500000000, A.D. 2004-Jun-04 00:00:00.0000,  3.515022682168412E-01,  1.079588768988922E-02, -3.137670379670936E-02, -6.296490777796870E-03,  2.938187683567343E-02,  2.978220562290322E-03,
2453170.500000000, A.D. 2004-Jun-14 00:00:00.0000,  1.682970653846951E-01,  2.611735997326634E-01,  5.891466069923765E-03, -2.925317508787429E-02,  1.637352457668489E-02,  4.022317404376054E-03,
2453180.500000000, A.D. 2004-Jun-24 00:00:00.0000, -1.556610821908002E-01,  2.788319082448298E-01,  3.706491943710671E-02, -3.022784652327973E-02, -1.263826422450582E-02,  1.741631777575424E-03,
2453190.500000000, A.D. 2004-Jul-04 00:00:00.0000, -3.659704484149756E-01,  6.514014671716371E-02,  3.890811420028203E-02, -1.076835928900638E-02, -2.648935486152952E-02, -1.175812290186167E-03,
2453200.500000000, A.D. 2004-Jul-14 00:00:00.0000, -3.789322972044722E-01, -1.953655144903164E-01,  1.881548726327183E-02,  7.093763832140816E-03, -2.377704560733030E-02, -2.593503551065700E-03,
2453210.500000000, A.D. 2004-Jul-24 00:00:00.0000, -2.476523243034048E-01, -3.869651592692153E-01, -8.885438022973013E-03,  1.801578974893441E-02, -1.382695208458877E-02, -2.782979568134615E-03,
2453220.500000000, A.D. 2004-Aug-03 00:00:00.0000, -4.035876267191341E-02, -4.625865000929969E-01, -3.408748394081332E-02,  2.238532261063156E-02, -1.006232344850102E-03, -2.136589052582595E-03,
2453230.500000000, A.D. 2004-Aug-13 00:00:00.0000,  1.780939226417877E-01, -4.038781377970223E-01, -4.933946191577675E-02,  2.011061768239982E-02,  1.276588387739210E-02, -8.027047801642864E-04,
2453240.500000000, A.D. 2004-Aug-23 00:00:00.0000,  3.342974824073152E-01, -2.117128804212987E-01, -4.797571005751076E-02,  9.527170694490113E-03,  2.506375460710319E-02,  1.173264941696396E-03,
2453250.500000000, A.D. 2004-Sep-02 00:00:00.0000,  3.337505479099789E-01,  7.002916254086647E-02, -2.490832218654613E-02, -1.121877531096279E-02,  2.879437699748707E-02,  3.381972012729539E-03,
2453260.500000000, A.D. 2004-Sep-12 00:00:00.0000,  1.058395380113559E-01,  2.888486116989540E-01,  1.388453654495429E-02, -3.204851126755121E-02,  1.075788880661606E-02,  3.820078396788810E-03,
2453270.500000000, A.D. 2004-Sep-22 00:00:00.0000, -2.139160467306291E-01,  2.483372227382566E-01,  3.991997182017666E-02, -2.700953782346463E-02, -1.724182178277990E-02,  1.070167495762292E-03,
2453280.500000000, A.D. 2004-Oct-02 00:00:00.0000, -3.836217736305445E-01,  1.080580501336066E-02,  3.608904910631661E-02, -6.643115535750465E-03, -2.691191228036657E-02, -1.588937783017842E-03,
2453290.500000000, A.D. 2004-Oct-12 00:00:00.0000, -3.616530156784262E-01, -2.420299038861495E-01,  1.341719851030142E-02,  9.875321227417874E-03, -2.213629206811321E-02, -2.714741931641881E-03,
2453300.500000000, A.D. 2004-Oct-22 00:00:00.0000, -2.095988900565400E-01, -4.125757139315389E-01, -1.447026585984891E-02,  1.941696144379644E-02, -1.137797186578573E-02, -2.711497438751728E-03,
2453310.500000000, A.D. 2004-Nov-01 00:00:00.0000,  5.253987220521679E-03, -4.618203126179027E-01, -3.821113864805916E-02,  2.249034204378529E-02,  1.766206719537975E-03, -1.919722253117733E-03,
2453320.500000000, A.D. 2004-Nov-11 00:00:00.0000,  2.175784420915683E-01, -3.751577475146303E-01, -5.061686357753940E-02,  1.871643947709029E-02,  1.550779671990957E-02, -4.507417068834214E-04,
2453330.500000000, A.D. 2004-Nov-21 00:00:00.0000,  3.502719413208800E-01, -1.588867993070227E-01, -4.512606293187399E-02,  6.129253763583869E-03,  2.689888827747870E-02,  1.635036732087584E-03,
2453340.500000000, A.D. 2004-Dec-01 00:00:00.0000,  3.058461942662077E-01,  1.270951691655716E-01, -1.768530286281442E-02, -1.626560780027109E-02,  2.723102065674795E-02,  3.717421890592506E-03,
2453350.500000000, A.D. 2004-Dec-11 00:00:00.0000,  3.899865204869699E-02,  3.045122893536151E-01,  2.129849528387598E-02, -3.354851594369067E-02,  4.611610768134602E-03,  3.455608775524058E-03,
2453360.500000000, A.D. 2004-Dec-21 00:00:00.0000, -2.649591327290083E-01,  2.094347225124940E-01,  4.142620492890914E-02, -2.318081967617696E-02, -2.091232799312425E-02,  4.189186187144502E-04,
2453370.500000000, A.D. 2004-Dec-31 00:00:00.0000, -3.931051713743741E-01, -4.377240490250124E-02,  3.250048456453796E-02, -2.737314120858087E-03, -2.675010638413728E-02, -1.934174194569779E-03,
2453380.500000000, A.D. 2005-Jan-10 00:00:00.0000, -3.390233622019415E-01, -2.851206834331558E-01,  7.819948395545447E-03,  1.236282428558880E-02, -2.026674503832293E-02, -2.790294513001763E-03,
2453390.500000000, A.D. 2005-Jan-20 00:00:00.0000, -1.689668869255734E-01, -4.331157783142309E-01, -1.987730257019434E-02,  2.055522563140975E-02, -8.836170993113349E-03, -2.608293799018347E-03,
2453400.500000000, A.D. 2005-Jan-30 00:00:00.0000,  5.080105636300439E-02, -4.553959439390757E-01, -4.186616927041529E-02,  2.231874741491429E-02,  4.565941921881131E-03, -1.675220038397218E-03,
2453410.500000000, A.D. 2005-Feb-09 00:00:00.0000,  2.538695592368377E-01, -3.409498503314359E-01, -5.115232878654361E-02,  1.696134653622477E-02,  1.817014162055817E-02, -7.213638212565247E-05,
2453420.500000000, A.D. 2005-Feb-19 00:00:00.0000,  3.588916303159949E-01, -1.027545828934455E-01, -4.133066627510726E-02,  2.281144938570246E-03,  2.831330602845692E-02,  2.103753135517380E-03,
2453430.500000000, A.D. 2005-Mar-01 00:00:00.0000,  2.677761614491981E-01,  1.798806163788044E-01, -9.878564275054458E-03, -2.120144456130987E-02,  2.458050526358880E-02,  3.953828244842547E-03,
2453440.500000000, A.D. 2005-Mar-11 00:00:00.0000, -2.944249277146396E-02,  3.074981517824584E-01,  2.782351780345984E-02, -3.364902606123779E-02, -1.657042206047342E-03,  2.952643354646331E-03,
2453450.500000000, A.D. 2005-Mar-21 00:00:00.0000, -3.078189639886308E-01,  1.640559973240488E-01,  4.165177902162447E-02, -1.900980841125796E-02, -2.364095023846986E-02, -1.868289919664432E-04,
2453460.500000000, A.D. 2005-Mar-31 00:00:00.0000, -3.949152270013387E-01, -9.749638354803633E-02,  2.827676893206062E-02,  9.034549642709277E-04, -2.610111198715541E-02, -2.215286306496081E-03,
2453470.500000000, A.D. 2005-Apr-10 00:00:00.0000, -3.116374298572097E-01, -3.242080843306999E-01,  2.112634904278141E-03,  1.456267754350037E-02, -1.820854777636617E-02, -2.824018244219573E-03,
2453480.500000000, A.D. 2005-Apr-20 00:00:00.0000, -1.262935123013220E-01, -4.484098462178178E-01, -2.504353881970390E-02,  2.143262604557166E-02, -6.217182539984788E-03, -2.474828056478120E-03,
2453490.500000000, A.D. 2005-Apr-30 00:00:00.0000,  9.570299193633412E-02, -4.432707688140596E-01, -4.499663993055942E-02,  2.185936390055026E-02,  7.378715898136132E-03, -1.403248071718258E-03,
2453500.500000000, A.D. 2005-May-10 00:00:00.0000,  2.862031678434382E-01, -3.014516420794963E-01, -5.089293936128235E-02,  1.482087963839272E-02,  2.071256596490469E-02,  3.320186796607206E-04,
2453510.500000000, A.D. 2005-May-20 00:00:00.0000,  3.592467925290221E-01, -4.427908243337494E-02, -3.658605474550478E-02, -1.999388122739728E-03,  2.918415143856899E-02,  2.567742139251894E-03,
2453520.500000000, A.D. 2005-May-30 00:00:00.0000,  2.200319529049433E-01,  2.261439027685313E-01, -1.717380737011722E-03, -2.572783214508160E-02,  2.080420490748372E-02,  4.060719805417806E-03,
2453530.500000000, A.D. 2005-Jun-09 00:00:00.0000, -9.672458727673656E-02,  2.979714061216915E-01,  3.321989989855153E-02, -3.240684365160929E-02, -7.645128772843159E-03,  2.349436707021155E-03,
2453540.500000000, A.D. 2005-Jun-19 00:00:00.0000, -3.420636274215705E-01,  1.140288160145621E-01,  4.070742538816091E-02, -1.471169083428388E-02, -2.548714972651752E-02, -7.321153547708023E-04,
2453550.500000000, A.D. 2005-Jun-29 00:00:00.0000, -3.896250433675690E-01, -1.494951258092377E-01,  2.354304088533871E-02,  4.257449676768703E-03, -2.504795021589945E-02, -2.437059033823155E-03,
2453560.500000000, A.D. 2005-Jul-09 00:00:00.0000, -2.800684528535758E-01, -3.589598496592155E-01, -3.623794351300177E-03,  1.648309494106382E-02, -1.599252274169840E-02, -2.819219743139700E-03,
2453570.500000000, A.D. 2005-Jul-19 00:00:00.0000, -8.210055341570714E-02, -4.583204813492945E-01, -2.990904921911193E-02,  2.204934781478993E-02, -3.533470741905327E-03, -2.312170884345067E-03,
2453580.500000000, A.D. 2005-Jul-29 00:00:00.0000,  1.393711315841021E-01, -4.254314715000171E-01, -4.754682733564600E-02,  2.109804060199466E-02,  1.018862903600460E-02, -1.103807721237638E-03,
2453590.500000000, A.D. 2005-Aug-08 00:00:00.0000,  3.137801218558035E-01, -2.569481610118778E-01, -4.978789004033057E-02,  1.226997353701314E-02,  2.308313868849892E-02,  7.598039892720381E-04,
2453600.500000000, A.D. 2005-Aug-18 00:00:00.0000,  3.505095161981668E-01,  1.530412150082045E-02, -3.091627519886235E-02, -6.660045502973569E-03,  2.936825858389201E-02,  3.010510413531058E-03,
2453610.500000000, A.D. 2005-Aug-28 00:00:00.0000,  1.637900620127751E-01,  2.636555311577802E-01,  6.508823420146725E-03, -2.950475040084643E-02,  1.597587468472936E-02,  4.012866970043875E-03,
2453620.500000000, A.D. 2005-Sep-07 00:00:00.0000, -1.602819489464939E-01,  2.768636244753680E-01,  3.732827862087847E-02, -3.001261613398115E-02, -1.301692016768354E-02,  1.690835590110868E-03,
2453630.500000000, A.D. 2005-Sep-17 00:00:00.0000, -3.675977357780169E-01,  6.107087661466178E-02,  3.872410815095840E-02, -1.045049716037624E-02, -2.654412188694708E-02, -1.209537368171203E-03,
2453640.500000000, A.D. 2005-Sep-27 00:00:00.0000, -3.778256919037371E-01, -1.990062332447209E-01,  1.841507591885176E-02,  7.314381804884552E-03, -2.366216005477037E-02, -2.604388403068429E-03,
2453650.500000000, A.D. 2005-Oct-07 00:00:00.0000, -2.448772609945398E-01, -3.890741964774062E-01, -9.313818421510358E-03,  1.813095810292828E-02, -1.364555284656982E-02, -2.778703998874363E-03,
2453660.500000000, A.D. 2005-Oct-17 00:00:00.0000, -3.692078953809284E-02, -4.627263260172231E-01, -3.441538422498500E-02,  2.240266211108071E-02, -7.980459570043053E-04, -2.121112189497516E-03,
2453670.500000000, A.D. 2005-Oct-27 00:00:00.0000,  1.811736184160858E-01, -4.019055367117531E-01, -4.946120239009526E-02,  2.001727994038221E-02,  1.297489431653515E-02, -7.769866827817530E-04,
2453680.500000000, A.D. 2005-Nov-06 00:00:00.0000,  3.357417813231728E-01, -2.078599089698198E-01, -4.779299724715776E-02,  9.286303374302104E-03,  2.521438339167271E-02,  1.207743470853331E-03,
2453690.500000000, A.D. 2005-Nov-16 00:00:00.0000,  3.320036690535162E-01,  7.443497820742177E-02, -2.438710919955681E-02, -1.159777114696366E-02,  2.871204456383617E-02,  3.410046113126615E-03,
2453700.500000000, A.D. 2005-Nov-26 00:00:00.0000,  1.009170031901357E-01,  2.904619159730064E-01,  1.446882887366889E-02, -3.220919427911699E-02,  1.030785098202296E-02,  3.797994451954130E-03,
2453710.500000000, A.D. 2005-Dec-06 00:00:00.0000, -2.180341252526126E-01,  2.456698596237628E-01,  4.007984825444330E-02, -2.673841332887139E-02, -1.755208979695536E-02,  1.019842109319943E-03,
2453720.500000000, A.D. 2005-Dec-16 00:00:00.0000, -3.846158733608978E-01,  6.678500970062131E-03,  3.584215390911954E-02, -6.339896860632903E-03, -2.691891080728457E-02, -1.617395519299080E-03,
2453730.500000000, A.D. 2005-Dec-26 00:00:00.0000, -3.601223743390023E-01, -2.454149235578482E-01,  1.299891029983609E-02,  1.007334448399496E-02, -2.200262993642214E-02, -2.722003661789514E-03,
2453740.500000000, A.D. 2006-Jan-05 00:00:00.0000, -2.066130227376722E-01, -4.143073025477271E-01, -1.488688925159001E-02,  1.951201497157289E-02, -1.118913108165807E-02, -2.704759779691131E-03,
2453750.500000000, A.D. 2006-Jan-15 00:00:00.0000,  8.703013944373415E-03, -4.615355812111482E-01, -3.850505514077427E-02,  2.248707587670308E-02,  1.976684954390669E-03, -1.902165838708122E-03,
2453760.500000000, A.D. 2006-Jan-25 00:00:00.0000,  2.204392196462358E-01, -3.727687077451659E-01, -5.068419770765401E-02,  1.859679995029987E-02,  1.571173571646397E-02, -4.230292799928226E-04,
2453770.500000000, A.D. 2006-Feb-04 00:00:00.0000,  3.511923154160307E-01, -1.547613251679633E-01, -4.487279868041599E-02,  5.854702881570327E-03,  2.702139871793345E-02,  1.670296576089497E-03,
2453780.500000000, A.D. 2006-Feb-14 00:00:00.0000,  3.033314770915204E-01,  1.312479482328852E-01, -1.711426699498967E-02, -1.664470613100868E-02,  2.707007451619507E-02,  3.739060110924950E-03,
2453790.500000000, A.D. 2006-Feb-24 00:00:00.0000,  3.386510724302381E-02,  3.051807449618985E-01,  2.182476279379241E-02, -3.360513275186876E-02,  4.138374527122228E-03,  3.422061559955610E-03,
2453800.500000000, A.D. 2006-Mar-06 00:00:00.0000, -2.684801885466412E-01,  2.062160362376527E-01,  4.148599377578605E-02, -2.287552755219733E-02, -2.115048676282752E-02,  3.713538553123032E-04,
2453810.500000000, A.D. 2006-Mar-16 00:00:00.0000, -3.935000375286348E-01, -4.786560425414463E-02,  3.220122430247729E-02, -2.453237402209197E-03, -2.671721153239079E-02, -1.957604500851890E-03,
2453820.500000000, A.D. 2006-Mar-26 00:00:00.0000, -3.371149433497059E-01, -2.882140274587371E-01,  7.390767798786979E-03,  1.253859313753208E-02, -2.011780133512676E-02, -2.794255925574671E-03,
2453830.500000000, A.D. 2006-Apr-05 00:00:00.0000, -1.658129030111051E-01, -4.344567088662082E-01, -2.027740447937756E-02,  2.063026659413259E-02, -8.641351666547926E-03, -2.599223699277731E-03,
2453840.500000000, A.D. 2006-Apr-15 00:00:00.0000,  5.421479471189314E-02, -4.546859598076783E-01, -4.212203298251503E-02,  2.229401151517980E-02,  4.777422477999552E-03, -1.655612598684800E-03,
2453850.500000000, A.D. 2006-Apr-25 00:00:00.0000,  2.564516554199933E-01, -3.381628875310678E-01, -5.116157346000987E-02,  1.681367929198779E-02,  1.836603348625618E-02, -4.252061197248525E-05,
2453860.500000000, A.D. 2006-May-05 00:00:00.0000,  3.592166551739584E-01, -9.842833490658935E-02, -4.100649338196170E-02,  1.973640378076196E-03,  2.839928152479405E-02,  2.139037984083722E-03,
2453870.500000000, A.D. 2006-May-15 00:00:00.0000,  2.645087423691598E-01,  1.836116555492306E-01, -9.273159820283141E-03, -2.156069002737059E-02,  2.433554735692922E-02,  3.966772899554809E-03,
2453880.500000000, A.D. 2006-May-25 00:00:00.0000, -3.458644904819758E-02,  3.072017388887693E-01,  2.827167542669400E-02, -3.360115815025416E-02, -2.122943216043429E-03,  2.910119676022788E-03,
2453890.500000000, A.D. 2006-Jun-04 00:00:00.0000, -3.107044907696637E-01,  1.604131189626717E-01,  4.161856605869339E-02, -1.868769401800270E-02, -2.381043031941687E-02, -2.303006068050654E-04,
2453900.500000000, A.D. 2006-Jun-14 00:00:00.0000, -3.947527876834545E-01, -1.015006822016045E-01,  2.793384959572183E-02,  1.167029835720885E-03, -2.603479390632243E-02, -2.234082981269014E-03,
2453910.500000000, A.D. 2006-Jun-24 00:00:00.0000, -3.093882574855827E-01, -3.269941427083584E-01,  1.677679217568801E-03,  1.471734216835416E-02, -1.804619246993401E-02, -2.824935504884596E-03,
2453920.500000000, A.D. 2006-Jul-04 00:00:00.0000, -1.229998852088392E-01, -4.493528684700389E-01, -2.542349700749271E-02,  2.148807543841131E-02, -6.016555353024385E-03, -2.463484917281713E-03,
2453930.500000000, A.D. 2006-Jul-14 00:00:00.0000,  9.905131807586812E-02, -4.421289120945227E-01, -4.521078397458209E-02,  2.181233247742155E-02,  7.590981106285543E-03, -1.381532830678062E-03,
2453940.500000000, A.D. 2006-Jul-24 00:00:00.0000,  2.884606364935821E-01, -2.982714443217969E-01, -5.083985944526959E-02,  1.464294094484986E-02,  2.089776163285903E-02,  3.635342484234934E-04,
2453950.500000000, A.D. 2006-Aug-03 00:00:00.0000,  3.589165992383581E-01, -3.981598082013858E-02, -3.619026625402640E-02, -2.338256140502201E-03,  2.922363891971662E-02,  2.602089293557446E-03,
2453960.500000000, A.D. 2006-Aug-13 00:00:00.0000,  2.160728683752514E-01,  2.292966761787733E-01, -1.095711694539734E-03, -2.604299940507918E-02,  2.047539990384068E-02,  4.062734605965132E-03,
2453970.500000000, A.D. 2006-Aug-23 00:00:00.0000, -1.016747427627421E-01,  2.967617937385967E-01,  3.357538052884709E-02, -3.226387506226022E-02, -8.075450446209345E-03,  2.301069482854648E-03,
2453980.500000000, A.D. 2006-Sep-02 00:00:00.0000, -3.442909806891747E-01,  1.101064200426753E-01,  4.059060451340760E-02, -1.438702944368174E-02, -2.559359843210048E-02, -7.706667627540060E-04,
2453990.500000000, A.D. 2006-Sep-12 00:00:00.0000, -3.889483670132825E-01, -1.533373522397068E-01,  2.316591828336506E-02,  4.498985056092059E-03, -2.495417496987973E-02, -2.451573263924402E-03,
2454000.500000000, A.D. 2006-Sep-22 00:00:00.0000, -2.775230977665547E-01, -3.614063296676703E-01, -4.058261288010782E-03,  1.661706047583092E-02, -1.581936113025935E-02, -2.817336575531213E-03,
2454010.500000000, A.D. 2006-Oct-02 00:00:00.0000, -7.870977091414723E-02, -4.588517667934521E-01, -3.026419637392634E-02,  2.208505964375836E-02, -3.328401519884874E-03, -2.298640002948276E-03,
2454020.500000000, A.D. 2006-Oct-12 00:00:00.0000,  1.426047905690108E-01, -4.238577925009948E-01, -4.771499264572521E-02,  2.102746467229410E-02,  1.039998241977381E-02, -1.080003266849887E-03,
2454030.500000000, A.D. 2006-Oct-22 00:00:00.0000,  3.156468056646262E-01, -2.534035788305240E-01, -4.966904252215254E-02,  1.205996121093630E-02,  2.325290304734845E-02,  7.929909327124081E-04,
2454040.500000000, A.D. 2006-Nov-01 00:00:00.0000,  3.494638748836167E-01,  1.979430181776535E-02, -3.045265439718642E-02, -7.024365280294244E-03,  2.934983041133387E-02,  3.042439974636380E-03,
2454050.500000000, A.D. 2006-Nov-11 00:00:00.0000,  1.592544241252049E-01,  2.660660026724004E-01,  7.122515380053816E-03, -2.975003876813402E-02,  1.557431085109715E-02,  4.002509664651393E-03,
2454060.500000000, A.D. 2006-Nov-21 00:00:00.0000, -1.648641374948779E-01,  2.748330101250594E-01,  3.758266106983206E-02, -2.979295050576434E-02, -1.339079068839490E-02,  1.640054890113987E-03,
2454070.500000000, A.D. 2006-Dec-01 00:00:00.0000, -3.691734015675986E-01,  5.698576649000343E-02,  3.853413322550837E-02, -1.013338888331762E-02, -2.659532463797114E-02, -1.242859704485574E-03,
2454080.500000000, A.D. 2006-Dec-11 00:00:00.0000, -3.766798427289010E-01, -2.026380811000099E-01,  1.801222851682050E-02,  7.533586752390907E-03, -2.354561435102232E-02, -2.614976551378046E-03,
2454090.500000000, A.D. 2006-Dec-21 00:00:00.0000, -2.420772148917530E-01, -3.911618692029109E-01, -9.742073059347007E-03,  1.824466904535830E-02, -1.346321208504533E-02, -2.774202978474946E-03,
2454100.500000000, A.D. 2006-Dec-31 00:00:00.0000, -3.347346607819318E-02, -4.628376766707737E-01, -3.474108081613368E-02,  2.241829106315530E-02, -5.893865299176641E-04, -2.105441906975643E-03,
2454110.500000000, A.D. 2007-Jan-10 00:00:00.0000,  1.842433018389471E-01, -3.999030443594993E-01, -4.957894921892916E-02,  1.992174753322286E-02,  1.318362084028766E-02, -7.511084092660609E-04,
2454120.500000000, A.D. 2007-Jan-20 00:00:00.0000,  3.371516106344696E-01, -2.039876172763339E-01, -4.760515970382194E-02,  9.042838236343543E-03,  2.536289882334819E-02,  1.242256380740689E-03,
2454130.500000000, A.D. 2007-Jan-30 00:00:00.0000,  3.302032457000435E-01,  7.882151948074832E-02, -2.386253410596587E-02, -1.197700466240067E-02,  2.862396874108394E-02,  3.437633918690475E-03,
2454140.500000000, A.D. 2007-Feb-09 00:00:00.0000,  9.597852158877225E-02,  2.920020636334061E-01,  1.504829060131533E-02, -3.236231823514056E-02,  9.855388530687988E-03,  3.774995154426359E-03,
2454150.500000000, A.D. 2007-Feb-19 00:00:00.0000, -2.221052267409600E-01,  2.429533898184501E-01,  4.023102286481549E-02, -2.646431717156767E-02, -1.785718136926796E-02,  9.696772613295587E-04,
2454160.500000000, A.D. 2007-Mar-01 00:00:00.0000, -3.855594218511649E-01,  2.544784112120746E-03,  3.558991259676611E-02, -6.037788017467404E-03, -2.692297280949840E-02, -1.645486585318078E-03,
2454170.500000000, A.D. 2007-Mar-11 00:00:00.0000, -3.585544399336937E-01, -2.487864316875321E-01,  1.257837065233437E-02,  1.027001103855942E-02, -2.186762636146210E-02, -2.729007678564904E-03,
2454180.500000000, A.D. 2007-Mar-21 00:00:00.0000, -2.036033741018624E-01, -4.160148710320422E-01, -1.530346188944895E-02,  1.960567483238942E-02, -1.099944962127414E-02, -2.697809004308621E-03,
2454190.500000000, A.D. 2007-Mar-31 00:00:00.0000,  1.216033128208887E-02, -4.612201465683982E-01, -3.879683553440115E-02,  2.248204964646016E-02,  2.187631892016560E-03, -1.884403019190176E-03,
2454200.500000000, A.D. 2007-Apr-10 00:00:00.0000,  2.232875707896137E-01, -3.703477015410431E-01, -5.074738591857745E-02,  1.847473846777468E-02,  1.591533025708458E-02, -3.951286774219756E-04,
2454210.500000000, A.D. 2007-Apr-20 00:00:00.0000,  3.520729129561914E-01, -1.506165499559040E-01, -4.461404464638449E-02,  5.577266700142038E-03,  2.714136930423258E-02,  1.705593279816924E-03,
2454220.500000000, A.D. 2007-Apr-30 00:00:00.0000,  3.007586644189447E-01,  1.353749586513507E-01, -1.654000635020714E-02, -1.702333088015572E-02,  2.690275723376871E-02,  3.760103960311346E-03,
2454230.500000000, A.D. 2007-May-10 00:00:00.0000,  2.872016085023328E-02,  3.057737732407314E-01,  2.234564564743344E-02, -3.365407926660836E-02,  3.664142280885141E-03,  3.387710862485839E-03,
2454240.500000000, A.D. 2007-May-20 00:00:00.0000, -2.719581063435768E-01,  2.029513531282761E-01,  4.153775579787072E-02, -2.256802267626988E-02, -2.138402343276723E-02,  3.239731564159736E-04,
2454250.500000000, A.D. 2007-May-30 00:00:00.0000, -3.938485347644783E-01, -5.196792631739960E-02,  3.189684292204117E-02, -2.169856467652889E-03, -2.668168155538127E-02, -1.980729882169134E-03,
2454260.500000000, A.D. 2007-Jun-09 00:00:00.0000, -3.351690620015803E-01, -2.912965936191514E-01,  6.959184682262071E-03,  1.271338385999152E-02, -1.996729677583424E-02, -2.797973150350140E-03,
2454270.500000000, A.D. 2007-Jun-19 00:00:00.0000, -1.626319660765077E-01, -4.357729570987676E-01, -2.067758879830410E-02,  2.070414733802044E-02, -8.445257073050287E-03, -2.589927196919974E-03,
2454280.500000000, A.D. 2007-Jun-29 00:00:00.0000,  5.764158400611624E-02, -4.539396215710844E-01, -4.237564590305042E-02,  2.226757115542071E-02,  4.989919931619957E-03, -1.635759248366738E-03,
2454290.500000000, A.D. 2007-Jul-09 00:00:00.0000,  2.590246577372537E-01, -3.353330055405401E-01, -5.116596750757973E-02,  1.666319846280805E-02,  1.856202162800143E-02, -1.264000546510647E-05,
2454300.500000000, A.D. 2007-Jul-19 00:00:00.0000,  3.594988980838504E-01, -9.407102266504971E-02, -4.067543602078600E-02,  1.662509434005059E-03,  2.848225151041414E-02,  2.174391877087797E-03,
2454310.500000000, A.D. 2007-Jul-29 00:00:00.0000,  2.611794905849055E-01,  1.873183121216451E-01, -8.663938288933189E-03, -2.191838209988193E-02,  2.408312792131960E-02,  3.978927889958852E-03,
2454320.500000000, A.D. 2007-Aug-08 00:00:00.0000, -3.973210422600863E-02,  3.068357825692959E-01,  2.871406481336931E-02, -3.354532033034444E-02, -2.588139435637378E-03,  2.866890393295842E-03,
2454330.500000000, A.D. 2007-Aug-18 00:00:00.0000, -3.135445860098791E-01,  1.567390428526053E-01,  4.157821073474349E-02, -1.836428593817764E-02, -2.397532981235933E-02, -2.735210795801515E-04,
2454340.500000000, A.D. 2007-Aug-28 00:00:00.0000, -3.945472806905556E-01, -1.055024073353761E-01,  2.758682142799410E-02,  1.429621190832658E-03, -2.596622939809478E-02, -2.252592422388761E-03,
2454350.500000000, A.D. 2007-Sep-07 00:00:00.0000, -3.071065614559042E-01, -3.297613899975039E-01,  1.241080897618869E-03,  1.487095003975688E-02, -1.788261782530485E-02, -2.825636680296329E-03,
2454360.500000000, A.D. 2007-Sep-17 00:00:00.0000, -1.196848045967672E-01, -4.502663482402223E-01, -2.580301183494294E-02,  2.154230125023175E-02, -5.814944608842613E-03, -2.451931117446123E-03,
2454370.500000000, A.D. 2007-Sep-27 00:00:00.0000,  1.024060636770935E-01, -4.409485119483550E-01, -4.542222635104474E-02,  2.176342513293471E-02,  7.804012733348242E-03, -1.359573291740232E-03,
2454380.500000000, A.D. 2007-Oct-07 00:00:00.0000,  2.907001499635752E-01, -2.950489469357553E-01, -5.078150076702745E-02,  1.446193031305119E-02,  2.108269803700601E-02,  3.953075807629102E-04,
2454390.500000000, A.D. 2007-Oct-17 00:00:00.0000,  3.585330465369350E-01, -3.532807147100782E-02, -3.578746298241244E-02, -2.680672859059660E-03,  2.925929175591393E-02,  2.636435861493422E-03,
2454400.500000000, A.D. 2007-Oct-27 00:00:00.0000,  2.120499570812613E-01,  2.324118168673334E-01, -4.713165964824907E-04, -2.635495653528852E-02,  2.013923149685873E-02,  4.063838664518023E-03,
2454410.500000000, A.D. 2007-Nov-06 00:00:00.0000, -1.066212422873318E-01,  2.954824386682995E-01,  3.392467766642416E-02, -3.211375296981673E-02, -8.503715525502147E-03,  2.252211642908256E-03,
2454420.500000000, A.D. 2007-Nov-16 00:00:00.0000, -3.464764459874388E-01,  1.061542199719605E-01,  4.046739691953009E-02, -1.406142076705784E-02, -2.569594694690508E-02, -8.089615262460705E-04,
2454430.500000000, A.D. 2007-Nov-26 00:00:00.0000, -3.882317248295374E-01, -1.571784392361824E-01,  2.278521204966021E-02,  4.739742604046792E-03, -2.485818234788876E-02, -2.465824679831175E-03,
2454440.500000000, A.D. 2007-Dec-06 00:00:00.0000, -2.749467704304058E-01, -3.638343114708176E-01, -4.493970464849663E-03,  1.675005403116383E-02, -1.564479041572566E-02, -2.815239966356547E-03,
2454450.500000000, A.D. 2007-Dec-16 00:00:00.0000, -7.529885008026614E-02, -4.593518846831735E-01, -3.061847240950236E-02,  2.211951792098471E-02, -3.122168365814094E-03, -2.284891239780062E-03,
2454460.500000000, A.D. 2007-Dec-26 00:00:00.0000,  1.458426830623917E-01, -4.222425707085061E-01, -4.787990785056415E-02,  2.095485724989555E-02,  1.061217288461115E-02, -1.055937475055798E-03,
2454470.500000000, A.D. 2008-Jan-05 00:00:00.0000,  3.174909589187954E-01, -2.498146931458620E-01, -4.954421312582074E-02,  1.184657763034817E-02,  2.342204780950318E-02,  8.264391962810523E-04,
2454480.500000000, A.D. 2008-Jan-15 00:00:00.0000,  3.483595804223022E-01,  2.430306437510959E-02, -2.998186598376259E-02, -7.391731406950457E-03,  2.932628908900456E-02,  3.074221604546655E-03,
2454490.500000000, A.D. 2008-Jan-25 00:00:00.0000,  1.546667772575733E-01,  2.684259530315130E-01,  7.736938672149874E-03, -2.998965829441394E-02,  1.516637671745775E-02,  3.991086532027840E-03,
2454500.500000000, A.D. 2008-Feb-04 00:00:00.0000, -1.694248272144433E-01,  2.727418156935094E-01,  3.782994978605932E-02, -2.956755260150865E-02, -1.376085025158855E-02,  1.589036685033809E-03,
2454510.500000000, A.D. 2008-Feb-14 00:00:00.0000, -3.707038322107386E-01,  5.288373527456997E-02,  3.833829037777264E-02, -9.816284175949491E-03, -2.664286033505608E-02, -1.275891607635995E-03,
2454520.500000000, A.D. 2008-Feb-24 00:00:00.0000, -3.754957353764220E-01, -2.062606979107064E-01,  1.760625678402439E-02,  7.751802972132328E-03, -2.342726437056121E-02, -2.625324265504814E-03,
2454530.500000000, A.D. 2008-Mar-05 00:00:00.0000, -2.392489602267899E-01, -3.932260287910824E-01, -1.017129438735701E-02,  1.835735722229362E-02, -1.327967545263422E-02, -2.769499433966588E-03,
2454540.500000000, A.D. 2008-Mar-15 00:00:00.0000, -3.000935397708664E-02, -4.629143277547655E-01, -3.506563906461612E-02,  2.243257860474797E-02, -3.796635021008509E-04, -2.089544310635876E-03,
2454550.500000000, A.D. 2008-Mar-25 00:00:00.0000,  1.873123472292463E-01, -3.978564649165585E-01, -4.969299636684511E-02,  1.982395377017380E-02,  1.339305216646619E-02, -7.249439096185254E-04,
2454560.500000000, A.D. 2008-Apr-04 00:00:00.0000,  3.385310326145551E-01, -2.000713227172705E-01, -4.741069286162329E-02,  8.795677156674833E-03,  2.551026880367592E-02,  1.277032641125807E-03,
2454570.500000000, A.D. 2008-Apr-14 00:00:00.0000,  3.283363517580884E-01,  8.321745784666153E-02, -2.333075490801238E-02, -1.235859045019309E-02,  2.852965909265486E-02,  3.464926160763494E-03,
2454580.500000000, A.D. 2008-Apr-24 00:00:00.0000,  9.099570118855325E-02,  2.934815762699708E-01,  1.562704347619567E-02, -3.250828210774108E-02,  9.398141836550923E-03,  3.750919476978679E-03,
2454590.500000000, A.D. 2008-May-04 00:00:00.0000, -2.261497163823471E-01,  2.401825571158035E-01,  4.037517268682128E-02, -2.618577057577753E-02, -1.815791414795663E-02,  9.194306736291494E-04,
2454600.500000000, A.D. 2008-May-14 00:00:00.0000, -3.864600344294203E-01, -1.601492034284169E-03,  3.533236308086537E-02, -5.735852457698079E-03, -2.692376304063843E-02, -1.673304129602184E-03,
2454610.500000000, A.D. 2008-May-24 00:00:00.0000, -3.569499849293327E-01, -2.521467578313445E-01,  1.215504729845118E-02,  1.046584599762417E-02, -2.173091313054603E-02, -2.735788010677732E-03,
2454620.500000000, A.D. 2008-Jun-03 00:00:00.0000, -2.005658270439557E-01, -4.176970516490678E-01, -1.572073095497254E-02,  1.969841532992835E-02, -1.080851789005736E-02, -2.690653214312652E-03,
2454630.500000000, A.D. 2008-Jun-13 00:00:00.0000,  1.563438800829348E-02, -4.608673836516052E-01, -3.908709407096457E-02,  2.247561291620099E-02,  2.399716018962047E-03, -1.866393479353636E-03,
2454640.500000000, A.D. 2008-Jun-23 00:00:00.0000,  2.261333133253805E-01, -3.678799804159010E-01, -5.080626439727313E-02,  1.835009873607124E-02,  1.611949908099236E-02, -3.669213741898795E-04,
2454650.500000000, A.D. 2008-Jul-03 00:00:00.0000,  3.529175914551145E-01, -1.464294618550761E-01, -4.434810521185575E-02,  5.295880385512455E-03,  2.725935780750764E-02,  1.741100605170401E-03,
2454660.500000000, A.D. 2008-Jul-13 00:00:00.0000,  2.981187333685626E-01,  1.394977662183174E-01, -1.595952797860116E-02, -1.740264541177347E-02,  2.672809100182410E-02,  3.780592372709956E-03,
2454670.500000000, A.D. 2008-Jul-23 00:00:00.0000,  2.355192720868560E-02,  3.062998398153412E-01,  2.286326937645180E-02, -3.369475296002406E-02,  3.187835844753970E-03,  3.352388711017800E-03,
2454680.500000000, A.D. 2008-Aug-02 00:00:00.0000, -2.753975620331254E-01,  1.996454112387927E-01,  4.158228400138390E-02, -2.225780373279839E-02, -2.161280252288132E-02,  2.766980064589151E-04,
2454690.500000000, A.D. 2008-Aug-12 00:00:00.0000, -3.941535101678168E-01, -5.607293361836641E-02,  3.158767681461461E-02, -1.887198605210900E-03, -2.664342892790499E-02, -2.003580080188116E-03,
2454700.500000000, A.D. 2008-Aug-22 00:00:00.0000, -3.331888433154244E-01, -2.943622165662741E-01,  6.525218880796452E-03,  1.288723200968154E-02, -1.981534345124663E-02, -2.801481537270774E-03,
2454710.500000000, A.D. 2008-Sep-01 00:00:00.0000, -1.594259314215330E-01, -4.370595545324586E-01, -2.107815858096832E-02,  2.077706323138040E-02, -8.247971032156232E-03, -2.580427036647959E-03,
2454720.500000000, A.D. 2008-Sep-11 00:00:00.0000,  6.108153476003209E-02, -4.531516163418045E-01, -4.262733987567055E-02,  2.223958931011658E-02,  5.203617619063767E-03, -1.615639990279880E-03,
2454730.500000000, A.D. 2008-Sep-21 00:00:00.0000,  2.615891573363251E-01, -3.324513726377224E-01, -5.116535558517406E-02,  1.650978267693422E-02,  1.875860895335791E-02,  1.758642452436013E-05,
2454740.500000000, A.D. 2008-Oct-01 00:00:00.0000,  3.597347228445296E-01, -8.966860200415989E-02, -4.033618565984354E-02,  1.346976953821280E-03,  2.856261770926969E-02,  2.209957662285583E-03,
2454750.500000000, A.D. 2008-Oct-11 00:00:00.0000,  2.577749067020225E-01,  1.910135067716515E-01, -8.048381348741390E-03, -2.227544306073532E-02,  2.382247658281009E-02,  3.990350852647860E-03,
2454760.500000000, A.D. 2008-Oct-21 00:00:00.0000, -4.489520371151277E-02,  3.064024517411580E-01,  2.915274352350600E-02, -3.348099381227963E-02, -3.053573258117230E-03,  2.822833345489089E-03,
2454770.500000000, A.D. 2008-Oct-31 00:00:00.0000, -3.163477215400507E-01,  1.530325101015232E-01,  4.153167398180203E-02, -1.803894760403972E-02, -2.413547766338203E-02, -3.165628241895644E-04,
2454780.500000000, A.D. 2008-Nov-10 00:00:00.0000, -3.943036958240813E-01, -1.094997592052402E-01,  2.723625722793437E-02,  1.691343371197952E-03, -2.589512324941869E-02, -2.270833107350152E-03,
2454790.500000000, A.D. 2008-Nov-20 00:00:00.0000, -3.047968475106230E-01, -3.325062715975554E-01,  8.032350670028968E-04,  1.502355305341899E-02, -1.771775834996752E-02, -2.826142999328987E-03,
2454800.500000000, A.D. 2008-Nov-30 00:00:00.0000, -1.163514719410346E-01, -4.511464841214901E-01, -2.618192634905355E-02,  2.159552002764329E-02, -5.612323958316163E-03, -2.440189316324252E-03,
2454810.500000000, A.D. 2008-Dec-10 00:00:00.0000,  1.057667104221836E-01, -4.397247947614602E-01, -4.563091826194382E-02,  2.171292311695903E-02,  8.017997876818088E-03, -1.337362644329735E-03,
2454820.500000000, A.D. 2008-Dec-20 00:00:00.0000,  2.929230828763456E-01, -2.917767852155113E-01, -5.071749461926831E-02,  1.427789142595164E-02,  2.126765994885594E-02,  4.273952523464968E-04,
2454830.500000000, A.D. 2008-Dec-30 00:00:00.0000,  3.580962394293910E-01, -3.080667297368095E-02, -3.537665553550676E-02, -3.026859697364834E-03,  2.929097849220404E-02,  2.670828454538863E-03,
2454840.500000000, A.D. 2009-Jan-09 00:00:00.0000,  2.079640364746528E-01,  2.354943055288961E-01,  1.566505811434824E-04, -2.666315944543052E-02,  1.979536184550346E-02,  4.063956555313370E-03,
2454850.500000000, A.D. 2009-Jan-19 00:00:00.0000, -1.115570670742857E-01,  2.941414083036584E-01,  3.426809893753759E-02, -3.195622841049729E-02, -8.929039141977027E-03,  2.202869379097695E-03,
2454860.500000000, A.D. 2009-Jan-29 00:00:00.0000, -3.486165786467317E-01,  1.021882628211665E-01,  4.033857700885824E-02, -1.373564487608435E-02, -2.579372438950089E-02, -8.469417350827861E-04,
2454870.500000000, A.D. 2009-Feb-08 00:00:00.0000, -3.874797902275886E-01, -1.610018337365872E-01,  2.240204507428894E-02,  4.979006518126998E-03, -2.476027752318506E-02, -2.479805894440654E-03,
2454880.500000000, A.D. 2009-Feb-18 00:00:00.0000, -2.723491688436713E-01, -3.662321687904348E-01, -4.929956789402796E-03,  1.688179755609835E-02, -1.546941260564538E-02, -2.812963654038080E-03,
2454890.500000000, A.D. 2009-Feb-28 00:00:00.0000, -7.187824725446883E-02, -4.598150866802378E-01, -3.097131781207210E-02,  2.215282552617719E-02, -2.915298385120217E-03, -2.270966678588334E-03,
2454900.500000000, A.D. 2009-Mar-10 00:00:00.0000,  1.490765738412713E-01, -4.205840288906046E-01, -4.804135232383831E-02,  2.088052386386521E-02,  1.082495733308928E-02, -1.031631496613428E-03,
2454910.500000000, A.D. 2009-Mar-20 00:00:00.0000,  3.193073577074628E-01, -2.461804215938100E-01, -4.941318295753475E-02,  1.163006790363362E-02,  2.359066481988938E-02,  8.601725268797580E-04,
2454920.500000000, A.D. 2009-Mar-30 00:00:00.0000,  3.471924881515572E-01,  2.883299009596009E-02, -2.950325146205440E-02, -7.762166157562786E-03,  2.929775098957578E-02,  3.105908823212905E-03,
2454930.500000000, A.D. 2009-Apr-09 00:00:00.0000,  1.500235592704739E-01,  2.707379622265847E-01,  8.353033995821074E-03, -3.022333758393426E-02,  1.475207259818321E-02,  3.978592351471296E-03,
2454940.500000000, A.D. 2009-Apr-19 00:00:00.0000, -1.739642021250651E-01,  2.705959869146209E-01,  3.807105030828318E-02, -2.933624574514312E-02, -1.412642835461583E-02,  1.537801875326396E-03,
2454950.500000000, A.D. 2009-Apr-29 00:00:00.0000, -3.721912866771064E-01,  4.877739291038936E-02,  3.813796369727403E-02, -9.499723337083684E-03, -2.668625213972143E-02, -1.308573569788629E-03,
2454960.500000000, A.D. 2009-May-09 00:00:00.0000, -3.742820057107381E-01, -2.098602345170111E-01,  1.719896061640759E-02,  7.968407934030296E-03, -2.330732812658973E-02, -2.635416005504592E-03,
2454970.500000000, A.D. 2009-May-19 00:00:00.0000, -2.364058326450164E-01, -3.952574419884638E-01, -1.059981797980985E-02,  1.846873439556149E-02, -1.309558800312678E-02, -2.764633268959189E-03,
2454980.500000000, A.D. 2009-May-29 00:00:00.0000, -2.654272564870020E-02, -4.629542953147672E-01, -3.538797627555463E-02,  2.244561963702288E-02, -1.696420218259677E-04, -2.073491746358928E-03,
2454990.500000000, A.D. 2009-Jun-08 00:00:00.0000,  1.903691642972964E-01, -3.957713064517991E-01, -4.980306528050221E-02,  1.972433570100775E-02,  1.360247517199054E-02, -6.985800817514866E-04,
2455000.500000000, A.D. 2009-Jun-18 00:00:00.0000,  3.398746474902051E-01, -1.961228297824963E-01, -4.721024928703301E-02,  8.545645445941667E-03,  2.565598597260157E-02,  1.311972637769883E-03,
2455010.500000000, A.D. 2009-Jun-28 00:00:00.0000,  3.264085959044651E-01,  8.760867470739114E-02, -2.279342900513269E-02, -1.274114746374365E-02,  2.842930092751695E-02,  3.491832048557537E-03,
2455020.500000000, A.D. 2009-Jul-08 00:00:00.0000,  8.598722354502418E-02,  2.948959835133500E-01,  1.620319504543857E-02, -3.264628468154920E-02,  8.937876249516842E-03,  3.725849348519539E-03,
2455030.500000000, A.D. 2009-Jul-18 00:00:00.0000, -2.301515154462994E-01,  2.373707453230227E-01,  4.051210664119723E-02, -2.590391298226010E-02, -1.845295024858388E-02,  8.693054195742654E-04,
2455040.500000000, A.D. 2009-Jul-28 00:00:00.0000, -3.873153958460002E-01, -5.740489341292539E-03,  3.507090928674998E-02, -5.435487058252770E-03, -2.692122991904519E-02, -1.700741809252365E-03,
2455050.500000000, A.D. 2009-Aug-07 00:00:00.0000, -3.553189522707197E-01, -2.554792455013518E-01,  1.173093076469205E-02,  1.065982471483261E-02, -2.159309294898408E-02, -2.742327538923189E-03,
2455060.500000000, A.D. 2009-Aug-17 00:00:00.0000, -1.975182843247449E-01, -4.193448685173752E-01, -1.613685514018893E-02,  1.978968018432979E-02, -1.061722501429129E-02, -2.683336299325704E-03,
2455070.500000000, A.D. 2009-Aug-27 00:00:00.0000,  1.910440013909078E-02, -4.604775888855152E-01, -3.937466961801838E-02,  2.246776093627516E-02,  2.612016720797363E-03, -1.848226453256624E-03,
2455080.500000000, A.D. 2009-Sep-06 00:00:00.0000,  2.289585897972098E-01, -3.653738960142477E-01, -5.086067401134090E-02,  1.822346034587352E-02,  1.632361664592170E-02, -3.385103192514640E-04,
2455090.500000000, A.D. 2009-Sep-16 00:00:00.0000,  3.537162607468846E-01, -1.422115480899053E-01, -4.407564499159174E-02,  5.011429274809086E-03,  2.737541108970196E-02,  1.776770703334431E-03,
2455100.500000000, A.D. 2009-Sep-26 00:00:00.0000,  2.954092281059760E-01,  1.436086921483077E-01, -1.537343291083998E-02, -1.778210130570441E-02,  2.654670116072616E-02,  3.800584712355509E-03,
2455110.500000000, A.D. 2009-Oct-06 00:00:00.0000,  1.836111007915759E-02,  3.067581394816241E-01,  2.337789317246013E-02, -3.372703374629425E-02,  2.710175834017477E-03,  3.316192620266685E-03,
2455120.500000000, A.D. 2009-Oct-16 00:00:00.0000, -2.787986622454832E-01,  1.963050693425938E-01,  4.162080848814304E-02, -2.194520303336040E-02, -2.183603498958711E-02,  2.296268161617892E-04,
2455130.500000000, A.D. 2009-Oct-26 00:00:00.0000, -3.944211420234877E-01, -6.016759200271649E-02,  3.127588553256704E-02, -1.606079408256656E-03, -2.660212137520081E-02, -2.026078011412579E-03,
2455140.500000000, A.D. 2009-Nov-05 00:00:00.0000, -3.311889019324352E-01, -2.973984352043539E-01,  6.091464547850253E-03,  1.305934219537309E-02, -1.966237533656003E-02, -2.804774724724809E-03,
2455150.500000000, A.D. 2009-Nov-15 00:00:00.0000, -1.562157601353876E-01, -4.383112976440326E-01, -2.147682505231600E-02,  2.084858297141614E-02, -8.050463059327584E-03, -2.570789467161086E-03,
2455160.500000000, A.D. 2009-Nov-25 00:00:00.0000,  6.451208986013260E-02, -4.523280484313824E-01, -4.287581806767871E-02,  2.221020779864831E-02,  5.417261386657578E-03, -1.595385387204466E-03,
2455170.500000000, A.D. 2009-Dec-05 00:00:00.0000,  2.641277062053528E-01, -3.295369550747909E-01, -5.116003309922774E-02,  1.635435442254326E-02,  1.895454119290949E-02,  4.797216600442434E-05,
2455180.500000000, A.D. 2009-Dec-15 00:00:00.0000,  3.599209199120480E-01, -8.525009833809190E-02, -3.999108971304390E-02,  1.028991541712298E-03,  2.863980067803498E-02,  2.245523171869016E-03,
2455190.500000000, A.D. 2009-Dec-25 00:00:00.0000,  2.543143991428702E-01,  1.946719460657728E-01, -7.430421426657526E-03, -2.262966203905735E-02,  2.355518638354802E-02,  4.000990898675839E-03,
2455200.500000000, A.D. 2010-Jan-04 00:00:00.0000, -5.004650130528452E-02,  3.059016633242839E-01,  2.958514143344955E-02, -3.340876407933219E-02, -3.516527770898694E-03,  2.778240440148345E-03,
2455210.500000000, A.D. 2010-Jan-14 00:00:00.0000, -3.190994117703552E-01,  1.493108716479005E-01,  4.147924568617722E-02, -1.771349500480371E-02, -2.429013809737108E-02, -3.591990630527052E-04,
2455220.500000000, A.D. 2010-Jan-24 00:00:00.0000, -3.940237940993902E-01, -1.134743183193968E-01,  2.688396579617005E-02,  1.950814784427107E-03, -2.582182112915599E-02, -2.288717002682998E-03,
2455230.500000000, A.D. 2010-Feb-03 00:00:00.0000, -3.024723606675057E-01, -3.352163813678870E-01,  3.663844072257214E-04,  1.517422115208147E-02, -1.755242595177033E-02, -2.826449889981869E-03,
2455240.500000000, A.D. 2010-Feb-13 00:00:00.0000, -1.130203055231526E-01, -4.519906223074565E-01, -2.655828686507260E-02,  2.164723913390064E-02, -5.409816625331435E-03, -2.428321475585801E-03,
2455250.500000000, A.D. 2010-Feb-23 00:00:00.0000,  1.091107081059854E-01, -4.384674000618980E-01, -4.583586825370255E-02,  2.166093455820112E-02,  8.231635960544000E-03, -1.315032025349804E-03,
2455260.500000000, A.D. 2010-Mar-05 00:00:00.0000,  2.951121725962912E-01, -2.884770533547630E-01, -5.064848094813116E-02,  1.409181943729550E-02,  2.145155948495378E-02,  4.596078483153431E-04,
2455270.500000000, A.D. 2010-Mar-15 00:00:00.0000,  3.576035984943585E-01, -2.628012554050005E-02, -3.496035275797081E-02, -3.374958357189414E-03,  2.931873262755246E-02,  2.705108812798873E-03,
2455280.500000000, A.D. 2010-Mar-25 00:00:00.0000,  2.038300875803683E-01,  2.385256890656788E-01,  7.851124853792141E-04, -2.696636961058611E-02,  1.944569862378470E-02,  4.063167421465127E-03,
2455290.500000000, A.D. 2010-Apr-04 00:00:00.0000, -1.164659609351248E-01,  2.927408042308553E-01,  3.460454977864763E-02, -3.179215015987734E-02, -9.349742936049876E-03,  2.153298574271428E-03,
2455300.500000000, A.D. 2010-Apr-14 00:00:00.0000, -3.507063290342874E-01,  9.822047740672787E-02,  4.020519368935048E-02, -1.341087388480960E-02, -2.588652145278853E-02, -8.844467329140405E-04,
2455310.500000000, A.D. 2010-Apr-24 00:00:00.0000, -3.866984420511169E-01, -1.647950818601374E-01,  2.201858578558034E-02,  5.215770621726052E-03, -2.466071115089383E-02, -2.493449218977025E-03,
2455320.500000000, A.D. 2010-May-04 00:00:00.0000, -2.697452269734308E-01, -3.685925052677436E-01, -5.363767302981400E-03,  1.701149937363364E-02, -1.529397922086388E-02, -2.810517493667942E-03,
2455330.500000000, A.D. 2010-May-14 00:00:00.0000, -6.846921445374568E-02, -4.602438501764483E-01, -3.132076898510436E-02,  2.218454620706125E-02, -2.709009983713131E-03, -2.256956013647501E-03,
2455340.500000000, A.D. 2010-May-24 00:00:00.0000,  1.522838775600217E-01, -4.188988654221522E-01, -4.819872029164008E-02,  2.080470910369124E-02,  1.103674236982776E-02, -1.007270221609809E-03,
2455350.500000000, A.D. 2010-Jun-03 00:00:00.0000,  3.210815419812720E-01, -2.425335811586092E-01, -4.927770443979137E-02,  1.141191529523060E-02,  2.375727020988921E-02,  8.939088219670380E-04,
2455360.500000000, A.D. 2010-Jun-13 00:00:00.0000,  3.459705392303269E-01,  3.334291992022011E-02, -2.902144335078989E-02, -8.132792845831904E-03,  2.926441181215945E-02,  3.137253200098454E-03,
2455370.500000000, A.D. 2010-Jun-23 00:00:00.0000,  1.453579508327272E-01,  2.729789224505418E-01,  8.965513197793913E-03, -3.044974663474710E-02,  1.433462966557231E-02,  3.965206501183175E-03,
2455380.500000000, A.D. 2010-Jul-03 00:00:00.0000, -1.784549149720704E-01,  2.684017510464463E-01,  3.830406908366729E-02, -2.910095411040811E-02, -1.448569940568063E-02,  1.486722857873694E-03,
2455390.500000000, A.D. 2010-Jul-13 00:00:00.0000, -3.736274565862767E-01,  4.468000041716334E-02,  3.793392506600599E-02, -9.185317343901192E-03, -2.672553696267012E-02, -1.340741015985739E-03,
2455400.500000000, A.D. 2010-Jul-23 00:00:00.0000, -3.730435096964912E-01, -2.134262703677177E-01,  1.679215027048746E-02,  8.182304119579197E-03, -2.318624999354304E-02, -2.645192869479122E-03,
2455410.500000000, A.D. 2010-Aug-02 00:00:00.0000, -2.335623027358382E-01, -3.972514841470815E-01, -1.102556356996870E-02,  1.857797368360855E-02, -1.291168156772785E-02, -2.759609241867729E-03,
2455420.500000000, A.D. 2010-Aug-12 00:00:00.0000, -2.309446351197142E-02, -4.629620463810922E-01, -3.570642266635965E-02,  2.245700223606237E-02,  3.959515669154271E-05, -2.057364555839761E-03,
2455430.500000000, A.D. 2010-Aug-22 00:00:00.0000,  1.933921393770851E-01, -3.936639097010273E-01, -4.990872501719575E-02,  1.962322249719738E-02,  1.381067137862129E-02, -6.721839047685648E-04,
2455440.500000000, A.D. 2010-Sep-01 00:00:00.0000,  3.411692088920217E-01, -1.921686033616783E-01, -4.700534249927477E-02,  8.294093726973524E-03,  2.579940562805966E-02,  1.346872821125381E-03,
2455450.500000000, A.D. 2010-Sep-11 00:00:00.0000,  3.244230212471398E-01,  9.196948395566788E-02, -2.225358432728047E-02, -1.312305095278541E-02,  2.832382433948809E-02,  3.518292454850076E-03,
2455460.500000000, A.D. 2010-Sep-21 00:00:00.0000,  8.096485147594605E-02,  2.962351021286737E-01,  1.677456858840206E-02, -3.277644164899163E-02,  8.476311801413840E-03,  3.699995367943291E-03,
2455470.500000000, A.D. 2010-Oct-01 00:00:00.0000, -2.341054812369132E-01,  2.345186849705344E-01,  4.064178518299944E-02, -2.561953442396338E-02, -1.874181072440601E-02,  8.194719908042474E-04,
2455480.500000000, A.D. 2010-Oct-11 00:00:00.0000, -3.881268616803172E-01, -9.868892010520464E-03,  3.480675179755720E-02, -5.137265176986417E-03, -2.691523006965020E-02, -1.727709064324671E-03,
2455490.500000000, A.D. 2010-Oct-21 00:00:00.0000, -3.536686758728783E-01, -2.587803246778946E-01,  1.130789385101732E-02,  1.085131854307327E-02, -2.145429921781038E-02, -2.748583566540028E-03,
2455500.500000000, A.D. 2010-Oct-31 00:00:00.0000, -1.944742622085529E-01, -4.209583703441082E-01, -1.654983583993739E-02,  1.987889622297353E-02, -1.042618493822167E-02, -2.675878840268694E-03,
2455510.500000000, A.D. 2010-Nov-10 00:00:00.0000,  2.255243108192989E-02, -4.600597252640098E-01, -3.965816550118258E-02,  2.245823768965863E-02,  2.823364079242752E-03, -1.830005691343389E-03,
2455520.500000000, A.D. 2010-Nov-20 00:00:00.0000,  2.317462891997072E-01, -3.628524996680762E-01, -5.091078886231783E-02,  1.809534706702634E-02,  1.652609048948937E-02, -3.101107162675960E-04,
2455530.500000000, A.D. 2010-Nov-30 00:00:00.0000,  3.544638189086328E-01, -1.380009590534233E-01, -4.379956088076062E-02,  4.725887633342223E-03,  2.748835322754744E-02,  1.812287465675174E-03,
2455540.500000000, A.D. 2010-Dec-10 00:00:00.0000,  2.926508479067551E-01,  1.476689396260591E-01, -1.478735526405745E-02, -1.815895522896317E-02,  2.636004551065145E-02,  3.819929809118143E-03,
2455550.500000000, A.D. 2010-Dec-20 00:00:00.0000,  1.318173962924364E-02,  3.071372159956322E-01,  2.388495013860662E-02, -3.375153869885900E-02,  2.234220034561995E-03,  3.279460462816517E-03,
2455560.500000000, A.D. 2010-Dec-30 00:00:00.0000, -2.821436951344013E-01,  1.929358751295999E-01,  4.165213030019471E-02, -2.163200392497607E-02, -2.205336411391039E-02,  1.830096259104359E-04,
2455570.500000000, A.D. 2011-Jan-09 00:00:00.0000, -3.946463512967696E-01, -6.424816124957299E-02,  3.096181770879207E-02, -1.327321080953050E-03, -2.655815331617800E-02, -2.048135289210339E-03,
2455580.500000000, A.D. 2011-Jan-19 00:00:00.0000, -3.291707559305251E-01, -3.004050616026457E-01,  5.658901693169373E-03,  1.322911867802388E-02, -1.950871195162985E-02, -2.807806713273889E-03,
2455590.500000000, A.D. 2011-Jan-29 00:00:00.0000, -1.530090397803056E-01, -4.395317859875426E-01, -2.187232842420332E-02,  2.091809939413219E-02, -7.853228158330443E-03, -2.561009878366720E-03,
2455600.500000000, A.D. 2011-Feb-08 00:00:00.0000,  6.792047993591178E-02, -4.514794435915058E-01, -4.312014455445948E-02,  2.217906933921414E-02,  5.629945602044862E-03, -1.575071745136735E-03,
2455610.500000000, A.D. 2011-Feb-18 00:00:00.0000,  2.666273899277504E-01, -3.266109763911568E-01, -5.115036382795810E-02,  1.619734291179287E-02,  1.914866284595113E-02,  7.833293567475837E-05,
2455620.500000000, A.D. 2011-Feb-28 00:00:00.0000,  3.600548063615544E-01, -8.084597220551135E-02, -3.964271051577812E-02,  7.101665502940726E-04,  2.871335725185140E-02,  2.280858300288316E-03,
2455630.500000000, A.D. 2011-Mar-10 00:00:00.0000,  2.508129973108971E-01,  1.982687950800713E-01, -6.814078540371631E-03, -2.297960597291974E-02,  2.328292072714535E-02,  4.010846360576147E-03,
2455640.500000000, A.D. 2011-Mar-20 00:00:00.0000, -5.516923501690936E-02,  3.053278822982951E-01,  3.000889562743125E-02, -3.332963015492006E-02, -3.975573885674889E-03,  2.733371489151014E-03,
2455650.500000000, A.D. 2011-Mar-30 00:00:00.0000, -3.217935149862232E-01,  1.455731093009215E-01,  4.142053395529730E-02, -1.738867093339557E-02, -2.443950586324568E-02, -4.013129706597762E-04,
2455660.500000000, A.D. 2011-Apr-09 00:00:00.0000, -3.937055641573728E-01, -1.174295116668740E-01,  2.653027101893179E-02,  2.207806878968110E-03, -2.574649454078237E-02, -2.306198224373894E-03,
2455670.500000000, A.D. 2011-Apr-19 00:00:00.0000, -3.001337084932674E-01, -3.378962168195361E-01, -6.877031554260251E-05,  1.532260715631732E-02, -1.738672083322100E-02, -2.826527466882735E-03,
2455680.500000000, A.D. 2011-Apr-29 00:00:00.0000, -1.096963425036645E-01, -4.528054972295225E-01, -2.693125079928635E-02,  2.169695150103265E-02, -5.207829918494890E-03, -2.416335794149890E-03,
2455690.500000000, A.D. 2011-May-09 00:00:00.0000,  1.124285296713624E-01, -4.371898580587028E-01, -4.603670017827955E-02,  2.160715833358678E-02,  8.443954294059293E-03, -1.292675215055697E-03,
2455700.500000000, A.D. 2011-May-19 00:00:00.0000,  2.972587234506209E-01, -2.851754593086938E-01, -5.057564108917634E-02,  1.390432211476022E-02,  2.163302769293404E-02,  4.917243687660768E-04,
2455710.500000000, A.D. 2011-May-29 00:00:00.0000,  3.570599872666453E-01, -2.178500365775645E-02, -3.454239002460058E-02, -3.722873233780102E-03,  2.934211451125653E-02,  2.739002210264865E-03,
2455720.500000000, A.D. 2011-Jun-08 00:00:00.0000,  1.996739879428168E-01,  2.414788037643613E-01,  1.408789373631847E-03, -2.726327505122739E-02,  1.909257681496411E-02,  4.061537662016024E-03,
2455730.500000000, A.D. 2011-Jun-18 00:00:00.0000, -1.213265717982174E-01,  2.912753165635153E-01,  3.493119797563245E-02, -3.162322197249173E-02, -9.764750849205016E-03,  2.103792220960490E-03,
2455740.500000000, A.D. 2011-Jun-28 00:00:00.0000, -3.527376060237771E-01,  9.424505615928429E-02,  4.006615514581726E-02, -1.308774451616080E-02, -2.597493239071351E-02, -9.214098724184848E-04,
2455750.500000000, A.D. 2011-Jul-08 00:00:00.0000, -3.858813602639484E-01, -1.685679249546737E-01,  2.163407333455676E-02,  5.450094504347650E-03, -2.455958077476258E-02, -2.506728553157649E-03,
2455760.500000000, A.D. 2011-Jul-18 00:00:00.0000, -2.671284973924685E-01, -3.709237967433548E-01, -5.795784520528433E-03,  1.713906719324174E-02, -1.511822481906794E-02, -2.807853864626886E-03,
2455770.500000000, A.D. 2011-Jul-28 00:00:00.0000, -6.506741310293747E-02, -4.606441827906866E-01, -3.166675346312901E-02,  2.221437585589669E-02, -2.503135840493124E-03, -2.242823078557739E-03,
2455780.500000000, A.D. 2011-Aug-07 00:00:00.0000,  1.554657834725397E-01, -4.171929952681478E-01, -4.835180379460320E-02,  2.072713965158120E-02,  1.124736177653642E-02, -9.828684057558447E-04,
2455790.500000000, A.D. 2011-Aug-17 00:00:00.0000,  3.228135971887619E-01, -2.388833119597709E-01, -4.913808237730728E-02,  1.119223780120639E-02,  2.392143128671443E-02,  9.275588834479185E-04,
2455800.500000000, A.D. 2011-Aug-27 00:00:00.0000,  3.446981872731552E-01,  3.782039001653422E-02, -2.853789903615694E-02, -8.502876948387538E-03,  2.922621164627861E-02,  3.168132287054310E-03,
2455810.500000000, A.D. 2011-Sep-06 00:00:00.0000,  1.406808129289594E-01,  2.751413156968127E-01,  9.572317403717556E-03, -3.066869807660472E-02,  1.391500882295086E-02,  3.950964023632788E-03,
2455820.500000000, A.D. 2011-Sep-16 00:00:00.0000, -1.828905281614580E-01,  2.661578968737754E-01,  3.852785547775570E-02, -2.886237851208519E-02, -1.483864965194822E-02,  1.435888234090073E-03,
2455830.500000000, A.D. 2011-Sep-26 00:00:00.0000, -3.750093429958593E-01,  4.058699359152752E-02,  3.772544795394395E-02, -8.873029327322394E-03, -2.676113961841333E-02, -1.372384736191033E-03,
2455840.500000000, A.D. 2011-Oct-06 00:00:00.0000, -3.717750935462298E-01, -2.169659500706881E-01,  1.638515782004709E-02,  8.393770118103138E-03, -2.306410479264698E-02, -2.654643643828874E-03,
2455850.500000000, A.D. 2011-Oct-16 00:00:00.0000, -2.307114363932895E-01, -3.992148312593126E-01, -1.144897501283016E-02,  1.868510501240518E-02, -1.272783858217738E-02, -2.754395139331007E-03,
2455860.500000000, A.D. 2011-Oct-26 00:00:00.0000, -1.965907303794142E-02, -4.629434104461883E-01, -3.602110564129778E-02,  2.246643264400826E-02,  2.480507448545372E-04, -2.041140251339514E-03,
2455870.500000000, A.D. 2011-Nov-05 00:00:00.0000,  1.963834824625993E-01, -3.915417980574193E-01, -5.001015107528775E-02,  1.952033269006974E-02,  1.401726419362445E-02, -6.457950463483482E-04,
2455880.500000000, A.D. 2011-Nov-15 00:00:00.0000,  3.424164297244320E-01, -1.882219059698552E-01, -4.679700318641493E-02,  8.041300552440268E-03,  2.593983408768233E-02,  1.381600227196021E-03,
2455890.500000000, A.D. 2011-Nov-25 00:00:00.0000,  3.223883256260526E-01,  9.628227679712871E-02, -2.171378760866901E-02, -1.350329040207287E-02,  2.821333210442228E-02,  3.544171264409000E-03,
2455900.500000000, A.D. 2011-Dec-05 00:00:00.0000,  7.594287311469196E-02,  2.974894529532740E-01,  1.733841479838507E-02, -3.289907886070902E-02,  8.014565799612622E-03,  3.673471414193704E-03,
2455910.500000000, A.D. 2011-Dec-15 00:00:00.0000, -2.380056456955495E-01,  2.316199305934680E-01,  4.076268932129919E-02, -2.533334187274395E-02, -1.902505022578435E-02,  7.699957923288740E-04,
2455920.500000000, A.D. 2011-Dec-25 00:00:00.0000, -3.888891257134315E-01, -1.399997312559913E-02,  3.453842442529508E-02, -4.840740877240143E-03, -2.690625512820815E-02, -1.754229348041905E-03,
2455930.500000000, A.D. 2012-Jan-04 00:00:00.0000, -3.519881524334418E-01, -2.620641914337363E-01,  1.088438798314173E-02,  1.104087090619565E-02, -2.131425725323074E-02, -2.754540581546119E-03,
2455940.500000000, A.D. 2012-Jan-14 00:00:00.0000, -1.914192190275106E-01, -4.225467471230572E-01, -1.696082577889712E-02,  1.996619908572057E-02, -1.023474848185948E-02, -2.668221757499217E-03,
2455950.500000000, A.D. 2012-Jan-24 00:00:00.0000,  2.599222665630706E-02, -4.596163362115765E-01, -3.993806841514447E-02,  2.244676887116156E-02,  3.034384721646765E-03, -1.811663272673080E-03,
2455960.500000000, A.D. 2012-Feb-03 00:00:00.0000,  2.345060523868712E-01, -3.603132746223703E-01, -5.095651430366593E-02,  1.796524709526192E-02,  1.672727569428571E-02, -2.816789567437311E-04,
2455970.500000000, A.D. 2012-Feb-13 00:00:00.0000,  3.551645802040787E-01, -1.337935286061895E-01, -4.351954549378276E-02,  4.438749031768668E-03,  2.759815306962009E-02,  1.847646954576732E-03,
2455980.500000000, A.D. 2012-Feb-23 00:00:00.0000,  2.898440668016107E-01,  1.516808493168248E-01, -1.420127445715902E-02, -1.853344366173601E-02,  2.616785249453774E-02,  3.838581235192827E-03,
2455990.500000000, A.D. 2012-Mar-04 00:00:00.0000,  8.012358490450185E-03,  3.074366160470974E-01,  2.438409625708647E-02, -3.376848588108274E-02,  1.759599042157388E-03,  3.242170821847290E-03,
2456000.500000000, A.D. 2012-Mar-14 00:00:00.0000, -2.854345665414270E-01,  1.895313487140267E-01,  4.167556308765661E-02, -2.131793970078421E-02, -2.226551533874013E-02,  1.367915241691126E-04,
2456010.500000000, A.D. 2012-Mar-24 00:00:00.0000, -3.948256516904212E-01, -6.832637613495519E-02,  3.064420618801111E-02, -1.050223181171584E-03, -2.651175902924474E-02, -2.069800381281763E-03,
2456020.500000000, A.D. 2012-Apr-03 00:00:00.0000, -3.271243115836485E-01, -3.033931238630965E-01,  5.226018936721854E-03,  1.339711236426347E-02, -1.935401962293110E-02, -2.810576133591961E-03,
2456030.500000000, A.D. 2012-Apr-13 00:00:00.0000, -1.497920721721789E-01, -4.407271548068625E-01, -2.226593581925539E-02,  2.098576574606673E-02, -7.655676599975482E-03, -2.551044038611107E-03,
2456040.500000000, A.D. 2012-Apr-23 00:00:00.0000,  7.131983810229864E-02, -4.506060671259083E-01, -4.336102936838131E-02,  2.214591861504130E-02,  5.842206906361585E-03, -1.554636705010940E-03,
2456050.500000000, A.D. 2012-May-03 00:00:00.0000,  2.690972370908530E-01, -3.236697033309013E-01, -5.113647568623916E-02,  1.603821643869471E-02,  1.934120012302392E-02,  1.087168768645845E-04,
2456060.500000000, A.D. 2012-May-13 00:00:00.0000,  3.601398306493382E-01, -7.645237570722449E-02, -3.929090823811715E-02,  3.899742901534063E-04,  2.878309300972969E-02,  2.315964794467623E-03,
2456070.500000000, A.D. 2012-May-23 00:00:00.0000,  2.472697457977912E-01,  2.018049127366605E-01, -6.199376269274992E-03, -2.332567418053837E-02,  2.300533502589578E-02,  4.019895367597873E-03,
2456080.500000000, A.D. 2012-Jun-02 00:00:00.0000, -6.026909381254762E-02,  3.046765151238350E-01,  3.042377057864060E-02, -3.324400141460401E-02, -4.431631163069377E-03,  2.688181952792534E-03,
2456090.500000000, A.D. 2012-Jun-12 00:00:00.0000, -3.244341429562958E-01,  1.418037904313079E-01,  4.135433495437825E-02, -1.706371100001969E-02, -2.458450857134839E-02, -4.430328642992556E-04,
2456100.500000000, A.D. 2012-Jun-22 00:00:00.0000, -3.933425893035249E-01, -1.213849215342918E-01,  2.617291520174897E-02,  2.463478735601654E-03, -2.566903774762569E-02, -2.323343631077011E-03,
2456110.500000000, A.D. 2012-Jul-02 00:00:00.0000, -2.977640645460907E-01, -3.405602405047060E-01, -5.046925658949359E-04,  1.546957877768049E-02, -1.721979617417400E-02, -2.826352572246554E-03,
2456120.500000000, A.D. 2012-Jul-12 00:00:00.0000, -1.063564172168770E-01, -4.535949166335908E-01, -2.730268444256994E-02,  2.174503638560914E-02, -5.005124363941389E-03, -2.404139041194964E-03,
2456130.500000000, A.D. 2012-Jul-22 00:00:00.0000,  1.157440867394072E-01, -4.358826577792462E-01, -4.623405385992203E-02,  2.155133114928682E-02,  8.656330490955494E-03, -1.270141757520924E-03,
2456140.500000000, A.D. 2012-Aug-01 00:00:00.0000,  2.993798536598172E-01, -2.818496793836409E-01, -5.049789663435383E-02,  1.371427028125767E-02,  2.181313957079978E-02,  5.239307468450873E-04,
2456150.500000000, A.D. 2012-Aug-11 00:00:00.0000,  3.564670760423630E-01, -1.729352948342838E-02, -3.412001932237323E-02, -4.072441465947220E-03,  2.936094566819558E-02,  2.772627683415840E-03,
2456160.500000000, A.D. 2012-Aug-21 00:00:00.0000,  1.954819129885868E-01,  2.443707731136472E-01,  2.030475437828927E-03, -2.755476435374023E-02,  1.873422802506259E-02,  4.058942028181230E-03,
2456170.500000000, A.D. 2012-Aug-31 00:00:00.0000, -1.261527667345986E-01,  2.897448786114405E-01,  3.524885982133012E-02, -3.144876013087632E-02, -1.017545080081865E-02,  2.054130288205147E-03,
2456180.500000000, A.D. 2012-Sep-10 00:00:00.0000, -3.547148022712103E-01,  9.025252190118016E-02,  3.992042613599041E-02, -1.276517039444802E-02, -2.605950200614834E-02, -9.579750686644586E-04,
2456190.500000000, A.D. 2012-Sep-20 00:00:00.0000, -3.850219207286516E-01, -1.723321590883966E-01,  2.124642552359682E-02,  5.683055037402284E-03, -2.445682439360769E-02, -2.519711018347329E-03,
2456200.500000000, A.D. 2012-Sep-30 00:00:00.0000, -2.644827341099817E-01, -3.732345248755851E-01, -6.228385138522806E-03,  1.726529965925724E-02, -1.494156462235080E-02, -2.804963661748254E-03,
2456210.500000000, A.D. 2012-Oct-10 00:00:00.0000, -6.165115708971406E-02, -4.610167280370125E-01, -3.201116895030948E-02,  2.224256507575256E-02, -2.296732459902849E-03, -2.228482556982140E-03,
2456220.500000000, A.D. 2012-Oct-20 00:00:00.0000,  1.586429574660740E-01, -4.154570607947122E-01, -4.850134036517775E-02,  2.064734173210113E-02,  1.145780853701748E-02, -9.582847898327958E-04,
2456230.500000000, A.D. 2012-Oct-30 00:00:00.0000,  3.245156569671557E-01, -2.352119464714016E-01, -4.899354521832418E-02,  1.096982091302620E-02,  2.408372427575892E-02,  9.612728167675488E-04,
2456240.500000000, A.D. 2012-Nov-09 00:00:00.0000,  3.433729945237922E-01,  4.228417873602289E-02, -2.805063348977900E-02, -8.873998892471403E-03,  2.918269426924450E-02,  3.198620932192170E-03,
2456250.500000000, A.D. 2012-Nov-19 00:00:00.0000,  1.359763704613790E-01,  2.772329543508381E-01,  1.017538390857724E-02, -3.088106958509663E-02,  1.349154361930850E-02,  3.935772433316942E-03,
2456260.500000000, A.D. 2012-Nov-29 00:00:00.0000, -1.872877482096794E-01,  2.638534129612329E-01,  3.874264120450831E-02, -2.861976367793276E-02, -1.518708892911140E-02,  1.385070168103276E-03,
2456270.500000000, A.D. 2012-Dec-09 00:00:00.0000, -3.763403643652464E-01,  3.647513739627745E-02,  3.751057888359419E-02, -8.561205751109505E-03, -2.679359967233204E-02, -1.403685799979698E-03,
2456280.500000000, A.D. 2012-Dec-19 00:00:00.0000, -3.704641686304991E-01, -2.205016752810054E-01,  1.597483628922509E-02,  8.604248238885096E-03, -2.294026365822414E-02, -2.663825114964479E-03,
2456290.500000000, A.D. 2012-Dec-29 00:00:00.0000, -2.278287403750952E-01, -4.011594997485960E-01, -1.187321399470941E-02,  1.879105681153461E-02, -1.254266359388654E-02, -2.748942470254799E-03,
2456300.500000000, A.D. 2013-Jan-08 00:00:00.0000, -1.620559759425821E-02, -4.628937793999277E-01, -3.633425396887150E-02,  2.247424206059916E-02,  4.576117608797724E-04, -2.024678362692798E-03,
2456310.500000000, A.D. 2013-Jan-18 00:00:00.0000,  1.993728893182618E-01, -3.893802401014039E-01, -5.010760261348264E-02,  1.941498110384022E-02,  1.422431792252077E-02, -6.191574814600643E-04,
2456320.500000000, A.D. 2013-Jan-28 00:00:00.0000,  3.436315738020471E-01, -1.842397237922337E-01, -4.658244976391126E-02,  7.785010113885651E-03,  2.607861183369048E-02,  1.416488009217555E-03,
2456330.500000000, A.D. 2013-Feb-07 00:00:00.0000,  3.202916469486791E-01,  1.005914667376621E-01, -2.116852959847827E-02, -1.388478716076375E-02,  2.809642477739304E-02,  3.569607626925284E-03,
2456340.500000000, A.D. 2013-Feb-17 00:00:00.0000,  7.089213397654957E-02,  2.986769016085344E-01,  1.789919622786133E-02, -3.301407572038110E-02,  7.549539752690877E-03,  3.645955643626473E-03,
2456350.500000000, A.D. 2013-Feb-27 00:00:00.0000, -2.418691409538924E-01,  2.286714514862174E-01,  4.087583878578738E-02, -2.504372623784659E-02, -1.930366104505231E-02,  7.205879627416208E-04,
2456360.500000000, A.D. 2013-Mar-09 00:00:00.0000, -3.896055514462668E-01, -1.814080118518928E-02,  3.426488896149846E-02, -4.544774464114067E-03, -2.689435509540644E-02, -1.780442367097706E-03,
2456370.500000000, A.D. 2013-Mar-19 00:00:00.0000, -3.502705188832116E-01, -2.653366866711045E-01,  1.045838010038471E-02,  1.122942995511362E-02, -2.117267177092668E-02, -2.760262653180424E-03,
2456380.500000000, A.D. 2013-Mar-29 00:00:00.0000, -1.883375058196596E-01, -4.241107180321265E-01, -1.737213540622896E-02,  2.005236796893808E-02, -1.004216360560612E-02, -2.660353070505991E-03,
2456390.500000000, A.D. 2013-Apr-08 00:00:00.0000,  2.944520448941437E-02, -4.591380310872449E-01, -4.021608697609387E-02,  2.243365968932499E-02,  3.246339156390369E-03, -1.793086539288318E-03,
2456400.500000000, A.D. 2013-Apr-18 00:00:00.0000,  2.372579553904045E-01, -3.577325326368817E-01, -5.099784922425118E-02,  1.783249265582771E-02,  1.692868716387430E-02, -2.529857768143089E-04,
2456410.500000000, A.D. 2013-Apr-28 00:00:00.0000,  3.558250001431806E-01, -1.295527387186311E-01, -4.323288158120182E-02,  4.147934136767648E-03,  2.770560707944966E-02,  1.883141239683957E-03,
2456420.500000000, A.D. 2013-May-08 00:00:00.0000,  2.869708058797628E-01,  1.556776994005549E-01, -1.361026415478293E-02, -1.890792082049961E-02,  2.596844656019780E-02,  3.856621640149219E-03,
2456430.500000000, A.D. 2013-May-18 00:00:00.0000,  2.824182275238260E-03,  3.076643710775301E-01,  2.487896474385018E-02, -3.377741886342797E-02,  1.283686035430614E-03,  3.204022675273522E-03,
2456440.500000000, A.D. 2013-May-28 00:00:00.0000, -2.886872965918293E-01,  1.860829249550271E-01,  4.169167233030141E-02, -2.100144525859523E-02, -2.247315731104209E-02,  9.071913831434992E-05,
2456450.500000000, A.D. 2013-Jun-07 00:00:00.0000, -3.949615192924785E-01, -7.241185127460979E-02,  3.032185598025577E-02, -7.736512474935842E-04, -2.646268874100646E-02, -2.091184510273463E-03,
2456460.500000000, A.D. 2013-Jun-17 00:00:00.0000, -3.250418390789306E-01, -3.063681325138773E-01,  4.790917454158829E-03,  1.356427703412845E-02, -1.919773807593558E-02, -2.813118817270336E-03,
2456470.500000000, A.D. 2013-Jun-27 00:00:00.0000, -1.465480755294379E-01, -4.418953214435123E-01, -2.265956704155233E-02,  2.105240915629292E-02, -7.456814140355617E-03, -2.540856299249618E-03,
2456480.500000000, A.D. 2013-Jul-07 00:00:00.0000,  7.473315401532599E-02, -4.496930773468193E-01, -4.359953349748528E-02,  2.211107396026389E-02,  6.055600655476064E-03, -1.533937145441969E-03,
2456490.500000000, A.D. 2013-Jul-17 00:00:00.0000,  2.715579814102031E-01, -3.206810021612547E-01, -5.111733257306614E-02,  1.587607332330903E-02,  1.953392863353731E-02,  1.393992018177523E-04,
2456500.500000000, A.D. 2013-Jul-27 00:00:00.0000,  3.601792758894768E-01, -7.202385880173849E-02, -3.893156199693303E-02,  6.588134496505953E-05,  2.884952093712594E-02,  2.351143929192443E-03,
2456510.500000000, A.D. 2013-Aug-06 00:00:00.0000,  2.436626466145504E-01,  2.053157855859949E-01, -5.580653465972910E-03, -2.366961712029620E-02,  2.271993457790108E-02,  4.028070123656664E-03,
2456520.500000000, A.D. 2013-Aug-16 00:00:00.0000, -6.536792992510441E-02,  3.039574570119000E-01,  3.083280441064688E-02, -3.315047032564621E-02, -4.886405886602050E-03,  2.642331459144993E-03,
2456530.500000000, A.D. 2013-Aug-26 00:00:00.0000, -3.270295709507708E-01,  1.380069014132442E-01,  4.128124420996226E-02, -1.673767847492029E-02, -2.472506492836227E-02, -4.845010311591277E-04,
2456540.500000000, A.D. 2013-Sep-05 00:00:00.0000, -3.929373700323858E-01, -1.253356550111057E-01,  2.581156379436077E-02,  2.718214175750382E-03, -2.558945206927938E-02, -2.340220018941293E-03,
2456550.500000000, A.D. 2013-Sep-15 00:00:00.0000, -2.953619189805834E-01, -3.432040186221387E-01, -9.422891935257868E-04,  1.561558809652198E-02, -1.705167196633304E-02, -2.825971046025235E-03,
2456560.500000000, A.D. 2013-Sep-25 00:00:00.0000, -1.029942371885394E-01, -4.543531448576690E-01, -2.767373346118560E-02,  2.179195591661118E-02, -4.801376144833417E-03, -2.391726872807746E-03,
2456570.500000000, A.D. 2013-Oct-05 00:00:00.0000,  1.190669537048536E-01, -4.345344547433833E-01, -4.642863451578038E-02,  2.149357492082671E-02,  8.869560978472751E-03, -1.247342978359001E-03,
2456580.500000000, A.D. 2013-Oct-15 00:00:00.0000,  3.014826029687484E-01, -2.784787622158188E-01, -5.041455023866830E-02,  1.352094114814464E-02,  2.199293370760374E-02,  5.564193484182262E-04,
2456590.500000000, A.D. 2013-Oct-25 00:00:00.0000,  3.558185728856066E-01, -1.277707826961987E-02, -3.369027896948086E-02, -4.425585734472375E-03,  2.937544161651470E-02,  2.806218988226389E-03,
2456600.500000000, A.D. 2013-Nov-04 00:00:00.0000,  1.912282066907405E-01,  2.472212242857228E-01,  2.654495236144630E-03, -2.784220059889601E-02,  1.836860544363124E-02,  4.055358610576941E-03,
2456610.500000000, A.D. 2013-Nov-14 00:00:00.0000, -1.309700523900053E-01,  2.881470808638907E-01,  3.556005885207584E-02, -3.126755346910553E-02, -1.058351466767697E-02,  2.004047223690629E-03,
2456620.500000000, A.D. 2013-Nov-24 00:00:00.0000, -3.566492075198686E-01,  8.623345400880260E-02,  3.976835355429045E-02, -1.244188665843068E-02, -2.614016777398847E-02, -9.942903204687638E-04,
2456630.500000000, A.D. 2013-Dec-04 00:00:00.0000, -3.841221572195112E-01, -1.760938050112621E-01,  2.085505615537640E-02,  5.915302101625854E-03, -2.435197293222452E-02, -2.532450501127079E-03,
2456640.500000000, A.D. 2013-Dec-14 00:00:00.0000, -2.618046592504716E-01, -3.755257622477556E-01, -6.662494883999355E-03,  1.739066655930088E-02, -1.476346772648115E-02, -2.801864335531565E-03,
2456650.500000000, A.D. 2013-Dec-24 00:00:00.0000, -5.821265186420404E-02, -4.613562012155402E-01, -3.235492026601282E-02,  2.226953278157624E-02, -2.089016416982120E-03, -2.213907367439092E-03,
2456660.500000000, A.D. 2014-Jan-03 00:00:00.0000,  1.618260310508811E-01, -4.136758138899665E-01, -4.864755441176866E-02,  2.056537519854096E-02,  1.166929963740347E-02, -9.334010654409162E-04,
2456670.500000000, A.D. 2014-Jan-13 00:00:00.0000,  3.261942973761924E-01, -2.314908896872852E-01, -4.884249491230191E-02,  1.074365957561400E-02,  2.424545694134634E-02,  9.952960334156094E-04,
2456680.500000000, A.D. 2014-Jan-23 00:00:00.0000,  3.419845067715331E-01,  4.677002467116356E-02, -2.755540467469691E-02, -9.248386794096694E-03,  2.913358549754056E-02,  3.228948416646853E-03,
2456690.500000000, A.D. 2014-Feb-02 00:00:00.0000,  1.312176067572995E-01,  2.792735915703895E-01,  1.077946221890113E-02, -3.108725774509539E-02,  1.306174758089024E-02,  3.919469091856157E-03,
2456700.500000000, A.D. 2014-Feb-12 00:00:00.0000, -1.916648644949520E-01,  2.614902593050664E-01,  3.895066495083502E-02, -2.837164633542485E-02, -1.553167969212482E-02,  1.334029377672484E-03,
2456710.500000000, A.D. 2014-Feb-22 00:00:00.0000, -3.776283411588359E-01,  3.234690361981293E-02,  3.729002559006821E-02, -8.249303018590103E-03, -2.682253461034651E-02, -1.434727245905989E-03,
2456720.500000000, A.D. 2014-Mar-04 00:00:00.0000, -3.691158452622131E-01, -2.240280159197428E-01,  1.556131355248019E-02,  8.813892971119322E-03, -2.281456720903879E-02, -2.672785216996715E-03,
2456730.500000000, A.D. 2014-Mar-14 00:00:00.0000, -2.249169951451701E-01, -4.030794373997926E-01, -1.229862835626163E-02,  1.889616786714031E-02, -1.235613954770139E-02, -2.743294379779165E-03,
2456740.500000000, A.D. 2014-Mar-24 00:00:00.0000, -1.273285811901440E-02, -4.628061938392426E-01, -3.664643884741094E-02,  2.248082872017189E-02,  6.684969386452505E-04, -2.007972316227763E-03,
2456750.500000000, A.D. 2014-Apr-03 00:00:00.0000,  2.023642132737666E-01, -3.871682102117633E-01, -5.020118382198684E-02,  1.930722881434811E-02,  1.443242218689531E-02, -5.921808128423130E-04,
2456760.500000000, A.D. 2014-Apr-13 00:00:00.0000,  3.448154503564343E-01, -1.802044197942030E-01, -4.636044009376620E-02,  7.524485287530743E-03,  2.621634933774302E-02,  1.451708608503426E-03,
2456770.500000000, A.D. 2014-Apr-23 00:00:00.0000,  3.181225283549225E-01,  1.049163085193250E-01, -2.061490385833236E-02, -1.426885575858780E-02,  2.797259047020650E-02,  3.594719951267292E-03,
2456780.500000000, A.D. 2014-May-03 00:00:00.0000,  6.579491130582073E-02,  2.998052544581614E-01,  1.845972668600866E-02, -3.312126799130527E-02,  7.079876281699112E-03,  3.617313465890856E-03,
2456790.500000000, A.D. 2014-May-13 00:00:00.0000, -2.457064957149086E-01,  2.256738899098534E-01,  4.098249103718984E-02, -2.474984295302396E-02, -1.957765417204455E-02,  6.711240670408791E-04,
2456800.500000000, A.D. 2014-May-23 00:00:00.0000, -3.902814866473523E-01, -2.228793834761309E-02,  3.398670248161647E-02, -4.249155703557233E-03, -2.687919075159535E-02, -1.806378951604881E-03,
2456810.500000000, A.D. 2014-Jun-02 00:00:00.0000, -3.485200874811250E-01, -2.685924477466562E-01,  1.003020621849245E-02,  1.141708912408974E-02, -2.102949595477520E-02, -2.765771490197217E-03,
2456820.500000000, A.D. 2014-Jun-12 00:00:00.0000, -1.852315681318101E-01, -4.256450439624584E-01, -1.778367004012268E-02,  2.013769176635320E-02, -9.848445067267611E-03, -2.652295954079076E-03,
2456830.500000000, A.D. 2014-Jun-22 00:00:00.0000,  3.291238057441093E-02, -4.586187882470505E-01, -4.049224005624406E-02,  2.241926687079689E-02,  3.459429586874650E-03, -1.774268949032740E-03,
2456840.500000000, A.D. 2014-Jul-02 00:00:00.0000,  2.400054698918794E-01, -3.551009058203622E-01, -5.103447213133058E-02,  1.769715151625463E-02,  1.713076126809181E-02, -2.239676500174249E-04,
2456850.500000000, A.D. 2014-Jul-12 00:00:00.0000,  3.564465180091917E-01, -1.252654333185083E-01, -4.293840595527216E-02,  3.852977459126574E-03,  2.781090511855303E-02,  1.918860711947281E-03,
2456860.500000000, A.D. 2014-Jul-22 00:00:00.0000,  2.840281226989199E-01,  1.596702810387004E-01, -1.301272802289104E-02, -1.928250109052953E-02,  2.576119576430590E-02,  3.874018451537682E-03,
2456870.500000000, A.D. 2014-Aug-01 00:00:00.0000, -2.380821412044236E-03,  3.078277739324500E-01,  2.537031146408162E-02, -3.377756110664597E-02,  8.067906366465086E-04,  3.164941605182828E-03,
2456880.500000000, A.D. 2014-Aug-11 00:00:00.0000, -2.918976688875426E-01,  1.826052336288133E-01,  4.170121936214485E-02, -2.068292893340529E-02, -2.267553415601592E-02,  4.484772016676437E-05,
2456890.500000000, A.D. 2014-Aug-21 00:00:00.0000, -3.950568429321395E-01, -7.648662149910695E-02,  2.999603723400280E-02, -4.984192914102837E-04, -2.641104553039307E-02, -2.112258679921326E-03,
2456900.500000000, A.D. 2014-Aug-31 00:00:00.0000, -3.229330551746357E-01, -3.093161221264634E-01,  4.354858627493848E-03,  1.373010758611402E-02, -1.904047501462243E-02, -2.815461777674175E-03,
2456910.500000000, A.D. 2014-Sep-10 00:00:00.0000, -1.432898332342357E-01, -4.430290288390917E-01, -2.305238673893095E-02,  2.111791304159819E-02, -7.257320658856565E-03, -2.530499810235541E-03,
2456920.500000000, A.D. 2014-Sep-20 00:00:00.0000,  7.814810531193207E-02, -4.487392523432299E-01, -4.383537177160310E-02,  2.207472739887307E-02,  6.269636031752008E-03, -1.513025778488789E-03,
2456930.500000000, A.D. 2014-Sep-30 00:00:00.0000,  2.740001910723235E-01, -3.176467654408754E-01, -5.109304757404424E-02,  1.571126003123182E-02,  1.972674406017543E-02,  1.703600034746457E-04,
2456940.500000000, A.D. 2014-Oct-10 00:00:00.0000,  3.601664687374067E-01, -6.756120803244006E-02, -3.856463267603125E-02, -2.619883144598404E-04,  2.891292188339693E-02,  2.386450793076573E-03,
2456950.500000000, A.D. 2014-Oct-20 00:00:00.0000,  2.399841297555888E-01,  2.088028365584753E-01, -4.957075318977212E-03, -2.401164673487309E-02,  2.242674748869321E-02,  4.035451053170622E-03,
2456960.500000000, A.D. 2014-Oct-30 00:00:00.0000, -7.047346467884071E-02,  3.031709800277458E-01,  3.123724232364519E-02, -3.304879716033399E-02, -5.339968444773678E-03,  2.595823899430739E-03,
2456970.500000000, A.D. 2014-Nov-09 00:00:00.0000, -3.295850435842274E-01,  1.341849126398470E-01,  4.120254227841049E-02, -1.641049416638383E-02, -2.486071690260246E-02, -5.257002205980364E-04,
2456980.500000000, A.D. 2014-Nov-19 00:00:00.0000, -3.924970934367871E-01, -1.292750213512887E-01,  2.544776077248774E-02,  2.971606490832990E-03, -2.550746577027740E-02, -2.356802666782357E-03,
2456990.500000000, A.D. 2014-Nov-29 00:00:00.0000, -2.929388612823994E-01, -3.458205321792254E-01, -1.379953734339370E-03,  1.576024273228890E-02, -1.688254455734594E-02, -2.825399154594769E-03,
2457000.500000000, A.D. 2014-Dec-09 00:00:00.0000, -9.962372522124009E-02, -4.550767144665578E-01, -2.804317899252373E-02,  2.183766567540887E-02, -4.597051957374623E-03, -2.379157336680994E-03,
2457010.500000000, A.D. 2014-Dec-19 00:00:00.0000,  1.223848022913359E-01, -4.331466270334572E-01, -4.661989397941465E-02,  2.143424025190736E-02,  9.083184461861665E-03, -1.224348824632396E-03,
2457020.500000000, A.D. 2014-Dec-29 00:00:00.0000,  3.035595017918153E-01, -2.750678541601592E-01, -5.032567531365884E-02,  1.332492078680905E-02,  2.217213718713691E-02,  5.891389972878569E-04,
2457030.500000000, A.D. 2015-Jan-08 00:00:00.0000,  3.551135129503919E-01, -8.242275557524955E-03, -3.325364523385786E-02, -4.781575517723746E-03,  2.938558938550642E-02,  2.839743424790293E-03,
2457040.500000000, A.D. 2015-Jan-18 00:00:00.0000,  1.869204142751731E-01,  2.500261346846226E-01,  3.280118468305233E-03, -2.812468780067721E-02,  1.799640409140792E-02,  4.050784146022194E-03,
2457050.500000000, A.D. 2015-Jan-28 00:00:00.0000, -1.357666892421544E-01,  2.864895682550159E-01,  3.586468400232026E-02, -3.107987041200138E-02, -1.098758651144046E-02,  1.953665904579405E-03,
2457060.500000000, A.D. 2015-Feb-07 00:00:00.0000, -3.585371003755007E-01,  8.220536904430019E-02,  3.961112237767513E-02, -1.211902113805577E-02, -2.621641800116874E-02, -1.030242842800413E-03,
2457070.500000000, A.D. 2015-Feb-17 00:00:00.0000, -3.831896857292066E-01, -1.798347892601610E-01,  2.046190199214691E-02,  6.145793382088744E-03, -2.424536555418929E-02, -2.544910954091834E-03,
2457080.500000000, A.D. 2015-Feb-27 00:00:00.0000, -2.591103311332403E-01, -3.777854808458056E-01, -7.096169185637569E-03,  1.751454659264689E-02, -1.458474617836035E-02, -2.798587000960563E-03,
2457090.500000000, A.D. 2015-Mar-09 00:00:00.0000, -5.477168843459543E-02, -4.616597936102325E-01, -3.269662450088041E-02,  2.229516020025657E-02, -1.880977176795803E-03, -2.199175501623876E-03,
2457100.500000000, A.D. 2015-Mar-19 00:00:00.0000,  1.649966651848246E-01, -4.118561807040839E-01, -4.878999718912162E-02,  2.048165231844776E-02,  1.188092329382652E-02, -9.083224948115133E-04,
2457110.500000000, A.D. 2015-Mar-29 00:00:00.0000,  3.278379047488636E-01, -2.277344432679055E-01, -4.868555358519119E-02,  1.051466897341105E-02,  2.440613530682621E-02,  1.029527012568025E-03,
2457120.500000000, A.D. 2015-Apr-08 00:00:00.0000,  3.405316811344737E-01,  5.126263649223837E-02, -2.705358053958907E-02, -9.624937430682400E-03,  2.907924714578786E-02,  3.259080362232388E-03,
2457130.500000000, A.D. 2015-Apr-18 00:00:00.0000,  1.264121091504244E-01,  2.812563822807511E-01,  1.138346793360330E-02, -3.128680734896494E-02,  1.262685854413963E-02,  3.902148360339531E-03,
2457140.500000000, A.D. 2015-Apr-28 00:00:00.0000, -1.960150656098305E-01,  2.590739567744778E-01,  3.915215315009676E-02, -2.811854184053931E-02, -1.587136050319394E-02,  1.282909457349444E-03,
2457150.500000000, A.D. 2015-May-08 00:00:00.0000, -3.788738605784407E-01,  2.821533554082676E-02,  3.706530733850436E-02, -7.938204955805326E-03, -2.684753294477881E-02, -1.465400961058789E-03,
2457160.500000000, A.D. 2015-May-18 00:00:00.0000, -3.677394862532711E-01, -2.275315555128534E-01,  1.514685556713999E-02,  9.021889359272136E-03, -2.268733887116607E-02, -2.681485948167071E-03,
2457170.500000000, A.D. 2015-May-28 00:00:00.0000, -2.219924544065797E-01, -4.049673033282976E-01, -1.272292537089330E-02,  1.899989494323770E-02, -1.216911273166399E-02, -2.737481581975806E-03,
2457180.500000000, A.D. 2015-Jun-07 00:00:00.0000, -9.260626686727298E-03, -4.626834857098445E-01, -3.695600093060243E-02,  2.248606128636506E-02,  8.795403132293758E-04, -1.991119018799770E-03,
2457190.500000000, A.D. 2015-Jun-17 00:00:00.0000,  2.053393813362223E-01, -3.849212390401461E-01, -5.029056919223718E-02,  1.919760250726060E-02,  1.464023728890105E-02, -5.650364629032283E-04,
2457200.500000000, A.D. 2015-Jun-27 00:00:00.0000,  3.459602496337721E-01, -1.761441905676258E-01, -4.613274032943925E-02,  7.261329126259017E-03,  2.635198848584308E-02,  1.487020069505725E-03,
2457210.500000000, A.D. 2015-Jul-07 00:00:00.0000,  3.158952353136114E-01,  1.092250367801888E-01, -2.005702488893982E-02, -1.465284750916162E-02,  2.784253144008802E-02,  3.619325893558072E-03,
2457220.500000000, A.D. 2015-Jul-17 00:00:00.0000,  6.068561007739162E-02,  3.008642743647371E-01,  1.901591159585298E-02, -3.322003947961387E-02,  6.608801541343098E-03,  3.587769605623867E-03,
2457230.500000000, A.D. 2015-Jul-27 00:00:00.0000, -2.494934029189350E-01,  2.226431522143237E-01,  4.108180504629086E-02, -2.445370167077072E-02, -1.984555595090252E-02,  6.219257863301226E-04,
2457240.500000000, A.D. 2015-Aug-06 00:00:00.0000, -3.909121909100743E-01, -2.642069782183086E-02,  3.370530375569637E-02, -3.955594228627703E-03, -2.686099293733674E-02, -1.831900179874913E-03,
2457250.500000000, A.D. 2015-Aug-16 00:00:00.0000, -3.467463491170831E-01, -2.718163122549396E-01,  9.602092067655121E-03,  1.160267370159234E-02, -2.088551249715943E-02, -2.771036596909106E-03,
2457260.500000000, A.D. 2015-Aug-26 00:00:00.0000, -1.821206370470782E-01, -4.271439747517334E-01, -1.819326064718073E-02,  2.022139868521040E-02, -9.654684098620721E-03, -2.644091107216671E-03,
2457270.500000000, A.D. 2015-Sep-05 00:00:00.0000,  3.636937426361803E-02, -4.580651108026574E-01, -4.076514203701155E-02,  2.240338109554019E-02,  3.672315552441821E-03, -1.755328490913773E-03,
2457280.500000000, A.D. 2015-Sep-15 00:00:00.0000,  2.427263685108025E-01, -3.524385467139347E-01, -5.106657318878308E-02,  1.755992271330376E-02,  1.733219111124101E-02, -1.948177344494787E-04,
2457290.500000000, A.D. 2015-Sep-25 00:00:00.0000,  3.570193133234071E-01, -1.209615664521641E-01, -4.263836415076528E-02,  3.555625525329901E-03,  2.791358162240035E-02,  1.954609636719183E-03,
2457300.500000000, A.D. 2015-Oct-05 00:00:00.0000,  2.810251613273114E-01,  1.636329770402453E-01, -1.241207284077762E-02, -1.965550114294380E-02,  2.554752802680488E-02,  3.890777163012586E-03,
2457310.500000000, A.D. 2015-Oct-15 00:00:00.0000, -7.586894117028650E-03,  3.079206681945116E-01,  2.585628411094341E-02, -3.376938628894074E-02,  3.308060653504863E-04,  3.125188148151455E-03,
2457320.500000000, A.D. 2015-Oct-25 00:00:00.0000, -2.950592089202657E-01,  1.791039180467368E-01,  4.170467051540179E-02, -2.036341239158858E-02, -2.287207243365224E-02, -6.485135477926541E-07,
2457330.500000000, A.D. 2015-Nov-04 00:00:00.0000, -3.951144772806479E-01, -8.054214859659888E-02,  2.966846897980890E-02, -2.254000645538307E-04, -2.635676071869360E-02, -2.132936980224461E-03,
2457340.500000000, A.D. 2015-Nov-14 00:00:00.0000, -3.208091167405589E-01, -3.122300048181983E-01,  3.920093472359357E-03,  1.389383479836169E-02, -1.888260162355763E-02, -2.817585051675388E-03,
2457350.500000000, A.D. 2015-Nov-24 00:00:00.0000, -1.400349477579524E-01, -4.441272640929925E-01, -2.344230099888999E-02,  2.118179583613967E-02, -7.058036472164248E-03, -2.520027061409066E-03,
2457360.500000000, A.D. 2015-Dec-04 00:00:00.0000,  8.154474544493642E-02, -4.477540915414361E-01, -4.406736094016614E-02,  2.203693936155598E-02,  6.483070399577691E-03, -1.492033247861246E-03,
2457370.500000000, A.D. 2015-Dec-14 00:00:00.0000,  2.764086640387196E-01, -3.145900880229367E-01, -5.106416777267993E-02,  1.554474091600090E-02,  1.991823889421877E-02,  2.013826496223676E-04,
2457380.500000000, A.D. 2015-Dec-24 00:00:00.0000,  3.601023986435736E-01, -6.309924606161062E-02, -3.819319842892160E-02, -5.913099155823556E-04,  2.897261244889692E-02,  2.421611416233741E-03,
2457390.500000000, A.D. 2016-Jan-03 00:00:00.0000,  2.362623808324224E-01,  2.122368572344605E-01, -4.333768404485672E-03, -2.434919697535312E-02,  2.212792351078493E-02,  4.041981200366411E-03,
2457400.500000000, A.D. 2016-Jan-13 00:00:00.0000, -7.554882324114788E-02,  3.023192796628156E-01,  3.163379774946940E-02, -3.294008988901698E-02, -5.789215300710342E-03,  2.549025133711150E-03,
2457410.500000000, A.D. 2016-Jan-23 00:00:00.0000, -3.320833793627482E-01,  1.303576342221369E-01,  4.111830098760318E-02, -1.608430677971224E-02, -2.499095692132230E-02, -5.663812369931411E-04,
2457420.500000000, A.D. 2016-Feb-02 00:00:00.0000, -3.920223441942566E-01, -1.331847060280896E-01,  2.508317110316878E-02,  3.222258888884755E-03, -2.542365130467032E-02, -2.373004033644387E-03,
2457430.500000000, A.D. 2016-Feb-12 00:00:00.0000, -2.905066294970875E-01, -3.483990816181338E-01, -1.815585050307915E-03,  1.590266041132589E-02, -1.671332592657375E-02, -2.824629627285676E-03,
2457440.500000000, A.D. 2016-Feb-22 00:00:00.0000, -9.626357173487061E-02, -4.557654261631253E-01, -2.840915741371966E-02,  2.188166114088566E-02, -4.393347140212968E-03, -2.366486198965263E-03,
2457450.500000000, A.D. 2016-Mar-03 00:00:00.0000,  1.256764055267415E-01, -4.317323714691101E-01, -4.680691463197605E-02,  2.137338187177944E-02,  9.295739393075453E-03, -1.201297693113186E-03,
2457460.500000000, A.D. 2016-Mar-13 00:00:00.0000,  3.055946170676060E-01, -2.716446488361901E-01, -5.023223335735517E-02,  1.312730745522233E-02,  2.234943857517909E-02,  6.218560161322579E-04,
2457470.500000000, A.D. 2016-Mar-23 00:00:00.0000,  3.543533346449056E-01, -3.724443626810502E-03, -3.281351548120200E-02, -5.138141007163940E-03,  2.939145601586884E-02,  2.872984639049637E-03,
2457480.500000000, A.D. 2016-Apr-02 00:00:00.0000,  1.825805264060038E-01,  2.527634025389326E-01,  3.903157738343426E-03, -2.840100189274179E-02,  1.762008924031164E-02,  4.045326502950377E-03,
2457490.500000000, A.D. 2016-Apr-12 00:00:00.0000, -1.405229763023041E-01,  2.847738711938220E-01,  3.616102457820597E-02, -3.088701807417572E-02, -1.138606918150605E-02,  1.903280617377242E-03,
2457500.500000000, A.D. 2016-Apr-22 00:00:00.0000, -3.603721305066425E-01,  7.817691080137208E-02,  3.944926644468265E-02, -1.179770811378339E-02, -2.628815021852896E-02, -1.065680583734669E-03,
2457510.500000000, A.D. 2016-May-02 00:00:00.0000, -3.822273651679786E-01, -1.835477940408955E-01,  2.006853485253117E-02,  6.373761491289189E-03, -2.413730057926175E-02, -2.557026872501585E-03,
2457520.500000000, A.D. 2016-May-12 00:00:00.0000, -2.564095369617314E-01, -3.800107620629230E-01, -7.527477548617108E-03,  1.763630878890104E-02, -1.440599649567488E-02, -2.795125171694250E-03,
2457530.500000000, A.D. 2016-May-22 00:00:00.0000, -5.134350157462746E-02, -4.619325297030453E-01, -3.303462454716918E-02,  2.231902511578192E-02, -1.673626123467272E-03, -2.184352321112938E-03,
2457540.500000000, A.D. 2016-Jun-01 00:00:00.0000,  1.681378738829626E-01, -4.100156219033674E-01, -4.892815589667126E-02,  2.039633547255215E-02,  1.209121842135713E-02, -8.832186847090057E-04,
2457550.500000000, A.D. 2016-Jun-11 00:00:00.0000,  3.294368334715385E-01, -2.239755304016705E-01, -4.852453570396616E-02,  1.028428595201930E-02,  2.456427749371357E-02,  1.063672052096078E-03,
2457560.500000000, A.D. 2016-Jun-21 00:00:00.0000,  3.390275894024753E-01,  5.572075659798072E-02, -2.655010726797331E-02, -1.000067261063829E-02,  2.901993844477423E-02,  3.288736361259470E-03,
2457570.500000000, A.D. 2016-Jul-01 00:00:00.0000,  1.215981995814511E-01,  2.831600362260886E-01,  1.198166343194826E-02, -3.147860133454781E-02,  1.219033285748580E-02,  3.884000718124251E-03,
2457580.500000000, A.D. 2016-Jul-11 00:00:00.0000, -2.003089593483363E-01,  2.566123424913107E-01,  3.934485703122270E-02, -2.786261097427407E-02, -1.620456619619455E-02,  1.232077667249113E-03,
2457590.500000000, A.D. 2016-Jul-21 00:00:00.0000, -3.800669635184253E-01,  2.409209520288999E-02,  3.683667553637306E-02, -7.629391020392375E-03, -2.686894239876217E-02, -1.495564301429399E-03,
2457600.500000000, A.D. 2016-Jul-31 00:00:00.0000, -3.663362642248635E-01, -2.310055834052426E-01,  1.473257995468680E-02,  9.227365383552117E-03, -2.255911051620614E-02, -2.689876959849540E-03,
2457610.500000000, A.D. 2016-Aug-10 00:00:00.0000, -2.190641031111324E-01, -4.068218337835489E-01, -1.314468933399560E-02,  1.910152824770588E-02, -1.198217604410857E-02, -2.731495786196844E-03,
2457620.500000000, A.D. 2016-Aug-20 00:00:00.0000, -5.803841649859539E-03, -4.625315112416719E-01, -3.726174530124359E-02,  2.248950987662095E-02,  1.089891134595728E-03, -1.974176182528499E-03,
2457630.500000000, A.D. 2016-Aug-30 00:00:00.0000,  2.082821299552692E-01, -3.826548653410136E-01, -5.037556613993541E-02,  1.908633854669072E-02,  1.484672656670828E-02, -5.378673400685558E-04,
2457640.500000000, A.D. 2016-Sep-09 00:00:00.0000,  3.470568660255870E-01, -1.720836159028409E-01, -4.590089182327711E-02,  6.996749020766677E-03,  2.648491584563992E-02,  1.522233796893054E-03,
2457650.500000000, A.D. 2016-Sep-19 00:00:00.0000,  3.136155917556411E-01,  1.134937068174725E-01, -1.949789137628438E-02, -1.503526201897393E-02,  2.770714516082493E-02,  3.643364593021378E-03,
2457660.500000000, A.D. 2016-Sep-29 00:00:00.0000,  5.557712905770090E-02,  3.018449447693784E-01,  1.956556517025483E-02, -3.331071626930052E-02,  6.137893707881053E-03,  3.557525677930081E-03,
2457670.500000000, A.D. 2016-Oct-09 00:00:00.0000, -2.532248030149837E-01,  2.195784813297204E-01,  4.117347715536318E-02, -2.415606893552891E-02, -2.010721563892657E-02,  5.731234681679412E-04,
2457680.500000000, A.D. 2016-Oct-19 00:00:00.0000, -3.914974336892615E-01, -3.053995048332044E-02,  3.342120352324847E-02, -3.664382738628278E-03, -2.683979229652974E-02, -1.856954702965140E-03,
2457690.500000000, A.D. 2016-Oct-29 00:00:00.0000, -3.449518168471392E-01, -2.750093393896245E-01,  9.174943129481739E-03,  1.178588786802304E-02, -2.074076840363130E-02, -2.776029287893418E-03,
2457700.500000000, A.D. 2016-Nov-08 00:00:00.0000, -1.790105015851175E-01, -4.286101718367271E-01, -1.859986113231020E-02,  2.030314604664181E-02, -9.461190460597933E-03, -2.635742255660265E-03,
2457710.500000000, A.D. 2016-Nov-18 00:00:00.0000,  3.980742311411741E-02, -4.574848140411608E-01, -4.103403808417718E-02,  2.238579511882993E-02,  3.884257245136316E-03, -1.736324485778384E-03,
2457720.500000000, A.D. 2016-Nov-28 00:00:00.0000,  2.454120568370531E-01, -3.497629511705911E-01, -5.109441606005136E-02,  1.742114212078352E-02,  1.753180793082072E-02, -1.656873329683362E-04,
2457730.500000000, A.D. 2016-Dec-08 00:00:00.0000,  3.575436983397565E-01, -1.166703949511926E-01, -4.233509410039926E-02,  3.257434396618256E-03,  2.801266157832456E-02,  1.990131549935838E-03,
2457740.500000000, A.D. 2016-Dec-18 00:00:00.0000,  2.779834752032045E-01,  1.675359038547489E-01, -1.181298270051325E-02, -2.002462523477498E-02,  2.532869611986903E-02,  3.906758495391951E-03,
2457750.500000000, A.D. 2016-Dec-28 00:00:00.0000, -1.276254174248556E-02,  3.079366316495083E-01,  2.633303080656908E-02, -3.375366273089380E-02, -1.417381053669503E-04,  3.085039491887856E-03,
2457760.500000000, A.D. 2017-Jan-07 00:00:00.0000, -2.981559535167700E-01,  1.755849312323165E-01,  4.170077614867888E-02, -2.004445014499052E-02, -2.306274294014925E-02, -4.559508445080620E-05,
2457770.500000000, A.D. 2017-Jan-17 00:00:00.0000, -3.951283897293508E-01, -8.457627960313105E-02,  2.933884170066475E-02,  4.489168705574414E-05, -2.630032274475408E-02, -2.153177017792556E-03,
2457780.500000000, A.D. 2017-Jan-27 00:00:00.0000, -3.186671384977248E-01, -3.151112972951191E-01,  3.486616840380326E-03,  1.405523254608080E-02, -1.872436431214558E-02, -2.819461585397607E-03,
2457790.500000000, A.D. 2017-Feb-06 00:00:00.0000, -1.367831151002773E-01, -4.451935899842527E-01, -2.382905544856379E-02,  2.124375141005450E-02, -6.859176132748014E-03, -2.509416880696018E-03,
2457800.500000000, A.D. 2017-Feb-16 00:00:00.0000,  8.492018395849028E-02, -4.467442939305605E-01, -4.429520163285876E-02,  2.199742272251200E-02,  6.695461324070326E-03, -1.470978776471937E-03,
2457810.500000000, A.D. 2017-Feb-26 00:00:00.0000,  2.787793127656346E-01, -3.115234327195070E-01, -5.103094971084756E-02,  1.537664652428223E-02,  2.010773902157886E-02,  2.323713078865511E-04,
2457820.500000000, A.D. 2017-Mar-08 00:00:00.0000,  3.599882292235490E-01, -5.865619401226174E-02, -3.781881550234876E-02, -9.211415169386144E-04,  2.902828698211881E-02,  2.456476430982776E-03,
2457830.500000000, A.D. 2017-Mar-18 00:00:00.0000,  2.325094527405680E-01,  2.156032480260641E-01, -3.713323440588699E-03, -2.468138905954250E-02,  2.182458062295732E-02,  4.047648115574063E-03,
2457840.500000000, A.D. 2017-Mar-28 00:00:00.0000, -8.058203732536748E-02,  3.014003300106942E-01,  3.202086994168742E-02, -3.282515093267155E-02, -6.233318602232368E-03,  2.502091936404661E-03,
2457850.500000000, A.D. 2017-Apr-07 00:00:00.0000, -3.345200852436283E-01,  1.265241450461803E-01,  4.102799295369298E-02, -1.575954403982738E-02, -2.511612201619077E-02, -6.064938999019384E-04,
2457860.500000000, A.D. 2017-Apr-17 00:00:00.0000, -3.915099218314118E-01, -1.370688535729861E-01,  2.471749932800560E-02,  3.470221308649362E-03, -2.533822285458589E-02, -2.388812568481011E-03,
2457870.500000000, A.D. 2017-Apr-27 00:00:00.0000, -2.880616989235510E-01, -3.509447547239961E-01, -2.249327308585263E-03,  1.604279482132570E-02, -1.654402852636436E-02, -2.823642277447608E-03,
2457880.500000000, A.D. 2017-May-07 00:00:00.0000, -9.291200009731504E-02, -4.564245892179922E-01, -2.877161258173005E-02,  2.192364906923476E-02, -4.190335828106818E-03, -2.353699733905883E-03,
2457890.500000000, A.D. 2017-May-17 00:00:00.0000,  1.289403009285538E-01, -4.302988998018251E-01, -4.698972181282252E-02,  2.131071728567376E-02,  9.506898841211442E-03, -1.178226332031574E-03,
2457900.500000000, A.D. 2017-May-27 00:00:00.0000,  3.075856807552138E-01, -2.682209752451848E-01, -5.013496096585061E-02,  1.292829589567552E-02,  2.252428074488384E-02,  6.544658649548346E-04,
2457910.500000000, A.D. 2017-Jun-06 00:00:00.0000,  3.535413075308050E-01,  7.602230440176362E-04, -3.237185085607899E-02, -5.494398238737599E-03,  2.939290770991512E-02,  2.905822505816009E-03,
2457920.500000000, A.D. 2017-Jun-16 00:00:00.0000,  1.782197505661517E-01,  2.554216520983730E-01,  4.521191963307745E-03, -2.867083970589172E-02,  1.724068939927210E-02,  4.039048425020648E-03,
2457930.500000000, A.D. 2017-Jun-26 00:00:00.0000, -1.452325097942292E-01,  2.829955209996995E-01,  3.644790987348747E-02, -3.068985340525580E-02, -1.177900025358871E-02,  1.853003953954924E-03,
2457940.500000000, A.D. 2017-Jul-06 00:00:00.0000, -3.621520313569074E-01,  7.413909963695613E-02,  3.928199172741580E-02, -1.147787396744270E-02, -2.635585895031796E-02, -1.100618891572123E-03,
2457950.500000000, A.D. 2017-Jul-16 00:00:00.0000, -3.812301857835276E-01, -1.872436677527229E-01,  1.967399608572209E-02,  6.599531774964805E-03, -2.402765457290627E-02, -2.568801879804791E-03,
2457960.500000000, A.D. 2017-Jul-26 00:00:00.0000, -2.536950844755667E-01, -3.822092207787398E-01, -7.957226390504429E-03,  1.775604309155943E-02, -1.422676169166359E-02, -2.791448049663066E-03,
2457970.500000000, A.D. 2017-Aug-05 00:00:00.0000, -4.792115347872442E-02, -4.621771203672455E-01, -3.336935313752668E-02,  2.234100500917714E-02, -1.466469803911469E-03, -2.169397696860091E-03,
2457980.500000000, A.D. 2017-Aug-15 00:00:00.0000,  1.712547022710443E-01, -4.081521468211765E-01, -4.906207034381767E-02,  2.030917432842893E-02,  1.230063112215512E-02, -8.580507737765925E-04,
2457990.500000000, A.D. 2017-Aug-25 00:00:00.0000,  3.309927977628597E-01, -2.202079392932731E-01, -4.835905172119218E-02,  1.005206503743309E-02,  2.472027009033197E-02,  1.097781407622459E-03,
2458000.500000000, A.D. 2017-Sep-04 00:00:00.0000,  3.374676548404778E-01,  6.015310799801555E-02, -2.604400266225458E-02, -1.037641451387968E-02,  2.895567132536307E-02,  3.317978998702591E-03,
2458010.500000000, A.D. 2017-Sep-14 00:00:00.0000,  1.167630515839619E-01,  2.849887047013566E-01,  1.257536724976071E-02, -3.166325247523349E-02,  1.175121323949632E-02,  3.865009888679921E-03,
2458020.500000000, A.D. 2017-Sep-24 00:00:00.0000, -2.045594935013972E-01,  2.540982225507803E-01,  3.952932738711013E-02, -2.760324793742126E-02, -1.653231399154094E-02,  1.181416920350410E-03,
2458030.500000000, A.D. 2017-Oct-04 00:00:00.0000, -3.812119143924754E-01,  1.996439823127209E-02,  3.660365212090427E-02, -7.321934907786954E-03, -2.688687453761283E-02, -1.525291056173430E-03,
2458040.500000000, A.D. 2017-Oct-14 00:00:00.0000, -3.649026402748539E-01, -2.344611382272355E-01,  1.431759140103720E-02,  9.430929904051836E-03, -2.242950920019406E-02, -2.697972749422475E-03,
2458050.500000000, A.D. 2017-Oct-24 00:00:00.0000, -2.161240625496422E-01, -4.086496334092149E-01, -1.356478357197464E-02,  1.920133138905202E-02, -1.179485809639508E-02, -2.725319504188136E-03,
2458060.500000000, A.D. 2017-Nov-03 00:00:00.0000, -2.353624801775571E-03, -4.623525096541229E-01, -3.756426789486213E-02,  2.249111509117459E-02,  1.299924727926588E-03, -1.957110406869831E-03,
2458070.500000000, A.D. 2017-Nov-13 00:00:00.0000,  2.111993885120351E-01, -3.803687041642857E-01, -5.045644568316257E-02,  1.897313092269909E-02,  1.505201518401001E-02, -5.106470561673208E-04,
2458080.500000000, A.D. 2017-Nov-23 00:00:00.0000,  3.481088848541969E-01, -1.680226844836967E-01, -4.566507713584870E-02,  6.730438269602156E-03,  2.661494412657352E-02,  1.557336664390074E-03,
2458090.500000000, A.D. 2017-Dec-03 00:00:00.0000,  3.112852191619481E-01,  1.177201193896802E-01, -1.893799082467558E-02, -1.541620647391449E-02,  2.756627076955592E-02,  3.666801404041613E-03,
2458100.500000000, A.D. 2017-Dec-13 00:00:00.0000,  5.046849126223348E-02,  3.027440266649878E-01,  2.010813408042970E-02, -3.339379500145695E-02,  5.666892595624675E-03,  3.526598205910442E-03,
2458110.500000000, A.D. 2017-Dec-23 00:00:00.0000, -2.569046579062604E-01,  2.164694353835434E-01,  4.125672475340263E-02, -2.385675546515690E-02, -2.036361982564799E-02,  5.246412732986233E-04,
2458120.500000000, A.D. 2018-Jan-02 00:00:00.0000, -3.920345866173929E-01, -3.466306224162206E-02,  3.313272893248768E-02, -3.374583394951555E-03, -2.681585073538981E-02, -1.881619483968958E-03,
2458130.500000000, A.D. 2018-Jan-12 00:00:00.0000, -3.431249354578297E-01, -2.781872548587273E-01,  8.746684355519502E-03,  1.196748177888928E-02, -2.059474182547250E-02, -2.780751148224471E-03,
2458140.500000000, A.D. 2018-Jan-22 00:00:00.0000, -1.758844696856760E-01, -4.300520161109337E-01, -1.900522915054886E-02,  2.038319714850462E-02, -9.267080021343670E-03, -2.627188967501032E-03,
2458150.500000000, A.D. 2018-Feb-01 00:00:00.0000,  4.324335580961587E-02, -4.568769206272468E-01, -4.129988631732419E-02,  2.236627941459106E-02,  4.096205188312029E-03, -1.717161330688769E-03,
2458160.500000000, A.D. 2018-Feb-11 00:00:00.0000,  2.480747084675335E-01, -3.470641116446109E-01, -5.111790028956114E-02,  1.728010478603426E-02,  1.773043553702170E-02, -1.364619578042249E-04,
2458170.500000000, A.D. 2018-Feb-21 00:00:00.0000,  3.580221820222576E-01, -1.123754554830147E-01, -4.202730246284265E-02,  2.957166795793060E-03,  2.810852746561264E-02,  2.025546010355981E-03,
2458180.500000000, A.D. 2018-Mar-03 00:00:00.0000,  2.748913591039288E-01,  1.713940570708446E-01, -1.121322561724917E-02, -2.039132171279570E-02,  2.510387987318264E-02,  3.922006682992065E-03,
2458190.500000000, A.D. 2018-Mar-13 00:00:00.0000, -1.792857703090014E-02,  3.078757414123313E-01,  2.680226964171503E-02, -3.373048844794642E-02, -6.127705811613088E-04,  3.044345123305465E-03,
2458200.500000000, A.D. 2018-Mar-23 00:00:00.0000, -3.012011329363421E-01,  1.720319316617877E-01,  4.168930446099221E-02, -1.972467056649951E-02, -2.324862906495937E-02, -9.018994780447438E-05,
2458210.500000000, A.D. 2018-Apr-02 00:00:00.0000, -3.950972505747887E-01, -8.860970216889026E-02,  2.900540955690869E-02,  3.138251240347762E-04, -2.624160718789935E-02, -2.173077611585055E-03,
2458220.500000000, A.D. 2018-Apr-12 00:00:00.0000, -3.164945994510330E-01, -3.179758711968157E-01,  3.052180465867515E-03,  1.421514235863934E-02, -1.856500941381478E-02, -2.821097878632667E-03,
2458230.500000000, A.D. 2018-Apr-22 00:00:00.0000, -1.335163267169248E-01, -4.462349346146005E-01, -2.421462008546700E-02,  2.130403728970127E-02, -6.659755384324031E-03, -2.498611290655975E-03,
2458240.500000000, A.D. 2018-May-02 00:00:00.0000,  8.829215828208048E-02, -4.457068981313429E-01, -4.452005579289448E-02,  2.195586900998680E-02,  6.907764132447221E-03, -1.449762048560032E-03,
2458250.500000000, A.D. 2018-May-12 00:00:00.0000,  2.811240318391190E-01, -3.084354117671320E-01, -5.099342395022362E-02,  1.520611986356931E-02,  2.029592958005410E-02,  2.634482153326668E-04,
2458260.500000000, A.D. 2018-May-22 00:00:00.0000,  3.598247224628860E-01, -5.421655180372702E-02, -3.744030228024230E-02, -1.252830703377887E-03,  2.908000442288860E-02,  2.491158453722120E-03,
2458270.500000000, A.D. 2018-Jun-01 00:00:00.0000,  2.287116347726915E-01,  2.189125674602330E-01, -3.093776627306512E-03, -2.500962272676210E-02,  2.151556861689638E-02,  4.052475786170859E-03,
2458280.500000000, A.D. 2018-Jun-11 00:00:00.0000, -8.559510188157694E-02,  3.004065814224916E-01,  3.239966633367354E-02, -3.270392120890979E-02, -6.674520108755793E-03,  2.454838618539104E-03,
2458290.500000000, A.D. 2018-Jun-21 00:00:00.0000, -3.369067604824735E-01,  1.226587290332623E-01,  4.093045412923858E-02, -1.543447591410561E-02, -2.523727631346478E-02, -6.462747265186179E-04,
2458300.500000000, A.D. 2018-Jul-01 00:00:00.0000, -3.909535487464683E-01, -1.409554118958641E-01,  2.434786411147588E-02,  3.717139779567552E-03, -2.525068245908490E-02, -2.404326952930483E-03,
2458310.500000000, A.D. 2018-Jul-11 00:00:00.0000, -2.855843772420963E-01, -3.534758533046522E-01, -2.684388521077259E-03,  1.618167641771829E-02, -1.637331742083443E-02, -2.822412320038019E-03,
2458320.500000000, A.D. 2018-Jul-21 00:00:00.0000, -8.954181490733515E-02, -4.570566939920862E-01, -2.913308099887159E-02,  2.196410777709891E-02, -3.986230282414452E-03, -2.340691533946517E-03,
2458330.500000000, A.D. 2018-Jul-31 00:00:00.0000,  1.322051072845144E-01, -4.288294313289869E-01, -4.716933293132677E-02,  2.124597324437150E-02,  9.718690575248951E-03, -1.154930954783396E-03,
2458340.500000000, A.D. 2018-Aug-10 00:00:00.0000,  3.095521980686896E-01, -2.647602936619112E-01, -5.003226430127352E-02,  1.272622035686504E-02,  2.269843828732095E-02,  6.872819133704651E-04,
2458350.500000000, A.D. 2018-Aug-20 00:00:00.0000,  3.526719604755417E-01,  5.258498041224341E-03, -3.192384986967803E-02, -5.853528184602888E-03,  2.938981964166131E-02,  2.938535995365934E-03,
2458360.500000000, A.D. 2018-Aug-30 00:00:00.0000,  1.738044903161225E-01,  2.580293953073393E-01,  5.139933762242357E-03, -2.893581994891762E-02,  1.685489040041833E-02,  4.031794863866385E-03,
2458370.500000000, A.D. 2018-Sep-09 00:00:00.0000, -1.499259731534500E-01,  2.811513194422570E-01,  3.672779261144321E-02, -3.048663114630057E-02, -1.216861730412764E-02,  1.802452028033824E-03,
2458380.500000000, A.D. 2018-Sep-19 00:00:00.0000, -3.638881733967502E-01,  7.007800385355706E-02,  3.910878819419544E-02, -1.115774893092069E-02, -2.641975401645585E-02, -1.135257062185851E-03,
2458390.500000000, A.D. 2018-Sep-29 00:00:00.0000, -3.801947750872594E-01, -1.909347887571179E-01,  1.927646481500716E-02,  6.824330804441175E-03, -2.391602800564459E-02, -2.580314276054574E-03,
2458400.500000000, A.D. 2018-Oct-09 00:00:00.0000, -2.509531261915929E-01, -3.843876095274739E-01, -8.387643650269058E-03,  1.787462080156007E-02, -1.404631841880202E-02, -2.787560129853074E-03,
2458410.500000000, A.D. 2018-Oct-19 00:00:00.0000, -4.448431027191378E-02, -4.623914836766316E-01, -3.370269781482179E-02,  2.236148487666979E-02, -1.258475011120008E-03, -2.154237340920827E-03,
2458420.500000000, A.D. 2018-Oct-29 00:00:00.0000,  1.743677259095834E-01, -4.062524588655171E-01, -4.919247709150812E-02,  2.021978207003913E-02,  1.251031485559636E-02, -8.326649649136920E-04,
2458430.500000000, A.D. 2018-Nov-08 00:00:00.0000,  3.325176362690231E-01, -2.164083239858452E-01, -4.818803746157823E-02,  9.816636759553504E-03,  2.487483915959458E-02,  1.132049442564210E-03,
2458440.500000000, A.D. 2018-Nov-18 00:00:00.0000,  3.358464399634591E-01,  6.458417444841541E-02, -2.553254048685087E-02, -1.075405363590973E-02,  2.888577886343727E-02,  3.346914518162625E-03,
2458450.500000000, A.D. 2018-Nov-28 00:00:00.0000,  1.118872748096636E-01,  2.867521543295806E-01,  1.316717101512322E-02, -3.184133874297820E-02,  1.130747844215925E-02,  3.845037065947831E-03,
2458460.500000000, A.D. 2018-Dec-08 00:00:00.0000, -2.087827277845213E-01,  2.515229931952109E-01,  3.970611305115267E-02, -2.733941209235283E-02, -1.685598892302717E-02,  1.130701391963704E-03,
2458470.500000000, A.D. 2018-Dec-18 00:00:00.0000, -3.823120989921548E-01,  1.581593510717364E-02,  3.636490054189963E-02, -7.014514689112429E-03, -2.690153953939789E-02, -1.554721402905366E-03,
2458480.500000000, A.D. 2018-Dec-28 00:00:00.0000, -3.634299447041618E-01, -2.379126417686693E-01,  1.389964755988862E-02,  9.633641665055485E-03, -2.229801338201212E-02, -2.705817903529657E-03,
2458490.500000000, A.D. 2019-Jan-07 00:00:00.0000, -2.131548108108534E-01, -4.104574062743175E-01, -1.398549903791134E-02,  1.930000548717871E-02, -1.160615940719296E-02, -2.718919611206345E-03,
2458500.500000000, A.D. 2019-Jan-17 00:00:00.0000,  1.112311728910710E-03, -4.621412013148635E-01, -3.786514899629984E-02,  2.249109373078498E-02,  1.511024709646732E-03, -1.939811063728617E-03,
2458510.500000000, A.D. 2019-Jan-27 00:00:00.0000,  2.141119000630879E-01, -3.780423370073966E-01, -5.053323584298329E-02,  1.885737729003778E-02,  1.525769114322855E-02, -4.831736530023285E-04,
2458520.500000000, A.D. 2019-Feb-06 00:00:00.0000,  3.491248993434370E-01, -1.639267496879714E-01, -4.542289257233771E-02,  6.460514573237305E-03,  2.674311804064764E-02,  1.592599591430155E-03,
2458530.500000000, A.D. 2019-Feb-16 00:00:00.0000,  3.088892004472372E-01,  1.219394122738587E-01, -1.837266233975372E-02, -1.579811868972292E-02,  2.741866162091738E-02,  3.689754210829024E-03,
2458540.500000000, A.D. 2019-Feb-26 00:00:00.0000,  4.533162911811713E-02,  3.035736178271732E-01,  2.064742458366333E-02, -3.346907803543517E-02,  5.193130910913859E-03,  3.494720297087619E-03,
2458550.500000000, A.D. 2019-Mar-08 00:00:00.0000, -2.605495485209661E-01,  2.133102508364050E-01,  4.133248362816121E-02, -2.355424107519102E-02, -2.061557465012512E-02,  4.762380223382199E-04,
2458560.500000000, A.D. 2019-Mar-18 00:00:00.0000, -3.925273565780940E-01, -3.879819442807569E-02,  3.283913795097728E-02, -3.085174874402178E-03, -2.678905961492919E-02, -1.906002527751309E-03,
2458570.500000000, A.D. 2019-Mar-28 00:00:00.0000, -3.412609830945281E-01, -2.813557249653463E-01,  8.315848398158803E-03,  1.214816630331370E-02, -2.044706587746456E-02, -2.785245380503192E-03,
2458580.500000000, A.D. 2019-Apr-07 00:00:00.0000, -1.727316468538506E-01, -4.314702461917092E-01, -1.941100011560474E-02,  2.046206917421530E-02, -9.071721341503953E-03, -2.618420137499460E-03,
2458590.500000000, A.D. 2019-Apr-17 00:00:00.0000,  4.669170142755216E-02, -4.562343291939028E-01, -4.156387569490060E-02,  2.234499903056503E-02,  4.309091001266032E-03, -1.697757486779392E-03,
2458600.500000000, A.D. 2019-Apr-27 00:00:00.0000,  2.507273324124750E-01, -3.443246931253429E-01, -5.113697914944144E-02,  1.713627195264338E-02,  1.792912707596677E-02, -1.069756758978080E-04,
2458610.500000000, A.D. 2019-May-07 00:00:00.0000,  3.584573321588673E-01, -1.080509452884297E-01, -4.171298042775377E-02,  2.653259138165578E-03,  2.820163364259111E-02,  2.061062618126042E-03,
2458620.500000000, A.D. 2019-May-17 00:00:00.0000,  2.717332663158259E-01,  1.752294895183913E-01, -1.060924179099235E-02, -2.075729364125345E-02,  2.487173168902516E-02,  3.936574409419392E-03,
2458630.500000000, A.D. 2019-May-27 00:00:00.0000, -2.310814382322124E-02,  3.077406355064374E-01,  2.726656353823008E-02, -3.369951164071492E-02, -1.084313576945075E-03,  3.002880228303561E-03,
2458640.500000000, A.D. 2019-Jun-06 00:00:00.0000, -3.042076891527276E-01,  1.684343433393228E-01,  4.167045230064116E-02, -1.940275850447325E-02, -2.343028559588934E-02, -1.346356710951712E-04,
2458650.500000000, A.D. 2019-Jun-16 00:00:00.0000, -3.950222000131043E-01, -9.265347089595843E-02,  2.866696076761941E-02,  5.824017603307680E-04, -2.618031295348248E-02, -2.192724275965097E-03,
2458660.500000000, A.D. 2019-Jun-26 00:00:00.0000, -3.142839488207021E-01, -3.208300541293823E-01,  2.615097684999201E-03,  1.437433590591512E-02, -1.840391929779729E-02, -2.822509359387664E-03,
2458670.500000000, A.D. 2019-Jul-06 00:00:00.0000, -1.302200403752539E-01, -4.472498848686533E-01, -2.460054857460827E-02,  2.136326413103716E-02, -6.458822938859246E-03, -2.487566150130925E-03,
2458680.500000000, A.D. 2019-Jul-16 00:00:00.0000,  9.167950188238905E-02, -4.446289024537482E-01, -4.474263705473235E-02,  2.191244894728696E-02,  7.121341890411795E-03, -1.428253512953477E-03,
2458690.500000000, A.D. 2019-Jul-26 00:00:00.0000,  2.834587449278810E-01, -3.052982841760742E-01, -5.095047437944005E-02,  1.503229473392300E-02,  2.048428260229348E-02,  2.948486289451037E-04,
2458700.500000000, A.D. 2019-Aug-05 00:00:00.0000,  3.596120566823784E-01, -4.974220818196536E-02, -3.705396590293930E-02, -1.588594280786709E-03,  2.912804125626748E-02,  2.525900617514507E-03,
2458710.500000000, A.D. 2019-Aug-15 00:00:00.0000,  2.248479676276342E-01,  2.221926490439029E-01, -2.470366635060700E-03, -2.533523515359267E-02,  2.119863551042935E-02,  4.056376390884656E-03,
2458720.500000000, A.D. 2019-Aug-25 00:00:00.0000, -9.060742633371213E-02,  2.993441336634247E-01,  3.277256548932830E-02, -3.257513637095167E-02, -7.114197073183052E-03,  2.406977556196548E-03,
2458730.500000000, A.D. 2019-Sep-04 00:00:00.0000, -3.392508488075546E-01,  1.187628255131843E-01,  4.082603476885749E-02, -1.510824922305809E-02, -2.535433809605562E-02, -6.858406106956754E-04,
2458740.500000000, A.D. 2019-Sep-14 00:00:00.0000, -3.903549701938335E-01, -1.448418155548789E-01,  2.397386795777798E-02,  3.963434576918890E-03, -2.516096535878976E-02, -2.419598703610491E-03,
2458750.500000000, A.D. 2019-Sep-24 00:00:00.0000, -2.830718946315117E-01, -3.559894029774562E-01, -3.121604762720095E-03,  1.631981591550774E-02, -1.620113295216314E-02, -2.820974998655504E-03,
2458760.500000000, A.D. 2019-Oct-04 00:00:00.0000, -8.614507263904088E-02, -4.576572408451846E-01, -2.949454170188752E-02,  2.200349973450036E-02, -3.780759027766074E-03, -2.327447365921470E-03,
2458770.500000000, A.D. 2019-Oct-14 00:00:00.0000,  1.354815248459032E-01, -4.273154449722525E-01, -4.734622901327117E-02,  2.117918172156411E-02,  9.931625170453597E-03, -1.131327582637042E-03,
2458780.500000000, A.D. 2019-Oct-24 00:00:00.0000,  3.115020106712795E-01, -2.612490296212350E-01, -4.992355021888549E-02,  1.252046866802502E-02,  2.287231962911218E-02,  7.204254184385994E-04,
2458790.500000000, A.D. 2019-Nov-03 00:00:00.0000,  3.517447582724927E-01,  9.784756406284534E-03, -3.146789109663296E-02, -6.216452084333381E-03,  2.938183488336729E-02,  2.971185897554653E-03,
2458800.500000000, A.D. 2019-Nov-13 00:00:00.0000,  1.693287042765672E-01,  2.605936336516689E-01,  5.760796349426621E-03, -2.919594875079328E-02,  1.646182665017160E-02,  4.023468337265452E-03,
2458810.500000000, A.D. 2019-Nov-23 00:00:00.0000, -1.546063694666316E-01,  2.792432285548469E-01,  3.700103260027707E-02, -3.027698888778577E-02, -1.255507041368440E-02,  1.751540261402850E-03,
2458820.500000000, A.D. 2019-Dec-03 00:00:00.0000, -3.655810699677476E-01,  6.599515026675959E-02,  3.892943477157150E-02, -1.083716156388487E-02, -2.647985666374703E-02, -1.169634336436233E-03,
2458830.500000000, A.D. 2019-Dec-13 00:00:00.0000, -3.791197621531497E-01, -1.946199563961239E-01,  1.887541229262079E-02,  7.048394386211441E-03, -2.380244162727884E-02, -2.591587870506452E-03,
2458840.500000000, A.D. 2019-Dec-23 00:00:00.0000, -2.481792970721729E-01, -3.865441742717165E-01, -8.819407906705124E-03,  1.799239510213499E-02, -1.386450448059993E-02, -2.783465154606128E-03,
