Date Time, Water Level, Sigma, O or I (for verified), F, R, L, Quality 
2024-03-01 00:00,1.287,0.038,0,0,0,0,p
2024-03-01 00:06,1.287,0.04,1,0,0,0,p
2024-03-01 00:12,1.281,0.039,0,0,0,0,p
2024-03-01 00:18,1.265,0.036,1,0,0,0,p
2024-03-01 00:24,1.255,0.036,0,0,0,0,p
2024-03-01 00:30,1.232,0.039,0,0,0,0,p
2024-03-01 00:36,1.226,0.038,0,0,0,0,p
2024-03-01 00:42,1.212,0.044,0,0,0,0,p
2024-03-01 00:48,1.188,0.044,0,0,0,0,p
2024-03-01 00:54,1.152,0.042,0,0,0,0,p
2024-03-01 01:00,1.124,0.043,0,0,0,0,p
2024-03-01 01:06,1.095,0.042,0,0,0,0,p
2024-03-01 01:12,1.087,0.042,0,0,0,0,p
2024-03-01 01:18,1.074,0.038,0,0,0,0,p
2024-03-01 01:24,1.077,0.037,0,0,0,0,p
2024-03-01 01:30,1.064,0.04,0,0,0,0,p
2024-03-01 01:36,1.047,0.037,1,0,0,0,p
2024-03-01 01:42,1.039,0.032,0,0,0,0,p
2024-03-01 01:48,1.031,0.03,0,0,0,0,p
2024-03-01 01:54,1.019,0.026,0,0,0,0,p
2024-03-01 02:00,,,1,1,1,1,p
2024-03-01 02:06,,,1,1,1,1,p
2024-03-01 02:12,,,1,1,1,1,p
2024-03-01 02:18,,,1,1,1,1,p
2024-03-01 02:24,,,1,1,1,1,p
2024-03-01 02:30,,,1,1,1,1,p
2024-03-01 02:36,,,1,1,1,1,p
2024-03-01 02:42,,,1,1,1,1,p
2024-03-01 02:48,,,1,1,1,1,p
2024-03-01 02:54,,,1,1,1,1,p
2024-03-01 03:00,,,1,1,1,1,p
2024-03-01 03:06,,,1,1,1,1,p
2024-03-01 03:12,,,1,1,1,1,p
2024-03-01 03:18,,,1,1,1,1,p
2024-03-01 03:24,,,1,1,1,1,p
2024-03-01 03:30,,,1,1,1,1,p
2024-03-01 03:36,,,1,1,1,1,p
2024-03-01 03:42,,,1,1,1,1,p
2024-03-01 03:48,,,1,1,1,1,p
2024-03-01 03:54,,,1,1,1,1,p
2024-03-01 04:00,,,1,1,1,1,p
2024-03-01 04:06,,,1,1,1,1,p
2024-03-01 04:12,,,1,1,1,1,p
2024-03-01 04:18,,,1,1,1,1,p
2024-03-01 04:24,,,1,1,1,1,p
2024-03-01 04:30,,,1,1,1,1,p
2024-03-01 04:36,,,1,1,1,1,p
2024-03-01 04:42,,,1,1,1,1,p
2024-03-01 04:48,,,1,1,1,1,p
2024-03-01 04:54,,,1,1,1,1,p
2024-03-01 05:00,,,1,1,1,1,p
2024-03-01 05:06,,,1,1,1,1,p
2024-03-01 05:12,,,1,1,1,1,p
2024-03-01 05:18,,,1,1,1,1,p
2024-03-01 05:24,,,1,1,1,1,p
2024-03-01 05:30,1.055,0.03,1,0,0,0,p
2024-03-01 05:36,1.062,0.033,0,0,0,0,p
2024-03-01 05:42,1.073,0.037,0,0,0,0,p
2024-03-01 05:48,1.079,0.035,0,0,0,0,p
2024-03-01 05:54,1.081,0.031,1,0,0,0,p
2024-03-01 06:00,1.1,0.043,0,0,0,0,p
2024-03-01 06:06,1.108,0.042,0,0,0,0,p
2024-03-01 06:12,1.118,0.044,0,0,0,0,p
2024-03-01 06:18,1.14,0.038,0,0,0,0,p
2024-03-01 06:24,1.167,0.047,1,0,0,0,p
2024-03-01 06:30,1.192,0.048,0,0,0,0,p
2024-03-01 06:36,1.206,0.06,0,0,0,0,p
2024-03-01 06:42,1.228,0.049,0,0,0,0,p
2024-03-01 06:48,1.247,0.049,0,0,0,0,p
2024-03-01 06:54,1.255,0.04,0,0,0,0,p
2024-03-01 07:00,1.278,0.048,0,0,0,0,p
2024-03-01 07:06,1.305,0.045,0,0,0,0,p
2024-03-01 07:12,1.329,0.038,0,0,0,0,p
2024-03-01 07:18,1.346,0.036,0,0,0,0,p
2024-03-01 07:24,1.376,0.036,0,0,0,0,p
2024-03-01 07:30,1.398,0.04,0,0,0,0,p
2024-03-01 07:36,1.415,0.043,1,0,0,0,p
2024-03-01 07:42,1.43,0.036,1,0,0,0,p
2024-03-01 07:48,1.439,0.035,0,0,0,0,p
2024-03-01 07:54,1.452,0.032,1,0,0,0,p
2024-03-01 08:00,1.477,0.032,1,0,0,0,p
2024-03-01 08:06,1.508,0.036,0,0,0,0,p
2024-03-01 08:12,1.537,0.036,0,0,0,0,p
2024-03-01 08:18,1.558,0.03,1,0,0,0,p
2024-03-01 08:24,1.578,0.029,1,0,0,0,p
2024-03-01 08:30,1.609,0.032,0,0,0,0,p
2024-03-01 08:36,1.617,0.032,0,0,0,0,p
2024-03-01 08:42,1.637,0.03,0,0,0,0,p
2024-03-01 08:48,1.652,0.032,0,0,0,0,p
2024-03-01 08:54,1.667,0.026,1,0,0,0,p
2024-03-01 09:00,1.675,0.029,1,0,0,0,p
2024-03-01 09:06,1.691,0.031,1,0,0,0,p
2024-03-01 09:12,1.702,0.033,0,0,0,0,p
2024-03-01 09:18,1.715,0.031,1,0,0,0,p
2024-03-01 09:24,1.738,0.034,0,0,0,0,p
2024-03-01 09:30,1.74,0.036,0,0,0,0,p
2024-03-01 09:36,1.749,0.035,1,0,0,0,p
2024-03-01 09:42,1.747,0.029,0,0,0,0,p
2024-03-01 09:48,1.754,0.032,0,0,0,0,p
2024-03-01 09:54,1.769,0.034,0,0,0,0,p
2024-03-01 10:00,1.777,0.033,0,0,0,0,p
2024-03-01 10:06,1.788,0.038,0,0,0,0,p
2024-03-01 10:12,1.788,0.041,0,0,0,0,p
2024-03-01 10:18,1.799,0.042,1,0,0,0,p
2024-03-01 10:24,1.809,0.034,1,0,0,0,p
2024-03-01 10:30,1.802,0.037,0,0,0,0,p
2024-03-01 10:36,1.811,0.043,0,0,0,0,p
2024-03-01 10:42,1.808,0.037,0,0,0,0,p
2024-03-01 10:48,1.794,0.029,1,0,0,0,p
2024-03-01 10:54,1.795,0.038,0,0,0,0,p
2024-03-01 11:00,1.787,0.038,1,0,0,0,p
2024-03-01 11:06,1.784,0.036,0,0,0,0,p
2024-03-01 11:12,1.778,0.031,1,0,0,0,p
2024-03-01 11:18,1.765,0.038,0,0,0,0,p
2024-03-01 11:24,1.743,0.037,1,0,0,0,p
2024-03-01 11:30,1.72,0.039,0,0,0,0,p
2024-03-01 11:36,1.714,0.034,1,0,0,0,p
2024-03-01 11:42,1.694,0.036,1,0,0,0,p
2024-03-01 11:48,1.686,0.039,1,0,0,0,p
2024-03-01 11:54,1.667,0.036,0,0,0,0,p
2024-03-01 12:00,1.655,0.031,1,0,0,0,p
2024-03-01 12:06,1.613,0.045,1,0,0,0,p
2024-03-01 12:12,1.597,0.039,0,0,0,0,p
2024-03-01 12:18,1.585,0.04,0,0,0,0,p
2024-03-01 12:24,1.57,0.037,1,0,0,0,p
2024-03-01 12:30,1.561,0.043,1,0,0,0,p
2024-03-01 12:36,1.54,0.039,1,0,0,0,p
2024-03-01 12:42,1.495,0.047,1,0,0,0,p
2024-03-01 12:48,1.458,0.051,1,0,0,0,p
2024-03-01 12:54,1.426,0.048,1,0,0,0,p
2024-03-01 13:00,1.398,0.044,1,0,0,0,p
2024-03-01 13:06,1.362,0.05,0,0,0,0,p
2024-03-01 13:12,1.331,0.052,1,0,0,0,p
2024-03-01 13:18,1.31,0.052,1,0,0,0,p
2024-03-01 13:24,1.276,0.051,0,0,0,0,p
2024-03-01 13:30,1.249,0.048,0,0,0,0,p
2024-03-01 13:36,1.227,0.04,0,0,0,0,p
2024-03-01 13:42,1.194,0.043,0,0,0,0,p
2024-03-01 13:48,1.173,0.045,1,0,0,0,p
2024-03-01 13:54,1.16,0.033,0,0,0,0,p
2024-03-01 14:00,,,1,1,1,1,p
2024-03-01 14:06,,,1,1,1,1,p
2024-03-01 14:12,,,1,1,1,1,p
2024-03-01 14:18,,,1,1,1,1,p
2024-03-01 14:24,,,1,1,1,1,p
2024-03-01 14:30,,,1,1,1,1,p
2024-03-01 14:36,,,1,1,1,1,p
2024-03-01 14:42,,,1,1,1,1,p
2024-03-01 14:48,,,1,1,1,1,p
2024-03-01 14:54,,,1,1,1,1,p
2024-03-01 15:00,,,1,1,1,1,p
2024-03-01 15:06,,,1,1,1,1,p
2024-03-01 15:12,,,1,1,1,1,p
2024-03-01 15:18,,,1,1,1,1,p
2024-03-01 15:24,,,1,1,1,1,p
2024-03-01 15:30,,,1,1,1,1,p
2024-03-01 15:36,,,1,1,1,1,p
2024-03-01 15:42,,,1,1,1,1,p
2024-03-01 15:48,,,1,1,1,1,p
2024-03-01 15:54,,,1,1,1,1,p
2024-03-01 16:00,,,1,1,1,1,p
2024-03-01 16:06,,,1,1,1,1,p
2024-03-01 16:12,,,1,1,1,1,p
2024-03-01 16:18,,,1,1,1,1,p
2024-03-01 16:24,,,1,1,1,1,p
2024-03-01 16:30,,,1,1,1,1,p
2024-03-01 16:36,,,1,1,1,1,p
2024-03-01 16:42,,,1,1,1,1,p
2024-03-01 16:48,,,1,1,1,1,p
2024-03-01 16:54,,,1,1,1,1,p
2024-03-01 17:00,,,1,1,1,1,p
2024-03-01 17:06,,,1,1,1,1,p
2024-03-01 17:12,,,1,1,1,1,p
2024-03-01 17:18,,,1,1,1,1,p
2024-03-01 17:24,,,1,1,1,1,p
2024-03-01 17:30,,,1,1,1,1,p
2024-03-01 17:36,,,1,1,1,1,p
2024-03-01 17:42,,,1,1,1,1,p
2024-03-01 17:48,,,1,1,1,1,p
2024-03-01 17:54,,,1,1,1,1,p
2024-03-01 18:00,,,1,1,1,1,p
2024-03-01 18:06,,,1,1,1,1,p
2024-03-01 18:12,,,1,1,1,1,p
2024-03-01 18:18,,,1,1,1,1,p
2024-03-01 18:24,,,1,1,1,1,p
2024-03-01 18:30,,,1,1,1,1,p
2024-03-01 18:36,,,1,1,1,1,p
2024-03-01 18:42,,,1,1,1,1,p
2024-03-01 18:48,,,1,1,1,1,p
2024-03-01 18:54,,,1,1,1,1,p
2024-03-01 19:00,,,1,1,1,1,p
2024-03-01 19:06,,,1,1,1,1,p
2024-03-01 19:12,,,1,1,1,1,p
2024-03-01 19:18,,,1,1,1,1,p
2024-03-01 19:24,,,1,1,1,1,p
2024-03-01 19:30,,,1,1,1,1,p
2024-03-01 19:36,,,1,1,1,1,p
2024-03-01 19:42,,,1,1,1,1,p
2024-03-01 19:48,,,1,1,1,1,p
2024-03-01 19:54,,,1,1,1,1,p
2024-03-01 20:00,,,1,1,1,1,p
2024-03-01 20:06,,,1,1,1,1,p
2024-03-01 20:12,,,1,1,1,1,p
2024-03-01 20:18,,,1,1,1,1,p
2024-03-01 20:24,,,1,1,1,1,p
2024-03-01 20:30,1.049,0.043,1,0,0,0,p
2024-03-01 20:36,1.056,0.043,0,0,0,0,p
2024-03-01 20:42,1.081,0.045,1,0,0,0,p
2024-03-01 20:48,1.085,0.043,1,0,0,0,p
2024-03-01 20:54,1.09,0.047,0,0,0,0,p
2024-03-01 21:00,1.107,0.048,0,0,0,0,p
2024-03-01 21:06,1.121,0.052,0,0,0,0,p
2024-03-01 21:12,1.122,0.061,0,0,0,0,p
2024-03-01 21:18,1.14,0.061,0,0,0,0,p
2024-03-01 21:24,1.157,0.067,0,0,0,0,p
2024-03-01 21:30,1.16,0.059,0,0,0,0,p
2024-03-01 21:36,1.181,0.058,0,0,0,0,p
2024-03-01 21:42,1.195,0.059,0,0,0,0,p
2024-03-01 21:48,1.212,0.064,0,0,0,0,p
2024-03-01 21:54,1.23,0.047,0,0,0,0,p
2024-03-01 22:00,1.249,0.049,0,0,0,0,p
2024-03-01 22:06,1.26,0.055,0,0,0,0,p
2024-03-01 22:12,1.265,0.06,0,0,0,0,p
2024-03-01 22:18,1.269,0.056,1,0,0,0,p
2024-03-01 22:24,1.283,0.057,0,0,0,0,p
2024-03-01 22:30,1.296,0.054,1,0,0,0,p
2024-03-01 22:36,1.284,0.066,1,0,0,0,p
2024-03-01 22:42,1.306,0.062,0,0,0,0,p
2024-03-01 22:48,1.297,0.052,0,0,0,0,p
2024-03-01 22:54,1.307,0.062,0,0,0,0,p
2024-03-01 23:00,1.324,0.047,0,0,0,0,p
2024-03-01 23:06,1.35,0.052,0,0,0,0,p
2024-03-01 23:12,1.339,0.053,1,0,0,0,p
2024-03-01 23:18,1.335,0.049,1,0,0,0,p
2024-03-01 23:24,1.338,0.057,1,0,0,0,p
2024-03-01 23:30,1.345,0.046,1,0,0,0,p
2024-03-01 23:36,1.356,0.05,0,0,0,0,p
2024-03-01 23:42,1.362,0.054,0,0,0,0,p
2024-03-01 23:48,1.365,0.057,0,0,0,0,p
2024-03-01 23:54,1.357,0.056,0,0,0,0,p
2024-03-02 00:00,1.362,0.059,0,0,0,0,p
2024-03-02 00:06,1.383,0.048,0,0,0,0,p
2024-03-02 00:12,1.391,0.05,1,0,0,0,p
2024-03-02 00:18,1.385,0.038,0,0,0,0,p
2024-03-02 00:24,1.378,0.054,1,0,0,0,p
2024-03-02 00:30,1.379,0.056,0,0,0,0,p
2024-03-02 00:36,1.37,0.061,0,0,0,0,p
2024-03-02 00:42,1.36,0.056,1,0,0,0,p
2024-03-02 00:48,1.338,0.05,0,0,0,0,p
2024-03-02 00:54,1.331,0.05,0,0,0,0,p
2024-03-02 01:00,1.336,0.057,0,0,0,0,p
2024-03-02 01:06,1.344,0.057,0,0,0,0,p
2024-03-02 01:12,1.329,0.05,0,0,0,0,p
2024-03-02 01:18,1.323,0.058,0,0,0,0,p
2024-03-02 01:24,1.302,0.051,0,0,0,0,p
2024-03-02 01:30,1.301,0.043,0,0,0,0,p
2024-03-02 01:36,1.297,0.058,0,0,0,0,p
2024-03-02 01:42,1.285,0.056,0,0,0,0,p
2024-03-02 01:48,1.287,0.051,1,0,0,0,p
2024-03-02 01:54,1.293,0.051,0,0,0,0,p
2024-03-02 02:00,,,1,1,1,1,p
2024-03-02 02:06,,,1,1,1,1,p
2024-03-02 02:12,,,1,1,1,1,p
2024-03-02 02:18,,,1,1,1,1,p
2024-03-02 02:24,,,1,1,1,1,p
2024-03-02 02:30,,,1,1,1,1,p
2024-03-02 02:36,,,1,1,1,1,p
2024-03-02 02:42,,,1,1,1,1,p
2024-03-02 02:48,,,1,1,1,1,p
2024-03-02 02:54,,,1,1,1,1,p
2024-03-02 03:00,,,1,1,1,1,p
2024-03-02 03:06,,,1,1,1,1,p
2024-03-02 03:12,,,1,1,1,1,p
2024-03-02 03:18,,,1,1,1,1,p
2024-03-02 03:24,,,1,1,1,1,p
2024-03-02 03:30,,,1,1,1,1,p
2024-03-02 03:36,,,1,1,1,1,p
2024-03-02 03:42,,,1,1,1,1,p
2024-03-02 03:48,,,1,1,1,1,p
2024-03-02 03:54,,,1,1,1,1,p
2024-03-02 04:00,,,1,1,1,1,p
2024-03-02 04:06,,,1,1,1,1,p
2024-03-02 04:12,,,1,1,1,1,p
2024-03-02 04:18,,,1,1,1,1,p
2024-03-02 04:24,,,1,1,1,1,p
2024-03-02 04:30,,,1,1,1,1,p
2024-03-02 04:36,,,1,1,1,1,p
2024-03-02 04:42,,,1,1,1,1,p
2024-03-02 04:48,,,1,1,1,1,p
2024-03-02 04:54,,,1,1,1,1,p
2024-03-02 05:00,,,1,1,1,1,p
2024-03-02 05:06,,,1,1,1,1,p
2024-03-02 05:12,,,1,1,1,1,p
2024-03-02 05:18,,,1,1,1,1,p
2024-03-02 05:24,,,1,1,1,1,p
2024-03-02 05:30,,,1,1,1,1,p
2024-03-02 05:36,,,1,1,1,1,p
2024-03-02 05:42,,,1,1,1,1,p
2024-03-02 05:48,,,1,1,1,1,p
2024-03-02 05:54,,,1,1,1,1,p
2024-03-02 06:00,1.295,0.06,0,0,0,0,p
2024-03-02 06:06,1.333,0.078,0,0,0,0,p
2024-03-02 06:12,1.331,0.059,0,0,0,0,p
2024-03-02 06:18,1.332,0.07,0,0,0,0,p
2024-03-02 06:24,1.302,0.069,0,0,0,0,p
2024-03-02 06:30,1.318,0.072,0,0,0,0,p
2024-03-02 06:36,1.346,0.07,0,0,0,0,p
2024-03-02 06:42,1.362,0.066,1,0,0,0,p
2024-03-02 06:48,1.406,0.077,0,0,0,0,p
2024-03-02 06:54,1.419,0.08,0,0,0,0,p
2024-03-02 07:00,1.418,0.079,0,0,0,0,p
2024-03-02 07:06,1.423,0.074,0,0,0,0,p
2024-03-02 07:12,1.441,0.063,1,0,0,0,p
2024-03-02 07:18,1.432,0.073,1,0,0,0,p
2024-03-02 07:24,1.493,0.07,0,0,0,0,p
2024-03-02 07:30,1.503,0.064,0,0,0,0,p
2024-03-02 07:36,1.517,0.075,0,0,0,0,p
2024-03-02 07:42,1.54,0.067,0,0,0,0,p
2024-03-02 07:48,1.555,0.077,0,0,0,0,p
2024-03-02 07:54,1.559,0.087,0,0,0,0,p
2024-03-02 08:00,1.562,0.066,0,0,0,0,p
2024-03-02 08:06,1.561,0.068,0,0,0,0,p
2024-03-02 08:12,1.6,0.066,0,0,0,0,p
2024-03-02 08:18,1.612,0.077,1,0,0,0,p
2024-03-02 08:24,1.66,0.071,0,0,0,0,p
2024-03-02 08:30,1.671,0.062,1,0,0,0,p
2024-03-02 08:36,1.686,0.072,0,0,0,0,p
2024-03-02 08:42,1.686,0.076,0,0,0,0,p
2024-03-02 08:48,1.7,0.076,0,0,0,0,p
2024-03-02 08:54,1.692,0.073,0,0,0,0,p
2024-03-02 09:00,1.719,0.071,1,0,0,0,p
2024-03-02 09:06,1.733,0.058,0,0,0,0,p
2024-03-02 09:12,1.784,0.077,0,0,0,0,p
2024-03-02 09:18,1.839,0.068,0,0,0,0,p
2024-03-02 09:24,1.874,0.061,0,0,0,0,p
2024-03-02 09:30,1.845,0.069,1,0,0,0,p
2024-03-02 09:36,1.82,0.085,0,0,0,0,p
2024-03-02 09:42,1.794,0.07,0,0,0,0,p
2024-03-02 09:48,1.831,0.055,0,0,0,0,p
2024-03-02 09:54,1.846,0.066,0,0,0,0,p
2024-03-02 10:00,1.861,0.079,0,0,0,0,p
2024-03-02 10:06,1.883,0.082,0,0,0,0,p
2024-03-02 10:12,1.906,0.059,1,0,0,0,p
2024-03-02 10:18,1.868,0.074,1,0,0,0,p
2024-03-02 10:24,1.882,0.079,1,0,0,0,p
2024-03-02 10:30,1.875,0.058,0,0,0,0,p
2024-03-02 10:36,1.88,0.076,0,0,0,0,p
2024-03-02 10:42,1.87,0.079,0,0,0,0,p
2024-03-02 10:48,1.9,0.074,0,0,0,0,p
2024-03-02 10:54,1.911,0.068,1,0,0,0,p
2024-03-02 11:00,1.92,0.069,0,0,0,0,p
2024-03-02 11:06,1.913,0.061,0,0,0,0,p
2024-03-02 11:12,1.899,0.08,1,0,0,0,p
2024-03-02 11:18,1.879,0.071,0,0,0,0,p
2024-03-02 11:24,1.868,0.069,0,0,0,0,p
2024-03-02 11:30,1.89,0.075,0,0,0,0,p
2024-03-02 11:36,1.868,0.07,0,0,0,0,p
2024-03-02 11:42,1.864,0.072,0,0,0,0,p
2024-03-02 11:48,1.854,0.08,1,0,0,0,p
2024-03-02 11:54,1.838,0.063,0,0,0,0,p
2024-03-02 12:00,1.807,0.059,1,0,0,0,p
2024-03-02 12:06,1.774,0.085,0,0,0,0,p
2024-03-02 12:12,1.756,0.068,0,0,0,0,p
2024-03-02 12:18,1.764,0.065,0,0,0,0,p
2024-03-02 12:24,1.753,0.068,1,0,0,0,p
2024-03-02 12:30,1.755,0.066,1,0,0,0,p
2024-03-02 12:36,1.71,0.061,0,0,0,0,p
2024-03-02 12:42,1.677,0.058,0,0,0,0,p
2024-03-02 12:48,1.637,0.064,0,0,0,0,p
2024-03-02 12:54,1.614,0.06,0,0,0,0,p
2024-03-02 13:00,1.576,0.067,1,0,0,0,p
2024-03-02 13:06,1.57,0.065,1,0,0,0,p
2024-03-02 13:12,1.586,0.066,0,0,0,0,p
2024-03-02 13:18,1.571,0.061,0,0,0,0,p
2024-03-02 13:24,1.53,0.076,1,0,0,0,p
2024-03-02 13:30,1.517,0.063,0,0,0,0,p
2024-03-02 13:36,1.486,0.063,0,0,0,0,p
2024-03-02 13:42,1.459,0.072,0,0,0,0,p
2024-03-02 13:48,1.437,0.064,0,0,0,0,p
2024-03-02 13:54,1.421,0.058,0,0,0,0,p
2024-03-02 14:00,1.374,0.072,0,0,0,0,p
2024-03-02 14:06,1.32,0.055,1,0,0,0,p
2024-03-02 14:12,,,1,1,1,1,p
2024-03-02 14:18,,,1,1,1,1,p
2024-03-02 14:24,,,1,1,1,1,p
2024-03-02 14:30,,,1,1,1,1,p
2024-03-02 14:36,,,1,1,1,1,p
2024-03-02 14:42,,,1,1,1,1,p
2024-03-02 14:48,,,1,1,1,1,p
2024-03-02 14:54,,,1,1,1,1,p
2024-03-02 15:00,,,1,1,1,1,p
2024-03-02 15:06,,,1,1,1,1,p
2024-03-02 15:12,,,1,1,1,1,p
2024-03-02 15:18,,,1,1,1,1,p
2024-03-02 15:24,,,1,1,1,1,p
2024-03-02 15:30,,,1,1,1,1,p
2024-03-02 15:36,,,1,1,1,1,p
2024-03-02 15:42,,,1,1,1,1,p
2024-03-02 15:48,,,1,1,1,1,p
2024-03-02 15:54,,,1,1,1,1,p
2024-03-02 16:00,,,1,1,1,1,p
2024-03-02 16:06,,,1,1,1,1,p
2024-03-02 16:12,,,1,1,1,1,p
2024-03-02 16:18,,,1,1,1,1,p
2024-03-02 16:24,,,1,1,1,1,p
2024-03-02 16:30,,,1,1,1,1,p
2024-03-02 16:36,,,1,1,1,1,p
2024-03-02 16:42,,,1,1,1,1,p
2024-03-02 16:48,,,1,1,1,1,p
2024-03-02 16:54,,,1,1,1,1,p
2024-03-02 17:00,,,1,1,1,1,p
2024-03-02 17:06,,,1,1,1,1,p
2024-03-02 17:12,,,1,1,1,1,p
2024-03-02 17:18,,,1,1,1,1,p
2024-03-02 17:24,,,1,1,1,1,p
2024-03-02 17:30,,,1,1,1,1,p
2024-03-02 17:36,,,1,1,1,1,p
2024-03-02 17:42,,,1,1,1,1,p
2024-03-02 17:48,,,1,1,1,1,p
2024-03-02 17:54,,,1,1,1,1,p
2024-03-02 18:00,,,1,1,1,1,p
2024-03-02 18:06,,,1,1,1,1,p
2024-03-02 18:12,,,1,1,1,1,p
2024-03-02 18:18,,,1,1,1,1,p
2024-03-02 18:24,,,1,1,1,1,p
2024-03-02 18:30,,,1,1,1,1,p
2024-03-02 18:36,,,1,1,1,1,p
2024-03-02 18:42,,,1,1,1,1,p
2024-03-02 18:48,,,1,1,1,1,p
2024-03-02 18:54,,,1,1,1,1,p
2024-03-02 19:00,,,1,1,1,1,p
2024-03-02 19:06,,,1,1,1,1,p
2024-03-02 19:12,,,1,1,1,1,p
2024-03-02 19:18,,,1,1,1,1,p
2024-03-02 19:24,,,1,1,1,1,p
2024-03-02 19:30,,,1,1,1,1,p
2024-03-02 19:36,,,1,1,1,1,p
2024-03-02 19:42,,,1,1,1,1,p
2024-03-02 19:48,,,1,1,1,1,p
2024-03-02 19:54,,,1,1,1,1,p
2024-03-02 20:00,,,1,1,1,1,p
2024-03-02 20:06,,,1,1,1,1,p
2024-03-02 20:12,,,1,1,1,1,p
2024-03-02 20:18,,,1,1,1,1,p
2024-03-02 20:24,,,1,1,1,1,p
2024-03-02 20:30,,,1,1,1,1,p
2024-03-02 20:36,,,1,1,1,1,p
2024-03-02 20:42,,,1,1,1,1,p
2024-03-02 20:48,,,1,1,1,1,p
2024-03-02 20:54,,,1,1,1,1,p
2024-03-02 21:00,,,1,1,1,1,p
2024-03-02 21:06,,,1,1,1,1,p
2024-03-02 21:12,,,1,1,1,1,p
2024-03-02 21:18,,,1,1,1,1,p
2024-03-02 21:24,,,1,1,1,1,p
2024-03-02 21:30,,,1,1,1,1,p
2024-03-02 21:36,,,1,1,1,1,p
2024-03-02 21:42,,,1,1,1,1,p
2024-03-02 21:48,,,1,1,1,1,p
2024-03-02 21:54,,,1,1,1,1,p
2024-03-02 22:00,,,1,1,1,1,p
2024-03-02 22:06,,,1,1,1,1,p
2024-03-02 22:12,,,1,1,1,1,p
2024-03-02 22:18,,,1,1,1,1,p
2024-03-02 22:24,,,1,1,1,1,p
2024-03-02 22:30,,,1,1,1,1,p
2024-03-02 22:36,,,1,1,1,1,p
2024-03-02 22:42,,,1,1,1,1,p
2024-03-02 22:48,,,1,1,1,1,p
2024-03-02 22:54,,,1,1,1,1,p
2024-03-02 23:00,,,1,1,1,1,p
2024-03-02 23:06,,,1,1,1,1,p
2024-03-02 23:12,,,1,1,1,1,p
2024-03-02 23:18,,,1,1,1,1,p
2024-03-02 23:24,,,1,1,1,1,p
2024-03-02 23:30,1.209,0.057,0,0,0,0,p
2024-03-02 23:36,1.235,0.063,0,0,0,0,p
2024-03-02 23:42,1.245,0.065,0,0,0,0,p
2024-03-02 23:48,1.257,0.068,0,0,0,0,p
2024-03-02 23:54,1.277,0.067,0,0,0,0,p
2024-03-03 00:00,1.263,0.057,1,0,0,0,p
2024-03-03 00:06,1.27,0.057,1,0,0,0,p
2024-03-03 00:12,1.273,0.058,1,0,0,0,p
2024-03-03 00:18,1.277,0.064,1,0,0,0,p
2024-03-03 00:24,1.293,0.062,0,0,0,0,p
2024-03-03 00:30,1.312,0.07,0,0,0,0,p
2024-03-03 00:36,1.298,0.066,0,0,0,0,p
2024-03-03 00:42,1.318,0.059,0,0,0,0,p
2024-03-03 00:48,1.32,0.063,0,0,0,0,p
2024-03-03 00:54,1.325,0.066,0,0,0,0,p
2024-03-03 01:00,1.334,0.059,0,0,0,0,p
2024-03-03 01:06,1.338,0.07,0,0,0,0,p
2024-03-03 01:12,1.339,0.062,0,0,0,0,p
2024-03-03 01:18,1.346,0.053,0,0,0,0,p
2024-03-03 01:24,1.347,0.06,0,0,0,0,p
2024-03-03 01:30,1.347,0.064,0,0,0,0,p
2024-03-03 01:36,1.35,0.059,0,0,0,0,p
2024-03-03 01:42,1.343,0.053,0,0,0,0,p
2024-03-03 01:48,1.35,0.054,0,0,0,0,p
2024-03-03 01:54,1.354,0.068,0,0,0,0,p
2024-03-03 02:00,1.358,0.065,0,0,0,0,p
2024-03-03 02:06,1.341,0.06,0,0,0,0,p
2024-03-03 02:12,1.341,0.074,0,0,0,0,p
2024-03-03 02:18,1.318,0.063,0,0,0,0,p
2024-03-03 02:24,1.332,0.059,0,0,0,0,p
2024-03-03 02:30,1.333,0.062,0,0,0,0,p
2024-03-03 02:36,1.345,0.065,0,0,0,0,p
2024-03-03 02:42,1.337,0.052,1,0,0,0,p
2024-03-03 02:48,1.34,0.062,0,0,0,0,p
2024-03-03 02:54,1.334,0.054,1,0,0,0,p
2024-03-03 03:00,,,1,1,1,1,p
2024-03-03 03:06,,,1,1,1,1,p
2024-03-03 03:12,,,1,1,1,1,p
2024-03-03 03:18,,,1,1,1,1,p
2024-03-03 03:24,,,1,1,1,1,p
2024-03-03 03:30,,,1,1,1,1,p
2024-03-03 03:36,,,1,1,1,1,p
2024-03-03 03:42,,,1,1,1,1,p
2024-03-03 03:48,,,1,1,1,1,p
2024-03-03 03:54,,,1,1,1,1,p
2024-03-03 04:00,,,1,1,1,1,p
2024-03-03 04:06,,,1,1,1,1,p
2024-03-03 04:12,,,1,1,1,1,p
2024-03-03 04:18,,,1,1,1,1,p
2024-03-03 04:24,,,1,1,1,1,p
2024-03-03 04:30,,,1,1,1,1,p
2024-03-03 04:36,,,1,1,1,1,p
2024-03-03 04:42,,,1,1,1,1,p
2024-03-03 04:48,,,1,1,1,1,p
2024-03-03 04:54,,,1,1,1,1,p
2024-03-03 05:00,,,1,1,1,1,p
2024-03-03 05:06,,,1,1,1,1,p
2024-03-03 05:12,,,1,1,1,1,p
2024-03-03 05:18,,,1,1,1,1,p
2024-03-03 05:24,,,1,1,1,1,p
2024-03-03 05:30,,,1,1,1,1,p
2024-03-03 05:36,,,1,1,1,1,p
2024-03-03 05:42,,,1,1,1,1,p
2024-03-03 05:48,,,1,1,1,1,p
2024-03-03 05:54,,,1,1,1,1,p
2024-03-03 06:00,,,1,1,1,1,p
2024-03-03 06:06,,,1,1,1,1,p
2024-03-03 06:12,,,1,1,1,1,p
2024-03-03 06:18,,,1,1,1,1,p
2024-03-03 06:24,,,1,1,1,1,p
2024-03-03 06:30,,,1,1,1,1,p
2024-03-03 06:36,,,1,1,1,1,p
2024-03-03 06:42,,,1,1,1,1,p
2024-03-03 06:48,,,1,1,1,1,p
2024-03-03 06:54,,,1,1,1,1,p
2024-03-03 07:00,1.338,0.052,0,0,0,0,p
2024-03-03 07:06,1.361,0.056,0,0,0,0,p
2024-03-03 07:12,1.351,0.048,0,0,0,0,p
2024-03-03 07:18,1.365,0.06,0,0,0,0,p
2024-03-03 07:24,1.388,0.061,1,0,0,0,p
2024-03-03 07:30,1.395,0.067,0,0,0,0,p
2024-03-03 07:36,1.418,0.053,0,0,0,0,p
2024-03-03 07:42,1.417,0.053,0,0,0,0,p
2024-03-03 07:48,1.427,0.058,0,0,0,0,p
2024-03-03 07:54,1.427,0.059,0,0,0,0,p
2024-03-03 08:00,1.44,0.057,0,0,0,0,p
2024-03-03 08:06,1.456,0.059,0,0,0,0,p
2024-03-03 08:12,1.482,0.064,0,0,0,0,p
2024-03-03 08:18,1.498,0.053,0,0,0,0,p
2024-03-03 08:24,1.526,0.056,1,0,0,0,p
2024-03-03 08:30,1.531,0.05,0,0,0,0,p
2024-03-03 08:36,1.531,0.054,1,0,0,0,p
2024-03-03 08:42,1.524,0.063,1,0,0,0,p
2024-03-03 08:48,1.539,0.057,0,0,0,0,p
2024-03-03 08:54,1.541,0.063,1,0,0,0,p
2024-03-03 09:00,1.567,0.061,1,0,0,0,p
2024-03-03 09:06,1.576,0.055,0,0,0,0,p
2024-03-03 09:12,1.593,0.05,0,0,0,0,p
2024-03-03 09:18,1.62,0.053,1,0,0,0,p
2024-03-03 09:24,1.63,0.052,1,0,0,0,p
2024-03-03 09:30,1.641,0.065,0,0,0,0,p
2024-03-03 09:36,1.649,0.048,0,0,0,0,p
2024-03-03 09:42,1.649,0.053,0,0,0,0,p
2024-03-03 09:48,1.675,0.053,1,0,0,0,p
2024-03-03 09:54,1.694,0.055,0,0,0,0,p
2024-03-03 10:00,1.702,0.06,0,0,0,0,p
2024-03-03 10:06,1.715,0.06,1,0,0,0,p
2024-03-03 10:12,1.716,0.047,1,0,0,0,p
2024-03-03 10:18,1.719,0.053,0,0,0,0,p
2024-03-03 10:24,1.744,0.048,0,0,0,0,p
2024-03-03 10:30,1.739,0.055,0,0,0,0,p
2024-03-03 10:36,1.77,0.051,0,0,0,0,p
2024-03-03 10:42,1.775,0.054,1,0,0,0,p
2024-03-03 10:48,1.778,0.052,1,0,0,0,p
2024-03-03 10:54,1.776,0.055,1,0,0,0,p
2024-03-03 11:00,1.767,0.049,1,0,0,0,p
2024-03-03 11:06,1.78,0.039,1,0,0,0,p
2024-03-03 11:12,1.793,0.049,0,0,0,0,p
2024-03-03 11:18,1.799,0.044,0,0,0,0,p
2024-03-03 11:24,1.789,0.047,0,0,0,0,p
2024-03-03 11:30,1.79,0.045,0,0,0,0,p
2024-03-03 11:36,1.797,0.049,1,0,0,0,p
2024-03-03 11:42,1.791,0.044,0,0,0,0,p
2024-03-03 11:48,1.795,0.048,0,0,0,0,p
2024-03-03 11:54,1.792,0.053,0,0,0,0,p
2024-03-03 12:00,1.802,0.051,1,0,0,0,p
2024-03-03 12:06,1.793,0.054,0,0,0,0,p
2024-03-03 12:12,1.794,0.068,0,0,0,0,p
2024-03-03 12:18,1.772,0.052,0,0,0,0,p
2024-03-03 12:24,1.775,0.05,1,0,0,0,p
2024-03-03 12:30,1.773,0.048,0,0,0,0,p
2024-03-03 12:36,1.772,0.054,0,0,0,0,p
2024-03-03 12:42,1.767,0.061,1,0,0,0,p
2024-03-03 12:48,1.761,0.056,1,0,0,0,p
2024-03-03 12:54,1.748,0.051,1,0,0,0,p
2024-03-03 13:00,1.731,0.045,1,0,0,0,p
2024-03-03 13:06,1.717,0.053,1,0,0,0,p
2024-03-03 13:12,1.697,0.059,1,0,0,0,p
2024-03-03 13:18,1.668,0.087,0,0,0,0,p
2024-03-03 13:24,1.647,0.054,0,0,0,0,p
2024-03-03 13:30,1.636,0.063,0,0,0,0,p
2024-03-03 13:36,1.613,0.064,0,0,0,0,p
2024-03-03 13:42,1.596,0.078,0,0,0,0,p
2024-03-03 13:48,1.574,0.061,1,0,0,0,p
2024-03-03 13:54,1.552,0.071,0,0,0,0,p
2024-03-03 14:00,1.525,0.063,1,0,0,0,p
2024-03-03 14:06,1.503,0.063,0,0,0,0,p
2024-03-03 14:12,1.48,0.068,0,0,0,0,p
2024-03-03 14:18,1.465,0.063,1,0,0,0,p
2024-03-03 14:24,1.458,0.059,0,0,0,0,p
2024-03-03 14:30,1.438,0.052,0,0,0,0,p
2024-03-03 14:36,1.412,0.057,0,0,0,0,p
2024-03-03 14:42,1.383,0.058,0,0,0,0,p
2024-03-03 14:48,1.355,0.061,0,0,0,0,p
2024-03-03 14:54,1.326,0.047,1,0,0,0,p
2024-03-03 15:00,1.312,0.046,0,0,0,0,p
2024-03-03 15:06,1.296,0.04,0,0,0,0,p
2024-03-03 15:12,1.276,0.032,1,0,0,0,p
2024-03-03 15:18,1.259,0.029,1,0,0,0,p
2024-03-03 15:24,1.247,0.026,1,0,0,0,p
2024-03-03 15:30,,,1,1,1,1,p
2024-03-03 15:36,,,1,1,1,1,p
2024-03-03 15:42,,,1,1,1,1,p
2024-03-03 15:48,,,1,1,1,1,p
2024-03-03 15:54,,,1,1,1,1,p
2024-03-03 16:00,,,1,1,1,1,p
2024-03-03 16:06,,,1,1,1,1,p
2024-03-03 16:12,,,1,1,1,1,p
2024-03-03 16:18,,,1,1,1,1,p
2024-03-03 16:24,,,1,1,1,1,p
2024-03-03 16:30,,,1,1,1,1,p
2024-03-03 16:36,,,1,1,1,1,p
2024-03-03 16:42,,,1,1,1,1,p
2024-03-03 16:48,,,1,1,1,1,p
2024-03-03 16:54,,,1,1,1,1,p
2024-03-03 17:00,,,1,1,1,1,p
2024-03-03 17:06,,,1,1,1,1,p
2024-03-03 17:12,,,1,1,1,1,p
2024-03-03 17:18,,,1,1,1,1,p
2024-03-03 17:24,,,1,1,1,1,p
2024-03-03 17:30,,,1,1,1,1,p
2024-03-03 17:36,,,1,1,1,1,p
2024-03-03 17:42,,,1,1,1,1,p
2024-03-03 17:48,,,1,1,1,1,p
2024-03-03 17:54,,,1,1,1,1,p
2024-03-03 18:00,,,1,1,1,1,p
2024-03-03 18:06,,,1,1,1,1,p
2024-03-03 18:12,,,1,1,1,1,p
2024-03-03 18:18,,,1,1,1,1,p
2024-03-03 18:24,,,1,1,1,1,p
2024-03-03 18:30,,,1,1,1,1,p
2024-03-03 18:36,,,1,1,1,1,p
2024-03-03 18:42,,,1,1,1,1,p
2024-03-03 18:48,,,1,1,1,1,p
2024-03-03 18:54,,,1,1,1,1,p
2024-03-03 19:00,,,1,1,1,1,p
2024-03-03 19:06,,,1,1,1,1,p
2024-03-03 19:12,,,1,1,1,1,p
2024-03-03 19:18,,,1,1,1,1,p
2024-03-03 19:24,,,1,1,1,1,p
2024-03-03 19:30,,,1,1,1,1,p
2024-03-03 19:36,,,1,1,1,1,p
2024-03-03 19:42,,,1,1,1,1,p
2024-03-03 19:48,,,1,1,1,1,p
2024-03-03 19:54,,,1,1,1,1,p
2024-03-03 20:00,,,1,1,1,1,p
2024-03-03 20:06,,,1,1,1,1,p
2024-03-03 20:12,,,1,1,1,1,p
2024-03-03 20:18,,,1,1,1,1,p
2024-03-03 20:24,,,1,1,1,1,p
2024-03-03 20:30,,,1,1,1,1,p
2024-03-03 20:36,,,1,1,1,1,p
2024-03-03 20:42,,,1,1,1,1,p
2024-03-03 20:48,,,1,1,1,1,p
2024-03-03 20:54,,,1,1,1,1,p
2024-03-03 21:00,,,1,1,1,1,p
2024-03-03 21:06,,,1,1,1,1,p
2024-03-03 21:12,,,1,1,1,1,p
2024-03-03 21:18,,,1,1,1,1,p
2024-03-03 21:24,,,1,1,1,1,p
2024-03-03 21:30,,,1,1,1,1,p
2024-03-03 21:36,,,1,1,1,1,p
2024-03-03 21:42,,,1,1,1,1,p
2024-03-03 21:48,,,1,1,1,1,p
2024-03-03 21:54,,,1,1,1,1,p
2024-03-03 22:00,,,1,1,1,1,p
2024-03-03 22:06,,,1,1,1,1,p
2024-03-03 22:12,,,1,1,1,1,p
2024-03-03 22:18,,,1,1,1,1,p
2024-03-03 22:24,,,1,1,1,1,p
2024-03-03 22:30,,,1,1,1,1,p
2024-03-03 22:36,,,1,1,1,1,p
2024-03-03 22:42,,,1,1,1,1,p
2024-03-03 22:48,,,1,1,1,1,p
2024-03-03 22:54,,,1,1,1,1,p
2024-03-03 23:00,,,1,1,1,1,p
2024-03-03 23:06,,,1,1,1,1,p
2024-03-03 23:12,,,1,1,1,1,p
2024-03-03 23:18,,,1,1,1,1,p
2024-03-03 23:24,,,1,1,1,1,p
2024-03-03 23:30,,,1,1,1,1,p
2024-03-03 23:36,,,1,1,1,1,p
2024-03-03 23:42,,,1,1,1,1,p
2024-03-03 23:48,,,1,1,1,1,p
2024-03-03 23:54,,,1,1,1,1,p
2024-03-04 00:00,,,1,1,1,1,p
2024-03-04 00:06,,,1,1,1,1,p
2024-03-04 00:12,,,1,1,1,1,p
2024-03-04 00:18,,,1,1,1,1,p
2024-03-04 00:24,,,1,1,1,1,p
2024-03-04 00:30,1.185,0.026,1,0,0,0,p
2024-03-04 00:36,1.198,0.025,0,0,0,0,p
2024-03-04 00:42,1.186,0.04,1,0,0,0,p
2024-03-04 00:48,1.189,0.039,0,0,0,0,p
2024-03-04 00:54,1.21,0.027,1,0,0,0,p
2024-03-04 01:00,1.205,0.034,1,0,0,0,p
2024-03-04 01:06,1.22,0.038,1,0,0,0,p
2024-03-04 01:12,1.235,0.048,1,0,0,0,p
2024-03-04 01:18,1.249,0.038,0,0,0,0,p
2024-03-04 01:24,1.248,0.038,1,0,0,0,p
2024-03-04 01:30,1.253,0.046,0,0,0,0,p
2024-03-04 01:36,1.254,0.044,0,0,0,0,p
2024-03-04 01:42,1.251,0.044,0,0,0,0,p
2024-03-04 01:48,1.254,0.048,0,0,0,0,p
2024-03-04 01:54,1.256,0.044,1,0,0,0,p
2024-03-04 02:00,1.257,0.044,0,0,0,0,p
2024-03-04 02:06,1.257,0.05,1,0,0,0,p
2024-03-04 02:12,1.268,0.049,1,0,0,0,p
2024-03-04 02:18,1.283,0.052,0,0,0,0,p
2024-03-04 02:24,1.274,0.05,0,0,0,0,p
2024-03-04 02:30,1.272,0.051,1,0,0,0,p
2024-03-04 02:36,1.272,0.056,1,0,0,0,p
2024-03-04 02:42,1.273,0.063,0,0,0,0,p
2024-03-04 02:48,1.283,0.061,0,0,0,0,p
2024-03-04 02:54,1.283,0.059,1,0,0,0,p
2024-03-04 03:00,1.28,0.06,1,0,0,0,p
2024-03-04 03:06,1.279,0.05,0,0,0,0,p
2024-03-04 03:12,1.293,0.054,0,0,0,0,p
2024-03-04 03:18,1.298,0.064,0,0,0,0,p
2024-03-04 03:24,1.29,0.056,0,0,0,0,p
2024-03-04 03:30,1.302,0.048,0,0,0,0,p
2024-03-04 03:36,1.306,0.052,0,0,0,0,p
2024-03-04 03:42,1.296,0.051,0,0,0,0,p
2024-03-04 03:48,1.29,0.062,0,0,0,0,p
2024-03-04 03:54,1.282,0.064,0,0,0,0,p
2024-03-04 04:00,1.283,0.051,0,0,0,0,p
2024-03-04 04:06,1.286,0.054,0,0,0,0,p
2024-03-04 04:12,1.29,0.05,1,0,0,0,p
2024-03-04 04:18,1.285,0.05,0,0,0,0,p
2024-03-04 04:24,1.286,0.048,1,0,0,0,p
2024-03-04 04:30,1.285,0.051,0,0,0,0,p
2024-03-04 04:36,1.278,0.049,1,0,0,0,p
2024-03-04 04:42,1.281,0.051,1,0,0,0,p
2024-03-04 04:48,1.284,0.047,0,0,0,0,p
2024-03-04 04:54,1.279,0.044,0,0,0,0,p
2024-03-04 05:00,1.268,0.04,1,0,0,0,p
2024-03-04 05:06,1.273,0.049,0,0,0,0,p
2024-03-04 05:12,1.266,0.042,0,0,0,0,p
2024-03-04 05:18,1.264,0.042,0,0,0,0,p
2024-03-04 05:24,1.27,0.048,0,0,0,0,p
2024-03-04 05:30,1.27,0.046,0,0,0,0,p
2024-03-04 05:36,1.27,0.043,0,0,0,0,p
2024-03-04 05:42,1.256,0.035,1,0,0,0,p
2024-03-04 05:48,1.258,0.034,1,0,0,0,p
2024-03-04 05:54,1.246,0.029,1,0,0,0,p
2024-03-04 06:00,1.249,0.041,0,0,0,0,p
2024-03-04 06:06,1.25,0.035,1,0,0,0,p
2024-03-04 06:12,1.256,0.04,0,0,0,0,p
2024-03-04 06:18,1.272,0.051,1,0,0,0,p
2024-03-04 06:24,1.26,0.037,0,0,0,0,p
2024-03-04 06:30,1.257,0.045,0,0,0,0,p
2024-03-04 06:36,1.254,0.038,1,0,0,0,p
2024-03-04 06:42,1.264,0.042,0,0,0,0,p
2024-03-04 06:48,1.264,0.043,0,0,0,0,p
2024-03-04 06:54,1.269,0.042,1,0,0,0,p
2024-03-04 07:00,1.269,0.038,0,0,0,0,p
2024-03-04 07:06,1.265,0.039,0,0,0,0,p
2024-03-04 07:12,1.261,0.033,0,0,0,0,p
2024-03-04 07:18,1.258,0.035,1,0,0,0,p
2024-03-04 07:24,1.269,0.039,1,0,0,0,p
2024-03-04 07:30,1.27,0.037,1,0,0,0,p
2024-03-04 07:36,1.28,0.042,0,0,0,0,p
2024-03-04 07:42,1.274,0.037,0,0,0,0,p
2024-03-04 07:48,1.271,0.034,0,0,0,0,p
2024-03-04 07:54,1.279,0.042,0,0,0,0,p
2024-03-04 08:00,1.29,0.035,1,0,0,0,p
2024-03-04 08:06,1.318,0.044,0,0,0,0,p
2024-03-04 08:12,1.334,0.044,0,0,0,0,p
2024-03-04 08:18,1.328,0.048,0,0,0,0,p
2024-03-04 08:24,1.337,0.053,0,0,0,0,p
2024-03-04 08:30,1.351,0.063,0,0,0,0,p
2024-03-04 08:36,1.353,0.054,0,0,0,0,p
2024-03-04 08:42,1.361,0.041,0,0,0,0,p
2024-03-04 08:48,1.359,0.059,0,0,0,0,p
2024-03-04 08:54,1.374,0.048,0,0,0,0,p
2024-03-04 09:00,1.374,0.054,0,0,0,0,p
2024-03-04 09:06,1.389,0.047,0,0,0,0,p
2024-03-04 09:12,1.412,0.057,0,0,0,0,p
2024-03-04 09:18,1.411,0.059,0,0,0,0,p
2024-03-04 09:24,1.415,0.068,0,0,0,0,p
2024-03-04 09:30,1.422,0.05,0,0,0,0,p
2024-03-04 09:36,1.437,0.058,0,0,0,0,p
2024-03-04 09:42,1.443,0.053,0,0,0,0,p
2024-03-04 09:48,1.467,0.054,0,0,0,0,p
2024-03-04 09:54,1.481,0.046,0,0,0,0,p
2024-03-04 10:00,1.492,0.041,1,0,0,0,p
2024-03-04 10:06,1.504,0.059,0,0,0,0,p
2024-03-04 10:12,1.512,0.04,0,0,0,0,p
2024-03-04 10:18,1.521,0.039,1,0,0,0,p
2024-03-04 10:24,1.523,0.067,0,0,0,0,p
2024-03-04 10:30,1.555,0.045,0,0,0,0,p
2024-03-04 10:36,1.567,0.048,0,0,0,0,p
2024-03-04 10:42,1.583,0.044,0,0,0,0,p
2024-03-04 10:48,1.594,0.042,0,0,0,0,p
2024-03-04 10:54,1.603,0.048,1,0,0,0,p
2024-03-04 11:00,1.616,0.039,0,0,0,0,p
2024-03-04 11:06,1.622,0.048,1,0,0,0,p
2024-03-04 11:12,1.633,0.045,0,0,0,0,p
2024-03-04 11:18,1.651,0.034,1,0,0,0,p
2024-03-04 11:24,1.657,0.048,0,0,0,0,p
2024-03-04 11:30,1.667,0.044,0,0,0,0,p
2024-03-04 11:36,1.672,0.041,1,0,0,0,p
2024-03-04 11:42,1.687,0.043,1,0,0,0,p
2024-03-04 11:48,1.695,0.041,0,0,0,0,p
2024-03-04 11:54,1.713,0.032,1,0,0,0,p
2024-03-04 12:00,1.713,0.036,0,0,0,0,p
2024-03-04 12:06,1.71,0.039,1,0,0,0,p
2024-03-04 12:12,1.716,0.034,0,0,0,0,p
2024-03-04 12:18,1.717,0.029,1,0,0,0,p
2024-03-04 12:24,1.72,0.032,1,0,0,0,p
2024-03-04 12:30,1.72,0.044,0,0,0,0,p
2024-03-04 12:36,1.723,0.04,0,0,0,0,p
2024-03-04 12:42,1.723,0.034,0,0,0,0,p
2024-03-04 12:48,1.735,0.038,0,0,0,0,p
2024-03-04 12:54,1.749,0.033,0,0,0,0,p
2024-03-04 13:00,1.745,0.039,0,0,0,0,p
2024-03-04 13:06,1.739,0.039,0,0,0,0,p
2024-03-04 13:12,1.736,0.034,1,0,0,0,p
2024-03-04 13:18,1.747,0.032,1,0,0,0,p
2024-03-04 13:24,1.741,0.047,1,0,0,0,p
2024-03-04 13:30,1.737,0.041,1,0,0,0,p
2024-03-04 13:36,1.734,0.036,0,0,0,0,p
2024-03-04 13:42,1.722,0.038,0,0,0,0,p
2024-03-04 13:48,1.707,0.04,0,0,0,0,p
2024-03-04 13:54,1.689,0.041,1,0,0,0,p
2024-03-04 14:00,1.68,0.035,1,0,0,0,p
2024-03-04 14:06,1.666,0.039,1,0,0,0,p
2024-03-04 14:12,1.659,0.035,1,0,0,0,p
2024-03-04 14:18,1.651,0.031,1,0,0,0,p
2024-03-04 14:24,1.627,0.034,1,0,0,0,p
2024-03-04 14:30,1.604,0.031,0,0,0,0,p
2024-03-04 14:36,1.592,0.039,0,0,0,0,p
2024-03-04 14:42,1.579,0.04,0,0,0,0,p
2024-03-04 14:48,1.559,0.04,0,0,0,0,p
2024-03-04 14:54,1.538,0.044,0,0,0,0,p
2024-03-04 15:00,1.517,0.045,1,0,0,0,p
2024-03-04 15:06,1.5,0.048,0,0,0,0,p
2024-03-04 15:12,1.481,0.045,0,0,0,0,p
2024-03-04 15:18,1.47,0.039,1,0,0,0,p
2024-03-04 15:24,1.44,0.039,0,0,0,0,p
2024-03-04 15:30,1.417,0.038,0,0,0,0,p
2024-03-04 15:36,1.399,0.032,1,0,0,0,p
2024-03-04 15:42,1.365,0.038,1,0,0,0,p
2024-03-04 15:48,1.338,0.034,0,0,0,0,p
2024-03-04 15:54,1.32,0.029,0,0,0,0,p
2024-03-04 16:00,1.304,0.031,0,0,0,0,p
2024-03-04 16:06,1.283,0.022,1,0,0,0,p
2024-03-04 16:12,1.275,0.022,0,0,0,0,p
2024-03-04 16:18,1.264,0.016,1,0,0,0,p
2024-03-04 16:24,1.249,0.015,1,0,0,0,p
2024-03-04 16:30,1.244,0.014,1,0,0,0,p
2024-03-04 16:36,1.235,0.013,1,0,0,0,p
2024-03-04 16:42,1.229,0.016,1,0,0,0,p
2024-03-04 16:48,1.209,0.012,1,0,0,0,p
2024-03-04 16:54,1.199,0.01,1,0,0,0,p
2024-03-04 17:00,,,1,1,1,1,p
2024-03-04 17:06,,,1,1,1,1,p
2024-03-04 17:12,,,1,1,1,1,p
2024-03-04 17:18,,,1,1,1,1,p
2024-03-04 17:24,,,1,1,1,1,p
2024-03-04 17:30,,,1,1,1,1,p
2024-03-04 17:36,,,1,1,1,1,p
2024-03-04 17:42,,,1,1,1,1,p
2024-03-04 17:48,,,1,1,1,1,p
2024-03-04 17:54,,,1,1,1,1,p
2024-03-04 18:00,,,1,1,1,1,p
2024-03-04 18:06,,,1,1,1,1,p
2024-03-04 18:12,,,1,1,1,1,p
2024-03-04 18:18,,,1,1,1,1,p
2024-03-04 18:24,,,1,1,1,1,p
2024-03-04 18:30,,,1,1,1,1,p
2024-03-04 18:36,,,1,1,1,1,p
2024-03-04 18:42,,,1,1,1,1,p
2024-03-04 18:48,,,1,1,1,1,p
2024-03-04 18:54,,,1,1,1,1,p
2024-03-04 19:00,,,1,1,1,1,p
2024-03-04 19:06,,,1,1,1,1,p
2024-03-04 19:12,,,1,1,1,1,p
2024-03-04 19:18,,,1,1,1,1,p
2024-03-04 19:24,,,1,1,1,1,p
2024-03-04 19:30,,,1,1,1,1,p
2024-03-04 19:36,,,1,1,1,1,p
2024-03-04 19:42,,,1,1,1,1,p
2024-03-04 19:48,,,1,1,1,1,p
2024-03-04 19:54,,,1,1,1,1,p
2024-03-04 20:00,,,1,1,1,1,p
2024-03-04 20:06,,,1,1,1,1,p
2024-03-04 20:12,,,1,1,1,1,p
2024-03-04 20:18,,,1,1,1,1,p
2024-03-04 20:24,,,1,1,1,1,p
2024-03-04 20:30,,,1,1,1,1,p
2024-03-04 20:36,,,1,1,1,1,p
2024-03-04 20:42,,,1,1,1,1,p
2024-03-04 20:48,,,1,1,1,1,p
2024-03-04 20:54,,,1,1,1,1,p
2024-03-04 21:00,,,1,1,1,1,p
2024-03-04 21:06,,,1,1,1,1,p
2024-03-04 21:12,,,1,1,1,1,p
2024-03-04 21:18,,,1,1,1,1,p
2024-03-04 21:24,,,1,1,1,1,p
2024-03-04 21:30,,,1,1,1,1,p
2024-03-04 21:36,,,1,1,1,1,p
2024-03-04 21:42,,,1,1,1,1,p
2024-03-04 21:48,,,1,1,1,1,p
2024-03-04 21:54,,,1,1,1,1,p
2024-03-04 22:00,,,1,1,1,1,p
2024-03-04 22:06,,,1,1,1,1,p
2024-03-04 22:12,,,1,1,1,1,p
2024-03-04 22:18,,,1,1,1,1,p
2024-03-04 22:24,,,1,1,1,1,p
2024-03-04 22:30,,,1,1,1,1,p
2024-03-04 22:36,,,1,1,1,1,p
2024-03-04 22:42,,,1,1,1,1,p
2024-03-04 22:48,,,1,1,1,1,p
2024-03-04 22:54,,,1,1,1,1,p
2024-03-04 23:00,,,1,1,1,1,p
2024-03-04 23:06,,,1,1,1,1,p
2024-03-04 23:12,,,1,1,1,1,p
2024-03-04 23:18,,,1,1,1,1,p
2024-03-04 23:24,,,1,1,1,1,p
2024-03-04 23:30,,,1,1,1,1,p
2024-03-04 23:36,,,1,1,1,1,p
2024-03-04 23:42,,,1,1,1,1,p
2024-03-04 23:48,,,1,1,1,1,p
2024-03-04 23:54,,,1,1,1,1,p
2024-03-05 00:00,,,1,1,1,1,p
2024-03-05 00:06,,,1,1,1,1,p
2024-03-05 00:12,,,1,1,1,1,p
2024-03-05 00:18,,,1,1,1,1,p
2024-03-05 00:24,,,1,1,1,1,p
2024-03-05 00:30,,,1,1,1,1,p
2024-03-05 00:36,,,1,1,1,1,p
2024-03-05 00:42,,,1,1,1,1,p
2024-03-05 00:48,,,1,1,1,1,p
2024-03-05 00:54,,,1,1,1,1,p
2024-03-05 01:00,,,1,1,1,1,p
2024-03-05 01:06,,,1,1,1,1,p
2024-03-05 01:12,,,1,1,1,1,p
2024-03-05 01:18,,,1,1,1,1,p
2024-03-05 01:24,,,1,1,1,1,p
2024-03-05 01:30,,,1,1,1,1,p
2024-03-05 01:36,,,1,1,1,1,p
2024-03-05 01:42,,,1,1,1,1,p
2024-03-05 01:48,,,1,1,1,1,p
2024-03-05 01:54,,,1,1,1,1,p
2024-03-05 02:00,1.161,0.025,1,0,0,0,p
2024-03-05 02:06,1.169,0.026,1,0,0,0,p
2024-03-05 02:12,1.181,0.03,0,0,0,0,p
2024-03-05 02:18,1.183,0.027,1,0,0,0,p
2024-03-05 02:24,1.196,0.027,0,0,0,0,p
2024-03-05 02:30,1.194,0.021,1,0,0,0,p
2024-03-05 02:36,1.211,0.038,0,0,0,0,p
2024-03-05 02:42,1.21,0.031,1,0,0,0,p
2024-03-05 02:48,1.211,0.035,1,0,0,0,p
2024-03-05 02:54,1.23,0.038,0,0,0,0,p
2024-03-05 03:00,1.228,0.038,1,0,0,0,p
2024-03-05 03:06,1.233,0.037,0,0,0,0,p
2024-03-05 03:12,1.251,0.048,0,0,0,0,p
2024-03-05 03:18,1.258,0.052,0,0,0,0,p
2024-03-05 03:24,1.262,0.046,0,0,0,0,p
2024-03-05 03:30,1.265,0.036,0,0,0,0,p
2024-03-05 03:36,1.28,0.062,0,0,0,0,p
2024-03-05 03:42,1.29,0.053,0,0,0,0,p
2024-03-05 03:48,1.294,0.044,0,0,0,0,p
2024-03-05 03:54,1.294,0.057,0,0,0,0,p
2024-03-05 04:00,1.294,0.046,0,0,0,0,p
2024-03-05 04:06,1.302,0.06,0,0,0,0,p
2024-03-05 04:12,1.303,0.051,0,0,0,0,p
2024-03-05 04:18,1.309,0.053,0,0,0,0,p
2024-03-05 04:24,1.322,0.046,0,0,0,0,p
2024-03-05 04:30,1.326,0.044,0,0,0,0,p
2024-03-05 04:36,1.324,0.046,0,0,0,0,p
2024-03-05 04:42,1.319,0.047,0,0,0,0,p
2024-03-05 04:48,1.32,0.051,0,0,0,0,p
2024-03-05 04:54,1.323,0.048,0,0,0,0,p
2024-03-05 05:00,1.332,0.049,0,0,0,0,p
2024-03-05 05:06,1.338,0.048,0,0,0,0,p
2024-03-05 05:12,1.345,0.068,0,0,0,0,p
2024-03-05 05:18,1.332,0.052,0,0,0,0,p
2024-03-05 05:24,1.328,0.043,0,0,0,0,p
2024-03-05 05:30,1.325,0.047,0,0,0,0,p
2024-03-05 05:36,1.322,0.042,0,0,0,0,p
2024-03-05 05:42,1.32,0.049,0,0,0,0,p
2024-03-05 05:48,1.315,0.053,0,0,0,0,p
2024-03-05 05:54,1.309,0.048,0,0,0,0,p
2024-03-05 06:00,1.3,0.049,0,0,0,0,p
2024-03-05 06:06,1.29,0.052,0,0,0,0,p
2024-03-05 06:12,1.282,0.046,0,0,0,0,p
2024-03-05 06:18,1.275,0.035,0,0,0,0,p
2024-03-05 06:24,1.269,0.035,0,0,0,0,p
2024-03-05 06:30,1.266,0.038,1,0,0,0,p
2024-03-05 06:36,1.269,0.035,0,0,0,0,p
2024-03-05 06:42,1.265,0.043,0,0,0,0,p
2024-03-05 06:48,1.268,0.045,0,0,0,0,p
2024-03-05 06:54,1.268,0.039,0,0,0,0,p
2024-03-05 07:00,1.273,0.043,0,0,0,0,p
2024-03-05 07:06,1.263,0.038,0,0,0,0,p
2024-03-05 07:12,1.258,0.036,0,0,0,0,p
2024-03-05 07:18,1.256,0.039,0,0,0,0,p
2024-03-05 07:24,1.261,0.04,0,0,0,0,p
2024-03-05 07:30,1.263,0.036,0,0,0,0,p
2024-03-05 07:36,1.26,0.037,0,0,0,0,p
2024-03-05 07:42,1.263,0.042,0,0,0,0,p
2024-03-05 07:48,1.255,0.037,0,0,0,0,p
2024-03-05 07:54,1.262,0.037,0,0,0,0,p
2024-03-05 08:00,1.256,0.04,0,0,0,0,p
2024-03-05 08:06,1.261,0.039,0,0,0,0,p
2024-03-05 08:12,1.265,0.045,0,0,0,0,p
2024-03-05 08:18,1.263,0.043,0,0,0,0,p
2024-03-05 08:24,1.273,0.048,0,0,0,0,p
2024-03-05 08:30,1.267,0.037,0,0,0,0,p
2024-03-05 08:36,1.276,0.042,0,0,0,0,p
2024-03-05 08:42,1.283,0.044,0,0,0,0,p
2024-03-05 08:48,1.288,0.045,0,0,0,0,p
2024-03-05 08:54,1.294,0.045,0,0,0,0,p
2024-03-05 09:00,1.291,0.048,0,0,0,0,p
2024-03-05 09:06,1.29,0.044,0,0,0,0,p
2024-03-05 09:12,1.3,0.044,0,0,0,0,p
2024-03-05 09:18,1.298,0.044,0,0,0,0,p
2024-03-05 09:24,1.299,0.038,1,0,0,0,p
2024-03-05 09:30,1.311,0.049,0,0,0,0,p
2024-03-05 09:36,1.312,0.047,0,0,0,0,p
2024-03-05 09:42,1.32,0.045,0,0,0,0,p
2024-03-05 09:48,1.334,0.049,0,0,0,0,p
2024-03-05 09:54,1.339,0.043,0,0,0,0,p
2024-03-05 10:00,1.35,0.047,0,0,0,0,p
2024-03-05 10:06,1.365,0.045,0,0,0,0,p
2024-03-05 10:12,1.382,0.051,0,0,0,0,p
2024-03-05 10:18,1.405,0.034,0,0,0,0,p
2024-03-05 10:24,1.414,0.052,0,0,0,0,p
2024-03-05 10:30,1.429,0.04,0,0,0,0,p
2024-03-05 10:36,1.446,0.041,0,0,0,0,p
2024-03-05 10:42,1.461,0.035,0,0,0,0,p
2024-03-05 10:48,1.479,0.034,0,0,0,0,p
2024-03-05 10:54,1.501,0.041,0,0,0,0,p
2024-03-05 11:00,1.517,0.032,0,0,0,0,p
2024-03-05 11:06,1.531,0.026,1,0,0,0,p
2024-03-05 11:12,1.536,0.036,1,0,0,0,p
2024-03-05 11:18,1.544,0.034,0,0,0,0,p
2024-03-05 11:24,1.558,0.028,0,0,0,0,p
2024-03-05 11:30,1.577,0.029,0,0,0,0,p
2024-03-05 11:36,1.597,0.027,0,0,0,0,p
2024-03-05 11:42,1.607,0.029,0,0,0,0,p
2024-03-05 11:48,1.619,0.029,0,0,0,0,p
2024-03-05 11:54,1.627,0.025,0,0,0,0,p
2024-03-05 12:00,1.649,0.028,1,0,0,0,p
2024-03-05 12:06,1.665,0.024,0,0,0,0,p
2024-03-05 12:12,1.681,0.022,1,0,0,0,p
2024-03-05 12:18,1.694,0.025,0,0,0,0,p
2024-03-05 12:24,1.705,0.026,0,0,0,0,p
2024-03-05 12:30,1.717,0.025,0,0,0,0,p
2024-03-05 12:36,1.728,0.021,1,0,0,0,p
2024-03-05 12:42,1.74,0.023,0,0,0,0,p
2024-03-05 12:48,1.741,0.025,0,0,0,0,p
2024-03-05 12:54,1.751,0.023,0,0,0,0,p
2024-03-05 13:00,1.756,0.021,1,0,0,0,p
2024-03-05 13:06,1.767,0.02,1,0,0,0,p
2024-03-05 13:12,1.782,0.019,1,0,0,0,p
2024-03-05 13:18,1.793,0.02,0,0,0,0,p
2024-03-05 13:24,1.805,0.022,1,0,0,0,p
2024-03-05 13:30,1.802,0.022,0,0,0,0,p
2024-03-05 13:36,1.811,0.02,0,0,0,0,p
2024-03-05 13:42,1.823,0.025,0,0,0,0,p
2024-03-05 13:48,1.826,0.022,1,0,0,0,p
2024-03-05 13:54,1.833,0.018,1,0,0,0,p
2024-03-05 14:00,1.829,0.023,1,0,0,0,p
2024-03-05 14:06,1.834,0.016,1,0,0,0,p
2024-03-05 14:12,1.845,0.02,0,0,0,0,p
2024-03-05 14:18,1.837,0.015,1,0,0,0,p
2024-03-05 14:24,1.827,0.02,0,0,0,0,p
2024-03-05 14:30,1.827,0.019,1,0,0,0,p
2024-03-05 14:36,1.827,0.019,0,0,0,0,p
2024-03-05 14:42,1.823,0.021,0,0,0,0,p
2024-03-05 14:48,1.815,0.018,0,0,0,0,p
2024-03-05 14:54,1.799,0.019,0,0,0,0,p
2024-03-05 15:00,1.784,0.019,0,0,0,0,p
2024-03-05 15:06,1.775,0.02,0,0,0,0,p
2024-03-05 15:12,1.763,0.019,1,0,0,0,p
2024-03-05 15:18,1.753,0.018,0,0,0,0,p
2024-03-05 15:24,1.733,0.022,0,0,0,0,p
2024-03-05 15:30,1.709,0.025,0,0,0,0,p
2024-03-05 15:36,1.696,0.02,0,0,0,0,p
2024-03-05 15:42,1.679,0.022,0,0,0,0,p
2024-03-05 15:48,1.664,0.021,1,0,0,0,p
2024-03-05 15:54,1.646,0.023,0,0,0,0,p
2024-03-05 16:00,1.619,0.024,0,0,0,0,p
2024-03-05 16:06,1.602,0.022,1,0,0,0,p
2024-03-05 16:12,1.586,0.026,1,0,0,0,p
2024-03-05 16:18,1.571,0.022,1,0,0,0,p
2024-03-05 16:24,1.544,0.023,1,0,0,0,p
2024-03-05 16:30,1.511,0.031,1,0,0,0,p
2024-03-05 16:36,1.496,0.027,0,0,0,0,p
2024-03-05 16:42,1.478,0.027,0,0,0,0,p
2024-03-05 16:48,1.449,0.034,0,0,0,0,p
2024-03-05 16:54,1.419,0.038,0,0,0,0,p
2024-03-05 17:00,1.387,0.031,0,0,0,0,p
2024-03-05 17:06,1.34,0.038,0,0,0,0,p
2024-03-05 17:12,1.31,0.035,1,0,0,0,p
2024-03-05 17:18,1.278,0.032,0,0,0,0,p
2024-03-05 17:24,1.249,0.029,0,0,0,0,p
2024-03-05 17:30,1.234,0.025,0,0,0,0,p
2024-03-05 17:36,1.218,0.026,0,0,0,0,p
2024-03-05 17:42,1.194,0.02,0,0,0,0,p
2024-03-05 17:48,1.176,0.017,0,0,0,0,p
2024-03-05 17:54,,,1,1,1,1,p
2024-03-05 18:00,,,1,1,1,1,p
2024-03-05 18:06,,,1,1,1,1,p
2024-03-05 18:12,,,1,1,1,1,p
2024-03-05 18:18,,,1,1,1,1,p
2024-03-05 18:24,,,1,1,1,1,p
2024-03-05 18:30,,,1,1,1,1,p
2024-03-05 18:36,,,1,1,1,1,p
2024-03-05 18:42,,,1,1,1,1,p
2024-03-05 18:48,,,1,1,1,1,p
2024-03-05 18:54,,,1,1,1,1,p
2024-03-05 19:00,,,1,1,1,1,p
2024-03-05 19:06,,,1,1,1,1,p
2024-03-05 19:12,,,1,1,1,1,p
2024-03-05 19:18,,,1,1,1,1,p
2024-03-05 19:24,,,1,1,1,1,p
2024-03-05 19:30,,,1,1,1,1,p
2024-03-05 19:36,,,1,1,1,1,p
2024-03-05 19:42,,,1,1,1,1,p
2024-03-05 19:48,,,1,1,1,1,p
2024-03-05 19:54,,,1,1,1,1,p
2024-03-05 20:00,,,1,1,1,1,p
2024-03-05 20:06,,,1,1,1,1,p
2024-03-05 20:12,,,1,1,1,1,p
2024-03-05 20:18,,,1,1,1,1,p
2024-03-05 20:24,,,1,1,1,1,p
2024-03-05 20:30,,,1,1,1,1,p
2024-03-05 20:36,,,1,1,1,1,p
2024-03-05 20:42,,,1,1,1,1,p
2024-03-05 20:48,,,1,1,1,1,p
2024-03-05 20:54,,,1,1,1,1,p
2024-03-05 21:00,,,1,1,1,1,p
2024-03-05 21:06,,,1,1,1,1,p
2024-03-05 21:12,,,1,1,1,1,p
2024-03-05 21:18,,,1,1,1,1,p
2024-03-05 21:24,,,1,1,1,1,p
2024-03-05 21:30,,,1,1,1,1,p
2024-03-05 21:36,,,1,1,1,1,p
2024-03-05 21:42,,,1,1,1,1,p
2024-03-05 21:48,,,1,1,1,1,p
2024-03-05 21:54,,,1,1,1,1,p
2024-03-05 22:00,,,1,1,1,1,p
2024-03-05 22:06,,,1,1,1,1,p
2024-03-05 22:12,,,1,1,1,1,p
2024-03-05 22:18,,,1,1,1,1,p
2024-03-05 22:24,,,1,1,1,1,p
2024-03-05 22:30,,,1,1,1,1,p
2024-03-05 22:36,,,1,1,1,1,p
2024-03-05 22:42,,,1,1,1,1,p
2024-03-05 22:48,,,1,1,1,1,p
2024-03-05 22:54,,,1,1,1,1,p
2024-03-05 23:00,,,1,1,1,1,p
2024-03-05 23:06,,,1,1,1,1,p
2024-03-05 23:12,,,1,1,1,1,p
2024-03-05 23:18,,,1,1,1,1,p
2024-03-05 23:24,,,1,1,1,1,p
2024-03-05 23:30,,,1,1,1,1,p
2024-03-05 23:36,,,1,1,1,1,p
2024-03-05 23:42,,,1,1,1,1,p
2024-03-05 23:48,,,1,1,1,1,p
2024-03-05 23:54,,,1,1,1,1,p
2024-03-06 00:00,,,1,1,1,1,p
2024-03-06 00:06,,,1,1,1,1,p
2024-03-06 00:12,,,1,1,1,1,p
2024-03-06 00:18,,,1,1,1,1,p
2024-03-06 00:24,,,1,1,1,1,p
2024-03-06 00:30,,,1,1,1,1,p
2024-03-06 00:36,,,1,1,1,1,p
2024-03-06 00:42,,,1,1,1,1,p
2024-03-06 00:48,,,1,1,1,1,p
2024-03-06 00:54,,,1,1,1,1,p
2024-03-06 01:00,,,1,1,1,1,p
2024-03-06 01:06,,,1,1,1,1,p
2024-03-06 01:12,,,1,1,1,1,p
2024-03-06 01:18,,,1,1,1,1,p
2024-03-06 01:24,,,1,1,1,1,p
2024-03-06 01:30,,,1,1,1,1,p
2024-03-06 01:36,,,1,1,1,1,p
2024-03-06 01:42,,,1,1,1,1,p
2024-03-06 01:48,,,1,1,1,1,p
2024-03-06 01:54,,,1,1,1,1,p
2024-03-06 02:00,,,1,1,1,1,p
2024-03-06 02:06,,,1,1,1,1,p
2024-03-06 02:12,,,1,1,1,1,p
2024-03-06 02:18,,,1,1,1,1,p
2024-03-06 02:24,,,1,1,1,1,p
2024-03-06 02:30,,,1,1,1,1,p
2024-03-06 02:36,,,1,1,1,1,p
2024-03-06 02:42,,,1,1,1,1,p
2024-03-06 02:48,,,1,1,1,1,p
2024-03-06 02:54,,,1,1,1,1,p
2024-03-06 03:00,1.199,0.031,0,0,0,0,p
2024-03-06 03:06,1.22,0.037,1,0,0,0,p
2024-03-06 03:12,1.238,0.041,0,0,0,0,p
2024-03-06 03:18,1.244,0.043,0,0,0,0,p
2024-03-06 03:24,1.245,0.042,0,0,0,0,p
2024-03-06 03:30,1.257,0.038,0,0,0,0,p
2024-03-06 03:36,1.271,0.034,0,0,0,0,p
2024-03-06 03:42,1.294,0.029,0,0,0,0,p
2024-03-06 03:48,1.313,0.034,0,0,0,0,p
2024-03-06 03:54,1.329,0.038,0,0,0,0,p
2024-03-06 04:00,1.337,0.033,0,0,0,0,p
2024-03-06 04:06,1.356,0.036,0,0,0,0,p
2024-03-06 04:12,1.373,0.034,0,0,0,0,p
2024-03-06 04:18,1.377,0.038,0,0,0,0,p
2024-03-06 04:24,1.399,0.023,0,0,0,0,p
2024-03-06 04:30,1.408,0.034,0,0,0,0,p
2024-03-06 04:36,1.423,0.025,1,0,0,0,p
2024-03-06 04:42,1.433,0.026,1,0,0,0,p
2024-03-06 04:48,1.441,0.034,0,0,0,0,p
2024-03-06 04:54,1.443,0.03,1,0,0,0,p
2024-03-06 05:00,1.45,0.031,0,0,0,0,p
2024-03-06 05:06,1.459,0.027,0,0,0,0,p
2024-03-06 05:12,1.457,0.027,1,0,0,0,p
2024-03-06 05:18,1.453,0.024,0,0,0,0,p
2024-03-06 05:24,1.457,0.018,0,0,0,0,p
2024-03-06 05:30,1.459,0.021,0,0,0,0,p
2024-03-06 05:36,1.461,0.018,1,0,0,0,p
2024-03-06 05:42,1.467,0.02,1,0,0,0,p
2024-03-06 05:48,1.462,0.02,1,0,0,0,p
2024-03-06 05:54,1.455,0.021,0,0,0,0,p
2024-03-06 06:00,1.455,0.026,1,0,0,0,p
2024-03-06 06:06,1.455,0.019,0,0,0,0,p
2024-03-06 06:12,1.45,0.019,1,0,0,0,p
2024-03-06 06:18,1.442,0.018,1,0,0,0,p
2024-03-06 06:24,1.437,0.024,0,0,0,0,p
2024-03-06 06:30,1.432,0.034,0,0,0,0,p
2024-03-06 06:36,1.428,0.028,1,0,0,0,p
2024-03-06 06:42,1.421,0.033,1,0,0,0,p
2024-03-06 06:48,1.414,0.022,1,0,0,0,p
2024-03-06 06:54,1.392,0.031,0,0,0,0,p
2024-03-06 07:00,1.385,0.027,1,0,0,0,p
2024-03-06 07:06,1.376,0.035,0,0,0,0,p
2024-03-06 07:12,1.372,0.029,1,0,0,0,p
2024-03-06 07:18,1.348,0.039,0,0,0,0,p
2024-03-06 07:24,1.335,0.031,0,0,0,0,p
2024-03-06 07:30,1.331,0.029,1,0,0,0,p
2024-03-06 07:36,1.326,0.036,1,0,0,0,p
2024-03-06 07:42,1.318,0.032,0,0,0,0,p
2024-03-06 07:48,1.308,0.037,0,0,0,0,p
2024-03-06 07:54,1.304,0.032,0,0,0,0,p
2024-03-06 08:00,1.295,0.031,0,0,0,0,p
2024-03-06 08:06,1.287,0.032,0,0,0,0,p
2024-03-06 08:12,1.283,0.041,0,0,0,0,p
2024-03-06 08:18,1.268,0.028,0,0,0,0,p
2024-03-06 08:24,1.266,0.03,0,0,0,0,p
2024-03-06 08:30,1.269,0.035,0,0,0,0,p
2024-03-06 08:36,1.26,0.031,0,0,0,0,p
2024-03-06 08:42,1.257,0.036,0,0,0,0,p
2024-03-06 08:48,1.256,0.029,0,0,0,0,p
2024-03-06 08:54,1.247,0.028,0,0,0,0,p
2024-03-06 09:00,1.246,0.036,0,0,0,0,p
2024-03-06 09:06,1.245,0.031,0,0,0,0,p
2024-03-06 09:12,1.244,0.028,0,0,0,0,p
2024-03-06 09:18,1.242,0.034,0,0,0,0,p
2024-03-06 09:24,1.246,0.031,0,0,0,0,p
2024-03-06 09:30,1.237,0.031,0,0,0,0,p
2024-03-06 09:36,1.23,0.029,0,0,0,0,p
2024-03-06 09:42,1.237,0.031,0,0,0,0,p
2024-03-06 09:48,1.237,0.029,0,0,0,0,p
2024-03-06 09:54,1.248,0.028,0,0,0,0,p
2024-03-06 10:00,1.255,0.03,0,0,0,0,p
2024-03-06 10:06,1.266,0.032,0,0,0,0,p
2024-03-06 10:12,1.275,0.03,0,0,0,0,p
2024-03-06 10:18,1.281,0.032,0,0,0,0,p
2024-03-06 10:24,1.291,0.032,0,0,0,0,p
2024-03-06 10:30,1.304,0.031,0,0,0,0,p
2024-03-06 10:36,1.31,0.034,0,0,0,0,p
2024-03-06 10:42,1.319,0.028,0,0,0,0,p
2024-03-06 10:48,1.332,0.034,0,0,0,0,p
2024-03-06 10:54,1.348,0.034,0,0,0,0,p
2024-03-06 11:00,1.364,0.035,0,0,0,0,p
2024-03-06 11:06,1.372,0.036,0,0,0,0,p
2024-03-06 11:12,1.388,0.029,0,0,0,0,p
2024-03-06 11:18,1.393,0.029,1,0,0,0,p
2024-03-06 11:24,1.403,0.031,1,0,0,0,p
2024-03-06 11:30,1.407,0.04,0,0,0,0,p
2024-03-06 11:36,1.43,0.028,0,0,0,0,p
2024-03-06 11:42,1.449,0.032,1,0,0,0,p
2024-03-06 11:48,1.466,0.032,0,0,0,0,p
2024-03-06 11:54,1.483,0.035,0,0,0,0,p
2024-03-06 12:00,1.5,0.028,1,0,0,0,p
2024-03-06 12:06,1.528,0.025,1,0,0,0,p
2024-03-06 12:12,1.54,0.026,1,0,0,0,p
2024-03-06 12:18,1.565,0.025,0,0,0,0,p
2024-03-06 12:24,1.587,0.021,1,0,0,0,p
2024-03-06 12:30,1.609,0.026,1,0,0,0,p
2024-03-06 12:36,1.622,0.018,0,0,0,0,p
2024-03-06 12:42,1.639,0.021,1,0,0,0,p
2024-03-06 12:48,1.669,0.026,1,0,0,0,p
2024-03-06 12:54,1.688,0.021,1,0,0,0,p
2024-03-06 13:00,1.702,0.025,1,0,0,0,p
2024-03-06 13:06,1.727,0.022,0,0,0,0,p
2024-03-06 13:12,1.736,0.021,0,0,0,0,p
2024-03-06 13:18,1.746,0.02,1,0,0,0,p
2024-03-06 13:24,1.762,0.03,0,0,0,0,p
2024-03-06 13:30,1.776,0.022,1,0,0,0,p
2024-03-06 13:36,1.795,0.018,1,0,0,0,p
2024-03-06 13:42,1.804,0.021,0,0,0,0,p
2024-03-06 13:48,1.816,0.021,0,0,0,0,p
2024-03-06 13:54,1.837,0.021,0,0,0,0,p
2024-03-06 14:00,1.854,0.026,0,0,0,0,p
2024-03-06 14:06,1.873,0.021,0,0,0,0,p
2024-03-06 14:12,1.879,0.018,1,0,0,0,p
2024-03-06 14:18,1.896,0.021,0,0,0,0,p
2024-03-06 14:24,1.908,0.019,0,0,0,0,p
2024-03-06 14:30,1.914,0.019,0,0,0,0,p
2024-03-06 14:36,1.922,0.017,0,0,0,0,p
2024-03-06 14:42,1.94,0.018,0,0,0,0,p
2024-03-06 14:48,1.95,0.018,1,0,0,0,p
2024-03-06 14:54,1.958,0.017,1,0,0,0,p
2024-03-06 15:00,1.969,0.018,0,0,0,0,p
2024-03-06 15:06,1.969,0.016,1,0,0,0,p
2024-03-06 15:12,1.967,0.016,1,0,0,0,p
2024-03-06 15:18,1.974,0.015,1,0,0,0,p
2024-03-06 15:24,1.968,0.017,1,0,0,0,p
2024-03-06 15:30,1.966,0.019,0,0,0,0,p
2024-03-06 15:36,1.97,0.016,0,0,0,0,p
2024-03-06 15:42,1.97,0.017,0,0,0,0,p
2024-03-06 15:48,1.962,0.018,0,0,0,0,p
2024-03-06 15:54,1.95,0.016,1,0,0,0,p
2024-03-06 16:00,1.944,0.02,0,0,0,0,p
2024-03-06 16:06,1.938,0.017,0,0,0,0,p
2024-03-06 16:12,1.922,0.016,0,0,0,0,p
2024-03-06 16:18,1.914,0.019,0,0,0,0,p
2024-03-06 16:24,1.893,0.024,0,0,0,0,p
2024-03-06 16:30,1.872,0.019,0,0,0,0,p
2024-03-06 16:36,1.854,0.018,0,0,0,0,p
2024-03-06 16:42,1.833,0.02,0,0,0,0,p
2024-03-06 16:48,1.806,0.02,0,0,0,0,p
2024-03-06 16:54,1.782,0.023,1,0,0,0,p
2024-03-06 17:00,1.76,0.021,0,0,0,0,p
2024-03-06 17:06,1.745,0.018,1,0,0,0,p
2024-03-06 17:12,1.722,0.02,0,0,0,0,p
2024-03-06 17:18,1.692,0.021,0,0,0,0,p
2024-03-06 17:24,1.653,0.022,0,0,0,0,p
2024-03-06 17:30,1.615,0.024,0,0,0,0,p
2024-03-06 17:36,1.583,0.021,1,0,0,0,p
2024-03-06 17:42,1.544,0.024,1,0,0,0,p
2024-03-06 17:48,1.51,0.026,1,0,0,0,p
2024-03-06 17:54,1.471,0.029,1,0,0,0,p
2024-03-06 18:00,1.429,0.025,0,0,0,0,p
2024-03-06 18:06,1.396,0.028,1,0,0,0,p
2024-03-06 18:12,1.358,0.04,1,0,0,0,p
2024-03-06 18:18,1.32,0.041,0,0,0,0,p
2024-03-06 18:24,1.278,0.032,0,0,0,0,p
2024-03-06 18:30,,,1,1,1,1,p
2024-03-06 18:36,,,1,1,1,1,p
2024-03-06 18:42,,,1,1,1,1,p
2024-03-06 18:48,,,1,1,1,1,p
2024-03-06 18:54,,,1,1,1,1,p
2024-03-06 19:00,,,1,1,1,1,p
2024-03-06 19:06,,,1,1,1,1,p
2024-03-06 19:12,,,1,1,1,1,p
2024-03-06 19:18,,,1,1,1,1,p
2024-03-06 19:24,,,1,1,1,1,p
2024-03-06 19:30,,,1,1,1,1,p
2024-03-06 19:36,,,1,1,1,1,p
2024-03-06 19:42,,,1,1,1,1,p
2024-03-06 19:48,,,1,1,1,1,p
2024-03-06 19:54,,,1,1,1,1,p
2024-03-06 20:00,,,1,1,1,1,p
2024-03-06 20:06,,,1,1,1,1,p
2024-03-06 20:12,,,1,1,1,1,p
2024-03-06 20:18,,,1,1,1,1,p
2024-03-06 20:24,,,1,1,1,1,p
2024-03-06 20:30,,,1,1,1,1,p
2024-03-06 20:36,,,1,1,1,1,p
2024-03-06 20:42,,,1,1,1,1,p
2024-03-06 20:48,,,1,1,1,1,p
2024-03-06 20:54,,,1,1,1,1,p
2024-03-06 21:00,,,1,1,1,1,p
2024-03-06 21:06,,,1,1,1,1,p
2024-03-06 21:12,,,1,1,1,1,p
2024-03-06 21:18,,,1,1,1,1,p
2024-03-06 21:24,,,1,1,1,1,p
2024-03-06 21:30,,,1,1,1,1,p
2024-03-06 21:36,,,1,1,1,1,p
2024-03-06 21:42,,,1,1,1,1,p
2024-03-06 21:48,,,1,1,1,1,p
2024-03-06 21:54,,,1,1,1,1,p
2024-03-06 22:00,,,1,1,1,1,p
2024-03-06 22:06,,,1,1,1,1,p
2024-03-06 22:12,,,1,1,1,1,p
2024-03-06 22:18,,,1,1,1,1,p
2024-03-06 22:24,,,1,1,1,1,p
2024-03-06 22:30,,,1,1,1,1,p
2024-03-06 22:36,,,1,1,1,1,p
2024-03-06 22:42,,,1,1,1,1,p
2024-03-06 22:48,,,1,1,1,1,p
2024-03-06 22:54,,,1,1,1,1,p
2024-03-06 23:00,,,1,1,1,1,p
2024-03-06 23:06,,,1,1,1,1,p
2024-03-06 23:12,,,1,1,1,1,p
2024-03-06 23:18,,,1,1,1,1,p
2024-03-06 23:24,,,1,1,1,1,p
2024-03-06 23:30,,,1,1,1,1,p
2024-03-06 23:36,,,1,1,1,1,p
2024-03-06 23:42,,,1,1,1,1,p
2024-03-06 23:48,,,1,1,1,1,p
2024-03-06 23:54,,,1,1,1,1,p
2024-03-07 00:00,,,1,1,1,1,p
2024-03-07 00:06,,,1,1,1,1,p
2024-03-07 00:12,,,1,1,1,1,p
2024-03-07 00:18,,,1,1,1,1,p
2024-03-07 00:24,,,1,1,1,1,p
2024-03-07 00:30,,,1,1,1,1,p
2024-03-07 00:36,,,1,1,1,1,p
2024-03-07 00:42,,,1,1,1,1,p
2024-03-07 00:48,,,1,1,1,1,p
2024-03-07 00:54,,,1,1,1,1,p
2024-03-07 01:00,,,1,1,1,1,p
2024-03-07 01:06,,,1,1,1,1,p
2024-03-07 01:12,,,1,1,1,1,p
2024-03-07 01:18,,,1,1,1,1,p
2024-03-07 01:24,,,1,1,1,1,p
2024-03-07 01:30,,,1,1,1,1,p
2024-03-07 01:36,,,1,1,1,1,p
2024-03-07 01:42,,,1,1,1,1,p
2024-03-07 01:48,,,1,1,1,1,p
2024-03-07 01:54,,,1,1,1,1,p
2024-03-07 02:00,,,1,1,1,1,p
2024-03-07 02:06,,,1,1,1,1,p
2024-03-07 02:12,,,1,1,1,1,p
2024-03-07 02:18,,,1,1,1,1,p
2024-03-07 02:24,,,1,1,1,1,p
2024-03-07 02:30,,,1,1,1,1,p
2024-03-07 02:36,,,1,1,1,1,p
2024-03-07 02:42,,,1,1,1,1,p
2024-03-07 02:48,,,1,1,1,1,p
2024-03-07 02:54,,,1,1,1,1,p
2024-03-07 03:00,,,1,1,1,1,p
2024-03-07 03:06,,,1,1,1,1,p
2024-03-07 03:12,,,1,1,1,1,p
2024-03-07 03:18,,,1,1,1,1,p
2024-03-07 03:24,,,1,1,1,1,p
2024-03-07 03:30,,,1,1,1,1,p
2024-03-07 03:36,,,1,1,1,1,p
2024-03-07 03:42,1.239,0.026,1,0,0,0,p
2024-03-07 03:48,1.252,0.031,0,0,0,0,p
2024-03-07 03:54,1.259,0.036,0,0,0,0,p
2024-03-07 04:00,1.284,0.036,0,0,0,0,p
2024-03-07 04:06,1.307,0.039,0,0,0,0,p
2024-03-07 04:12,1.316,0.037,0,0,0,0,p
2024-03-07 04:18,1.333,0.031,0,0,0,0,p
2024-03-07 04:24,1.348,0.029,0,0,0,0,p
2024-03-07 04:30,1.364,0.034,0,0,0,0,p
2024-03-07 04:36,1.39,0.031,0,0,0,0,p
2024-03-07 04:42,1.411,0.031,0,0,0,0,p
2024-03-07 04:48,1.435,0.023,0,0,0,0,p
2024-03-07 04:54,1.457,0.022,0,0,0,0,p
2024-03-07 05:00,1.476,0.026,0,0,0,0,p
2024-03-07 05:06,1.491,0.026,0,0,0,0,p
2024-03-07 05:12,1.504,0.022,0,0,0,0,p
2024-03-07 05:18,1.528,0.019,0,0,0,0,p
2024-03-07 05:24,1.537,0.019,1,0,0,0,p
2024-03-07 05:30,1.535,0.019,0,0,0,0,p
2024-03-07 05:36,1.538,0.023,0,0,0,0,p
2024-03-07 05:42,1.552,0.022,0,0,0,0,p
2024-03-07 05:48,1.551,0.021,0,0,0,0,p
2024-03-07 05:54,1.558,0.02,0,0,0,0,p
2024-03-07 06:00,1.562,0.019,0,0,0,0,p
2024-03-07 06:06,1.559,0.022,1,0,0,0,p
2024-03-07 06:12,1.554,0.023,0,0,0,0,p
2024-03-07 06:18,1.551,0.021,0,0,0,0,p
2024-03-07 06:24,1.548,0.02,1,0,0,0,p
2024-03-07 06:30,1.543,0.019,1,0,0,0,p
2024-03-07 06:36,1.536,0.025,0,0,0,0,p
2024-03-07 06:42,1.534,0.021,1,0,0,0,p
2024-03-07 06:48,1.523,0.02,1,0,0,0,p
2024-03-07 06:54,1.511,0.026,1,0,0,0,p
2024-03-07 07:00,1.49,0.027,0,0,0,0,p
2024-03-07 07:06,1.47,0.029,0,0,0,0,p
2024-03-07 07:12,1.46,0.025,1,0,0,0,p
2024-03-07 07:18,1.455,0.024,1,0,0,0,p
2024-03-07 07:24,1.451,0.025,0,0,0,0,p
2024-03-07 07:30,1.446,0.026,0,0,0,0,p
2024-03-07 07:36,1.437,0.032,1,0,0,0,p
2024-03-07 07:42,1.419,0.038,0,0,0,0,p
2024-03-07 07:48,1.405,0.035,1,0,0,0,p
2024-03-07 07:54,1.389,0.048,1,0,0,0,p
2024-03-07 08:00,1.375,0.038,0,0,0,0,p
2024-03-07 08:06,1.353,0.034,0,0,0,0,p
2024-03-07 08:12,1.338,0.039,0,0,0,0,p
2024-03-07 08:18,1.325,0.043,0,0,0,0,p
2024-03-07 08:24,1.309,0.034,0,0,0,0,p
2024-03-07 08:30,1.295,0.033,0,0,0,0,p
2024-03-07 08:36,1.279,0.03,1,0,0,0,p
2024-03-07 08:42,1.259,0.028,1,0,0,0,p
2024-03-07 08:48,1.25,0.027,0,0,0,0,p
2024-03-07 08:54,1.242,0.028,0,0,0,0,p
2024-03-07 09:00,1.245,0.034,0,0,0,0,p
2024-03-07 09:06,1.232,0.032,1,0,0,0,p
2024-03-07 09:12,1.213,0.026,0,0,0,0,p
2024-03-07 09:18,1.198,0.021,0,0,0,0,p
2024-03-07 09:24,1.194,0.022,1,0,0,0,p
2024-03-07 09:30,1.185,0.021,0,0,0,0,p
2024-03-07 09:36,1.181,0.022,1,0,0,0,p
2024-03-07 09:42,1.176,0.021,1,0,0,0,p
2024-03-07 09:48,1.177,0.022,0,0,0,0,p
2024-03-07 09:54,1.185,0.025,1,0,0,0,p
2024-03-07 10:00,1.18,0.018,1,0,0,0,p
2024-03-07 10:06,1.17,0.016,1,0,0,0,p
2024-03-07 10:12,1.164,0.016,1,0,0,0,p
2024-03-07 10:18,1.157,0.018,1,0,0,0,p
2024-03-07 10:24,1.153,0.012,1,0,0,0,p
2024-03-07 10:30,1.155,0.017,1,0,0,0,p
2024-03-07 10:36,1.161,0.021,1,0,0,0,p
2024-03-07 10:42,1.168,0.028,1,0,0,0,p
2024-03-07 10:48,1.167,0.027,0,0,0,0,p
2024-03-07 10:54,1.161,0.027,0,0,0,0,p
2024-03-07 11:00,1.17,0.029,1,0,0,0,p
2024-03-07 11:06,1.164,0.025,1,0,0,0,p
2024-03-07 11:12,1.18,0.033,0,0,0,0,p
2024-03-07 11:18,1.186,0.032,0,0,0,0,p
2024-03-07 11:24,1.176,0.025,1,0,0,0,p
2024-03-07 11:30,1.186,0.029,0,0,0,0,p
2024-03-07 11:36,1.2,0.032,1,0,0,0,p
2024-03-07 11:42,1.212,0.038,0,0,0,0,p
2024-03-07 11:48,1.213,0.033,0,0,0,0,p
2024-03-07 11:54,1.223,0.036,0,0,0,0,p
2024-03-07 12:00,1.227,0.032,0,0,0,0,p
2024-03-07 12:06,1.236,0.038,0,0,0,0,p
2024-03-07 12:12,1.248,0.038,0,0,0,0,p
2024-03-07 12:18,1.262,0.036,0,0,0,0,p
2024-03-07 12:24,1.276,0.038,0,0,0,0,p
2024-03-07 12:30,1.302,0.04,0,0,0,0,p
2024-03-07 12:36,1.322,0.037,0,0,0,0,p
2024-03-07 12:42,1.346,0.041,0,0,0,0,p
2024-03-07 12:48,1.366,0.033,0,0,0,0,p
2024-03-07 12:54,1.385,0.04,1,0,0,0,p
2024-03-07 13:00,1.419,0.032,0,0,0,0,p
2024-03-07 13:06,1.441,0.035,1,0,0,0,p
2024-03-07 13:12,1.455,0.041,0,0,0,0,p
2024-03-07 13:18,1.477,0.028,1,0,0,0,p
2024-03-07 13:24,1.49,0.029,0,0,0,0,p
2024-03-07 13:30,1.517,0.029,1,0,0,0,p
2024-03-07 13:36,1.545,0.028,0,0,0,0,p
2024-03-07 13:42,1.568,0.028,0,0,0,0,p
2024-03-07 13:48,1.587,0.024,1,0,0,0,p
2024-03-07 13:54,1.609,0.027,1,0,0,0,p
2024-03-07 14:00,1.638,0.027,1,0,0,0,p
2024-03-07 14:06,1.656,0.026,1,0,0,0,p
2024-03-07 14:12,1.687,0.03,0,0,0,0,p
2024-03-07 14:18,1.704,0.027,1,0,0,0,p
2024-03-07 14:24,1.721,0.029,0,0,0,0,p
2024-03-07 14:30,1.732,0.026,0,0,0,0,p
2024-03-07 14:36,1.749,0.025,0,0,0,0,p
2024-03-07 14:42,1.781,0.022,1,0,0,0,p
2024-03-07 14:48,1.805,0.023,0,0,0,0,p
2024-03-07 14:54,1.823,0.026,1,0,0,0,p
2024-03-07 15:00,1.849,0.022,1,0,0,0,p
2024-03-07 15:06,1.866,0.023,0,0,0,0,p
2024-03-07 15:12,1.871,0.019,0,0,0,0,p
2024-03-07 15:18,1.884,0.022,0,0,0,0,p
2024-03-07 15:24,1.902,0.027,0,0,0,0,p
2024-03-07 15:30,1.906,0.023,0,0,0,0,p
2024-03-07 15:36,1.919,0.022,0,0,0,0,p
2024-03-07 15:42,1.929,0.018,1,0,0,0,p
2024-03-07 15:48,1.942,0.02,0,0,0,0,p
2024-03-07 15:54,1.95,0.023,0,0,0,0,p
2024-03-07 16:00,1.967,0.021,0,0,0,0,p
2024-03-07 16:06,1.977,0.026,0,0,0,0,p
2024-03-07 16:12,1.984,0.021,0,0,0,0,p
2024-03-07 16:18,1.995,0.025,0,0,0,0,p
2024-03-07 16:24,1.994,0.025,0,0,0,0,p
2024-03-07 16:30,1.982,0.026,0,0,0,0,p
2024-03-07 16:36,1.983,0.024,0,0,0,0,p
2024-03-07 16:42,1.985,0.023,1,0,0,0,p
2024-03-07 16:48,1.98,0.023,1,0,0,0,p
2024-03-07 16:54,1.983,0.022,1,0,0,0,p
2024-03-07 17:00,1.97,0.022,0,0,0,0,p
2024-03-07 17:06,1.959,0.026,0,0,0,0,p
2024-03-07 17:12,1.942,0.025,0,0,0,0,p
2024-03-07 17:18,1.926,0.024,0,0,0,0,p
2024-03-07 17:24,1.899,0.023,0,0,0,0,p
2024-03-07 17:30,1.876,0.026,0,0,0,0,p
2024-03-07 17:36,1.852,0.029,1,0,0,0,p
2024-03-07 17:42,1.822,0.023,1,0,0,0,p
2024-03-07 17:48,1.805,0.03,1,0,0,0,p
2024-03-07 17:54,1.777,0.037,0,0,0,0,p
2024-03-07 18:00,1.755,0.031,1,0,0,0,p
2024-03-07 18:06,1.73,0.038,1,0,0,0,p
2024-03-07 18:12,1.689,0.043,1,0,0,0,p
2024-03-07 18:18,1.659,0.039,0,0,0,0,p
2024-03-07 18:24,1.616,0.027,1,0,0,0,p
2024-03-07 18:30,1.578,0.035,0,0,0,0,p
2024-03-07 18:36,1.536,0.033,0,0,0,0,p
2024-03-07 18:42,1.482,0.041,0,0,0,0,p
2024-03-07 18:48,1.438,0.033,1,0,0,0,p
2024-03-07 18:54,1.391,0.038,0,0,0,0,p
2024-03-07 19:00,1.329,0.038,1,0,0,0,p
2024-03-07 19:06,1.282,0.035,0,0,0,0,p
2024-03-07 19:12,1.241,0.033,0,0,0,0,p
2024-03-07 19:18,,,1,1,1,1,p
2024-03-07 19:24,,,1,1,1,1,p
2024-03-07 19:30,,,1,1,1,1,p
2024-03-07 19:36,,,1,1,1,1,p
2024-03-07 19:42,,,1,1,1,1,p
2024-03-07 19:48,,,1,1,1,1,p
2024-03-07 19:54,,,1,1,1,1,p
2024-03-07 20:00,,,1,1,1,1,p
2024-03-07 20:06,,,1,1,1,1,p
2024-03-07 20:12,,,1,1,1,1,p
2024-03-07 20:18,,,1,1,1,1,p
2024-03-07 20:24,,,1,1,1,1,p
2024-03-07 20:30,,,1,1,1,1,p
2024-03-07 20:36,,,1,1,1,1,p
2024-03-07 20:42,,,1,1,1,1,p
2024-03-07 20:48,,,1,1,1,1,p
2024-03-07 20:54,,,1,1,1,1,p
2024-03-07 21:00,,,1,1,1,1,p
2024-03-07 21:06,,,1,1,1,1,p
2024-03-07 21:12,,,1,1,1,1,p
2024-03-07 21:18,,,1,1,1,1,p
2024-03-07 21:24,,,1,1,1,1,p
2024-03-07 21:30,,,1,1,1,1,p
2024-03-07 21:36,,,1,1,1,1,p
2024-03-07 21:42,,,1,1,1,1,p
2024-03-07 21:48,,,1,1,1,1,p
2024-03-07 21:54,,,1,1,1,1,p
2024-03-07 22:00,,,1,1,1,1,p
2024-03-07 22:06,,,1,1,1,1,p
2024-03-07 22:12,,,1,1,1,1,p
2024-03-07 22:18,,,1,1,1,1,p
2024-03-07 22:24,,,1,1,1,1,p
2024-03-07 22:30,,,1,1,1,1,p
2024-03-07 22:36,,,1,1,1,1,p
2024-03-07 22:42,,,1,1,1,1,p
2024-03-07 22:48,,,1,1,1,1,p
2024-03-07 22:54,,,1,1,1,1,p
2024-03-07 23:00,,,1,1,1,1,p
2024-03-07 23:06,,,1,1,1,1,p
2024-03-07 23:12,,,1,1,1,1,p
2024-03-07 23:18,,,1,1,1,1,p
2024-03-07 23:24,,,1,1,1,1,p
2024-03-07 23:30,,,1,1,1,1,p
2024-03-07 23:36,,,1,1,1,1,p
2024-03-07 23:42,,,1,1,1,1,p
2024-03-07 23:48,,,1,1,1,1,p
2024-03-07 23:54,,,1,1,1,1,p
2024-03-08 00:00,,,1,1,1,1,p
2024-03-08 00:06,,,1,1,1,1,p
2024-03-08 00:12,,,1,1,1,1,p
2024-03-08 00:18,,,1,1,1,1,p
2024-03-08 00:24,,,1,1,1,1,p
2024-03-08 00:30,,,1,1,1,1,p
2024-03-08 00:36,,,1,1,1,1,p
2024-03-08 00:42,,,1,1,1,1,p
2024-03-08 00:48,,,1,1,1,1,p
2024-03-08 00:54,,,1,1,1,1,p
2024-03-08 01:00,,,1,1,1,1,p
2024-03-08 01:06,,,1,1,1,1,p
2024-03-08 01:12,,,1,1,1,1,p
2024-03-08 01:18,,,1,1,1,1,p
2024-03-08 01:24,,,1,1,1,1,p
2024-03-08 01:30,,,1,1,1,1,p
2024-03-08 01:36,,,1,1,1,1,p
2024-03-08 01:42,,,1,1,1,1,p
2024-03-08 01:48,,,1,1,1,1,p
2024-03-08 01:54,,,1,1,1,1,p
2024-03-08 02:00,,,1,1,1,1,p
2024-03-08 02:06,,,1,1,1,1,p
2024-03-08 02:12,,,1,1,1,1,p
2024-03-08 02:18,,,1,1,1,1,p
2024-03-08 02:24,,,1,1,1,1,p
2024-03-08 02:30,,,1,1,1,1,p
2024-03-08 02:36,,,1,1,1,1,p
2024-03-08 02:42,,,1,1,1,1,p
2024-03-08 02:48,,,1,1,1,1,p
2024-03-08 02:54,,,1,1,1,1,p
2024-03-08 03:00,,,1,1,1,1,p
2024-03-08 03:06,,,1,1,1,1,p
2024-03-08 03:12,,,1,1,1,1,p
2024-03-08 03:18,,,1,1,1,1,p
2024-03-08 03:24,,,1,1,1,1,p
2024-03-08 03:30,,,1,1,1,1,p
2024-03-08 03:36,,,1,1,1,1,p
2024-03-08 03:42,,,1,1,1,1,p
2024-03-08 03:48,,,1,1,1,1,p
2024-03-08 03:54,,,1,1,1,1,p
2024-03-08 04:00,,,1,1,1,1,p
2024-03-08 04:06,1.135,0.016,1,0,0,0,p
2024-03-08 04:12,1.145,0.018,1,0,0,0,p
2024-03-08 04:18,1.153,0.021,1,0,0,0,p
2024-03-08 04:24,1.176,0.024,0,0,0,0,p
2024-03-08 04:30,1.193,0.026,0,0,0,0,p
2024-03-08 04:36,1.215,0.035,0,0,0,0,p
2024-03-08 04:42,1.244,0.034,0,0,0,0,p
2024-03-08 04:48,1.269,0.031,0,0,0,0,p
2024-03-08 04:54,1.283,0.036,0,0,0,0,p
2024-03-08 05:00,1.305,0.032,0,0,0,0,p
2024-03-08 05:06,1.322,0.031,0,0,0,0,p
2024-03-08 05:12,1.339,0.029,0,0,0,0,p
2024-03-08 05:18,1.36,0.032,0,0,0,0,p
2024-03-08 05:24,1.38,0.033,0,0,0,0,p
2024-03-08 05:30,1.403,0.03,0,0,0,0,p
2024-03-08 05:36,1.421,0.028,1,0,0,0,p
2024-03-08 05:42,1.438,0.036,0,0,0,0,p
2024-03-08 05:48,1.45,0.03,0,0,0,0,p
2024-03-08 05:54,1.447,0.03,0,0,0,0,p
2024-03-08 06:00,1.463,0.027,1,0,0,0,p
2024-03-08 06:06,1.472,0.03,0,0,0,0,p
2024-03-08 06:12,1.482,0.028,1,0,0,0,p
2024-03-08 06:18,1.495,0.03,1,0,0,0,p
2024-03-08 06:24,1.505,0.026,1,0,0,0,p
2024-03-08 06:30,1.505,0.027,1,0,0,0,p
2024-03-08 06:36,1.508,0.025,0,0,0,0,p
2024-03-08 06:42,1.507,0.026,1,0,0,0,p
2024-03-08 06:48,1.495,0.026,0,0,0,0,p
2024-03-08 06:54,1.488,0.027,0,0,0,0,p
2024-03-08 07:00,1.484,0.028,0,0,0,0,p
2024-03-08 07:06,1.481,0.027,0,0,0,0,p
2024-03-08 07:12,1.472,0.027,1,0,0,0,p
2024-03-08 07:18,1.458,0.026,0,0,0,0,p
2024-03-08 07:24,1.444,0.026,0,0,0,0,p
2024-03-08 07:30,1.426,0.03,1,0,0,0,p
2024-03-08 07:36,1.41,0.029,0,0,0,0,p
2024-03-08 07:42,1.392,0.027,0,0,0,0,p
2024-03-08 07:48,1.385,0.026,1,0,0,0,p
2024-03-08 07:54,1.369,0.034,1,0,0,0,p
2024-03-08 08:00,1.361,0.028,1,0,0,0,p
2024-03-08 08:06,1.351,0.029,1,0,0,0,p
2024-03-08 08:12,1.33,0.029,1,0,0,0,p
2024-03-08 08:18,1.309,0.032,0,0,0,0,p
2024-03-08 08:24,1.284,0.027,0,0,0,0,p
2024-03-08 08:30,1.269,0.028,0,0,0,0,p
2024-03-08 08:36,1.252,0.028,0,0,0,0,p
2024-03-08 08:42,1.241,0.023,0,0,0,0,p
2024-03-08 08:48,1.225,0.022,1,0,0,0,p
2024-03-08 08:54,,,1,1,1,1,p
2024-03-08 09:00,,,1,1,1,1,p
2024-03-08 09:06,,,1,1,1,1,p
2024-03-08 09:12,,,1,1,1,1,p
2024-03-08 09:18,,,1,1,1,1,p
2024-03-08 09:24,,,1,1,1,1,p
2024-03-08 09:30,,,1,1,1,1,p
2024-03-08 09:36,,,1,1,1,1,p
2024-03-08 09:42,,,1,1,1,1,p
2024-03-08 09:48,,,1,1,1,1,p
2024-03-08 09:54,,,1,1,1,1,p
2024-03-08 10:00,,,1,1,1,1,p
2024-03-08 10:06,,,1,1,1,1,p
2024-03-08 10:12,,,1,1,1,1,p
2024-03-08 10:18,,,1,1,1,1,p
2024-03-08 10:24,,,1,1,1,1,p
2024-03-08 10:30,,,1,1,1,1,p
2024-03-08 10:36,,,1,1,1,1,p
2024-03-08 10:42,,,1,1,1,1,p
2024-03-08 10:48,,,1,1,1,1,p
2024-03-08 10:54,,,1,1,1,1,p
2024-03-08 11:00,,,1,1,1,1,p
2024-03-08 11:06,,,1,1,1,1,p
2024-03-08 11:12,,,1,1,1,1,p
2024-03-08 11:18,,,1,1,1,1,p
2024-03-08 11:24,,,1,1,1,1,p
2024-03-08 11:30,,,1,1,1,1,p
2024-03-08 11:36,,,1,1,1,1,p
2024-03-08 11:42,,,1,1,1,1,p
2024-03-08 11:48,,,1,1,1,1,p
2024-03-08 11:54,,,1,1,1,1,p
2024-03-08 12:00,,,1,1,1,1,p
2024-03-08 12:06,,,1,1,1,1,p
2024-03-08 12:12,,,1,1,1,1,p
2024-03-08 12:18,,,1,1,1,1,p
2024-03-08 12:24,,,1,1,1,1,p
2024-03-08 12:30,,,1,1,1,1,p
2024-03-08 12:36,,,1,1,1,1,p
2024-03-08 12:42,,,1,1,1,1,p
2024-03-08 12:48,,,1,1,1,1,p
2024-03-08 12:54,,,1,1,1,1,p
2024-03-08 13:00,,,1,1,1,1,p
2024-03-08 13:06,,,1,1,1,1,p
2024-03-08 13:12,,,1,1,1,1,p
2024-03-08 13:18,,,1,1,1,1,p
2024-03-08 13:24,,,1,1,1,1,p
2024-03-08 13:30,,,1,1,1,1,p
2024-03-08 13:36,,,1,1,1,1,p
2024-03-08 13:42,,,1,1,1,1,p
2024-03-08 13:48,1.212,0.031,1,0,0,0,p
2024-03-08 13:54,1.24,0.037,0,0,0,0,p
2024-03-08 14:00,1.26,0.044,0,0,0,0,p
2024-03-08 14:06,1.299,0.039,0,0,0,0,p
2024-03-08 14:12,1.334,0.034,0,0,0,0,p
2024-03-08 14:18,1.365,0.029,1,0,0,0,p
2024-03-08 14:24,1.384,0.024,1,0,0,0,p
2024-03-08 14:30,1.414,0.032,0,0,0,0,p
2024-03-08 14:36,1.441,0.027,0,0,0,0,p
2024-03-08 14:42,1.461,0.023,1,0,0,0,p
2024-03-08 14:48,1.485,0.024,1,0,0,0,p
2024-03-08 14:54,1.513,0.023,0,0,0,0,p
2024-03-08 15:00,1.54,0.022,0,0,0,0,p
2024-03-08 15:06,1.564,0.021,0,0,0,0,p
2024-03-08 15:12,1.601,0.021,0,0,0,0,p
2024-03-08 15:18,1.627,0.018,1,0,0,0,p
2024-03-08 15:24,1.644,0.017,0,0,0,0,p
2024-03-08 15:30,1.667,0.02,0,0,0,0,p
2024-03-08 15:36,1.696,0.021,0,0,0,0,p
2024-03-08 15:42,1.717,0.021,1,0,0,0,p
2024-03-08 15:48,1.741,0.017,0,0,0,0,p
2024-03-08 15:54,1.753,0.018,1,0,0,0,p
2024-03-08 16:00,1.773,0.016,1,0,0,0,p
2024-03-08 16:06,1.801,0.017,0,0,0,0,p
2024-03-08 16:12,1.823,0.017,0,0,0,0,p
2024-03-08 16:18,1.832,0.016,0,0,0,0,p
2024-03-08 16:24,1.839,0.018,0,0,0,0,p
2024-03-08 16:30,1.855,0.014,1,0,0,0,p
2024-03-08 16:36,1.866,0.015,0,0,0,0,p
2024-03-08 16:42,1.885,0.016,1,0,0,0,p
2024-03-08 16:48,1.903,0.018,0,0,0,0,p
2024-03-08 16:54,1.923,0.014,1,0,0,0,p
2024-03-08 17:00,1.935,0.014,1,0,0,0,p
2024-03-08 17:06,1.946,0.017,1,0,0,0,p
2024-03-08 17:12,1.948,0.015,1,0,0,0,p
2024-03-08 17:18,1.941,0.014,1,0,0,0,p
2024-03-08 17:24,1.949,0.013,0,0,0,0,p
2024-03-08 17:30,1.953,0.015,0,0,0,0,p
2024-03-08 17:36,1.95,0.016,0,0,0,0,p
2024-03-08 17:42,1.945,0.014,1,0,0,0,p
2024-03-08 17:48,1.942,0.016,1,0,0,0,p
2024-03-08 17:54,1.937,0.017,1,0,0,0,p
2024-03-08 18:00,1.93,0.017,1,0,0,0,p
2024-03-08 18:06,1.915,0.018,0,0,0,0,p
2024-03-08 18:12,1.899,0.016,0,0,0,0,p
2024-03-08 18:18,1.871,0.022,0,0,0,0,p
2024-03-08 18:24,1.843,0.016,0,0,0,0,p
2024-03-08 18:30,1.822,0.021,0,0,0,0,p
2024-03-08 18:36,1.796,0.017,1,0,0,0,p
2024-03-08 18:42,1.776,0.02,1,0,0,0,p
2024-03-08 18:48,1.746,0.021,0,0,0,0,p
2024-03-08 18:54,1.706,0.022,0,0,0,0,p
2024-03-08 19:00,1.663,0.023,0,0,0,0,p
2024-03-08 19:06,1.62,0.024,0,0,0,0,p
2024-03-08 19:12,1.581,0.02,1,0,0,0,p
2024-03-08 19:18,1.549,0.017,0,0,0,0,p
2024-03-08 19:24,1.508,0.023,0,0,0,0,p
2024-03-08 19:30,1.459,0.029,0,0,0,0,p
2024-03-08 19:36,1.409,0.027,0,0,0,0,p
2024-03-08 19:42,1.35,0.032,1,0,0,0,p
2024-03-08 19:48,1.297,0.033,0,0,0,0,p
2024-03-08 19:54,1.24,0.03,0,0,0,0,p
2024-03-08 20:00,1.194,0.026,0,0,0,0,p
2024-03-08 20:06,1.161,0.021,1,0,0,0,p
2024-03-08 20:12,1.154,0.009,0,0,0,0,p
2024-03-08 20:18,1.115,0.005,0,0,0,0,p
2024-03-08 20:24,1.087,0.006,0,0,0,0,p
2024-03-08 20:30,1.07,0.007,0,0,0,0,p
2024-03-08 20:36,1.044,0.009,0,0,0,0,p
2024-03-08 20:42,1.018,0.008,0,0,0,0,p
2024-03-08 20:48,0.988,0.007,0,0,0,0,p
2024-03-08 20:54,0.97,0.008,0,0,0,0,p
2024-03-08 21:00,0.943,0.008,0,0,0,0,p
2024-03-08 21:06,,,1,1,1,1,p
2024-03-08 21:12,,,1,1,1,1,p
2024-03-08 21:18,,,1,1,1,1,p
2024-03-08 21:24,,,1,1,1,1,p
2024-03-08 21:30,,,1,1,1,1,p
2024-03-08 21:36,,,1,1,1,1,p
2024-03-08 21:42,,,1,1,1,1,p
2024-03-08 21:48,,,1,1,1,1,p
2024-03-08 21:54,,,1,1,1,1,p
2024-03-08 22:00,,,1,1,1,1,p
2024-03-08 22:06,,,1,1,1,1,p
2024-03-08 22:12,,,1,1,1,1,p
2024-03-08 22:18,,,1,1,1,1,p
2024-03-08 22:24,,,1,1,1,1,p
2024-03-08 22:30,,,1,1,1,1,p
2024-03-08 22:36,,,1,1,1,1,p
2024-03-08 22:42,,,1,1,1,1,p
2024-03-08 22:48,,,1,1,1,1,p
2024-03-08 22:54,,,1,1,1,1,p
2024-03-08 23:00,,,1,1,1,1,p
2024-03-08 23:06,,,1,1,1,1,p
2024-03-08 23:12,,,1,1,1,1,p
2024-03-08 23:18,,,1,1,1,1,p
2024-03-08 23:24,,,1,1,1,1,p
2024-03-08 23:30,,,1,1,1,1,p
2024-03-08 23:36,,,1,1,1,1,p
2024-03-08 23:42,,,1,1,1,1,p
2024-03-08 23:48,,,1,1,1,1,p
2024-03-08 23:54,,,1,1,1,1,p
2024-03-09 00:00,,,1,1,1,1,p
2024-03-09 00:06,,,1,1,1,1,p
2024-03-09 00:12,,,1,1,1,1,p
2024-03-09 00:18,,,1,1,1,1,p
2024-03-09 00:24,,,1,1,1,1,p
2024-03-09 00:30,,,1,1,1,1,p
2024-03-09 00:36,,,1,1,1,1,p
2024-03-09 00:42,,,1,1,1,1,p
2024-03-09 00:48,,,1,1,1,1,p
2024-03-09 00:54,,,1,1,1,1,p
2024-03-09 01:00,,,1,1,1,1,p
2024-03-09 01:06,,,1,1,1,1,p
2024-03-09 01:12,,,1,1,1,1,p
2024-03-09 01:18,,,1,1,1,1,p
2024-03-09 01:24,,,1,1,1,1,p
2024-03-09 01:30,,,1,1,1,1,p
2024-03-09 01:36,,,1,1,1,1,p
2024-03-09 01:42,,,1,1,1,1,p
2024-03-09 01:48,,,1,1,1,1,p
2024-03-09 01:54,,,1,1,1,1,p
2024-03-09 02:00,,,1,1,1,1,p
2024-03-09 02:06,,,1,1,1,1,p
2024-03-09 02:12,,,1,1,1,1,p
2024-03-09 02:18,,,1,1,1,1,p
2024-03-09 02:24,,,1,1,1,1,p
2024-03-09 02:30,,,1,1,1,1,p
2024-03-09 02:36,,,1,1,1,1,p
2024-03-09 02:42,,,1,1,1,1,p
2024-03-09 02:48,,,1,1,1,1,p
2024-03-09 02:54,,,1,1,1,1,p
2024-03-09 03:00,,,1,1,1,1,p
2024-03-09 03:06,,,1,1,1,1,p
2024-03-09 03:12,,,1,1,1,1,p
2024-03-09 03:18,,,1,1,1,1,p
2024-03-09 03:24,,,1,1,1,1,p
2024-03-09 03:30,,,1,1,1,1,p
2024-03-09 03:36,,,1,1,1,1,p
2024-03-09 03:42,,,1,1,1,1,p
2024-03-09 03:48,,,1,1,1,1,p
2024-03-09 03:54,0.929,0.008,0,0,0,0,p
2024-03-09 04:00,0.959,0.011,0,0,0,0,p
2024-03-09 04:06,0.988,0.008,0,0,0,0,p
2024-03-09 04:12,1.02,0.008,0,0,0,0,p
2024-03-09 04:18,1.044,0.009,0,0,0,0,p
2024-03-09 04:24,1.078,0.009,0,0,0,0,p
2024-03-09 04:30,1.102,0.009,0,0,0,0,p
2024-03-09 04:36,1.132,0.02,0,0,0,0,p
2024-03-09 04:42,1.144,0.023,1,0,0,0,p
2024-03-09 04:48,1.167,0.033,0,0,0,0,p
2024-03-09 04:54,1.184,0.029,0,0,0,0,p
2024-03-09 05:00,1.202,0.034,0,0,0,0,p
2024-03-09 05:06,1.223,0.031,0,0,0,0,p
2024-03-09 05:12,1.25,0.031,0,0,0,0,p
2024-03-09 05:18,1.28,0.031,0,0,0,0,p
2024-03-09 05:24,1.315,0.027,1,0,0,0,p
2024-03-09 05:30,1.343,0.03,1,0,0,0,p
2024-03-09 05:36,1.374,0.02,0,0,0,0,p
2024-03-09 05:42,1.398,0.023,0,0,0,0,p
2024-03-09 05:48,1.43,0.022,1,0,0,0,p
2024-03-09 05:54,1.453,0.022,1,0,0,0,p
2024-03-09 06:00,1.475,0.018,1,0,0,0,p
2024-03-09 06:06,1.498,0.015,1,0,0,0,p
2024-03-09 06:12,1.51,0.017,1,0,0,0,p
2024-03-09 06:18,1.526,0.019,0,0,0,0,p
2024-03-09 06:24,1.546,0.018,0,0,0,0,p
2024-03-09 06:30,1.55,0.015,1,0,0,0,p
2024-03-09 06:36,1.555,0.016,0,0,0,0,p
2024-03-09 06:42,1.563,0.016,0,0,0,0,p
2024-03-09 06:48,1.57,0.018,0,0,0,0,p
2024-03-09 06:54,1.578,0.015,1,0,0,0,p
2024-03-09 07:00,1.591,0.018,0,0,0,0,p
2024-03-09 07:06,1.6,0.018,0,0,0,0,p
2024-03-09 07:12,1.591,0.019,0,0,0,0,p
2024-03-09 07:18,1.578,0.026,1,0,0,0,p
2024-03-09 07:24,1.57,0.02,0,0,0,0,p
2024-03-09 07:30,1.564,0.02,0,0,0,0,p
2024-03-09 07:36,1.558,0.018,0,0,0,0,p
2024-03-09 07:42,1.55,0.022,0,0,0,0,p
2024-03-09 07:48,1.551,0.02,0,0,0,0,p
2024-03-09 07:54,1.54,0.018,1,0,0,0,p
2024-03-09 08:00,1.524,0.02,1,0,0,0,p
2024-03-09 08:06,1.514,0.018,0,0,0,0,p
2024-03-09 08:12,1.49,0.021,0,0,0,0,p
2024-03-09 08:18,1.465,0.017,1,0,0,0,p
2024-03-09 08:24,1.446,0.018,1,0,0,0,p
2024-03-09 08:30,1.418,0.021,0,0,0,0,p
2024-03-09 08:36,1.393,0.02,0,0,0,0,p
2024-03-09 08:42,1.379,0.024,0,0,0,0,p
2024-03-09 08:48,1.361,0.023,1,0,0,0,p
2024-03-09 08:54,1.338,0.024,0,0,0,0,p
2024-03-09 09:00,1.307,0.028,1,0,0,0,p
2024-03-09 09:06,1.269,0.029,0,0,0,0,p
2024-03-09 09:12,1.226,0.029,0,0,0,0,p
2024-03-09 09:18,1.202,0.029,0,0,0,0,p
2024-03-09 09:24,1.178,0.028,0,0,0,0,p
2024-03-09 09:30,1.159,0.026,0,0,0,0,p
2024-03-09 09:36,1.142,0.025,1,0,0,0,p
2024-03-09 09:42,1.122,0.017,1,0,0,0,p
2024-03-09 09:48,1.108,0.013,1,0,0,0,p
2024-03-09 09:54,1.089,0.009,0,0,0,0,p
2024-03-09 10:00,1.073,0.008,0,0,0,0,p
2024-03-09 10:06,1.047,0.008,0,0,0,0,p
2024-03-09 10:12,1.026,0.007,0,0,0,0,p
2024-03-09 10:18,1.014,0.008,0,0,0,0,p
2024-03-09 10:24,0.995,0.007,0,0,0,0,p
2024-03-09 10:30,0.981,0.007,0,0,0,0,p
2024-03-09 10:36,0.965,0.006,0,0,0,0,p
2024-03-09 10:42,0.962,0.006,0,0,0,0,p
2024-03-09 10:48,0.95,0.007,0,0,0,0,p
2024-03-09 10:54,0.936,0.007,0,0,0,0,p
2024-03-09 11:00,,,1,1,1,1,p
2024-03-09 11:06,,,1,1,1,1,p
2024-03-09 11:12,,,1,1,1,1,p
2024-03-09 11:18,,,1,1,1,1,p
2024-03-09 11:24,,,1,1,1,1,p
2024-03-09 11:30,,,1,1,1,1,p
2024-03-09 11:36,,,1,1,1,1,p
2024-03-09 11:42,,,1,1,1,1,p
2024-03-09 11:48,,,1,1,1,1,p
2024-03-09 11:54,,,1,1,1,1,p
2024-03-09 12:00,,,1,1,1,1,p
2024-03-09 12:06,,,1,1,1,1,p
2024-03-09 12:12,,,1,1,1,1,p
2024-03-09 12:18,,,1,1,1,1,p
2024-03-09 12:24,,,1,1,1,1,p
2024-03-09 12:30,,,1,1,1,1,p
2024-03-09 12:36,,,1,1,1,1,p
2024-03-09 12:42,,,1,1,1,1,p
2024-03-09 12:48,,,1,1,1,1,p
2024-03-09 12:54,,,1,1,1,1,p
2024-03-09 13:00,,,1,1,1,1,p
2024-03-09 13:06,,,1,1,1,1,p
2024-03-09 13:12,,,1,1,1,1,p
2024-03-09 13:18,0.932,0.011,0,0,0,0,p
2024-03-09 13:24,0.936,0.009,0,0,0,0,p
2024-03-09 13:30,0.953,0.008,0,0,0,0,p
2024-03-09 13:36,0.972,0.009,0,0,0,0,p
2024-03-09 13:42,0.977,0.008,0,0,0,0,p
2024-03-09 13:48,0.984,0.011,1,0,0,0,p
2024-03-09 13:54,0.999,0.007,0,0,0,0,p
2024-03-09 14:00,1.007,0.008,0,0,0,0,p
2024-03-09 14:06,1.028,0.011,0,0,0,0,p
2024-03-09 14:12,1.04,0.009,0,0,0,0,p
2024-03-09 14:18,1.062,0.011,0,0,0,0,p
2024-03-09 14:24,1.094,0.012,1,0,0,0,p
2024-03-09 14:30,1.096,0.013,1,0,0,0,p
2024-03-09 14:36,1.113,0.028,1,0,0,0,p
2024-03-09 14:42,1.132,0.025,0,0,0,0,p
2024-03-09 14:48,1.147,0.035,0,0,0,0,p
2024-03-09 14:54,1.165,0.035,0,0,0,0,p
2024-03-09 15:00,1.192,0.034,0,0,0,0,p
2024-03-09 15:06,1.225,0.039,0,0,0,0,p
2024-03-09 15:12,1.26,0.04,1,0,0,0,p
2024-03-09 15:18,1.297,0.034,0,0,0,0,p
2024-03-09 15:24,1.327,0.03,0,0,0,0,p
2024-03-09 15:30,1.353,0.025,1,0,0,0,p
2024-03-09 15:36,1.381,0.026,1,0,0,0,p
2024-03-09 15:42,1.412,0.024,0,0,0,0,p
2024-03-09 15:48,1.45,0.027,0,0,0,0,p
2024-03-09 15:54,1.483,0.019,1,0,0,0,p
2024-03-09 16:00,1.505,0.018,0,0,0,0,p
2024-03-09 16:06,1.543,0.019,0,0,0,0,p
2024-03-09 16:12,1.583,0.019,1,0,0,0,p
2024-03-09 16:18,1.61,0.014,1,0,0,0,p
2024-03-09 16:24,1.639,0.019,0,0,0,0,p
2024-03-09 16:30,1.672,0.017,0,0,0,0,p
2024-03-09 16:36,1.701,0.019,0,0,0,0,p
2024-03-09 16:42,1.73,0.018,0,0,0,0,p
2024-03-09 16:48,1.751,0.017,0,0,0,0,p
2024-03-09 16:54,1.767,0.016,0,0,0,0,p
2024-03-09 17:00,1.778,0.016,1,0,0,0,p
2024-03-09 17:06,1.806,0.018,1,0,0,0,p
2024-03-09 17:12,1.831,0.022,0,0,0,0,p
2024-03-09 17:18,1.849,0.014,1,0,0,0,p
2024-03-09 17:24,1.859,0.014,1,0,0,0,p
2024-03-09 17:30,1.882,0.013,1,0,0,0,p
2024-03-09 17:36,1.904,0.016,1,0,0,0,p
2024-03-09 17:42,1.921,0.017,0,0,0,0,p
2024-03-09 17:48,1.94,0.015,1,0,0,0,p
2024-03-09 17:54,1.946,0.014,0,0,0,0,p
2024-03-09 18:00,1.954,0.014,0,0,0,0,p
2024-03-09 18:06,1.975,0.019,0,0,0,0,p
2024-03-09 18:12,1.98,0.016,0,0,0,0,p
2024-03-09 18:18,1.991,0.011,1,0,0,0,p
2024-03-09 18:24,1.991,0.017,0,0,0,0,p
2024-03-09 18:30,1.987,0.02,0,0,0,0,p
2024-03-09 18:36,1.984,0.015,0,0,0,0,p
2024-03-09 18:42,1.976,0.02,0,0,0,0,p
2024-03-09 18:48,1.968,0.02,0,0,0,0,p
2024-03-09 18:54,1.94,0.017,1,0,0,0,p
2024-03-09 19:00,1.923,0.02,0,0,0,0,p
2024-03-09 19:06,1.921,0.017,1,0,0,0,p
2024-03-09 19:12,1.896,0.019,0,0,0,0,p
2024-03-09 19:18,1.865,0.016,1,0,0,0,p
2024-03-09 19:24,1.842,0.02,0,0,0,0,p
2024-03-09 19:30,1.796,0.025,0,0,0,0,p
2024-03-09 19:36,1.761,0.017,1,0,0,0,p
2024-03-09 19:42,1.738,0.028,0,0,0,0,p
2024-03-09 19:48,1.71,0.028,0,0,0,0,p
2024-03-09 19:54,1.671,0.025,0,0,0,0,p
2024-03-09 20:00,1.634,0.023,0,0,0,0,p
2024-03-09 20:06,1.603,0.022,1,0,0,0,p
2024-03-09 20:12,1.559,0.023,0,0,0,0,p
2024-03-09 20:18,1.506,0.024,0,0,0,0,p
2024-03-09 20:24,1.461,0.024,0,0,0,0,p
2024-03-09 20:30,1.404,0.026,0,0,0,0,p
2024-03-09 20:36,1.355,0.035,0,0,0,0,p
2024-03-09 20:42,1.289,0.04,1,0,0,0,p
2024-03-09 20:48,1.23,0.038,1,0,0,0,p
2024-03-09 20:54,1.18,0.034,0,0,0,0,p
2024-03-09 21:00,1.137,0.028,0,0,0,0,p
2024-03-09 21:06,1.114,0.019,1,0,0,0,p
2024-03-09 21:12,1.098,0.005,0,0,0,0,p
2024-03-09 21:18,1.063,0.008,0,0,0,0,p
2024-03-09 21:24,1.032,0.008,0,0,0,0,p
2024-03-09 21:30,1.011,0.007,0,0,0,0,p
2024-03-09 21:36,0.981,0.004,1,0,0,0,p
2024-03-09 21:42,0.961,0.003,0,0,0,0,p
2024-03-09 21:48,0.933,0.003,0,0,0,0,p
2024-03-09 21:54,,,1,1,1,1,p
2024-03-09 22:00,,,1,1,1,1,p
2024-03-09 22:06,,,1,1,1,1,p
2024-03-09 22:12,,,1,1,1,1,p
2024-03-09 22:18,,,1,1,1,1,p
2024-03-09 22:24,,,1,1,1,1,p
2024-03-09 22:30,,,1,1,1,1,p
2024-03-09 22:36,,,1,1,1,1,p
2024-03-09 22:42,,,1,1,1,1,p
2024-03-09 22:48,,,1,1,1,1,p
2024-03-09 22:54,,,1,1,1,1,p
2024-03-09 23:00,,,1,1,1,1,p
2024-03-09 23:06,,,1,1,1,1,p
2024-03-09 23:12,,,1,1,1,1,p
2024-03-09 23:18,,,1,1,1,1,p
2024-03-09 23:24,,,1,1,1,1,p
2024-03-09 23:30,,,1,1,1,1,p
2024-03-09 23:36,,,1,1,1,1,p
2024-03-09 23:42,,,1,1,1,1,p
2024-03-09 23:48,,,1,1,1,1,p
2024-03-09 23:54,,,1,1,1,1,p
2024-03-10 00:00,,,1,1,1,1,p
2024-03-10 00:06,,,1,1,1,1,p
2024-03-10 00:12,,,1,1,1,1,p
2024-03-10 00:18,,,1,1,1,1,p
2024-03-10 00:24,,,1,1,1,1,p
2024-03-10 00:30,,,1,1,1,1,p
2024-03-10 00:36,,,1,1,1,1,p
2024-03-10 00:42,,,1,1,1,1,p
2024-03-10 00:48,,,1,1,1,1,p
2024-03-10 00:54,,,1,1,1,1,p
2024-03-10 01:00,,,1,1,1,1,p
2024-03-10 01:06,,,1,1,1,1,p
2024-03-10 01:12,,,1,1,1,1,p
2024-03-10 01:18,,,1,1,1,1,p
2024-03-10 01:24,,,1,1,1,1,p
2024-03-10 01:30,,,1,1,1,1,p
2024-03-10 01:36,,,1,1,1,1,p
2024-03-10 01:42,,,1,1,1,1,p
2024-03-10 01:48,,,1,1,1,1,p
2024-03-10 01:54,,,1,1,1,1,p
2024-03-10 02:00,,,1,1,1,1,p
2024-03-10 02:06,,,1,1,1,1,p
2024-03-10 02:12,,,1,1,1,1,p
2024-03-10 02:18,,,1,1,1,1,p
2024-03-10 02:24,,,1,1,1,1,p
2024-03-10 02:30,,,1,1,1,1,p
2024-03-10 02:36,,,1,1,1,1,p
2024-03-10 02:42,,,1,1,1,1,p
2024-03-10 02:48,,,1,1,1,1,p
2024-03-10 02:54,,,1,1,1,1,p
2024-03-10 03:00,,,1,1,1,1,p
2024-03-10 03:06,,,1,1,1,1,p
2024-03-10 03:12,,,1,1,1,1,p
2024-03-10 03:18,,,1,1,1,1,p
2024-03-10 03:24,,,1,1,1,1,p
2024-03-10 03:30,,,1,1,1,1,p
2024-03-10 03:36,,,1,1,1,1,p
2024-03-10 03:42,,,1,1,1,1,p
2024-03-10 03:48,,,1,1,1,1,p
2024-03-10 03:54,,,1,1,1,1,p
2024-03-10 04:00,,,1,1,1,1,p
2024-03-10 04:06,,,1,1,1,1,p
2024-03-10 04:12,0.957,0.009,0,0,0,0,p
2024-03-10 04:18,0.984,0.011,1,0,0,0,p
2024-03-10 04:24,1.011,0.012,0,0,0,0,p
2024-03-10 04:30,1.043,0.009,0,0,0,0,p
2024-03-10 04:36,1.072,0.013,0,0,0,0,p
2024-03-10 04:42,1.106,0.016,0,0,0,0,p
2024-03-10 04:48,1.129,0.014,0,0,0,0,p
2024-03-10 04:54,1.162,0.017,0,0,0,0,p
2024-03-10 05:00,1.194,0.027,1,0,0,0,p
2024-03-10 05:06,1.218,0.04,0,0,0,0,p
2024-03-10 05:12,1.251,0.043,0,0,0,0,p
2024-03-10 05:18,1.269,0.043,0,0,0,0,p
2024-03-10 05:24,1.298,0.042,0,0,0,0,p
2024-03-10 05:30,1.333,0.04,0,0,0,0,p
2024-03-10 05:36,1.362,0.038,1,0,0,0,p
2024-03-10 05:42,1.391,0.038,0,0,0,0,p
2024-03-10 05:48,1.411,0.041,0,0,0,0,p
2024-03-10 05:54,1.438,0.035,1,0,0,0,p
2024-03-10 06:00,1.474,0.038,1,0,0,0,p
2024-03-10 06:06,1.518,0.038,1,0,0,0,p
2024-03-10 06:12,1.552,0.042,0,0,0,0,p
2024-03-10 06:18,1.567,0.038,0,0,0,0,p
2024-03-10 06:24,1.587,0.029,1,0,0,0,p
2024-03-10 06:30,1.598,0.029,0,0,0,0,p
2024-03-10 06:36,1.623,0.034,0,0,0,0,p
2024-03-10 06:42,1.656,0.03,1,0,0,0,p
2024-03-10 06:48,1.675,0.028,0,0,0,0,p
2024-03-10 06:54,1.687,0.027,0,0,0,0,p
2024-03-10 07:00,1.693,0.027,0,0,0,0,p
2024-03-10 07:06,1.708,0.025,0,0,0,0,p
2024-03-10 07:12,1.721,0.033,0,0,0,0,p
2024-03-10 07:18,1.717,0.034,1,0,0,0,p
2024-03-10 07:24,1.715,0.03,1,0,0,0,p
2024-03-10 07:30,1.718,0.039,1,0,0,0,p
2024-03-10 07:36,1.725,0.036,1,0,0,0,p
2024-03-10 07:42,1.732,0.036,1,0,0,0,p
2024-03-10 07:48,1.739,0.033,1,0,0,0,p
2024-03-10 07:54,1.735,0.026,0,0,0,0,p
2024-03-10 08:00,1.734,0.034,1,0,0,0,p
2024-03-10 08:06,1.725,0.037,1,0,0,0,p
2024-03-10 08:12,1.712,0.041,1,0,0,0,p
2024-03-10 08:18,1.698,0.037,1,0,0,0,p
2024-03-10 08:24,1.682,0.036,0,0,0,0,p
2024-03-10 08:30,1.659,0.032,1,0,0,0,p
2024-03-10 08:36,1.632,0.031,0,0,0,0,p
2024-03-10 08:42,1.612,0.03,1,0,0,0,p
2024-03-10 08:48,1.593,0.029,1,0,0,0,p
2024-03-10 08:54,1.572,0.03,0,0,0,0,p
2024-03-10 09:00,1.546,0.034,0,0,0,0,p
2024-03-10 09:06,1.521,0.033,1,0,0,0,p
2024-03-10 09:12,1.483,0.034,1,0,0,0,p
2024-03-10 09:18,1.439,0.048,0,0,0,0,p
2024-03-10 09:24,1.415,0.045,0,0,0,0,p
2024-03-10 09:30,1.387,0.048,0,0,0,0,p
2024-03-10 09:36,1.351,0.048,0,0,0,0,p
2024-03-10 09:42,1.327,0.044,0,0,0,0,p
2024-03-10 09:48,1.295,0.045,0,0,0,0,p
2024-03-10 09:54,1.263,0.042,0,0,0,0,p
2024-03-10 10:00,1.237,0.035,1,0,0,0,p
2024-03-10 10:06,1.222,0.033,1,0,0,0,p
2024-03-10 10:12,1.193,0.023,1,0,0,0,p
2024-03-10 10:18,1.181,0.024,1,0,0,0,p
2024-03-10 10:24,1.171,0.009,0,0,0,0,p
2024-03-10 10:30,1.144,0.012,0,0,0,0,p
2024-03-10 10:36,1.125,0.01,0,0,0,0,p
2024-03-10 10:42,1.091,0.01,0,0,0,0,p
2024-03-10 10:48,1.059,0.009,0,0,0,0,p
2024-03-10 10:54,1.044,0.01,1,0,0,0,p
2024-03-10 11:00,1.022,0.009,0,0,0,0,p
2024-03-10 11:06,1.007,0.006,1,0,0,0,p
2024-03-10 11:12,0.99,0.006,1,0,0,0,p
2024-03-10 11:18,0.974,0.007,0,0,0,0,p
2024-03-10 11:24,0.965,0.009,0,0,0,0,p
2024-03-10 11:30,0.944,0.005,1,0,0,0,p
2024-03-10 11:36,0.959,0.013,0,0,0,0,p
2024-03-10 11:42,0.932,0.004,1,0,0,0,p
2024-03-10 11:48,,,1,1,1,1,p
2024-03-10 11:54,,,1,1,1,1,p
2024-03-10 12:00,,,1,1,1,1,p
2024-03-10 12:06,,,1,1,1,1,p
2024-03-10 12:12,,,1,1,1,1,p
2024-03-10 12:18,,,1,1,1,1,p
2024-03-10 12:24,,,1,1,1,1,p
2024-03-10 12:30,,,1,1,1,1,p
2024-03-10 12:36,,,1,1,1,1,p
2024-03-10 12:42,,,1,1,1,1,p
2024-03-10 12:48,,,1,1,1,1,p
2024-03-10 12:54,,,1,1,1,1,p
2024-03-10 13:00,,,1,1,1,1,p
2024-03-10 13:06,,,1,1,1,1,p
2024-03-10 13:12,,,1,1,1,1,p
2024-03-10 13:18,,,1,1,1,1,p
2024-03-10 13:24,,,1,1,1,1,p
2024-03-10 13:30,,,1,1,1,1,p
2024-03-10 13:36,,,1,1,1,1,p
2024-03-10 13:42,,,1,1,1,1,p
2024-03-10 13:48,,,1,1,1,1,p
2024-03-10 13:54,,,1,1,1,1,p
2024-03-10 14:00,,,1,1,1,1,p
2024-03-10 14:06,,,1,1,1,1,p
2024-03-10 14:12,,,1,1,1,1,p
2024-03-10 14:18,,,1,1,1,1,p
2024-03-10 14:24,,,1,1,1,1,p
2024-03-10 14:30,0.932,0.008,0,0,0,0,p
2024-03-10 14:36,0.94,0.011,0,0,0,0,p
2024-03-10 14:42,0.958,0.014,0,0,0,0,p
2024-03-10 14:48,0.973,0.01,0,0,0,0,p
2024-03-10 14:54,0.984,0.014,0,0,0,0,p
2024-03-10 15:00,0.994,0.009,0,0,0,0,p
2024-03-10 15:06,1.003,0.01,0,0,0,0,p
2024-03-10 15:12,1.035,0.011,0,0,0,0,p
2024-03-10 15:18,1.063,0.014,1,0,0,0,p
2024-03-10 15:24,1.07,0.015,0,0,0,0,p
2024-03-10 15:30,1.113,0.021,1,0,0,0,p
2024-03-10 15:36,1.143,0.031,1,0,0,0,p
2024-03-10 15:42,1.159,0.027,1,0,0,0,p
2024-03-10 15:48,1.183,0.032,0,0,0,0,p
2024-03-10 15:54,1.185,0.027,1,0,0,0,p
2024-03-10 16:00,1.21,0.034,1,0,0,0,p
2024-03-10 16:06,1.215,0.041,1,0,0,0,p
2024-03-10 16:12,1.24,0.043,0,0,0,0,p
2024-03-10 16:18,1.269,0.048,1,0,0,0,p
2024-03-10 16:24,1.306,0.046,0,0,0,0,p
2024-03-10 16:30,1.343,0.045,0,0,0,0,p
2024-03-10 16:36,1.368,0.046,1,0,0,0,p
2024-03-10 16:42,1.409,0.044,1,0,0,0,p
2024-03-10 16:48,1.456,0.047,0,0,0,0,p
2024-03-10 16:54,1.49,0.05,0,0,0,0,p
2024-03-10 17:00,1.521,0.045,0,0,0,0,p
2024-03-10 17:06,1.548,0.042,1,0,0,0,p
2024-03-10 17:12,1.586,0.051,1,0,0,0,p
2024-03-10 17:18,1.606,0.051,1,0,0,0,p
2024-03-10 17:24,1.63,0.049,0,0,0,0,p
2024-03-10 17:30,1.658,0.046,0,0,0,0,p
2024-03-10 17:36,1.682,0.043,1,0,0,0,p
2024-03-10 17:42,1.714,0.04,0,0,0,0,p
2024-03-10 17:48,1.736,0.032,1,0,0,0,p
2024-03-10 17:54,1.757,0.039,1,0,0,0,p
2024-03-10 18:00,1.78,0.041,0,0,0,0,p
2024-03-10 18:06,1.808,0.037,0,0,0,0,p
2024-03-10 18:12,1.837,0.03,1,0,0,0,p
2024-03-10 18:18,1.859,0.037,1,0,0,0,p
2024-03-10 18:24,1.88,0.038,0,0,0,0,p
2024-03-10 18:30,1.895,0.041,1,0,0,0,p
2024-03-10 18:36,1.928,0.038,1,0,0,0,p
2024-03-10 18:42,1.939,0.034,0,0,0,0,p
2024-03-10 18:48,1.949,0.04,0,0,0,0,p
2024-03-10 18:54,1.958,0.03,1,0,0,0,p
2024-03-10 19:00,1.961,0.033,0,0,0,0,p
2024-03-10 19:06,1.966,0.033,0,0,0,0,p
2024-03-10 19:12,1.971,0.038,0,0,0,0,p
2024-03-10 19:18,1.969,0.04,0,0,0,0,p
2024-03-10 19:24,1.966,0.035,0,0,0,0,p
2024-03-10 19:30,1.946,0.046,0,0,0,0,p
2024-03-10 19:36,1.933,0.031,0,0,0,0,p
2024-03-10 19:42,1.929,0.035,0,0,0,0,p
2024-03-10 19:48,1.926,0.04,0,0,0,0,p
2024-03-10 19:54,1.914,0.038,1,0,0,0,p
2024-03-10 20:00,1.892,0.038,0,0,0,0,p
2024-03-10 20:06,1.859,0.041,0,0,0,0,p
2024-03-10 20:12,1.837,0.035,0,0,0,0,p
2024-03-10 20:18,1.808,0.034,1,0,0,0,p
2024-03-10 20:24,1.778,0.041,1,0,0,0,p
2024-03-10 20:30,1.747,0.039,0,0,0,0,p
2024-03-10 20:36,1.726,0.044,1,0,0,0,p
2024-03-10 20:42,1.681,0.048,0,0,0,0,p
2024-03-10 20:48,1.662,0.045,1,0,0,0,p
2024-03-10 20:54,1.63,0.041,1,0,0,0,p
2024-03-10 21:00,1.58,0.054,1,0,0,0,p
2024-03-10 21:06,1.538,0.057,0,0,0,0,p
2024-03-10 21:12,1.48,0.063,0,0,0,0,p
2024-03-10 21:18,1.44,0.055,0,0,0,0,p
2024-03-10 21:24,1.403,0.056,0,0,0,0,p
2024-03-10 21:30,1.357,0.06,0,0,0,0,p
2024-03-10 21:36,1.315,0.054,0,0,0,0,p
2024-03-10 21:42,1.286,0.051,1,0,0,0,p
2024-03-10 21:48,1.258,0.037,1,0,0,0,p
2024-03-10 21:54,1.226,0.026,1,0,0,0,p
2024-03-10 22:00,1.219,0.018,0,0,0,0,p
2024-03-10 22:06,1.163,0.012,0,0,0,0,p
2024-03-10 22:12,1.133,0.011,0,0,0,0,p
2024-03-10 22:18,1.104,0.011,0,0,0,0,p
2024-03-10 22:24,1.072,0.011,0,0,0,0,p
2024-03-10 22:30,1.052,0.013,1,0,0,0,p
2024-03-10 22:36,1.026,0.011,0,0,0,0,p
2024-03-10 22:42,1.003,0.009,0,0,0,0,p
2024-03-10 22:48,0.994,0.013,0,0,0,0,p
2024-03-10 22:54,0.966,0.011,1,0,0,0,p
2024-03-10 23:00,0.951,0.01,0,0,0,0,p
2024-03-10 23:06,,,1,1,1,1,p
2024-03-10 23:12,,,1,1,1,1,p
2024-03-10 23:18,,,1,1,1,1,p
2024-03-10 23:24,,,1,1,1,1,p
2024-03-10 23:30,,,1,1,1,1,p
2024-03-10 23:36,,,1,1,1,1,p
2024-03-10 23:42,,,1,1,1,1,p
2024-03-10 23:48,,,1,1,1,1,p
2024-03-10 23:54,,,1,1,1,1,p
2024-03-11 00:00,,,1,1,1,1,p
2024-03-11 00:06,,,1,1,1,1,p
2024-03-11 00:12,,,1,1,1,1,p
2024-03-11 00:18,,,1,1,1,1,p
2024-03-11 00:24,,,1,1,1,1,p
2024-03-11 00:30,,,1,1,1,1,p
2024-03-11 00:36,,,1,1,1,1,p
2024-03-11 00:42,,,1,1,1,1,p
2024-03-11 00:48,,,1,1,1,1,p
2024-03-11 00:54,,,1,1,1,1,p
2024-03-11 01:00,,,1,1,1,1,p
2024-03-11 01:06,,,1,1,1,1,p
2024-03-11 01:12,,,1,1,1,1,p
2024-03-11 01:18,,,1,1,1,1,p
2024-03-11 01:24,,,1,1,1,1,p
2024-03-11 01:30,,,1,1,1,1,p
2024-03-11 01:36,,,1,1,1,1,p
2024-03-11 01:42,,,1,1,1,1,p
2024-03-11 01:48,,,1,1,1,1,p
2024-03-11 01:54,,,1,1,1,1,p
2024-03-11 02:00,,,1,1,1,1,p
2024-03-11 02:06,,,1,1,1,1,p
2024-03-11 02:12,,,1,1,1,1,p
2024-03-11 02:18,,,1,1,1,1,p
2024-03-11 02:24,,,1,1,1,1,p
2024-03-11 02:30,,,1,1,1,1,p
2024-03-11 02:36,,,1,1,1,1,p
2024-03-11 02:42,,,1,1,1,1,p
2024-03-11 02:48,,,1,1,1,1,p
2024-03-11 02:54,,,1,1,1,1,p
2024-03-11 03:00,,,1,1,1,1,p
2024-03-11 03:06,,,1,1,1,1,p
2024-03-11 03:12,,,1,1,1,1,p
2024-03-11 03:18,,,1,1,1,1,p
2024-03-11 03:24,,,1,1,1,1,p
2024-03-11 03:30,,,1,1,1,1,p
2024-03-11 03:36,,,1,1,1,1,p
2024-03-11 03:42,,,1,1,1,1,p
2024-03-11 03:48,,,1,1,1,1,p
2024-03-11 03:54,,,1,1,1,1,p
2024-03-11 04:00,,,1,1,1,1,p
2024-03-11 04:06,,,1,1,1,1,p
2024-03-11 04:12,0.951,0.021,0,0,0,0,p
2024-03-11 04:18,0.979,0.019,0,0,0,0,p
2024-03-11 04:24,0.977,0.014,0,0,0,0,p
2024-03-11 04:30,1.011,0.015,0,0,0,0,p
2024-03-11 04:36,1.037,0.012,1,0,0,0,p
2024-03-11 04:42,1.066,0.019,0,0,0,0,p
2024-03-11 04:48,1.095,0.021,0,0,0,0,p
2024-03-11 04:54,1.132,0.014,0,0,0,0,p
2024-03-11 05:00,1.185,0.049,1,0,0,0,p
2024-03-11 05:06,1.202,0.049,0,0,0,0,p
2024-03-11 05:12,1.231,0.055,1,0,0,0,p
2024-03-11 05:18,1.262,0.06,0,0,0,0,p
2024-03-11 05:24,1.299,0.071,0,0,0,0,p
2024-03-11 05:30,1.331,0.067,0,0,0,0,p
2024-03-11 05:36,1.367,0.07,0,0,0,0,p
2024-03-11 05:42,1.421,0.062,0,0,0,0,p
2024-03-11 05:48,1.468,0.051,0,0,0,0,p
2024-03-11 05:54,1.478,0.067,0,0,0,0,p
2024-03-11 06:00,1.511,0.067,0,0,0,0,p
2024-03-11 06:06,1.539,0.058,0,0,0,0,p
2024-03-11 06:12,1.582,0.057,0,0,0,0,p
2024-03-11 06:18,1.61,0.059,0,0,0,0,p
2024-03-11 06:24,1.651,0.054,0,0,0,0,p
2024-03-11 06:30,1.684,0.066,0,0,0,0,p
2024-03-11 06:36,1.715,0.066,1,0,0,0,p
2024-03-11 06:42,1.73,0.067,0,0,0,0,p
2024-03-11 06:48,1.779,0.057,1,0,0,0,p
2024-03-11 06:54,1.776,0.07,0,0,0,0,p
2024-03-11 07:00,1.811,0.062,0,0,0,0,p
2024-03-11 07:06,1.83,0.06,0,0,0,0,p
2024-03-11 07:12,1.856,0.061,0,0,0,0,p
2024-03-11 07:18,1.884,0.061,1,0,0,0,p
2024-03-11 07:24,1.904,0.058,0,0,0,0,p
2024-03-11 07:30,1.919,0.055,0,0,0,0,p
2024-03-11 07:36,1.926,0.067,0,0,0,0,p
2024-03-11 07:42,1.935,0.065,1,0,0,0,p
2024-03-11 07:48,1.937,0.06,0,0,0,0,p
2024-03-11 07:54,1.932,0.053,1,0,0,0,p
2024-03-11 08:00,1.938,0.055,0,0,0,0,p
2024-03-11 08:06,1.939,0.045,1,0,0,0,p
2024-03-11 08:12,1.943,0.05,1,0,0,0,p
2024-03-11 08:18,1.941,0.056,1,0,0,0,p
2024-03-11 08:24,1.936,0.06,1,0,0,0,p
2024-03-11 08:30,1.912,0.06,1,0,0,0,p
2024-03-11 08:36,1.896,0.081,0,0,0,0,p
2024-03-11 08:42,1.857,0.07,0,0,0,0,p
2024-03-11 08:48,1.875,0.065,0,0,0,0,p
2024-03-11 08:54,1.843,0.064,1,0,0,0,p
2024-03-11 09:00,1.827,0.074,0,0,0,0,p
2024-03-11 09:06,1.817,0.078,1,0,0,0,p
2024-03-11 09:12,1.794,0.07,1,0,0,0,p
2024-03-11 09:18,1.779,0.073,1,0,0,0,p
2024-03-11 09:24,1.769,0.07,0,0,0,0,p
2024-03-11 09:30,1.726,0.076,0,0,0,0,p
2024-03-11 09:36,1.702,0.062,1,0,0,0,p
2024-03-11 09:42,1.654,0.077,0,0,0,0,p
2024-03-11 09:48,1.65,0.064,0,0,0,0,p
2024-03-11 09:54,1.575,0.068,0,0,0,0,p
2024-03-11 10:00,1.538,0.068,0,0,0,0,p
2024-03-11 10:06,1.505,0.07,0,0,0,0,p
2024-03-11 10:12,1.459,0.063,0,0,0,0,p
2024-03-11 10:18,1.407,0.06,0,0,0,0,p
2024-03-11 10:24,1.379,0.058,0,0,0,0,p
2024-03-11 10:30,1.339,0.053,0,0,0,0,p
2024-03-11 10:36,1.322,0.044,1,0,0,0,p
2024-03-11 10:42,1.285,0.031,1,0,0,0,p
2024-03-11 10:48,1.266,0.034,1,0,0,0,p
2024-03-11 10:54,1.249,0.034,1,0,0,0,p
2024-03-11 11:00,1.226,0.012,0,0,0,0,p
2024-03-11 11:06,1.204,0.014,0,0,0,0,p
2024-03-11 11:12,1.163,0.012,0,0,0,0,p
2024-03-11 11:18,1.137,0.015,0,0,0,0,p
2024-03-11 11:24,1.122,0.017,0,0,0,0,p
2024-03-11 11:30,1.091,0.015,0,0,0,0,p
2024-03-11 11:36,1.076,0.011,0,0,0,0,p
2024-03-11 11:42,1.044,0.016,0,0,0,0,p
2024-03-11 11:48,1.046,0.013,1,0,0,0,p
2024-03-11 11:54,1.029,0.016,0,0,0,0,p
2024-03-11 12:00,1.017,0.011,0,0,0,0,p
2024-03-11 12:06,0.991,0.012,0,0,0,0,p
2024-03-11 12:12,0.964,0.011,0,0,0,0,p
2024-03-11 12:18,0.946,0.013,0,0,0,0,p
2024-03-11 12:24,0.929,0.008,0,0,0,0,p
2024-03-11 12:30,,,1,1,1,1,p
2024-03-11 12:36,,,1,1,1,1,p
2024-03-11 12:42,,,1,1,1,1,p
2024-03-11 12:48,,,1,1,1,1,p
2024-03-11 12:54,,,1,1,1,1,p
2024-03-11 13:00,,,1,1,1,1,p
2024-03-11 13:06,,,1,1,1,1,p
2024-03-11 13:12,,,1,1,1,1,p
2024-03-11 13:18,,,1,1,1,1,p
2024-03-11 13:24,,,1,1,1,1,p
2024-03-11 13:30,,,1,1,1,1,p
2024-03-11 13:36,,,1,1,1,1,p
2024-03-11 13:42,,,1,1,1,1,p
2024-03-11 13:48,,,1,1,1,1,p
2024-03-11 13:54,,,1,1,1,1,p
2024-03-11 14:00,,,1,1,1,1,p
2024-03-11 14:06,,,1,1,1,1,p
2024-03-11 14:12,,,1,1,1,1,p
2024-03-11 14:18,,,1,1,1,1,p
2024-03-11 14:24,,,1,1,1,1,p
2024-03-11 14:30,,,1,1,1,1,p
2024-03-11 14:36,,,1,1,1,1,p
2024-03-11 14:42,,,1,1,1,1,p
2024-03-11 14:48,,,1,1,1,1,p
2024-03-11 14:54,,,1,1,1,1,p
2024-03-11 15:00,,,1,1,1,1,p
2024-03-11 15:06,,,1,1,1,1,p
2024-03-11 15:12,,,1,1,1,1,p
2024-03-11 15:18,,,1,1,1,1,p
2024-03-11 15:24,,,1,1,1,1,p
2024-03-11 15:30,,,1,1,1,1,p
2024-03-11 15:36,,,1,1,1,1,p
2024-03-11 15:42,,,1,1,1,1,p
2024-03-11 15:48,,,1,1,1,1,p
2024-03-11 15:54,0.932,0.022,0,0,0,0,p
2024-03-11 16:00,0.932,0.022,0,0,0,0,p
2024-03-11 16:06,0.957,0.016,0,0,0,0,p
2024-03-11 16:12,0.987,0.02,1,0,0,0,p
2024-03-11 16:18,1.005,0.024,0,0,0,0,p
2024-03-11 16:24,1.021,0.027,0,0,0,0,p
2024-03-11 16:30,1.059,0.02,0,0,0,0,p
2024-03-11 16:36,1.083,0.025,0,0,0,0,p
2024-03-11 16:42,1.11,0.03,0,0,0,0,p
2024-03-11 16:48,1.126,0.024,0,0,0,0,p
2024-03-11 16:54,1.145,0.029,0,0,0,0,p
2024-03-11 17:00,1.163,0.026,0,0,0,0,p
2024-03-11 17:06,1.2,0.037,0,0,0,0,p
2024-03-11 17:12,1.225,0.027,0,0,0,0,p
2024-03-11 17:18,1.244,0.032,1,0,0,0,p
2024-03-11 17:24,1.29,0.026,0,0,0,0,p
2024-03-11 17:30,1.323,0.029,0,0,0,0,p
2024-03-11 17:36,1.314,0.031,0,0,0,0,p
2024-03-11 17:42,1.36,0.029,0,0,0,0,p
2024-03-11 17:48,1.389,0.022,1,0,0,0,p
2024-03-11 17:54,1.418,0.029,0,0,0,0,p
2024-03-11 18:00,1.459,0.036,0,0,0,0,p
2024-03-11 18:06,1.49,0.038,0,0,0,0,p
2024-03-11 18:12,1.518,0.051,0,0,0,0,p
2024-03-11 18:18,1.563,0.038,0,0,0,0,p
2024-03-11 18:24,1.6,0.027,1,0,0,0,p
2024-03-11 18:30,1.605,0.033,0,0,0,0,p
2024-03-11 18:36,1.646,0.03,0,0,0,0,p
2024-03-11 18:42,1.661,0.035,0,0,0,0,p
2024-03-11 18:48,1.672,0.031,0,0,0,0,p
2024-03-11 18:54,1.727,0.035,0,0,0,0,p
2024-03-11 19:00,1.764,0.048,0,0,0,0,p
2024-03-11 19:06,1.747,0.041,0,0,0,0,p
2024-03-11 19:12,1.752,0.032,0,0,0,0,p
2024-03-11 19:18,1.765,0.031,0,0,0,0,p
2024-03-11 19:24,1.791,0.029,0,0,0,0,p
2024-03-11 19:30,1.809,0.025,0,0,0,0,p
2024-03-11 19:36,1.809,0.031,0,0,0,0,p
2024-03-11 19:42,1.812,0.031,0,0,0,0,p
2024-03-11 19:48,1.857,0.031,0,0,0,0,p
2024-03-11 19:54,1.854,0.043,0,0,0,0,p
2024-03-11 20:00,1.858,0.042,0,0,0,0,p
2024-03-11 20:06,1.828,0.039,0,0,0,0,p
2024-03-11 20:12,1.873,0.04,0,0,0,0,p
2024-03-11 20:18,1.839,0.063,0,0,0,0,p
2024-03-11 20:24,1.804,0.028,0,0,0,0,p
2024-03-11 20:30,1.836,0.037,0,0,0,0,p
2024-03-11 20:36,1.828,0.041,0,0,0,0,p
2024-03-11 20:42,1.783,0.038,0,0,0,0,p
2024-03-11 20:48,1.821,0.035,0,0,0,0,p
2024-03-11 20:54,1.776,0.042,0,0,0,0,p
2024-03-11 21:00,1.752,0.029,0,0,0,0,p
2024-03-11 21:06,1.726,0.027,0,0,0,0,p
2024-03-11 21:12,1.701,0.035,0,0,0,0,p
2024-03-11 21:18,1.684,0.045,0,0,0,0,p
2024-03-11 21:24,1.678,0.029,0,0,0,0,p
2024-03-11 21:30,1.641,0.041,0,0,0,0,p
2024-03-11 21:36,1.628,0.033,0,0,0,0,p
2024-03-11 21:42,1.57,0.035,0,0,0,0,p
2024-03-11 21:48,1.531,0.029,0,0,0,0,p
2024-03-11 21:54,1.496,0.024,0,0,0,0,p
2024-03-11 22:00,1.498,0.035,1,0,0,0,p
2024-03-11 22:06,1.446,0.032,0,0,0,0,p
2024-03-11 22:12,1.426,0.036,0,0,0,0,p
2024-03-11 22:18,1.366,0.032,0,0,0,0,p
2024-03-11 22:24,1.352,0.025,0,0,0,0,p
2024-03-11 22:30,1.299,0.025,0,0,0,0,p
2024-03-11 22:36,1.29,0.022,1,0,0,0,p
2024-03-11 22:42,1.236,0.024,0,0,0,0,p
2024-03-11 22:48,1.199,0.015,0,0,0,0,p
2024-03-11 22:54,1.174,0.016,0,0,0,0,p
2024-03-11 23:00,1.141,0.017,0,0,0,0,p
2024-03-11 23:06,1.113,0.019,0,0,0,0,p
2024-03-11 23:12,1.098,0.016,0,0,0,0,p
2024-03-11 23:18,1.089,0.015,0,0,0,0,p
2024-03-11 23:24,1.048,0.012,0,0,0,0,p
2024-03-11 23:30,1.031,0.012,0,0,0,0,p
2024-03-11 23:36,1.002,0.01,0,0,0,0,p
2024-03-11 23:42,0.983,0.012,0,0,0,0,p
2024-03-11 23:48,0.976,0.014,0,0,0,0,p
2024-03-11 23:54,0.95,0.011,1,0,0,0,p
2024-03-12 00:00,0.947,0.011,0,0,0,0,p
2024-03-12 00:06,0.929,0.017,0,0,0,0,p
2024-03-12 00:12,,,1,1,1,1,p
2024-03-12 00:18,,,1,1,1,1,p
2024-03-12 00:24,,,1,1,1,1,p
2024-03-12 00:30,,,1,1,1,1,p
2024-03-12 00:36,,,1,1,1,1,p
2024-03-12 00:42,,,1,1,1,1,p
2024-03-12 00:48,,,1,1,1,1,p
2024-03-12 00:54,,,1,1,1,1,p
2024-03-12 01:00,,,1,1,1,1,p
2024-03-12 01:06,,,1,1,1,1,p
2024-03-12 01:12,,,1,1,1,1,p
2024-03-12 01:18,,,1,1,1,1,p
2024-03-12 01:24,,,1,1,1,1,p
2024-03-12 01:30,,,1,1,1,1,p
2024-03-12 01:36,,,1,1,1,1,p
2024-03-12 01:42,,,1,1,1,1,p
2024-03-12 01:48,,,1,1,1,1,p
2024-03-12 01:54,,,1,1,1,1,p
2024-03-12 02:00,,,1,1,1,1,p
2024-03-12 02:06,,,1,1,1,1,p
2024-03-12 02:12,,,1,1,1,1,p
2024-03-12 02:18,,,1,1,1,1,p
2024-03-12 02:24,,,1,1,1,1,p
2024-03-12 02:30,,,1,1,1,1,p
2024-03-12 02:36,,,1,1,1,1,p
2024-03-12 02:42,,,1,1,1,1,p
2024-03-12 02:48,,,1,1,1,1,p
2024-03-12 02:54,,,1,1,1,1,p
2024-03-12 03:00,,,1,1,1,1,p
2024-03-12 03:06,,,1,1,1,1,p
2024-03-12 03:12,,,1,1,1,1,p
2024-03-12 03:18,,,1,1,1,1,p
2024-03-12 03:24,,,1,1,1,1,p
2024-03-12 03:30,,,1,1,1,1,p
2024-03-12 03:36,,,1,1,1,1,p
2024-03-12 03:42,,,1,1,1,1,p
2024-03-12 03:48,,,1,1,1,1,p
2024-03-12 03:54,,,1,1,1,1,p
2024-03-12 04:00,,,1,1,1,1,p
2024-03-12 04:06,,,1,1,1,1,p
2024-03-12 04:12,,,1,1,1,1,p
2024-03-12 04:18,,,1,1,1,1,p
2024-03-12 04:24,,,1,1,1,1,p
2024-03-12 04:30,,,1,1,1,1,p
2024-03-12 04:36,0.959,0.018,0,0,0,0,p
2024-03-12 04:42,0.959,0.024,0,0,0,0,p
2024-03-12 04:48,0.97,0.017,0,0,0,0,p
2024-03-12 04:54,0.988,0.013,1,0,0,0,p
2024-03-12 05:00,1.054,0.02,0,0,0,0,p
2024-03-12 05:06,1.068,0.014,0,0,0,0,p
2024-03-12 05:12,1.091,0.019,1,0,0,0,p
2024-03-12 05:18,1.109,0.018,1,0,0,0,p
2024-03-12 05:24,1.12,0.023,0,0,0,0,p
2024-03-12 05:30,1.152,0.035,1,0,0,0,p
2024-03-12 05:36,1.2,0.055,1,0,0,0,p
2024-03-12 05:42,1.23,0.058,1,0,0,0,p
2024-03-12 05:48,1.265,0.058,0,0,0,0,p
2024-03-12 05:54,1.312,0.057,0,0,0,0,p
2024-03-12 06:00,1.344,0.076,0,0,0,0,p
2024-03-12 06:06,1.381,0.067,0,0,0,0,p
2024-03-12 06:12,1.431,0.06,0,0,0,0,p
2024-03-12 06:18,1.457,0.059,1,0,0,0,p
2024-03-12 06:24,1.507,0.066,0,0,0,0,p
2024-03-12 06:30,1.542,0.053,1,0,0,0,p
2024-03-12 06:36,1.561,0.065,0,0,0,0,p
2024-03-12 06:42,1.597,0.064,0,0,0,0,p
2024-03-12 06:48,1.612,0.063,0,0,0,0,p
2024-03-12 06:54,1.645,0.056,0,0,0,0,p
2024-03-12 07:00,1.666,0.054,1,0,0,0,p
2024-03-12 07:06,1.711,0.051,0,0,0,0,p
2024-03-12 07:12,1.742,0.051,0,0,0,0,p
2024-03-12 07:18,1.777,0.049,0,0,0,0,p
2024-03-12 07:24,1.806,0.041,0,0,0,0,p
2024-03-12 07:30,1.839,0.041,1,0,0,0,p
2024-03-12 07:36,1.864,0.045,0,0,0,0,p
2024-03-12 07:42,1.873,0.052,1,0,0,0,p
2024-03-12 07:48,1.88,0.043,1,0,0,0,p
2024-03-12 07:54,1.902,0.047,0,0,0,0,p
2024-03-12 08:00,1.915,0.043,0,0,0,0,p
2024-03-12 08:06,1.947,0.047,0,0,0,0,p
2024-03-12 08:12,1.972,0.045,0,0,0,0,p
2024-03-12 08:18,1.971,0.048,0,0,0,0,p
2024-03-12 08:24,1.977,0.048,0,0,0,0,p
2024-03-12 08:30,1.981,0.053,0,0,0,0,p
2024-03-12 08:36,1.983,0.04,0,0,0,0,p
2024-03-12 08:42,1.991,0.044,0,0,0,0,p
2024-03-12 08:48,1.979,0.051,0,0,0,0,p
2024-03-12 08:54,1.967,0.044,0,0,0,0,p
2024-03-12 09:00,1.959,0.049,0,0,0,0,p
2024-03-12 09:06,1.956,0.047,1,0,0,0,p
2024-03-12 09:12,1.944,0.048,0,0,0,0,p
2024-03-12 09:18,1.93,0.043,0,0,0,0,p
2024-03-12 09:24,1.924,0.05,0,0,0,0,p
2024-03-12 09:30,1.891,0.048,0,0,0,0,p
2024-03-12 09:36,1.861,0.045,0,0,0,0,p
2024-03-12 09:42,1.842,0.045,0,0,0,0,p
2024-03-12 09:48,1.825,0.041,1,0,0,0,p
2024-03-12 09:54,1.796,0.035,0,0,0,0,p
2024-03-12 10:00,1.769,0.047,0,0,0,0,p
2024-03-12 10:06,1.75,0.052,0,0,0,0,p
2024-03-12 10:12,1.696,0.04,0,0,0,0,p
2024-03-12 10:18,1.679,0.045,0,0,0,0,p
2024-03-12 10:24,1.627,0.046,0,0,0,0,p
2024-03-12 10:30,1.58,0.046,0,0,0,0,p
2024-03-12 10:36,1.548,0.052,0,0,0,0,p
2024-03-12 10:42,1.5,0.054,0,0,0,0,p
2024-03-12 10:48,1.467,0.048,0,0,0,0,p
2024-03-12 10:54,1.422,0.061,0,0,0,0,p
2024-03-12 11:00,1.367,0.056,0,0,0,0,p
2024-03-12 11:06,1.314,0.047,1,0,0,0,p
2024-03-12 11:12,1.291,0.055,0,0,0,0,p
2024-03-12 11:18,1.257,0.05,1,0,0,0,p
2024-03-12 11:24,1.259,0.021,0,0,0,0,p
2024-03-12 11:30,1.199,0.022,0,0,0,0,p
2024-03-12 11:36,1.174,0.015,0,0,0,0,p
2024-03-12 11:42,1.141,0.017,0,0,0,0,p
2024-03-12 11:48,1.118,0.012,0,0,0,0,p
2024-03-12 11:54,1.092,0.01,0,0,0,0,p
2024-03-12 12:00,1.066,0.009,0,0,0,0,p
2024-03-12 12:06,1.044,0.01,0,0,0,0,p
2024-03-12 12:12,1.026,0.011,0,0,0,0,p
2024-03-12 12:18,1.009,0.01,0,0,0,0,p
2024-03-12 12:24,1.005,0.009,0,0,0,0,p
2024-03-12 12:30,0.981,0.008,0,0,0,0,p
2024-03-12 12:36,0.958,0.007,0,0,0,0,p
2024-03-12 12:42,0.951,0.01,0,0,0,0,p
2024-03-12 12:48,0.935,0.009,1,0,0,0,p
2024-03-12 12:54,,,1,1,1,1,p
2024-03-12 13:00,,,1,1,1,1,p
2024-03-12 13:06,,,1,1,1,1,p
2024-03-12 13:12,,,1,1,1,1,p
2024-03-12 13:18,,,1,1,1,1,p
2024-03-12 13:24,,,1,1,1,1,p
2024-03-12 13:30,,,1,1,1,1,p
2024-03-12 13:36,,,1,1,1,1,p
2024-03-12 13:42,,,1,1,1,1,p
2024-03-12 13:48,,,1,1,1,1,p
2024-03-12 13:54,,,1,1,1,1,p
2024-03-12 14:00,,,1,1,1,1,p
2024-03-12 14:06,,,1,1,1,1,p
2024-03-12 14:12,,,1,1,1,1,p
2024-03-12 14:18,,,1,1,1,1,p
2024-03-12 14:24,,,1,1,1,1,p
2024-03-12 14:30,,,1,1,1,1,p
2024-03-12 14:36,,,1,1,1,1,p
2024-03-12 14:42,,,1,1,1,1,p
2024-03-12 14:48,,,1,1,1,1,p
2024-03-12 14:54,,,1,1,1,1,p
2024-03-12 15:00,,,1,1,1,1,p
2024-03-12 15:06,,,1,1,1,1,p
2024-03-12 15:12,,,1,1,1,1,p
2024-03-12 15:18,,,1,1,1,1,p
2024-03-12 15:24,,,1,1,1,1,p
2024-03-12 15:30,,,1,1,1,1,p
2024-03-12 15:36,,,1,1,1,1,p
2024-03-12 15:42,,,1,1,1,1,p
2024-03-12 15:48,,,1,1,1,1,p
2024-03-12 15:54,,,1,1,1,1,p
2024-03-12 16:00,,,1,1,1,1,p
2024-03-12 16:06,,,1,1,1,1,p
2024-03-12 16:12,,,1,1,1,1,p
2024-03-12 16:18,,,1,1,1,1,p
2024-03-12 16:24,,,1,1,1,1,p
2024-03-12 16:30,,,1,1,1,1,p
2024-03-12 16:36,,,1,1,1,1,p
2024-03-12 16:42,,,1,1,1,1,p
2024-03-12 16:48,,,1,1,1,1,p
2024-03-12 16:54,,,1,1,1,1,p
2024-03-12 17:00,,,1,1,1,1,p
2024-03-12 17:06,,,1,1,1,1,p
2024-03-12 17:12,0.931,0.009,0,0,0,0,p
2024-03-12 17:18,0.957,0.018,0,0,0,0,p
2024-03-12 17:24,0.969,0.013,0,0,0,0,p
2024-03-12 17:30,0.992,0.011,0,0,0,0,p
2024-03-12 17:36,1.013,0.016,0,0,0,0,p
2024-03-12 17:42,1.042,0.011,0,0,0,0,p
2024-03-12 17:48,1.055,0.015,0,0,0,0,p
2024-03-12 17:54,1.077,0.013,1,0,0,0,p
2024-03-12 18:00,1.099,0.019,0,0,0,0,p
2024-03-12 18:06,1.111,0.021,0,0,0,0,p
2024-03-12 18:12,1.126,0.029,1,0,0,0,p
2024-03-12 18:18,1.148,0.033,0,0,0,0,p
2024-03-12 18:24,1.164,0.04,1,0,0,0,p
2024-03-12 18:30,1.178,0.044,0,0,0,0,p
2024-03-12 18:36,1.206,0.048,0,0,0,0,p
2024-03-12 18:42,1.231,0.047,0,0,0,0,p
2024-03-12 18:48,1.265,0.055,0,0,0,0,p
2024-03-12 18:54,1.291,0.059,0,0,0,0,p
2024-03-12 19:00,1.311,0.059,0,0,0,0,p
2024-03-12 19:06,1.333,0.06,0,0,0,0,p
2024-03-12 19:12,1.353,0.057,0,0,0,0,p
2024-03-12 19:18,1.394,0.052,0,0,0,0,p
2024-03-12 19:24,1.443,0.049,1,0,0,0,p
2024-03-12 19:30,1.464,0.045,0,0,0,0,p
2024-03-12 19:36,1.512,0.043,0,0,0,0,p
2024-03-12 19:42,1.539,0.04,1,0,0,0,p
2024-03-12 19:48,1.553,0.044,0,0,0,0,p
2024-03-12 19:54,1.545,0.047,0,0,0,0,p
2024-03-12 20:00,1.541,0.05,0,0,0,0,p
2024-03-12 20:06,1.532,0.051,0,0,0,0,p
2024-03-12 20:12,1.565,0.047,1,0,0,0,p
2024-03-12 20:18,1.609,0.043,1,0,0,0,p
2024-03-12 20:24,1.65,0.039,0,0,0,0,p
2024-03-12 20:30,1.645,0.037,1,0,0,0,p
2024-03-12 20:36,1.655,0.048,0,0,0,0,p
2024-03-12 20:42,1.649,0.045,0,0,0,0,p
2024-03-12 20:48,1.639,0.04,1,0,0,0,p
2024-03-12 20:54,1.632,0.037,1,0,0,0,p
2024-03-12 21:00,1.65,0.042,0,0,0,0,p
2024-03-12 21:06,1.646,0.037,0,0,0,0,p
2024-03-12 21:12,1.649,0.04,1,0,0,0,p
2024-03-12 21:18,1.664,0.04,0,0,0,0,p
2024-03-12 21:24,1.668,0.038,0,0,0,0,p
2024-03-12 21:30,1.658,0.048,0,0,0,0,p
2024-03-12 21:36,1.644,0.044,0,0,0,0,p
2024-03-12 21:42,1.631,0.045,0,0,0,0,p
2024-03-12 21:48,1.602,0.039,1,0,0,0,p
2024-03-12 21:54,1.58,0.046,1,0,0,0,p
2024-03-12 22:00,1.571,0.052,0,0,0,0,p
2024-03-12 22:06,1.55,0.042,0,0,0,0,p
2024-03-12 22:12,1.545,0.043,0,0,0,0,p
2024-03-12 22:18,1.524,0.044,0,0,0,0,p
2024-03-12 22:24,1.504,0.048,1,0,0,0,p
2024-03-12 22:30,1.472,0.04,1,0,0,0,p
2024-03-12 22:36,1.444,0.046,0,0,0,0,p
2024-03-12 22:42,1.405,0.047,0,0,0,0,p
2024-03-12 22:48,1.364,0.049,0,0,0,0,p
2024-03-12 22:54,1.335,0.052,0,0,0,0,p
2024-03-12 23:00,1.299,0.052,0,0,0,0,p
2024-03-12 23:06,1.279,0.043,0,0,0,0,p
2024-03-12 23:12,1.258,0.054,0,0,0,0,p
2024-03-12 23:18,1.223,0.049,0,0,0,0,p
2024-03-12 23:24,1.205,0.046,0,0,0,0,p
2024-03-12 23:30,1.179,0.037,0,0,0,0,p
2024-03-12 23:36,1.148,0.03,1,0,0,0,p
2024-03-12 23:42,1.129,0.025,1,0,0,0,p
2024-03-12 23:48,1.122,0.016,1,0,0,0,p
2024-03-12 23:54,1.103,0.011,1,0,0,0,p
2024-03-13 00:00,1.087,0.013,1,0,0,0,p
2024-03-13 00:06,1.074,0.009,0,0,0,0,p
2024-03-13 00:12,1.037,0.01,0,0,0,0,p
2024-03-13 00:18,1.02,0.011,0,0,0,0,p
2024-03-13 00:24,0.992,0.013,0,0,0,0,p
2024-03-13 00:30,0.966,0.012,0,0,0,0,p
2024-03-13 00:36,0.959,0.011,0,0,0,0,p
2024-03-13 00:42,0.95,0.011,0,0,0,0,p
2024-03-13 00:48,,,1,1,1,1,p
2024-03-13 00:54,,,1,1,1,1,p
2024-03-13 01:00,,,1,1,1,1,p
2024-03-13 01:06,,,1,1,1,1,p
2024-03-13 01:12,,,1,1,1,1,p
2024-03-13 01:18,,,1,1,1,1,p
2024-03-13 01:24,,,1,1,1,1,p
2024-03-13 01:30,,,1,1,1,1,p
2024-03-13 01:36,,,1,1,1,1,p
2024-03-13 01:42,,,1,1,1,1,p
2024-03-13 01:48,,,1,1,1,1,p
2024-03-13 01:54,,,1,1,1,1,p
2024-03-13 02:00,,,1,1,1,1,p
2024-03-13 02:06,,,1,1,1,1,p
2024-03-13 02:12,,,1,1,1,1,p
2024-03-13 02:18,,,1,1,1,1,p
2024-03-13 02:24,,,1,1,1,1,p
2024-03-13 02:30,,,1,1,1,1,p
2024-03-13 02:36,,,1,1,1,1,p
2024-03-13 02:42,,,1,1,1,1,p
2024-03-13 02:48,,,1,1,1,1,p
2024-03-13 02:54,,,1,1,1,1,p
2024-03-13 03:00,,,1,1,1,1,p
2024-03-13 03:06,,,1,1,1,1,p
2024-03-13 03:12,,,1,1,1,1,p
2024-03-13 03:18,,,1,1,1,1,p
2024-03-13 03:24,,,1,1,1,1,p
2024-03-13 03:30,,,1,1,1,1,p
2024-03-13 03:36,,,1,1,1,1,p
2024-03-13 03:42,,,1,1,1,1,p
2024-03-13 03:48,,,1,1,1,1,p
2024-03-13 03:54,,,1,1,1,1,p
2024-03-13 04:00,,,1,1,1,1,p
2024-03-13 04:06,,,1,1,1,1,p
2024-03-13 04:12,,,1,1,1,1,p
2024-03-13 04:18,,,1,1,1,1,p
2024-03-13 04:24,,,1,1,1,1,p
2024-03-13 04:30,,,1,1,1,1,p
2024-03-13 04:36,,,1,1,1,1,p
2024-03-13 04:42,,,1,1,1,1,p
2024-03-13 04:48,0.946,0.013,0,0,0,0,p
2024-03-13 04:54,0.958,0.015,0,0,0,0,p
2024-03-13 05:00,0.976,0.012,0,0,0,0,p
2024-03-13 05:06,1.0,0.01,0,0,0,0,p
2024-03-13 05:12,1.011,0.014,0,0,0,0,p
2024-03-13 05:18,1.039,0.011,0,0,0,0,p
2024-03-13 05:24,1.044,0.012,0,0,0,0,p
2024-03-13 05:30,1.076,0.01,0,0,0,0,p
2024-03-13 05:36,1.114,0.016,1,0,0,0,p
2024-03-13 05:42,1.135,0.017,0,0,0,0,p
2024-03-13 05:48,1.166,0.017,0,0,0,0,p
2024-03-13 05:54,1.202,0.019,0,0,0,0,p
2024-03-13 06:00,1.232,0.016,1,0,0,0,p
2024-03-13 06:06,1.251,0.018,0,0,0,0,p
2024-03-13 06:12,1.281,0.021,0,0,0,0,p
2024-03-13 06:18,1.312,0.022,0,0,0,0,p
2024-03-13 06:24,1.322,0.049,0,0,0,0,p
2024-03-13 06:30,1.351,0.055,0,0,0,0,p
2024-03-13 06:36,1.399,0.058,1,0,0,0,p
2024-03-13 06:42,1.432,0.052,0,0,0,0,p
2024-03-13 06:48,1.469,0.041,0,0,0,0,p
2024-03-13 06:54,1.514,0.047,1,0,0,0,p
2024-03-13 07:00,1.549,0.042,1,0,0,0,p
2024-03-13 07:06,1.576,0.033,1,0,0,0,p
2024-03-13 07:12,1.593,0.048,0,0,0,0,p
2024-03-13 07:18,1.611,0.039,1,0,0,0,p
2024-03-13 07:24,1.646,0.048,1,0,0,0,p
2024-03-13 07:30,1.678,0.037,1,0,0,0,p
2024-03-13 07:36,1.695,0.035,0,0,0,0,p
2024-03-13 07:42,1.716,0.032,1,0,0,0,p
2024-03-13 07:48,1.743,0.044,1,0,0,0,p
2024-03-13 07:54,1.787,0.035,0,0,0,0,p
2024-03-13 08:00,1.799,0.042,0,0,0,0,p
2024-03-13 08:06,1.816,0.046,1,0,0,0,p
2024-03-13 08:12,1.823,0.046,1,0,0,0,p
2024-03-13 08:18,1.843,0.035,1,0,0,0,p
2024-03-13 08:24,1.873,0.04,0,0,0,0,p
2024-03-13 08:30,1.895,0.044,0,0,0,0,p
2024-03-13 08:36,1.902,0.035,1,0,0,0,p
2024-03-13 08:42,1.919,0.038,0,0,0,0,p
2024-03-13 08:48,1.934,0.044,0,0,0,0,p
2024-03-13 08:54,1.944,0.044,0,0,0,0,p
2024-03-13 09:00,1.938,0.051,0,0,0,0,p
2024-03-13 09:06,1.939,0.045,0,0,0,0,p
2024-03-13 09:12,1.932,0.043,0,0,0,0,p
2024-03-13 09:18,1.934,0.044,1,0,0,0,p
2024-03-13 09:24,1.918,0.042,0,0,0,0,p
2024-03-13 09:30,1.914,0.048,0,0,0,0,p
2024-03-13 09:36,1.906,0.042,0,0,0,0,p
2024-03-13 09:42,1.901,0.042,0,0,0,0,p
2024-03-13 09:48,1.901,0.042,0,0,0,0,p
2024-03-13 09:54,1.879,0.041,0,0,0,0,p
2024-03-13 10:00,1.854,0.044,0,0,0,0,p
2024-03-13 10:06,1.851,0.053,0,0,0,0,p
2024-03-13 10:12,1.834,0.045,0,0,0,0,p
2024-03-13 10:18,1.807,0.047,1,0,0,0,p
2024-03-13 10:24,1.786,0.046,0,0,0,0,p
2024-03-13 10:30,1.768,0.051,0,0,0,0,p
2024-03-13 10:36,1.725,0.053,0,0,0,0,p
2024-03-13 10:42,1.713,0.05,1,0,0,0,p
2024-03-13 10:48,1.685,0.051,0,0,0,0,p
2024-03-13 10:54,1.646,0.068,0,0,0,0,p
2024-03-13 11:00,1.617,0.051,0,0,0,0,p
2024-03-13 11:06,1.566,0.05,0,0,0,0,p
2024-03-13 11:12,1.525,0.049,0,0,0,0,p
2024-03-13 11:18,1.486,0.055,0,0,0,0,p
2024-03-13 11:24,1.438,0.061,0,0,0,0,p
2024-03-13 11:30,1.392,0.053,0,0,0,0,p
2024-03-13 11:36,1.341,0.048,0,0,0,0,p
2024-03-13 11:42,1.289,0.052,0,0,0,0,p
2024-03-13 11:48,1.245,0.058,0,0,0,0,p
2024-03-13 11:54,1.209,0.042,1,0,0,0,p
2024-03-13 12:00,1.186,0.038,0,0,0,0,p
2024-03-13 12:06,1.163,0.029,1,0,0,0,p
2024-03-13 12:12,1.152,0.027,1,0,0,0,p
2024-03-13 12:18,1.12,0.021,1,0,0,0,p
2024-03-13 12:24,1.085,0.015,0,0,0,0,p
2024-03-13 12:30,1.068,,1,0,0,0,p
2024-03-13 12:36,1.033,0.01,0,0,0,0,p
2024-03-13 12:42,1.011,0.011,0,0,0,0,p
2024-03-13 12:48,0.984,0.011,0,0,0,0,p
2024-03-13 12:54,0.969,0.011,0,0,0,0,p
2024-03-13 13:00,0.948,0.009,1,0,0,0,p
2024-03-13 13:06,0.932,0.008,0,0,0,0,p
2024-03-13 13:12,,,1,1,1,1,p
2024-03-13 13:18,,,1,1,1,1,p
2024-03-13 13:24,,,1,1,1,1,p
2024-03-13 13:30,,,1,1,1,1,p
2024-03-13 13:36,,,1,1,1,1,p
2024-03-13 13:42,,,1,1,1,1,p
2024-03-13 13:48,,,1,1,1,1,p
2024-03-13 13:54,,,1,1,1,1,p
2024-03-13 14:00,,,1,1,1,1,p
2024-03-13 14:06,,,1,1,1,1,p
2024-03-13 14:12,,,1,1,1,1,p
2024-03-13 14:18,,,1,1,1,1,p
2024-03-13 14:24,,,1,1,1,1,p
2024-03-13 14:30,,,1,1,1,1,p
2024-03-13 14:36,,,1,1,1,1,p
2024-03-13 14:42,,,1,1,1,1,p
2024-03-13 14:48,,,1,1,1,1,p
2024-03-13 14:54,,,1,1,1,1,p
2024-03-13 15:00,,,1,1,1,1,p
2024-03-13 15:06,,,1,1,1,1,p
2024-03-13 15:12,,,1,1,1,1,p
2024-03-13 15:18,,,1,1,1,1,p
2024-03-13 15:24,,,1,1,1,1,p
2024-03-13 15:30,,,1,1,1,1,p
2024-03-13 15:36,,,1,1,1,1,p
2024-03-13 15:42,,,1,1,1,1,p
2024-03-13 15:48,,,1,1,1,1,p
2024-03-13 15:54,,,1,1,1,1,p
2024-03-13 16:00,,,1,1,1,1,p
2024-03-13 16:06,,,1,1,1,1,p
2024-03-13 16:12,,,1,1,1,1,p
2024-03-13 16:18,,,1,1,1,1,p
2024-03-13 16:24,,,1,1,1,1,p
2024-03-13 16:30,,,1,1,1,1,p
2024-03-13 16:36,,,1,1,1,1,p
2024-03-13 16:42,,,1,1,1,1,p
2024-03-13 16:48,,,1,1,1,1,p
2024-03-13 16:54,,,1,1,1,1,p
2024-03-13 17:00,,,1,1,1,1,p
2024-03-13 17:06,,,1,1,1,1,p
2024-03-13 17:12,,,1,1,1,1,p
2024-03-13 17:18,,,1,1,1,1,p
2024-03-13 17:24,,,1,1,1,1,p
2024-03-13 17:30,,,1,1,1,1,p
2024-03-13 17:36,,,1,1,1,1,p
2024-03-13 17:42,,,1,1,1,1,p
2024-03-13 17:48,,,1,1,1,1,p
2024-03-13 17:54,,,1,1,1,1,p
2024-03-13 18:00,,,1,1,1,1,p
2024-03-13 18:06,,,1,1,1,1,p
2024-03-13 18:12,,,1,1,1,1,p
2024-03-13 18:18,,,1,1,1,1,p
2024-03-13 18:24,,,1,1,1,1,p
2024-03-13 18:30,,,1,1,1,1,p
2024-03-13 18:36,,,1,1,1,1,p
2024-03-13 18:42,,,1,1,1,1,p
2024-03-13 18:48,,,1,1,1,1,p
2024-03-13 18:54,0.932,0.014,0,0,0,0,p
2024-03-13 19:00,0.944,0.015,0,0,0,0,p
2024-03-13 19:06,0.979,0.021,1,0,0,0,p
2024-03-13 19:12,0.995,0.015,0,0,0,0,p
2024-03-13 19:18,1.028,0.02,0,0,0,0,p
2024-03-13 19:24,1.037,0.023,0,0,0,0,p
2024-03-13 19:30,1.061,0.025,0,0,0,0,p
2024-03-13 19:36,1.074,0.018,0,0,0,0,p
2024-03-13 19:42,1.085,0.019,0,0,0,0,p
2024-03-13 19:48,1.104,0.022,0,0,0,0,p
2024-03-13 19:54,1.12,0.017,0,0,0,0,p
2024-03-13 20:00,1.128,0.025,0,0,0,0,p
2024-03-13 20:06,1.137,0.019,0,0,0,0,p
2024-03-13 20:12,1.167,0.023,0,0,0,0,p
2024-03-13 20:18,1.202,0.025,0,0,0,0,p
2024-03-13 20:24,1.221,0.026,0,0,0,0,p
2024-03-13 20:30,1.239,0.031,0,0,0,0,p
2024-03-13 20:36,1.281,0.035,0,0,0,0,p
2024-03-13 20:42,1.267,0.032,0,0,0,0,p
2024-03-13 20:48,1.273,0.029,0,0,0,0,p
2024-03-13 20:54,1.307,0.029,0,0,0,0,p
2024-03-13 21:00,1.332,0.038,0,0,0,0,p
2024-03-13 21:06,1.352,0.024,0,0,0,0,p
2024-03-13 21:12,1.37,0.03,0,0,0,0,p
2024-03-13 21:18,1.382,0.03,0,0,0,0,p
2024-03-13 21:24,1.381,0.04,0,0,0,0,p
2024-03-13 21:30,1.399,0.027,0,0,0,0,p
2024-03-13 21:36,1.393,0.029,0,0,0,0,p
2024-03-13 21:42,1.412,0.021,1,0,0,0,p
2024-03-13 21:48,1.433,0.03,0,0,0,0,p
2024-03-13 21:54,1.438,0.02,0,0,0,0,p
2024-03-13 22:00,1.442,0.023,0,0,0,0,p
2024-03-13 22:06,1.426,0.037,0,0,0,0,p
2024-03-13 22:12,1.452,0.023,0,0,0,0,p
2024-03-13 22:18,1.433,0.026,0,0,0,0,p
2024-03-13 22:24,1.44,0.023,0,0,0,0,p
2024-03-13 22:30,1.444,0.024,0,0,0,0,p
2024-03-13 22:36,1.437,0.025,0,0,0,0,p
2024-03-13 22:42,1.411,0.022,0,0,0,0,p
2024-03-13 22:48,1.426,0.022,0,0,0,0,p
2024-03-13 22:54,1.415,0.026,1,0,0,0,p
2024-03-13 23:00,1.41,0.027,0,0,0,0,p
2024-03-13 23:06,1.4,0.025,0,0,0,0,p
2024-03-13 23:12,1.378,0.034,0,0,0,0,p
2024-03-13 23:18,1.358,0.026,0,0,0,0,p
2024-03-13 23:24,1.348,0.029,0,0,0,0,p
2024-03-13 23:30,1.333,0.024,0,0,0,0,p
2024-03-13 23:36,1.33,0.023,0,0,0,0,p
2024-03-13 23:42,1.318,0.026,0,0,0,0,p
2024-03-13 23:48,1.296,0.025,0,0,0,0,p
2024-03-13 23:54,1.29,0.022,1,0,0,0,p
2024-03-14 00:00,1.278,0.022,0,0,0,0,p
2024-03-14 00:06,1.264,0.015,0,0,0,0,p
2024-03-14 00:12,1.239,0.019,0,0,0,0,p
2024-03-14 00:18,1.223,0.014,1,0,0,0,p
2024-03-14 00:24,1.207,0.015,0,0,0,0,p
2024-03-14 00:30,1.191,0.018,0,0,0,0,p
2024-03-14 00:36,1.17,0.016,0,0,0,0,p
2024-03-14 00:42,1.165,0.023,0,0,0,0,p
2024-03-14 00:48,1.145,0.016,0,0,0,0,p
2024-03-14 00:54,1.132,0.013,1,0,0,0,p
2024-03-14 01:00,1.1,0.011,0,0,0,0,p
2024-03-14 01:06,1.088,0.012,0,0,0,0,p
2024-03-14 01:12,1.065,0.012,0,0,0,0,p
2024-03-14 01:18,1.05,0.018,1,0,0,0,p
2024-03-14 01:24,1.039,0.013,0,0,0,0,p
2024-03-14 01:30,1.018,0.01,0,0,0,0,p
2024-03-14 01:36,0.994,0.011,0,0,0,0,p
2024-03-14 01:42,1.002,0.015,0,0,0,0,p
2024-03-14 01:48,0.974,0.01,1,0,0,0,p
2024-03-14 01:54,0.974,0.008,0,0,0,0,p
2024-03-14 02:00,0.964,0.006,1,0,0,0,p
2024-03-14 02:06,0.955,0.006,0,0,0,0,p
2024-03-14 02:12,0.953,0.013,1,0,0,0,p
2024-03-14 02:18,0.94,0.007,1,0,0,0,p
2024-03-14 02:24,,,1,1,1,1,p
2024-03-14 02:30,,,1,1,1,1,p
2024-03-14 02:36,,,1,1,1,1,p
2024-03-14 02:42,,,1,1,1,1,p
2024-03-14 02:48,,,1,1,1,1,p
2024-03-14 02:54,,,1,1,1,1,p
2024-03-14 03:00,,,1,1,1,1,p
2024-03-14 03:06,,,1,1,1,1,p
2024-03-14 03:12,,,1,1,1,1,p
2024-03-14 03:18,,,1,1,1,1,p
2024-03-14 03:24,,,1,1,1,1,p
2024-03-14 03:30,,,1,1,1,1,p
2024-03-14 03:36,,,1,1,1,1,p
2024-03-14 03:42,,,1,1,1,1,p
2024-03-14 03:48,,,1,1,1,1,p
2024-03-14 03:54,,,1,1,1,1,p
2024-03-14 04:00,,,1,1,1,1,p
2024-03-14 04:06,,,1,1,1,1,p
2024-03-14 04:12,,,1,1,1,1,p
2024-03-14 04:18,,,1,1,1,1,p
2024-03-14 04:24,,,1,1,1,1,p
2024-03-14 04:30,,,1,1,1,1,p
2024-03-14 04:36,0.929,0.013,0,0,0,0,p
2024-03-14 04:42,0.947,0.011,0,0,0,0,p
2024-03-14 04:48,0.939,0.01,0,0,0,0,p
2024-03-14 04:54,0.939,0.011,0,0,0,0,p
2024-03-14 05:00,0.947,0.011,1,0,0,0,p
2024-03-14 05:06,0.965,0.013,0,0,0,0,p
2024-03-14 05:12,0.973,0.01,0,0,0,0,p
2024-03-14 05:18,1.003,0.018,0,0,0,0,p
2024-03-14 05:24,1.007,0.014,0,0,0,0,p
2024-03-14 05:30,1.035,0.019,0,0,0,0,p
2024-03-14 05:36,1.046,0.015,0,0,0,0,p
2024-03-14 05:42,1.059,0.017,0,0,0,0,p
2024-03-14 05:48,1.098,0.025,1,0,0,0,p
2024-03-14 05:54,1.104,0.022,1,0,0,0,p
2024-03-14 06:00,1.13,0.032,1,0,0,0,p
2024-03-14 06:06,1.144,0.032,0,0,0,0,p
2024-03-14 06:12,1.161,0.043,1,0,0,0,p
2024-03-14 06:18,1.178,0.048,0,0,0,0,p
2024-03-14 06:24,1.198,0.052,0,0,0,0,p
2024-03-14 06:30,1.205,0.045,0,0,0,0,p
2024-03-14 06:36,1.229,0.049,0,0,0,0,p
2024-03-14 06:42,1.251,0.047,0,0,0,0,p
2024-03-14 06:48,1.284,0.06,0,0,0,0,p
2024-03-14 06:54,1.319,0.047,0,0,0,0,p
2024-03-14 07:00,1.347,0.047,0,0,0,0,p
2024-03-14 07:06,1.376,0.053,0,0,0,0,p
2024-03-14 07:12,1.387,0.063,0,0,0,0,p
2024-03-14 07:18,1.426,0.05,1,0,0,0,p
2024-03-14 07:24,1.454,0.052,1,0,0,0,p
2024-03-14 07:30,1.495,0.043,1,0,0,0,p
2024-03-14 07:36,1.513,0.045,1,0,0,0,p
2024-03-14 07:42,1.552,0.045,1,0,0,0,p
2024-03-14 07:48,1.58,0.045,0,0,0,0,p
2024-03-14 07:54,1.606,0.041,1,0,0,0,p
2024-03-14 08:00,1.624,0.039,0,0,0,0,p
2024-03-14 08:06,1.649,0.041,0,0,0,0,p
2024-03-14 08:12,1.672,0.041,0,0,0,0,p
2024-03-14 08:18,1.704,0.049,0,0,0,0,p
2024-03-14 08:24,1.742,0.044,1,0,0,0,p
2024-03-14 08:30,1.749,0.04,1,0,0,0,p
2024-03-14 08:36,1.779,0.044,0,0,0,0,p
2024-03-14 08:42,1.793,0.038,0,0,0,0,p
2024-03-14 08:48,1.816,0.046,0,0,0,0,p
2024-03-14 08:54,1.825,0.034,0,0,0,0,p
2024-03-14 09:00,1.859,0.042,0,0,0,0,p
2024-03-14 09:06,1.88,0.036,0,0,0,0,p
2024-03-14 09:12,1.901,0.032,1,0,0,0,p
2024-03-14 09:18,1.909,0.037,0,0,0,0,p
2024-03-14 09:24,1.922,0.031,1,0,0,0,p
2024-03-14 09:30,1.92,0.041,0,0,0,0,p
2024-03-14 09:36,1.92,0.043,0,0,0,0,p
2024-03-14 09:42,1.929,0.038,0,0,0,0,p
2024-03-14 09:48,1.924,0.039,0,0,0,0,p
2024-03-14 09:54,1.927,0.045,0,0,0,0,p
2024-03-14 10:00,1.938,0.038,0,0,0,0,p
2024-03-14 10:06,1.94,0.044,0,0,0,0,p
2024-03-14 10:12,1.925,0.04,0,0,0,0,p
2024-03-14 10:18,1.925,0.042,0,0,0,0,p
2024-03-14 10:24,1.918,0.041,0,0,0,0,p
2024-03-14 10:30,1.906,0.04,1,0,0,0,p
2024-03-14 10:36,1.894,0.043,1,0,0,0,p
2024-03-14 10:42,1.867,0.042,0,0,0,0,p
2024-03-14 10:48,1.854,0.038,0,0,0,0,p
2024-03-14 10:54,1.841,0.033,0,0,0,0,p
2024-03-14 11:00,1.823,0.041,0,0,0,0,p
2024-03-14 11:06,1.805,0.032,1,0,0,0,p
2024-03-14 11:12,1.771,0.045,1,0,0,0,p
2024-03-14 11:18,1.747,0.041,1,0,0,0,p
2024-03-14 11:24,1.739,0.038,0,0,0,0,p
2024-03-14 11:30,1.694,0.053,0,0,0,0,p
2024-03-14 11:36,1.663,0.054,0,0,0,0,p
2024-03-14 11:42,1.628,0.055,0,0,0,0,p
2024-03-14 11:48,1.577,0.044,0,0,0,0,p
2024-03-14 11:54,1.545,0.04,1,0,0,0,p
2024-03-14 12:00,1.5,0.046,0,0,0,0,p
2024-03-14 12:06,1.445,0.051,0,0,0,0,p
2024-03-14 12:12,1.409,0.039,1,0,0,0,p
2024-03-14 12:18,1.369,0.042,0,0,0,0,p
2024-03-14 12:24,1.3,0.035,0,0,0,0,p
2024-03-14 12:30,1.259,0.04,0,0,0,0,p
2024-03-14 12:36,1.23,0.035,0,0,0,0,p
2024-03-14 12:42,1.187,0.032,0,0,0,0,p
2024-03-14 12:48,1.163,0.027,0,0,0,0,p
2024-03-14 12:54,1.149,0.021,1,0,0,0,p
2024-03-14 13:00,1.139,0.012,0,0,0,0,p
2024-03-14 13:06,1.109,0.009,0,0,0,0,p
2024-03-14 13:12,1.098,0.011,0,0,0,0,p
2024-03-14 13:18,1.068,0.01,0,0,0,0,p
2024-03-14 13:24,1.052,0.01,0,0,0,0,p
2024-03-14 13:30,1.025,0.011,0,0,0,0,p
2024-03-14 13:36,1.013,0.007,0,0,0,0,p
2024-03-14 13:42,0.981,0.01,0,0,0,0,p
2024-03-14 13:48,0.964,0.008,0,0,0,0,p
2024-03-14 13:54,0.94,0.012,0,0,0,0,p
2024-03-14 14:00,,,1,1,1,1,p
2024-03-14 14:06,,,1,1,1,1,p
2024-03-14 14:12,,,1,1,1,1,p
2024-03-14 14:18,,,1,1,1,1,p
2024-03-14 14:24,,,1,1,1,1,p
2024-03-14 14:30,,,1,1,1,1,p
2024-03-14 14:36,,,1,1,1,1,p
2024-03-14 14:42,,,1,1,1,1,p
2024-03-14 14:48,,,1,1,1,1,p
2024-03-14 14:54,,,1,1,1,1,p
2024-03-14 15:00,,,1,1,1,1,p
2024-03-14 15:06,,,1,1,1,1,p
2024-03-14 15:12,,,1,1,1,1,p
2024-03-14 15:18,,,1,1,1,1,p
2024-03-14 15:24,,,1,1,1,1,p
2024-03-14 15:30,,,1,1,1,1,p
2024-03-14 15:36,,,1,1,1,1,p
2024-03-14 15:42,,,1,1,1,1,p
2024-03-14 15:48,,,1,1,1,1,p
2024-03-14 15:54,,,1,1,1,1,p
2024-03-14 16:00,,,1,1,1,1,p
2024-03-14 16:06,,,1,1,1,1,p
2024-03-14 16:12,,,1,1,1,1,p
2024-03-14 16:18,,,1,1,1,1,p
2024-03-14 16:24,,,1,1,1,1,p
2024-03-14 16:30,,,1,1,1,1,p
2024-03-14 16:36,,,1,1,1,1,p
2024-03-14 16:42,,,1,1,1,1,p
2024-03-14 16:48,,,1,1,1,1,p
2024-03-14 16:54,,,1,1,1,1,p
2024-03-14 17:00,,,1,1,1,1,p
2024-03-14 17:06,,,1,1,1,1,p
2024-03-14 17:12,,,1,1,1,1,p
2024-03-14 17:18,,,1,1,1,1,p
2024-03-14 17:24,,,1,1,1,1,p
2024-03-14 17:30,,,1,1,1,1,p
2024-03-14 17:36,,,1,1,1,1,p
2024-03-14 17:42,,,1,1,1,1,p
2024-03-14 17:48,,,1,1,1,1,p
2024-03-14 17:54,,,1,1,1,1,p
2024-03-14 18:00,,,1,1,1,1,p
2024-03-14 18:06,,,1,1,1,1,p
2024-03-14 18:12,,,1,1,1,1,p
2024-03-14 18:18,,,1,1,1,1,p
2024-03-14 18:24,,,1,1,1,1,p
2024-03-14 18:30,,,1,1,1,1,p
2024-03-14 18:36,,,1,1,1,1,p
2024-03-14 18:42,,,1,1,1,1,p
2024-03-14 18:48,,,1,1,1,1,p
2024-03-14 18:54,,,1,1,1,1,p
2024-03-14 19:00,,,1,1,1,1,p
2024-03-14 19:06,,,1,1,1,1,p
2024-03-14 19:12,,,1,1,1,1,p
2024-03-14 19:18,,,1,1,1,1,p
2024-03-14 19:24,,,1,1,1,1,p
2024-03-14 19:30,,,1,1,1,1,p
2024-03-14 19:36,,,1,1,1,1,p
2024-03-14 19:42,,,1,1,1,1,p
2024-03-14 19:48,,,1,1,1,1,p
2024-03-14 19:54,,,1,1,1,1,p
2024-03-14 20:00,,,1,1,1,1,p
2024-03-14 20:06,,,1,1,1,1,p
2024-03-14 20:12,0.929,0.016,0,0,0,0,p
2024-03-14 20:18,0.931,0.015,0,0,0,0,p
2024-03-14 20:24,0.942,0.012,0,0,0,0,p
2024-03-14 20:30,0.971,0.022,1,0,0,0,p
2024-03-14 20:36,0.976,0.025,1,0,0,0,p
2024-03-14 20:42,0.976,0.033,1,0,0,0,p
2024-03-14 20:48,0.991,0.035,0,0,0,0,p
2024-03-14 20:54,1.003,0.042,0,0,0,0,p
2024-03-14 21:00,1.006,0.04,0,0,0,0,p
2024-03-14 21:06,1.024,0.048,0,0,0,0,p
2024-03-14 21:12,1.04,0.054,0,0,0,0,p
2024-03-14 21:18,1.061,0.052,0,0,0,0,p
2024-03-14 21:24,1.075,0.05,0,0,0,0,p
2024-03-14 21:30,1.097,0.058,0,0,0,0,p
2024-03-14 21:36,1.11,0.05,0,0,0,0,p
2024-03-14 21:42,1.125,0.059,0,0,0,0,p
2024-03-14 21:48,1.136,0.07,0,0,0,0,p
2024-03-14 21:54,1.146,0.057,0,0,0,0,p
2024-03-14 22:00,1.175,0.056,0,0,0,0,p
2024-03-14 22:06,1.185,0.052,0,0,0,0,p
2024-03-14 22:12,1.2,0.055,0,0,0,0,p
2024-03-14 22:18,1.21,0.065,0,0,0,0,p
2024-03-14 22:24,1.22,0.049,0,0,0,0,p
2024-03-14 22:30,1.245,0.056,1,0,0,0,p
2024-03-14 22:36,1.256,0.055,0,0,0,0,p
2024-03-14 22:42,1.27,0.058,0,0,0,0,p
2024-03-14 22:48,1.276,0.056,0,0,0,0,p
2024-03-14 22:54,1.271,0.052,0,0,0,0,p
2024-03-14 23:00,1.275,0.053,0,0,0,0,p
2024-03-14 23:06,1.279,0.055,0,0,0,0,p
2024-03-14 23:12,1.293,0.06,0,0,0,0,p
2024-03-14 23:18,1.321,0.045,0,0,0,0,p
2024-03-14 23:24,1.321,0.054,0,0,0,0,p
2024-03-14 23:30,1.326,0.05,0,0,0,0,p
2024-03-14 23:36,1.322,0.049,0,0,0,0,p
2024-03-14 23:42,1.321,0.048,0,0,0,0,p
2024-03-14 23:48,1.323,0.059,0,0,0,0,p
2024-03-14 23:54,1.329,0.051,0,0,0,0,p
2024-03-15 00:00,1.324,0.04,1,0,0,0,p
2024-03-15 00:06,1.325,0.052,1,0,0,0,p
2024-03-15 00:12,1.31,0.046,0,0,0,0,p
2024-03-15 00:18,1.305,0.038,0,0,0,0,p
2024-03-15 00:24,1.305,0.047,1,0,0,0,p
2024-03-15 00:30,1.287,0.06,1,0,0,0,p
2024-03-15 00:36,1.281,0.044,1,0,0,0,p
2024-03-15 00:42,1.261,0.045,1,0,0,0,p
2024-03-15 00:48,1.247,0.043,1,0,0,0,p
2024-03-15 00:54,1.25,0.04,0,0,0,0,p
2024-03-15 01:00,1.213,0.047,0,0,0,0,p
2024-03-15 01:06,1.213,0.043,1,0,0,0,p
2024-03-15 01:12,1.201,0.045,0,0,0,0,p
2024-03-15 01:18,1.179,0.043,0,0,0,0,p
2024-03-15 01:24,1.155,0.053,0,0,0,0,p
2024-03-15 01:30,1.146,0.044,0,0,0,0,p
2024-03-15 01:36,1.158,0.019,0,0,0,0,p
2024-03-15 01:42,1.11,0.048,1,0,0,0,p
2024-03-15 01:48,1.108,0.037,0,0,0,0,p
2024-03-15 01:54,1.093,0.041,0,0,0,0,p
2024-03-15 02:00,1.072,0.035,0,0,0,0,p
2024-03-15 02:06,1.077,0.044,0,0,0,0,p
2024-03-15 02:12,1.061,0.036,0,0,0,0,p
2024-03-15 02:18,1.04,0.038,0,0,0,0,p
2024-03-15 02:24,1.029,0.031,0,0,0,0,p
2024-03-15 02:30,1.02,0.036,0,0,0,0,p
2024-03-15 02:36,1.013,0.039,0,0,0,0,p
2024-03-15 02:42,1.003,0.028,0,0,0,0,p
2024-03-15 02:48,1.0,0.029,0,0,0,0,p
2024-03-15 02:54,0.987,0.027,0,0,0,0,p
2024-03-15 03:00,0.982,0.021,1,0,0,0,p
2024-03-15 03:06,0.969,0.014,1,0,0,0,p
2024-03-15 03:12,0.969,0.017,1,0,0,0,p
2024-03-15 03:18,0.984,0.02,1,0,0,0,p
2024-03-15 03:24,0.991,0.018,1,0,0,0,p
2024-03-15 03:30,0.987,0.013,1,0,0,0,p
2024-03-15 03:36,0.984,0.016,1,0,0,0,p
2024-03-15 03:42,0.982,0.015,1,0,0,0,p
2024-03-15 03:48,0.972,0.01,1,0,0,0,p
2024-03-15 03:54,0.972,0.013,1,0,0,0,p
2024-03-15 04:00,0.971,0.011,1,0,0,0,p
2024-03-15 04:06,0.977,0.013,1,0,0,0,p
2024-03-15 04:12,0.978,0.012,1,0,0,0,p
2024-03-15 04:18,0.982,0.01,1,0,0,0,p
2024-03-15 04:24,0.993,0.017,1,0,0,0,p
2024-03-15 04:30,0.994,0.013,1,0,0,0,p
2024-03-15 04:36,0.996,0.019,1,0,0,0,p
2024-03-15 04:42,0.992,0.017,1,0,0,0,p
2024-03-15 04:48,1.002,0.023,1,0,0,0,p
2024-03-15 04:54,1.003,0.022,1,0,0,0,p
2024-03-15 05:00,1.001,0.02,1,0,0,0,p
2024-03-15 05:06,1.014,0.024,1,0,0,0,p
2024-03-15 05:12,1.015,0.03,1,0,0,0,p
2024-03-15 05:18,1.023,0.034,1,0,0,0,p
2024-03-15 05:24,1.037,0.041,1,0,0,0,p
2024-03-15 05:30,1.024,0.032,0,0,0,0,p
2024-03-15 05:36,1.037,0.037,0,0,0,0,p
2024-03-15 05:42,1.046,0.043,0,0,0,0,p
2024-03-15 05:48,1.064,0.051,0,0,0,0,p
2024-03-15 05:54,1.073,0.046,0,0,0,0,p
2024-03-15 06:00,1.092,0.045,0,0,0,0,p
2024-03-15 06:06,1.108,0.046,0,0,0,0,p
2024-03-15 06:12,1.131,0.043,0,0,0,0,p
2024-03-15 06:18,1.138,0.04,0,0,0,0,p
2024-03-15 06:24,1.156,0.05,0,0,0,0,p
2024-03-15 06:30,1.189,0.034,1,0,0,0,p
2024-03-15 06:36,1.2,0.031,1,0,0,0,p
2024-03-15 06:42,1.212,0.039,0,0,0,0,p
2024-03-15 06:48,1.24,0.039,0,0,0,0,p
2024-03-15 06:54,1.261,0.039,0,0,0,0,p
2024-03-15 07:00,1.294,0.036,0,0,0,0,p
2024-03-15 07:06,1.317,0.035,1,0,0,0,p
2024-03-15 07:12,1.33,0.036,0,0,0,0,p
2024-03-15 07:18,1.349,0.038,0,0,0,0,p
2024-03-15 07:24,1.371,0.037,0,0,0,0,p
2024-03-15 07:30,1.403,0.033,0,0,0,0,p
2024-03-15 07:36,1.431,0.04,1,0,0,0,p
2024-03-15 07:42,1.461,0.037,1,0,0,0,p
2024-03-15 07:48,1.486,0.036,1,0,0,0,p
2024-03-15 07:54,1.509,0.031,0,0,0,0,p
2024-03-15 08:00,1.519,0.034,0,0,0,0,p
2024-03-15 08:06,1.538,0.036,0,0,0,0,p
2024-03-15 08:12,1.567,0.033,0,0,0,0,p
2024-03-15 08:18,1.589,0.029,1,0,0,0,p
2024-03-15 08:24,1.623,0.03,0,0,0,0,p
2024-03-15 08:30,1.647,0.036,0,0,0,0,p
2024-03-15 08:36,1.667,0.03,1,0,0,0,p
2024-03-15 08:42,1.682,0.032,0,0,0,0,p
2024-03-15 08:48,1.699,0.033,1,0,0,0,p
2024-03-15 08:54,1.717,0.038,0,0,0,0,p
2024-03-15 09:00,1.739,0.042,1,0,0,0,p
2024-03-15 09:06,1.755,0.036,0,0,0,0,p
2024-03-15 09:12,1.764,0.036,1,0,0,0,p
2024-03-15 09:18,1.788,0.029,0,0,0,0,p
2024-03-15 09:24,1.81,0.038,0,0,0,0,p
2024-03-15 09:30,1.829,0.033,0,0,0,0,p
2024-03-15 09:36,1.845,0.028,1,0,0,0,p
2024-03-15 09:42,1.858,0.03,1,0,0,0,p
2024-03-15 09:48,1.865,0.043,1,0,0,0,p
2024-03-15 09:54,1.877,0.034,1,0,0,0,p
2024-03-15 10:00,1.88,0.034,0,0,0,0,p
2024-03-15 10:06,1.898,0.028,0,0,0,0,p
2024-03-15 10:12,1.9,0.035,1,0,0,0,p
2024-03-15 10:18,1.908,0.033,1,0,0,0,p
2024-03-15 10:24,1.911,0.03,1,0,0,0,p
2024-03-15 10:30,1.92,0.036,0,0,0,0,p
2024-03-15 10:36,1.918,0.035,0,0,0,0,p
2024-03-15 10:42,1.926,0.036,0,0,0,0,p
2024-03-15 10:48,1.922,0.033,1,0,0,0,p
2024-03-15 10:54,1.912,0.033,1,0,0,0,p
2024-03-15 11:00,1.91,0.035,0,0,0,0,p
2024-03-15 11:06,1.913,0.034,0,0,0,0,p
2024-03-15 11:12,1.906,0.029,1,0,0,0,p
2024-03-15 11:18,1.902,0.033,1,0,0,0,p
2024-03-15 11:24,1.886,0.037,0,0,0,0,p
2024-03-15 11:30,1.867,0.035,1,0,0,0,p
2024-03-15 11:36,1.853,0.042,0,0,0,0,p
2024-03-15 11:42,1.838,0.038,0,0,0,0,p
2024-03-15 11:48,1.819,0.032,0,0,0,0,p
2024-03-15 11:54,1.798,0.036,1,0,0,0,p
2024-03-15 12:00,1.77,0.039,0,0,0,0,p
2024-03-15 12:06,1.727,0.034,1,0,0,0,p
2024-03-15 12:12,1.692,0.039,0,0,0,0,p
2024-03-15 12:18,1.662,0.034,0,0,0,0,p
2024-03-15 12:24,1.613,0.038,1,0,0,0,p
2024-03-15 12:30,1.598,0.043,0,0,0,0,p
2024-03-15 12:36,1.573,0.032,0,0,0,0,p
2024-03-15 12:42,1.55,0.037,0,0,0,0,p
2024-03-15 12:48,1.515,0.031,1,0,0,0,p
2024-03-15 12:54,1.483,0.035,0,0,0,0,p
2024-03-15 13:00,1.458,0.039,1,0,0,0,p
2024-03-15 13:06,1.419,0.04,1,0,0,0,p
2024-03-15 13:12,1.384,0.033,1,0,0,0,p
2024-03-15 13:18,1.351,0.035,0,0,0,0,p
2024-03-15 13:24,1.306,0.038,0,0,0,0,p
2024-03-15 13:30,1.263,0.034,0,0,0,0,p
2024-03-15 13:36,1.228,0.028,0,0,0,0,p
2024-03-15 13:42,1.195,0.028,0,0,0,0,p
2024-03-15 13:48,1.202,0.014,0,0,0,0,p
2024-03-15 13:54,1.158,0.011,0,0,0,0,p
2024-03-15 14:00,1.13,0.011,1,0,0,0,p
2024-03-15 14:06,1.106,0.012,0,0,0,0,p
2024-03-15 14:12,1.078,0.01,0,0,0,0,p
2024-03-15 14:18,1.05,0.01,1,0,0,0,p
2024-03-15 14:24,1.028,0.009,1,0,0,0,p
2024-03-15 14:30,1.01,0.008,0,0,0,0,p
2024-03-15 14:36,0.979,0.007,0,0,0,0,p
2024-03-15 14:42,0.962,0.008,0,0,0,0,p
2024-03-15 14:48,0.939,0.009,0,0,0,0,p
2024-03-15 14:54,0.933,0.009,0,0,0,0,p
2024-03-15 15:00,,,1,1,1,1,p
2024-03-15 15:06,,,1,1,1,1,p
2024-03-15 15:12,,,1,1,1,1,p
2024-03-15 15:18,,,1,1,1,1,p
2024-03-15 15:24,,,1,1,1,1,p
2024-03-15 15:30,,,1,1,1,1,p
2024-03-15 15:36,,,1,1,1,1,p
2024-03-15 15:42,,,1,1,1,1,p
2024-03-15 15:48,,,1,1,1,1,p
2024-03-15 15:54,,,1,1,1,1,p
2024-03-15 16:00,,,1,1,1,1,p
2024-03-15 16:06,,,1,1,1,1,p
2024-03-15 16:12,,,1,1,1,1,p
2024-03-15 16:18,,,1,1,1,1,p
2024-03-15 16:24,,,1,1,1,1,p
2024-03-15 16:30,,,1,1,1,1,p
2024-03-15 16:36,,,1,1,1,1,p
2024-03-15 16:42,,,1,1,1,1,p
2024-03-15 16:48,,,1,1,1,1,p
2024-03-15 16:54,,,1,1,1,1,p
2024-03-15 17:00,,,1,1,1,1,p
2024-03-15 17:06,,,1,1,1,1,p
2024-03-15 17:12,,,1,1,1,1,p
2024-03-15 17:18,,,1,1,1,1,p
2024-03-15 17:24,,,1,1,1,1,p
2024-03-15 17:30,,,1,1,1,1,p
2024-03-15 17:36,,,1,1,1,1,p
2024-03-15 17:42,,,1,1,1,1,p
2024-03-15 17:48,,,1,1,1,1,p
2024-03-15 17:54,,,1,1,1,1,p
2024-03-15 18:00,,,1,1,1,1,p
2024-03-15 18:06,,,1,1,1,1,p
2024-03-15 18:12,,,1,1,1,1,p
2024-03-15 18:18,,,1,1,1,1,p
2024-03-15 18:24,,,1,1,1,1,p
2024-03-15 18:30,,,1,1,1,1,p
2024-03-15 18:36,,,1,1,1,1,p
2024-03-15 18:42,,,1,1,1,1,p
2024-03-15 18:48,,,1,1,1,1,p
2024-03-15 18:54,,,1,1,1,1,p
2024-03-15 19:00,,,1,1,1,1,p
2024-03-15 19:06,,,1,1,1,1,p
2024-03-15 19:12,,,1,1,1,1,p
2024-03-15 19:18,,,1,1,1,1,p
2024-03-15 19:24,,,1,1,1,1,p
2024-03-15 19:30,,,1,1,1,1,p
2024-03-15 19:36,,,1,1,1,1,p
2024-03-15 19:42,,,1,1,1,1,p
2024-03-15 19:48,,,1,1,1,1,p
2024-03-15 19:54,,,1,1,1,1,p
2024-03-15 20:00,,,1,1,1,1,p
2024-03-15 20:06,,,1,1,1,1,p
2024-03-15 20:12,,,1,1,1,1,p
2024-03-15 20:18,,,1,1,1,1,p
2024-03-15 20:24,,,1,1,1,1,p
2024-03-15 20:30,,,1,1,1,1,p
2024-03-15 20:36,,,1,1,1,1,p
2024-03-15 20:42,,,1,1,1,1,p
2024-03-15 20:48,,,1,1,1,1,p
2024-03-15 20:54,,,1,1,1,1,p
2024-03-15 21:00,,,1,1,1,1,p
2024-03-15 21:06,,,1,1,1,1,p
2024-03-15 21:12,0.936,0.012,0,0,0,0,p
2024-03-15 21:18,0.968,0.011,0,0,0,0,p
2024-03-15 21:24,0.969,0.01,0,0,0,0,p
2024-03-15 21:30,0.973,0.012,0,0,0,0,p
2024-03-15 21:36,0.991,0.011,0,0,0,0,p
2024-03-15 21:42,1.01,0.013,0,0,0,0,p
2024-03-15 21:48,1.02,0.012,0,0,0,0,p
2024-03-15 21:54,1.043,0.015,0,0,0,0,p
2024-03-15 22:00,1.057,0.013,0,0,0,0,p
2024-03-15 22:06,1.061,0.014,0,0,0,0,p
2024-03-15 22:12,1.085,0.013,0,0,0,0,p
2024-03-15 22:18,1.103,0.013,0,0,0,0,p
2024-03-15 22:24,1.114,0.016,0,0,0,0,p
2024-03-15 22:30,1.124,0.022,0,0,0,0,p
2024-03-15 22:36,1.145,0.015,0,0,0,0,p
2024-03-15 22:42,1.167,0.015,0,0,0,0,p
2024-03-15 22:48,1.182,0.021,0,0,0,0,p
2024-03-15 22:54,1.202,0.014,0,0,0,0,p
2024-03-15 23:00,1.21,0.014,0,0,0,0,p
2024-03-15 23:06,1.214,0.017,0,0,0,0,p
2024-03-15 23:12,1.226,0.013,0,0,0,0,p
2024-03-15 23:18,1.251,0.015,0,0,0,0,p
2024-03-15 23:24,1.26,0.016,0,0,0,0,p
2024-03-15 23:30,1.278,0.018,0,0,0,0,p
2024-03-15 23:36,1.289,0.016,0,0,0,0,p
2024-03-15 23:42,1.303,0.013,0,0,0,0,p
2024-03-15 23:48,1.314,0.012,0,0,0,0,p
2024-03-15 23:54,1.318,0.022,0,0,0,0,p
2024-03-16 00:00,1.311,0.021,0,0,0,0,p
2024-03-16 00:06,1.342,0.015,0,0,0,0,p
2024-03-16 00:12,1.351,0.014,1,0,0,0,p
2024-03-16 00:18,1.359,0.021,0,0,0,0,p
2024-03-16 00:24,1.379,0.018,0,0,0,0,p
2024-03-16 00:30,1.378,0.017,0,0,0,0,p
2024-03-16 00:36,1.368,0.025,0,0,0,0,p
2024-03-16 00:42,1.377,0.018,0,0,0,0,p
2024-03-16 00:48,1.396,0.022,0,0,0,0,p
2024-03-16 00:54,1.4,0.018,0,0,0,0,p
2024-03-16 01:00,1.393,0.015,1,0,0,0,p
2024-03-16 01:06,1.405,0.013,1,0,0,0,p
2024-03-16 01:12,1.407,0.014,0,0,0,0,p
2024-03-16 01:18,1.389,0.014,1,0,0,0,p
2024-03-16 01:24,1.4,0.015,0,0,0,0,p
2024-03-16 01:30,1.368,0.018,0,0,0,0,p
2024-03-16 01:36,1.367,0.019,0,0,0,0,p
2024-03-16 01:42,1.363,0.019,0,0,0,0,p
2024-03-16 01:48,1.37,0.013,0,0,0,0,p
2024-03-16 01:54,1.363,0.015,0,0,0,0,p
2024-03-16 02:00,1.358,0.015,0,0,0,0,p
2024-03-16 02:06,1.363,0.021,0,0,0,0,p
2024-03-16 02:12,1.347,0.017,0,0,0,0,p
2024-03-16 02:18,1.347,0.015,0,0,0,0,p
2024-03-16 02:24,1.325,0.017,0,0,0,0,p
2024-03-16 02:30,1.316,0.017,0,0,0,0,p
2024-03-16 02:36,1.304,0.015,0,0,0,0,p
2024-03-16 02:42,1.286,0.015,0,0,0,0,p
2024-03-16 02:48,1.301,0.011,0,0,0,0,p
2024-03-16 02:54,1.284,0.015,0,0,0,0,p
2024-03-16 03:00,1.263,0.017,0,0,0,0,p
2024-03-16 03:06,1.249,0.015,0,0,0,0,p
2024-03-16 03:12,1.234,0.014,0,0,0,0,p
2024-03-16 03:18,1.234,0.017,0,0,0,0,p
2024-03-16 03:24,1.207,0.013,0,0,0,0,p
2024-03-16 03:30,1.21,0.017,0,0,0,0,p
2024-03-16 03:36,1.206,0.016,0,0,0,0,p
2024-03-16 03:42,1.195,0.016,0,0,0,0,p
2024-03-16 03:48,1.181,0.015,0,0,0,0,p
2024-03-16 03:54,1.189,0.016,0,0,0,0,p
2024-03-16 04:00,1.176,0.011,0,0,0,0,p
2024-03-16 04:06,1.17,0.013,1,0,0,0,p
2024-03-16 04:12,1.166,0.018,0,0,0,0,p
2024-03-16 04:18,1.156,0.012,1,0,0,0,p
2024-03-16 04:24,1.136,0.014,1,0,0,0,p
2024-03-16 04:30,1.15,0.011,0,0,0,0,p
2024-03-16 04:36,1.126,0.014,0,0,0,0,p
2024-03-16 04:42,1.137,0.013,0,0,0,0,p
2024-03-16 04:48,1.13,0.013,1,0,0,0,p
2024-03-16 04:54,1.133,0.016,0,0,0,0,p
2024-03-16 05:00,1.137,0.012,0,0,0,0,p
2024-03-16 05:06,1.137,0.015,0,0,0,0,p
2024-03-16 05:12,1.133,0.013,0,0,0,0,p
2024-03-16 05:18,1.126,0.016,0,0,0,0,p
2024-03-16 05:24,1.152,0.015,0,0,0,0,p
2024-03-16 05:30,1.137,0.017,0,0,0,0,p
2024-03-16 05:36,1.145,0.013,0,0,0,0,p
2024-03-16 05:42,1.161,0.013,0,0,0,0,p
2024-03-16 05:48,1.145,0.019,0,0,0,0,p
2024-03-16 05:54,1.159,0.018,0,0,0,0,p
2024-03-16 06:00,1.167,0.017,0,0,0,0,p
2024-03-16 06:06,1.193,0.014,0,0,0,0,p
2024-03-16 06:12,1.197,0.015,0,0,0,0,p
2024-03-16 06:18,1.188,0.014,1,0,0,0,p
2024-03-16 06:24,1.204,0.017,0,0,0,0,p
2024-03-16 06:30,1.221,0.018,0,0,0,0,p
2024-03-16 06:36,1.223,0.013,0,0,0,0,p
2024-03-16 06:42,1.218,0.013,0,0,0,0,p
2024-03-16 06:48,1.236,0.016,0,0,0,0,p
2024-03-16 06:54,1.248,0.013,0,0,0,0,p
2024-03-16 07:00,1.251,0.017,0,0,0,0,p
2024-03-16 07:06,1.271,0.008,1,0,0,0,p
2024-03-16 07:12,1.285,0.015,0,0,0,0,p
2024-03-16 07:18,1.295,0.016,1,0,0,0,p
2024-03-16 07:24,1.314,0.009,0,0,0,0,p
2024-03-16 07:30,1.337,0.013,0,0,0,0,p
2024-03-16 07:36,1.363,0.016,0,0,0,0,p
2024-03-16 07:42,1.368,0.019,0,0,0,0,p
2024-03-16 07:48,1.385,0.016,0,0,0,0,p
2024-03-16 07:54,1.415,0.016,0,0,0,0,p
2024-03-16 08:00,1.434,0.019,0,0,0,0,p
2024-03-16 08:06,1.442,0.013,0,0,0,0,p
2024-03-16 08:12,1.463,0.014,0,0,0,0,p
2024-03-16 08:18,1.478,0.014,0,0,0,0,p
2024-03-16 08:24,1.505,0.013,0,0,0,0,p
2024-03-16 08:30,1.523,0.015,0,0,0,0,p
2024-03-16 08:36,1.552,0.01,0,0,0,0,p
2024-03-16 08:42,1.563,0.012,0,0,0,0,p
2024-03-16 08:48,1.582,0.013,0,0,0,0,p
2024-03-16 08:54,1.605,0.015,0,0,0,0,p
2024-03-16 09:00,1.613,0.015,0,0,0,0,p
2024-03-16 09:06,1.616,0.014,0,0,0,0,p
2024-03-16 09:12,1.638,0.01,1,0,0,0,p
2024-03-16 09:18,1.645,0.017,0,0,0,0,p
2024-03-16 09:24,1.665,0.015,0,0,0,0,p
2024-03-16 09:30,1.687,0.014,0,0,0,0,p
2024-03-16 09:36,1.695,0.012,1,0,0,0,p
2024-03-16 09:42,1.715,0.013,0,0,0,0,p
2024-03-16 09:48,1.735,0.02,0,0,0,0,p
2024-03-16 09:54,1.76,0.014,0,0,0,0,p
2024-03-16 10:00,1.769,0.019,0,0,0,0,p
2024-03-16 10:06,1.778,,1,0,0,0,p
2024-03-16 10:12,1.786,0.019,0,0,0,0,p
2024-03-16 10:18,1.788,0.018,0,0,0,0,p
2024-03-16 10:24,1.817,0.021,0,0,0,0,p
2024-03-16 10:30,1.84,0.013,0,0,0,0,p
2024-03-16 10:36,1.821,0.02,0,0,0,0,p
2024-03-16 10:42,1.836,0.015,1,0,0,0,p
2024-03-16 10:48,1.839,0.011,0,0,0,0,p
2024-03-16 10:54,1.84,0.02,0,0,0,0,p
2024-03-16 11:00,1.857,0.017,0,0,0,0,p
2024-03-16 11:06,1.846,0.017,1,0,0,0,p
2024-03-16 11:12,1.866,0.015,0,0,0,0,p
2024-03-16 11:18,1.864,0.014,0,0,0,0,p
2024-03-16 11:24,1.881,0.013,0,0,0,0,p
2024-03-16 11:30,1.871,0.016,0,0,0,0,p
2024-03-16 11:36,1.861,0.018,0,0,0,0,p
2024-03-16 11:42,1.866,0.024,0,0,0,0,p
2024-03-16 11:48,1.851,0.014,0,0,0,0,p
2024-03-16 11:54,1.858,0.025,0,0,0,0,p
2024-03-16 12:00,1.84,0.018,0,0,0,0,p
2024-03-16 12:06,1.834,0.014,0,0,0,0,p
2024-03-16 12:12,1.84,0.016,0,0,0,0,p
2024-03-16 12:18,1.812,0.021,0,0,0,0,p
2024-03-16 12:24,1.794,0.016,0,0,0,0,p
2024-03-16 12:30,1.784,0.014,0,0,0,0,p
2024-03-16 12:36,1.756,,1,0,0,0,p
2024-03-16 12:42,1.752,0.015,0,0,0,0,p
2024-03-16 12:48,1.734,0.017,0,0,0,0,p
2024-03-16 12:54,1.704,,1,0,0,0,p
2024-03-16 13:00,1.704,0.017,0,0,0,0,p
2024-03-16 13:06,1.672,0.019,0,0,0,0,p
2024-03-16 13:12,1.642,0.018,0,0,0,0,p
2024-03-16 13:18,1.623,0.009,0,0,0,0,p
2024-03-16 13:24,1.602,0.016,0,0,0,0,p
2024-03-16 13:30,1.57,0.018,0,0,0,0,p
2024-03-16 13:36,1.546,0.014,0,0,0,0,p
2024-03-16 13:42,1.509,0.016,0,0,0,0,p
2024-03-16 13:48,1.479,0.016,0,0,0,0,p
2024-03-16 13:54,1.426,0.015,0,0,0,0,p
2024-03-16 14:00,1.412,0.012,0,0,0,0,p
2024-03-16 14:06,1.382,0.016,0,0,0,0,p
2024-03-16 14:12,1.351,0.013,0,0,0,0,p
2024-03-16 14:18,1.303,0.014,0,0,0,0,p
2024-03-16 14:24,1.269,0.018,0,0,0,0,p
2024-03-16 14:30,1.221,0.017,0,0,0,0,p
2024-03-16 14:36,1.196,0.017,0,0,0,0,p
2024-03-16 14:42,1.161,0.011,0,0,0,0,p
2024-03-16 14:48,1.135,0.013,0,0,0,0,p
2024-03-16 14:54,1.102,0.013,1,0,0,0,p
2024-03-16 15:00,1.083,0.013,0,0,0,0,p
2024-03-16 15:06,1.057,0.013,0,0,0,0,p
2024-03-16 15:12,1.033,0.01,0,0,0,0,p
2024-03-16 15:18,1.022,0.013,0,0,0,0,p
2024-03-16 15:24,0.994,0.012,0,0,0,0,p
2024-03-16 15:30,0.973,0.009,0,0,0,0,p
2024-03-16 15:36,0.957,0.009,0,0,0,0,p
2024-03-16 15:42,0.935,0.01,0,0,0,0,p
2024-03-16 15:48,,,1,1,1,1,p
2024-03-16 15:54,,,1,1,1,1,p
2024-03-16 16:00,,,1,1,1,1,p
2024-03-16 16:06,,,1,1,1,1,p
2024-03-16 16:12,,,1,1,1,1,p
2024-03-16 16:18,,,1,1,1,1,p
2024-03-16 16:24,,,1,1,1,1,p
2024-03-16 16:30,,,1,1,1,1,p
2024-03-16 16:36,,,1,1,1,1,p
2024-03-16 16:42,,,1,1,1,1,p
2024-03-16 16:48,,,1,1,1,1,p
2024-03-16 16:54,,,1,1,1,1,p
2024-03-16 17:00,,,1,1,1,1,p
2024-03-16 17:06,,,1,1,1,1,p
2024-03-16 17:12,,,1,1,1,1,p
2024-03-16 17:18,,,1,1,1,1,p
2024-03-16 17:24,,,1,1,1,1,p
2024-03-16 17:30,,,1,1,1,1,p
2024-03-16 17:36,,,1,1,1,1,p
2024-03-16 17:42,,,1,1,1,1,p
2024-03-16 17:48,,,1,1,1,1,p
2024-03-16 17:54,,,1,1,1,1,p
2024-03-16 18:00,,,1,1,1,1,p
2024-03-16 18:06,,,1,1,1,1,p
2024-03-16 18:12,,,1,1,1,1,p
2024-03-16 18:18,,,1,1,1,1,p
2024-03-16 18:24,,,1,1,1,1,p
2024-03-16 18:30,,,1,1,1,1,p
2024-03-16 18:36,,,1,1,1,1,p
2024-03-16 18:42,,,1,1,1,1,p
2024-03-16 18:48,,,1,1,1,1,p
2024-03-16 18:54,,,1,1,1,1,p
2024-03-16 19:00,,,1,1,1,1,p
2024-03-16 19:06,,,1,1,1,1,p
2024-03-16 19:12,,,1,1,1,1,p
2024-03-16 19:18,,,1,1,1,1,p
2024-03-16 19:24,,,1,1,1,1,p
2024-03-16 19:30,,,1,1,1,1,p
2024-03-16 19:36,,,1,1,1,1,p
2024-03-16 19:42,,,1,1,1,1,p
2024-03-16 19:48,,,1,1,1,1,p
2024-03-16 19:54,,,1,1,1,1,p
2024-03-16 20:00,,,1,1,1,1,p
2024-03-16 20:06,,,1,1,1,1,p
2024-03-16 20:12,,,1,1,1,1,p
2024-03-16 20:18,,,1,1,1,1,p
2024-03-16 20:24,,,1,1,1,1,p
2024-03-16 20:30,,,1,1,1,1,p
2024-03-16 20:36,,,1,1,1,1,p
2024-03-16 20:42,,,1,1,1,1,p
2024-03-16 20:48,,,1,1,1,1,p
2024-03-16 20:54,,,1,1,1,1,p
2024-03-16 21:00,,,1,1,1,1,p
2024-03-16 21:06,,,1,1,1,1,p
2024-03-16 21:12,,,1,1,1,1,p
2024-03-16 21:18,,,1,1,1,1,p
2024-03-16 21:24,,,1,1,1,1,p
2024-03-16 21:30,,,1,1,1,1,p
2024-03-16 21:36,,,1,1,1,1,p
2024-03-16 21:42,,,1,1,1,1,p
2024-03-16 21:48,,,1,1,1,1,p
2024-03-16 21:54,,,1,1,1,1,p
2024-03-16 22:00,,,1,1,1,1,p
2024-03-16 22:06,,,1,1,1,1,p
2024-03-16 22:12,,,1,1,1,1,p
2024-03-16 22:18,,,1,1,1,1,p
2024-03-16 22:24,,,1,1,1,1,p
2024-03-16 22:30,,,1,1,1,1,p
2024-03-16 22:36,,,1,1,1,1,p
2024-03-16 22:42,,,1,1,1,1,p
2024-03-16 22:48,0.936,0.013,0,0,0,0,p
2024-03-16 22:54,0.939,0.009,0,0,0,0,p
2024-03-16 23:00,0.957,0.012,0,0,0,0,p
2024-03-16 23:06,0.973,0.01,0,0,0,0,p
2024-03-16 23:12,0.99,0.026,0,0,0,0,p
2024-03-16 23:18,1.001,0.03,0,0,0,0,p
2024-03-16 23:24,1.001,0.032,1,0,0,0,p
2024-03-16 23:30,1.01,0.034,1,0,0,0,p
2024-03-16 23:36,1.031,0.038,1,0,0,0,p
2024-03-16 23:42,1.033,0.041,0,0,0,0,p
2024-03-16 23:48,1.043,0.041,1,0,0,0,p
2024-03-16 23:54,1.065,0.052,0,0,0,0,p
2024-03-17 00:00,1.069,0.04,0,0,0,0,p
2024-03-17 00:06,1.082,0.045,0,0,0,0,p
2024-03-17 00:12,1.104,0.052,0,0,0,0,p
2024-03-17 00:18,1.109,0.057,0,0,0,0,p
2024-03-17 00:24,1.13,0.051,0,0,0,0,p
2024-03-17 00:30,1.157,0.042,0,0,0,0,p
2024-03-17 00:36,1.165,0.051,0,0,0,0,p
2024-03-17 00:42,1.19,0.046,0,0,0,0,p
2024-03-17 00:48,1.186,0.042,0,0,0,0,p
2024-03-17 00:54,1.2,0.049,0,0,0,0,p
2024-03-17 01:00,1.22,0.048,0,0,0,0,p
2024-03-17 01:06,1.221,0.041,0,0,0,0,p
2024-03-17 01:12,1.237,0.047,1,0,0,0,p
2024-03-17 01:18,1.251,0.04,1,0,0,0,p
2024-03-17 01:24,1.245,0.044,0,0,0,0,p
2024-03-17 01:30,1.264,0.029,1,0,0,0,p
2024-03-17 01:36,1.287,0.032,0,0,0,0,p
2024-03-17 01:42,1.299,0.03,1,0,0,0,p
2024-03-17 01:48,1.308,0.033,1,0,0,0,p
2024-03-17 01:54,1.308,0.035,0,0,0,0,p
2024-03-17 02:00,1.311,0.034,0,0,0,0,p
2024-03-17 02:06,1.32,0.028,0,0,0,0,p
2024-03-17 02:12,1.332,0.028,1,0,0,0,p
2024-03-17 02:18,1.334,0.029,1,0,0,0,p
2024-03-17 02:24,1.329,0.038,0,0,0,0,p
2024-03-17 02:30,1.338,0.039,0,0,0,0,p
2024-03-17 02:36,1.335,0.032,1,0,0,0,p
2024-03-17 02:42,1.342,0.027,1,0,0,0,p
2024-03-17 02:48,1.336,0.03,0,0,0,0,p
2024-03-17 02:54,1.336,0.033,0,0,0,0,p
2024-03-17 03:00,1.323,0.03,0,0,0,0,p
2024-03-17 03:06,1.321,0.029,0,0,0,0,p
2024-03-17 03:12,1.321,0.029,1,0,0,0,p
2024-03-17 03:18,1.311,0.032,1,0,0,0,p
2024-03-17 03:24,1.297,0.032,1,0,0,0,p
2024-03-17 03:30,1.301,0.025,1,0,0,0,p
2024-03-17 03:36,1.293,0.024,1,0,0,0,p
2024-03-17 03:42,1.29,0.033,1,0,0,0,p
2024-03-17 03:48,1.276,0.031,1,0,0,0,p
2024-03-17 03:54,1.282,0.035,0,0,0,0,p
2024-03-17 04:00,1.276,0.034,0,0,0,0,p
2024-03-17 04:06,1.277,0.029,1,0,0,0,p
2024-03-17 04:12,1.273,0.024,1,0,0,0,p
2024-03-17 04:18,1.255,0.039,1,0,0,0,p
2024-03-17 04:24,1.243,0.044,1,0,0,0,p
2024-03-17 04:30,1.234,0.036,0,0,0,0,p
2024-03-17 04:36,1.233,0.042,0,0,0,0,p
2024-03-17 04:42,1.227,0.039,0,0,0,0,p
2024-03-17 04:48,1.22,0.044,0,0,0,0,p
2024-03-17 04:54,1.215,0.041,0,0,0,0,p
2024-03-17 05:00,1.207,0.036,1,0,0,0,p
2024-03-17 05:06,1.201,0.039,0,0,0,0,p
2024-03-17 05:12,1.179,0.05,0,0,0,0,p
2024-03-17 05:18,1.178,0.044,0,0,0,0,p
2024-03-17 05:24,1.165,0.051,0,0,0,0,p
2024-03-17 05:30,1.159,0.054,0,0,0,0,p
2024-03-17 05:36,1.145,0.056,0,0,0,0,p
2024-03-17 05:42,1.14,0.042,0,0,0,0,p
2024-03-17 05:48,1.126,0.05,0,0,0,0,p
2024-03-17 05:54,1.119,0.045,0,0,0,0,p
2024-03-17 06:00,1.132,0.05,0,0,0,0,p
2024-03-17 06:06,1.127,0.048,0,0,0,0,p
2024-03-17 06:12,1.123,0.052,0,0,0,0,p
2024-03-17 06:18,1.116,0.054,0,0,0,0,p
2024-03-17 06:24,1.119,0.05,0,0,0,0,p
2024-03-17 06:30,1.121,0.053,0,0,0,0,p
2024-03-17 06:36,1.12,0.048,0,0,0,0,p
2024-03-17 06:42,1.124,0.043,0,0,0,0,p
2024-03-17 06:48,1.119,0.044,0,0,0,0,p
2024-03-17 06:54,1.124,0.048,0,0,0,0,p
2024-03-17 07:00,1.121,0.046,0,0,0,0,p
2024-03-17 07:06,1.129,0.051,0,0,0,0,p
2024-03-17 07:12,1.14,0.044,0,0,0,0,p
2024-03-17 07:18,1.144,0.052,0,0,0,0,p
2024-03-17 07:24,1.147,0.053,0,0,0,0,p
2024-03-17 07:30,1.159,0.051,0,0,0,0,p
2024-03-17 07:36,1.169,0.05,0,0,0,0,p
2024-03-17 07:42,1.171,0.051,0,0,0,0,p
2024-03-17 07:48,1.192,0.044,0,0,0,0,p
2024-03-17 07:54,1.195,0.045,0,0,0,0,p
2024-03-17 08:00,1.199,0.042,0,0,0,0,p
2024-03-17 08:06,1.207,0.045,0,0,0,0,p
2024-03-17 08:12,1.22,0.041,1,0,0,0,p
2024-03-17 08:18,1.228,0.039,0,0,0,0,p
2024-03-17 08:24,1.24,0.042,0,0,0,0,p
2024-03-17 08:30,1.255,0.034,1,0,0,0,p
2024-03-17 08:36,1.258,0.038,1,0,0,0,p
2024-03-17 08:42,1.275,0.045,0,0,0,0,p
2024-03-17 08:48,1.292,0.038,1,0,0,0,p
2024-03-17 08:54,1.314,0.032,1,0,0,0,p
2024-03-17 09:00,1.323,0.033,0,0,0,0,p
2024-03-17 09:06,1.337,0.028,0,0,0,0,p
2024-03-17 09:12,1.35,0.036,0,0,0,0,p
2024-03-17 09:18,1.372,0.028,1,0,0,0,p
2024-03-17 09:24,1.391,0.026,1,0,0,0,p
2024-03-17 09:30,1.405,0.034,1,0,0,0,p
2024-03-17 09:36,1.414,0.026,0,0,0,0,p
2024-03-17 09:42,1.429,0.023,1,0,0,0,p
2024-03-17 09:48,1.448,0.029,0,0,0,0,p
2024-03-17 09:54,1.456,0.024,0,0,0,0,p
2024-03-17 10:00,1.466,0.025,0,0,0,0,p
2024-03-17 10:06,1.495,0.027,0,0,0,0,p
2024-03-17 10:12,1.514,0.024,0,0,0,0,p
2024-03-17 10:18,1.532,0.021,0,0,0,0,p
2024-03-17 10:24,1.541,0.021,0,0,0,0,p
2024-03-17 10:30,1.554,0.028,0,0,0,0,p
2024-03-17 10:36,1.568,0.024,0,0,0,0,p
2024-03-17 10:42,1.578,0.024,0,0,0,0,p
2024-03-17 10:48,1.59,0.023,0,0,0,0,p
2024-03-17 10:54,1.606,0.023,0,0,0,0,p
2024-03-17 11:00,1.61,0.022,0,0,0,0,p
2024-03-17 11:06,1.618,0.025,1,0,0,0,p
2024-03-17 11:12,1.636,0.025,0,0,0,0,p
2024-03-17 11:18,1.649,0.028,0,0,0,0,p
2024-03-17 11:24,1.654,0.028,0,0,0,0,p
2024-03-17 11:30,1.664,0.026,0,0,0,0,p
2024-03-17 11:36,1.682,0.024,0,0,0,0,p
2024-03-17 11:42,1.691,0.023,0,0,0,0,p
2024-03-17 11:48,1.69,0.025,1,0,0,0,p
2024-03-17 11:54,1.691,0.028,0,0,0,0,p
2024-03-17 12:00,1.693,0.026,1,0,0,0,p
2024-03-17 12:06,1.695,0.024,0,0,0,0,p
2024-03-17 12:12,1.706,0.022,0,0,0,0,p
2024-03-17 12:18,1.72,0.021,1,0,0,0,p
2024-03-17 12:24,1.717,0.024,0,0,0,0,p
2024-03-17 12:30,1.722,0.026,0,0,0,0,p
2024-03-17 12:36,1.721,0.026,0,0,0,0,p
2024-03-17 12:42,1.715,0.029,0,0,0,0,p
2024-03-17 12:48,1.721,,1,0,0,0,p
2024-03-17 12:54,1.708,0.026,1,0,0,0,p
2024-03-17 13:00,1.698,0.031,1,0,0,0,p
2024-03-17 13:06,1.688,0.028,0,0,0,0,p
2024-03-17 13:12,1.688,0.03,0,0,0,0,p
2024-03-17 13:18,1.677,0.026,0,0,0,0,p
2024-03-17 13:24,1.67,0.023,0,0,0,0,p
2024-03-17 13:30,1.66,0.026,0,0,0,0,p
2024-03-17 13:36,1.649,0.019,0,0,0,0,p
2024-03-17 13:42,1.626,0.022,1,0,0,0,p
2024-03-17 13:48,1.622,0.022,0,0,0,0,p
2024-03-17 13:54,1.6,0.019,1,0,0,0,p
2024-03-17 14:00,1.572,0.023,0,0,0,0,p
2024-03-17 14:06,1.558,0.024,0,0,0,0,p
2024-03-17 14:12,1.542,0.021,1,0,0,0,p
2024-03-17 14:18,1.525,0.025,0,0,0,0,p
2024-03-17 14:24,1.503,0.024,0,0,0,0,p
2024-03-17 14:30,1.476,0.027,1,0,0,0,p
2024-03-17 14:36,1.448,0.024,1,0,0,0,p
2024-03-17 14:42,1.423,0.029,1,0,0,0,p
2024-03-17 14:48,1.402,0.033,1,0,0,0,p
2024-03-17 14:54,1.37,0.032,1,0,0,0,p
2024-03-17 15:00,1.352,0.028,1,0,0,0,p
2024-03-17 15:06,1.314,0.047,1,0,0,0,p
2024-03-17 15:12,1.278,0.057,0,0,0,0,p
2024-03-17 15:18,1.241,0.05,0,0,0,0,p
2024-03-17 15:24,1.213,0.058,0,0,0,0,p
2024-03-17 15:30,1.174,0.056,0,0,0,0,p
2024-03-17 15:36,1.135,0.044,0,0,0,0,p
2024-03-17 15:42,1.119,0.04,0,0,0,0,p
2024-03-17 15:48,1.096,0.042,0,0,0,0,p
2024-03-17 15:54,1.064,0.03,0,0,0,0,p
2024-03-17 16:00,1.084,0.011,0,0,0,0,p
2024-03-17 16:06,1.066,0.01,0,0,0,0,p
2024-03-17 16:12,1.036,0.009,0,0,0,0,p
2024-03-17 16:18,1.014,0.01,0,0,0,0,p
2024-03-17 16:24,1.005,0.013,0,0,0,0,p
2024-03-17 16:30,0.983,0.009,0,0,0,0,p
2024-03-17 16:36,0.953,0.009,0,0,0,0,p
2024-03-17 16:42,0.932,0.008,1,0,0,0,p
2024-03-17 16:48,,,1,1,1,1,p
2024-03-17 16:54,,,1,1,1,1,p
2024-03-17 17:00,,,1,1,1,1,p
2024-03-17 17:06,,,1,1,1,1,p
2024-03-17 17:12,,,1,1,1,1,p
2024-03-17 17:18,,,1,1,1,1,p
2024-03-17 17:24,,,1,1,1,1,p
2024-03-17 17:30,,,1,1,1,1,p
2024-03-17 17:36,,,1,1,1,1,p
2024-03-17 17:42,,,1,1,1,1,p
2024-03-17 17:48,,,1,1,1,1,p
2024-03-17 17:54,,,1,1,1,1,p
2024-03-17 18:00,,,1,1,1,1,p
2024-03-17 18:06,,,1,1,1,1,p
2024-03-17 18:12,,,1,1,1,1,p
2024-03-17 18:18,,,1,1,1,1,p
2024-03-17 18:24,,,1,1,1,1,p
2024-03-17 18:30,,,1,1,1,1,p
2024-03-17 18:36,,,1,1,1,1,p
2024-03-17 18:42,,,1,1,1,1,p
2024-03-17 18:48,,,1,1,1,1,p
2024-03-17 18:54,,,1,1,1,1,p
2024-03-17 19:00,,,1,1,1,1,p
2024-03-17 19:06,,,1,1,1,1,p
2024-03-17 19:12,,,1,1,1,1,p
2024-03-17 19:18,,,1,1,1,1,p
2024-03-17 19:24,,,1,1,1,1,p
2024-03-17 19:30,,,1,1,1,1,p
2024-03-17 19:36,,,1,1,1,1,p
2024-03-17 19:42,,,1,1,1,1,p
2024-03-17 19:48,,,1,1,1,1,p
2024-03-17 19:54,,,1,1,1,1,p
2024-03-17 20:00,,,1,1,1,1,p
2024-03-17 20:06,,,1,1,1,1,p
2024-03-17 20:12,,,1,1,1,1,p
2024-03-17 20:18,,,1,1,1,1,p
2024-03-17 20:24,,,1,1,1,1,p
2024-03-17 20:30,,,1,1,1,1,p
2024-03-17 20:36,,,1,1,1,1,p
2024-03-17 20:42,,,1,1,1,1,p
2024-03-17 20:48,,,1,1,1,1,p
2024-03-17 20:54,,,1,1,1,1,p
2024-03-17 21:00,,,1,1,1,1,p
2024-03-17 21:06,,,1,1,1,1,p
2024-03-17 21:12,,,1,1,1,1,p
2024-03-17 21:18,,,1,1,1,1,p
2024-03-17 21:24,,,1,1,1,1,p
2024-03-17 21:30,,,1,1,1,1,p
2024-03-17 21:36,,,1,1,1,1,p
2024-03-17 21:42,,,1,1,1,1,p
2024-03-17 21:48,,,1,1,1,1,p
2024-03-17 21:54,,,1,1,1,1,p
2024-03-17 22:00,,,1,1,1,1,p
2024-03-17 22:06,,,1,1,1,1,p
2024-03-17 22:12,,,1,1,1,1,p
2024-03-17 22:18,,,1,1,1,1,p
2024-03-17 22:24,,,1,1,1,1,p
2024-03-17 22:30,,,1,1,1,1,p
2024-03-17 22:36,,,1,1,1,1,p
2024-03-17 22:42,,,1,1,1,1,p
2024-03-17 22:48,,,1,1,1,1,p
2024-03-17 22:54,,,1,1,1,1,p
2024-03-17 23:00,,,1,1,1,1,p
2024-03-17 23:06,,,1,1,1,1,p
2024-03-17 23:12,,,1,1,1,1,p
2024-03-17 23:18,,,1,1,1,1,p
2024-03-17 23:24,,,1,1,1,1,p
2024-03-17 23:30,,,1,1,1,1,p
2024-03-17 23:36,,,1,1,1,1,p
2024-03-17 23:42,,,1,1,1,1,p
2024-03-17 23:48,,,1,1,1,1,p
2024-03-17 23:54,,,1,1,1,1,p
2024-03-18 00:00,,,1,1,1,1,p
2024-03-18 00:06,,,1,1,1,1,p
2024-03-18 00:12,0.936,0.015,0,0,0,0,p
2024-03-18 00:18,0.947,0.01,0,0,0,0,p
2024-03-18 00:24,0.966,0.01,0,0,0,0,p
2024-03-18 00:30,0.981,0.012,0,0,0,0,p
2024-03-18 00:36,0.994,0.011,0,0,0,0,p
2024-03-18 00:42,1.01,0.012,0,0,0,0,p
2024-03-18 00:48,1.031,0.035,1,0,0,0,p
2024-03-18 00:54,1.042,0.031,0,0,0,0,p
2024-03-18 01:00,1.058,0.041,0,0,0,0,p
2024-03-18 01:06,1.065,0.04,0,0,0,0,p
2024-03-18 01:12,1.08,0.04,0,0,0,0,p
2024-03-18 01:18,1.092,0.039,0,0,0,0,p
2024-03-18 01:24,1.104,0.044,0,0,0,0,p
2024-03-18 01:30,1.125,0.045,0,0,0,0,p
2024-03-18 01:36,1.138,0.046,0,0,0,0,p
2024-03-18 01:42,1.159,0.047,0,0,0,0,p
2024-03-18 01:48,1.172,0.047,0,0,0,0,p
2024-03-18 01:54,1.186,0.044,0,0,0,0,p
2024-03-18 02:00,1.2,0.036,0,0,0,0,p
2024-03-18 02:06,1.214,0.034,1,0,0,0,p
2024-03-18 02:12,1.231,0.041,0,0,0,0,p
2024-03-18 02:18,1.25,0.032,1,0,0,0,p
2024-03-18 02:24,1.259,0.036,1,0,0,0,p
2024-03-18 02:30,1.261,0.044,1,0,0,0,p
2024-03-18 02:36,1.271,0.042,1,0,0,0,p
2024-03-18 02:42,1.287,0.032,0,0,0,0,p
2024-03-18 02:48,1.295,0.042,0,0,0,0,p
2024-03-18 02:54,1.314,0.037,0,0,0,0,p
2024-03-18 03:00,1.324,0.027,0,0,0,0,p
2024-03-18 03:06,1.333,0.032,1,0,0,0,p
2024-03-18 03:12,1.339,0.026,0,0,0,0,p
2024-03-18 03:18,1.34,0.031,1,0,0,0,p
2024-03-18 03:24,1.352,0.022,1,0,0,0,p
2024-03-18 03:30,1.359,0.023,1,0,0,0,p
2024-03-18 03:36,1.369,0.025,1,0,0,0,p
2024-03-18 03:42,1.361,0.027,0,0,0,0,p
2024-03-18 03:48,1.374,0.023,0,0,0,0,p
2024-03-18 03:54,1.368,0.024,0,0,0,0,p
2024-03-18 04:00,1.369,0.026,1,0,0,0,p
2024-03-18 04:06,1.367,0.026,0,0,0,0,p
2024-03-18 04:12,1.364,0.024,0,0,0,0,p
2024-03-18 04:18,1.363,0.018,0,0,0,0,p
2024-03-18 04:24,1.363,0.023,0,0,0,0,p
2024-03-18 04:30,1.36,0.023,0,0,0,0,p
2024-03-18 04:36,1.356,0.028,0,0,0,0,p
2024-03-18 04:42,1.35,0.027,0,0,0,0,p
2024-03-18 04:48,1.339,0.029,1,0,0,0,p
2024-03-18 04:54,1.338,0.025,0,0,0,0,p
2024-03-18 05:00,1.331,0.024,1,0,0,0,p
2024-03-18 05:06,1.33,0.026,1,0,0,0,p
2024-03-18 05:12,1.334,0.023,0,0,0,0,p
2024-03-18 05:18,1.326,0.023,0,0,0,0,p
2024-03-18 05:24,1.32,0.027,1,0,0,0,p
2024-03-18 05:30,1.313,0.028,1,0,0,0,p
2024-03-18 05:36,1.31,0.025,1,0,0,0,p
2024-03-18 05:42,1.288,0.032,1,0,0,0,p
2024-03-18 05:48,1.277,0.033,0,0,0,0,p
2024-03-18 05:54,1.27,0.033,1,0,0,0,p
2024-03-18 06:00,1.248,0.04,0,0,0,0,p
2024-03-18 06:06,1.244,0.04,1,0,0,0,p
2024-03-18 06:12,1.243,0.031,0,0,0,0,p
2024-03-18 06:18,1.235,0.036,1,0,0,0,p
2024-03-18 06:24,1.224,0.034,0,0,0,0,p
2024-03-18 06:30,1.215,0.041,0,0,0,0,p
2024-03-18 06:36,1.208,0.039,0,0,0,0,p
2024-03-18 06:42,1.199,0.049,0,0,0,0,p
2024-03-18 06:48,1.19,0.044,0,0,0,0,p
2024-03-18 06:54,1.181,0.041,0,0,0,0,p
2024-03-18 07:00,1.181,0.035,0,0,0,0,p
2024-03-18 07:06,1.17,0.038,0,0,0,0,p
2024-03-18 07:12,1.172,0.044,0,0,0,0,p
2024-03-18 07:18,1.164,0.043,0,0,0,0,p
2024-03-18 07:24,1.155,0.037,0,0,0,0,p
2024-03-18 07:30,1.15,0.035,0,0,0,0,p
2024-03-18 07:36,1.14,0.039,0,0,0,0,p
2024-03-18 07:42,1.128,0.034,0,0,0,0,p
2024-03-18 07:48,1.127,0.037,0,0,0,0,p
2024-03-18 07:54,1.124,0.041,0,0,0,0,p
2024-03-18 08:00,1.126,0.043,0,0,0,0,p
2024-03-18 08:06,1.129,0.042,0,0,0,0,p
2024-03-18 08:12,1.126,0.039,0,0,0,0,p
2024-03-18 08:18,1.13,0.042,0,0,0,0,p
2024-03-18 08:24,1.129,0.038,0,0,0,0,p
2024-03-18 08:30,1.133,0.038,0,0,0,0,p
2024-03-18 08:36,1.144,0.037,0,0,0,0,p
2024-03-18 08:42,1.149,0.04,0,0,0,0,p
2024-03-18 08:48,1.154,0.043,0,0,0,0,p
2024-03-18 08:54,1.161,0.043,0,0,0,0,p
2024-03-18 09:00,1.164,0.049,0,0,0,0,p
2024-03-18 09:06,1.177,0.047,0,0,0,0,p
2024-03-18 09:12,1.183,0.039,0,0,0,0,p
2024-03-18 09:18,1.193,0.04,0,0,0,0,p
2024-03-18 09:24,1.201,0.035,0,0,0,0,p
2024-03-18 09:30,1.203,0.041,0,0,0,0,p
2024-03-18 09:36,1.212,0.031,0,0,0,0,p
2024-03-18 09:42,1.214,0.038,0,0,0,0,p
2024-03-18 09:48,1.227,0.044,0,0,0,0,p
2024-03-18 09:54,1.235,0.038,0,0,0,0,p
2024-03-18 10:00,1.251,0.034,0,0,0,0,p
2024-03-18 10:06,1.27,0.035,1,0,0,0,p
2024-03-18 10:12,1.281,0.032,1,0,0,0,p
2024-03-18 10:18,1.298,0.028,1,0,0,0,p
2024-03-18 10:24,1.312,0.027,1,0,0,0,p
2024-03-18 10:30,1.323,0.04,1,0,0,0,p
2024-03-18 10:36,1.335,0.035,0,0,0,0,p
2024-03-18 10:42,1.351,0.028,1,0,0,0,p
2024-03-18 10:48,1.36,0.028,1,0,0,0,p
2024-03-18 10:54,1.366,0.027,1,0,0,0,p
2024-03-18 11:00,1.386,0.028,0,0,0,0,p
2024-03-18 11:06,1.401,0.025,0,0,0,0,p
2024-03-18 11:12,1.418,0.023,1,0,0,0,p
2024-03-18 11:18,1.439,0.022,0,0,0,0,p
2024-03-18 11:24,1.454,0.027,0,0,0,0,p
2024-03-18 11:30,1.465,0.021,0,0,0,0,p
2024-03-18 11:36,1.482,0.024,1,0,0,0,p
2024-03-18 11:42,1.496,0.025,0,0,0,0,p
2024-03-18 11:48,1.503,0.023,1,0,0,0,p
2024-03-18 11:54,1.517,0.027,1,0,0,0,p
2024-03-18 12:00,1.528,0.035,1,0,0,0,p
2024-03-18 12:06,1.547,0.029,1,0,0,0,p
2024-03-18 12:12,1.549,0.031,0,0,0,0,p
2024-03-18 12:18,1.558,0.026,1,0,0,0,p
2024-03-18 12:24,1.578,0.022,1,0,0,0,p
2024-03-18 12:30,1.588,0.023,0,0,0,0,p
2024-03-18 12:36,1.6,0.025,0,0,0,0,p
2024-03-18 12:42,1.609,0.021,0,0,0,0,p
2024-03-18 12:48,1.615,0.02,1,0,0,0,p
2024-03-18 12:54,1.624,0.023,1,0,0,0,p
2024-03-18 13:00,1.63,0.028,0,0,0,0,p
2024-03-18 13:06,1.631,0.025,0,0,0,0,p
2024-03-18 13:12,1.628,0.023,1,0,0,0,p
2024-03-18 13:18,1.631,0.03,0,0,0,0,p
2024-03-18 13:24,1.647,0.024,0,0,0,0,p
2024-03-18 13:30,1.659,0.028,0,0,0,0,p
2024-03-18 13:36,1.667,0.032,0,0,0,0,p
2024-03-18 13:42,1.667,0.025,0,0,0,0,p
2024-03-18 13:48,1.657,0.025,0,0,0,0,p
2024-03-18 13:54,1.654,0.026,0,0,0,0,p
2024-03-18 14:00,1.647,0.023,0,0,0,0,p
2024-03-18 14:06,1.647,0.027,1,0,0,0,p
2024-03-18 14:12,1.651,0.024,1,0,0,0,p
2024-03-18 14:18,1.646,0.022,0,0,0,0,p
2024-03-18 14:24,1.642,0.023,1,0,0,0,p
2024-03-18 14:30,1.637,0.024,1,0,0,0,p
2024-03-18 14:36,1.632,0.026,0,0,0,0,p
2024-03-18 14:42,1.617,0.023,1,0,0,0,p
2024-03-18 14:48,1.605,0.028,1,0,0,0,p
2024-03-18 14:54,1.595,0.026,0,0,0,0,p
2024-03-18 15:00,1.586,0.024,0,0,0,0,p
2024-03-18 15:06,1.571,0.026,0,0,0,0,p
2024-03-18 15:12,1.555,0.029,0,0,0,0,p
2024-03-18 15:18,1.533,0.028,0,0,0,0,p
2024-03-18 15:24,1.51,0.022,0,0,0,0,p
2024-03-18 15:30,1.501,0.025,0,0,0,0,p
2024-03-18 15:36,1.484,0.022,1,0,0,0,p
2024-03-18 15:42,1.46,0.028,0,0,0,0,p
2024-03-18 15:48,1.429,0.03,1,0,0,0,p
2024-03-18 15:54,1.397,0.036,1,0,0,0,p
2024-03-18 16:00,1.375,0.023,1,0,0,0,p
2024-03-18 16:06,1.345,0.024,1,0,0,0,p
2024-03-18 16:12,1.315,0.032,1,0,0,0,p
2024-03-18 16:18,1.295,0.034,0,0,0,0,p
2024-03-18 16:24,1.272,0.028,1,0,0,0,p
2024-03-18 16:30,1.233,0.043,1,0,0,0,p
2024-03-18 16:36,1.207,0.041,1,0,0,0,p
2024-03-18 16:42,1.178,0.039,0,0,0,0,p
2024-03-18 16:48,1.148,0.039,0,0,0,0,p
2024-03-18 16:54,1.11,0.031,0,0,0,0,p
2024-03-18 17:00,1.087,0.031,0,0,0,0,p
2024-03-18 17:06,1.06,0.024,1,0,0,0,p
2024-03-18 17:12,1.08,0.008,0,0,0,0,p
2024-03-18 17:18,1.059,0.014,0,0,0,0,p
2024-03-18 17:24,1.032,0.011,0,0,0,0,p
2024-03-18 17:30,1.011,0.012,0,0,0,0,p
2024-03-18 17:36,0.981,0.013,0,0,0,0,p
2024-03-18 17:42,0.964,0.011,0,0,0,0,p
2024-03-18 17:48,0.954,0.011,0,0,0,0,p
2024-03-18 17:54,0.933,0.01,0,0,0,0,p
2024-03-18 18:00,,,1,1,1,1,p
2024-03-18 18:06,,,1,1,1,1,p
2024-03-18 18:12,,,1,1,1,1,p
2024-03-18 18:18,,,1,1,1,1,p
2024-03-18 18:24,,,1,1,1,1,p
2024-03-18 18:30,,,1,1,1,1,p
2024-03-18 18:36,,,1,1,1,1,p
2024-03-18 18:42,,,1,1,1,1,p
2024-03-18 18:48,,,1,1,1,1,p
2024-03-18 18:54,,,1,1,1,1,p
2024-03-18 19:00,,,1,1,1,1,p
2024-03-18 19:06,,,1,1,1,1,p
2024-03-18 19:12,,,1,1,1,1,p
2024-03-18 19:18,,,1,1,1,1,p
2024-03-18 19:24,,,1,1,1,1,p
2024-03-18 19:30,,,1,1,1,1,p
2024-03-18 19:36,,,1,1,1,1,p
2024-03-18 19:42,,,1,1,1,1,p
2024-03-18 19:48,,,1,1,1,1,p
2024-03-18 19:54,,,1,1,1,1,p
2024-03-18 20:00,,,1,1,1,1,p
2024-03-18 20:06,,,1,1,1,1,p
2024-03-18 20:12,,,1,1,1,1,p
2024-03-18 20:18,,,1,1,1,1,p
2024-03-18 20:24,,,1,1,1,1,p
2024-03-18 20:30,,,1,1,1,1,p
2024-03-18 20:36,,,1,1,1,1,p
2024-03-18 20:42,,,1,1,1,1,p
2024-03-18 20:48,,,1,1,1,1,p
2024-03-18 20:54,,,1,1,1,1,p
2024-03-18 21:00,,,1,1,1,1,p
2024-03-18 21:06,,,1,1,1,1,p
2024-03-18 21:12,,,1,1,1,1,p
2024-03-18 21:18,,,1,1,1,1,p
2024-03-18 21:24,,,1,1,1,1,p
2024-03-18 21:30,,,1,1,1,1,p
2024-03-18 21:36,,,1,1,1,1,p
2024-03-18 21:42,,,1,1,1,1,p
2024-03-18 21:48,,,1,1,1,1,p
2024-03-18 21:54,,,1,1,1,1,p
2024-03-18 22:00,,,1,1,1,1,p
2024-03-18 22:06,,,1,1,1,1,p
2024-03-18 22:12,,,1,1,1,1,p
2024-03-18 22:18,,,1,1,1,1,p
2024-03-18 22:24,,,1,1,1,1,p
2024-03-18 22:30,,,1,1,1,1,p
2024-03-18 22:36,,,1,1,1,1,p
2024-03-18 22:42,,,1,1,1,1,p
2024-03-18 22:48,,,1,1,1,1,p
2024-03-18 22:54,,,1,1,1,1,p
2024-03-18 23:00,,,1,1,1,1,p
2024-03-18 23:06,,,1,1,1,1,p
2024-03-18 23:12,,,1,1,1,1,p
2024-03-18 23:18,,,1,1,1,1,p
2024-03-18 23:24,,,1,1,1,1,p
2024-03-18 23:30,,,1,1,1,1,p
2024-03-18 23:36,,,1,1,1,1,p
2024-03-18 23:42,,,1,1,1,1,p
2024-03-18 23:48,,,1,1,1,1,p
2024-03-18 23:54,,,1,1,1,1,p
2024-03-19 00:00,,,1,1,1,1,p
2024-03-19 00:06,,,1,1,1,1,p
2024-03-19 00:12,,,1,1,1,1,p
2024-03-19 00:18,,,1,1,1,1,p
2024-03-19 00:24,,,1,1,1,1,p
2024-03-19 00:30,,,1,1,1,1,p
2024-03-19 00:36,,,1,1,1,1,p
2024-03-19 00:42,,,1,1,1,1,p
2024-03-19 00:48,,,1,1,1,1,p
2024-03-19 00:54,,,1,1,1,1,p
2024-03-19 01:00,,,1,1,1,1,p
2024-03-19 01:06,,,1,1,1,1,p
2024-03-19 01:12,0.955,0.011,0,0,0,0,p
2024-03-19 01:18,0.961,0.01,1,0,0,0,p
2024-03-19 01:24,0.981,0.01,0,0,0,0,p
2024-03-19 01:30,1.014,0.009,0,0,0,0,p
2024-03-19 01:36,1.029,0.022,1,0,0,0,p
2024-03-19 01:42,1.054,0.032,1,0,0,0,p
2024-03-19 01:48,1.07,0.036,0,0,0,0,p
2024-03-19 01:54,1.071,0.035,0,0,0,0,p
2024-03-19 02:00,1.085,0.037,1,0,0,0,p
2024-03-19 02:06,1.098,0.04,1,0,0,0,p
2024-03-19 02:12,1.112,0.043,1,0,0,0,p
2024-03-19 02:18,1.125,0.044,0,0,0,0,p
2024-03-19 02:24,1.142,0.047,0,0,0,0,p
2024-03-19 02:30,1.153,0.043,0,0,0,0,p
2024-03-19 02:36,1.175,0.048,0,0,0,0,p
2024-03-19 02:42,1.182,0.046,1,0,0,0,p
2024-03-19 02:48,1.196,0.044,0,0,0,0,p
2024-03-19 02:54,1.215,0.043,0,0,0,0,p
2024-03-19 03:00,1.236,0.04,0,0,0,0,p
2024-03-19 03:06,1.252,0.037,1,0,0,0,p
2024-03-19 03:12,1.272,0.033,1,0,0,0,p
2024-03-19 03:18,1.277,0.034,0,0,0,0,p
2024-03-19 03:24,1.297,0.038,0,0,0,0,p
2024-03-19 03:30,1.325,0.034,0,0,0,0,p
2024-03-19 03:36,1.334,0.036,0,0,0,0,p
2024-03-19 03:42,1.351,0.031,1,0,0,0,p
2024-03-19 03:48,1.354,0.029,1,0,0,0,p
2024-03-19 03:54,1.365,0.033,0,0,0,0,p
2024-03-19 04:00,1.389,0.026,0,0,0,0,p
2024-03-19 04:06,1.401,0.027,0,0,0,0,p
2024-03-19 04:12,1.413,0.03,0,0,0,0,p
2024-03-19 04:18,1.419,0.024,1,0,0,0,p
2024-03-19 04:24,1.425,0.028,1,0,0,0,p
2024-03-19 04:30,1.423,0.033,0,0,0,0,p
2024-03-19 04:36,1.43,0.028,0,0,0,0,p
2024-03-19 04:42,1.436,0.032,0,0,0,0,p
2024-03-19 04:48,1.44,0.024,1,0,0,0,p
2024-03-19 04:54,1.444,0.028,1,0,0,0,p
2024-03-19 05:00,1.449,0.024,0,0,0,0,p
2024-03-19 05:06,1.441,0.029,1,0,0,0,p
2024-03-19 05:12,1.442,0.03,0,0,0,0,p
2024-03-19 05:18,1.437,0.025,0,0,0,0,p
2024-03-19 05:24,1.432,0.03,0,0,0,0,p
2024-03-19 05:30,1.428,0.022,0,0,0,0,p
2024-03-19 05:36,1.421,0.023,0,0,0,0,p
2024-03-19 05:42,1.406,0.028,0,0,0,0,p
2024-03-19 05:48,1.404,0.028,0,0,0,0,p
2024-03-19 05:54,1.395,0.027,1,0,0,0,p
2024-03-19 06:00,1.387,0.029,1,0,0,0,p
2024-03-19 06:06,1.372,0.031,1,0,0,0,p
2024-03-19 06:12,1.365,0.025,1,0,0,0,p
2024-03-19 06:18,1.36,0.028,0,0,0,0,p
2024-03-19 06:24,1.349,0.028,0,0,0,0,p
2024-03-19 06:30,1.341,0.031,0,0,0,0,p
2024-03-19 06:36,1.323,0.029,1,0,0,0,p
2024-03-19 06:42,1.308,0.03,1,0,0,0,p
2024-03-19 06:48,1.304,0.036,1,0,0,0,p
2024-03-19 06:54,1.289,0.032,1,0,0,0,p
2024-03-19 07:00,1.273,0.041,1,0,0,0,p
2024-03-19 07:06,1.254,0.039,1,0,0,0,p
2024-03-19 07:12,1.235,0.049,1,0,0,0,p
2024-03-19 07:18,1.22,0.048,0,0,0,0,p
2024-03-19 07:24,1.201,0.042,0,0,0,0,p
2024-03-19 07:30,1.205,0.041,0,0,0,0,p
2024-03-19 07:36,1.193,0.044,0,0,0,0,p
2024-03-19 07:42,1.178,0.045,0,0,0,0,p
2024-03-19 07:48,1.161,0.04,0,0,0,0,p
2024-03-19 07:54,1.159,0.039,0,0,0,0,p
2024-03-19 08:00,1.151,0.038,0,0,0,0,p
2024-03-19 08:06,1.144,0.037,0,0,0,0,p
2024-03-19 08:12,1.141,0.037,0,0,0,0,p
2024-03-19 08:18,1.133,0.036,0,0,0,0,p
2024-03-19 08:24,1.124,0.035,0,0,0,0,p
2024-03-19 08:30,1.121,0.033,0,0,0,0,p
2024-03-19 08:36,1.115,0.034,0,0,0,0,p
2024-03-19 08:42,1.094,0.028,0,0,0,0,p
2024-03-19 08:48,1.097,0.03,0,0,0,0,p
2024-03-19 08:54,1.101,0.031,1,0,0,0,p
2024-03-19 09:00,1.095,0.031,1,0,0,0,p
2024-03-19 09:06,1.087,0.026,1,0,0,0,p
2024-03-19 09:12,1.095,0.031,1,0,0,0,p
2024-03-19 09:18,1.094,0.026,1,0,0,0,p
2024-03-19 09:24,1.095,0.029,0,0,0,0,p
2024-03-19 09:30,1.099,0.03,0,0,0,0,p
2024-03-19 09:36,1.108,0.031,0,0,0,0,p
2024-03-19 09:42,1.111,0.032,1,0,0,0,p
2024-03-19 09:48,1.108,0.032,0,0,0,0,p
2024-03-19 09:54,1.113,0.031,0,0,0,0,p
2024-03-19 10:00,1.111,0.029,1,0,0,0,p
2024-03-19 10:06,1.122,0.038,0,0,0,0,p
2024-03-19 10:12,1.113,0.032,0,0,0,0,p
2024-03-19 10:18,1.125,0.03,1,0,0,0,p
2024-03-19 10:24,1.129,0.032,0,0,0,0,p
2024-03-19 10:30,1.136,0.04,0,0,0,0,p
2024-03-19 10:36,1.137,0.036,0,0,0,0,p
2024-03-19 10:42,1.143,0.04,0,0,0,0,p
2024-03-19 10:48,1.154,0.045,0,0,0,0,p
2024-03-19 10:54,1.163,0.045,0,0,0,0,p
2024-03-19 11:00,1.173,0.045,0,0,0,0,p
2024-03-19 11:06,1.189,0.045,0,0,0,0,p
2024-03-19 11:12,1.197,0.045,0,0,0,0,p
2024-03-19 11:18,1.206,0.051,0,0,0,0,p
2024-03-19 11:24,1.215,0.043,0,0,0,0,p
2024-03-19 11:30,1.226,0.042,0,0,0,0,p
2024-03-19 11:36,1.24,0.036,0,0,0,0,p
2024-03-19 11:42,1.235,0.046,0,0,0,0,p
2024-03-19 11:48,1.249,0.04,0,0,0,0,p
2024-03-19 11:54,1.253,0.041,0,0,0,0,p
2024-03-19 12:00,1.282,0.045,0,0,0,0,p
2024-03-19 12:06,1.302,0.049,0,0,0,0,p
2024-03-19 12:12,1.322,0.04,1,0,0,0,p
2024-03-19 12:18,1.35,0.033,1,0,0,0,p
2024-03-19 12:24,1.358,0.033,1,0,0,0,p
2024-03-19 12:30,1.377,0.037,1,0,0,0,p
2024-03-19 12:36,1.392,0.029,1,0,0,0,p
2024-03-19 12:42,1.411,0.03,0,0,0,0,p
2024-03-19 12:48,1.427,0.027,0,0,0,0,p
2024-03-19 12:54,1.445,0.027,0,0,0,0,p
2024-03-19 13:00,1.452,0.031,0,0,0,0,p
2024-03-19 13:06,1.472,0.027,1,0,0,0,p
2024-03-19 13:12,1.484,0.028,0,0,0,0,p
2024-03-19 13:18,1.502,0.03,0,0,0,0,p
2024-03-19 13:24,1.52,0.029,1,0,0,0,p
2024-03-19 13:30,1.524,0.032,0,0,0,0,p
2024-03-19 13:36,1.536,0.024,0,0,0,0,p
2024-03-19 13:42,1.541,0.03,1,0,0,0,p
2024-03-19 13:48,1.566,0.03,0,0,0,0,p
2024-03-19 13:54,1.569,0.027,0,0,0,0,p
2024-03-19 14:00,1.565,0.027,1,0,0,0,p
2024-03-19 14:06,1.585,0.031,0,0,0,0,p
2024-03-19 14:12,1.581,0.026,0,0,0,0,p
2024-03-19 14:18,1.592,0.025,0,0,0,0,p
2024-03-19 14:24,1.599,0.03,0,0,0,0,p
2024-03-19 14:30,1.611,0.026,1,0,0,0,p
2024-03-19 14:36,1.614,0.027,0,0,0,0,p
2024-03-19 14:42,1.613,0.021,0,0,0,0,p
2024-03-19 14:48,1.625,0.025,0,0,0,0,p
2024-03-19 14:54,1.625,0.027,0,0,0,0,p
2024-03-19 15:00,1.632,0.027,0,0,0,0,p
2024-03-19 15:06,1.639,0.029,0,0,0,0,p
2024-03-19 15:12,1.644,0.026,1,0,0,0,p
2024-03-19 15:18,1.645,0.026,0,0,0,0,p
2024-03-19 15:24,1.633,0.029,0,0,0,0,p
2024-03-19 15:30,1.627,0.025,0,0,0,0,p
2024-03-19 15:36,1.618,0.026,0,0,0,0,p
2024-03-19 15:42,1.615,0.028,0,0,0,0,p
2024-03-19 15:48,1.599,0.032,1,0,0,0,p
2024-03-19 15:54,1.602,0.023,1,0,0,0,p
2024-03-19 16:00,1.593,0.026,0,0,0,0,p
2024-03-19 16:06,1.572,0.035,0,0,0,0,p
2024-03-19 16:12,1.564,0.031,1,0,0,0,p
2024-03-19 16:18,1.548,0.026,1,0,0,0,p
2024-03-19 16:24,1.541,0.025,0,0,0,0,p
2024-03-19 16:30,1.513,0.027,0,0,0,0,p
2024-03-19 16:36,1.495,0.029,0,0,0,0,p
2024-03-19 16:42,1.474,0.029,0,0,0,0,p
2024-03-19 16:48,1.452,0.026,0,0,0,0,p
2024-03-19 16:54,1.431,0.028,1,0,0,0,p
2024-03-19 17:00,1.403,0.033,1,0,0,0,p
2024-03-19 17:06,1.382,0.03,1,0,0,0,p
2024-03-19 17:12,1.361,0.04,1,0,0,0,p
2024-03-19 17:18,1.331,0.043,1,0,0,0,p
2024-03-19 17:24,1.295,0.044,1,0,0,0,p
2024-03-19 17:30,1.271,0.041,0,0,0,0,p
2024-03-19 17:36,1.235,0.042,0,0,0,0,p
2024-03-19 17:42,1.196,0.037,0,0,0,0,p
2024-03-19 17:48,1.175,0.04,0,0,0,0,p
2024-03-19 17:54,1.14,0.037,0,0,0,0,p
2024-03-19 18:00,1.159,0.009,0,0,0,0,p
2024-03-19 18:06,1.124,0.011,0,0,0,0,p
2024-03-19 18:12,1.095,0.011,0,0,0,0,p
2024-03-19 18:18,1.072,0.012,0,0,0,0,p
2024-03-19 18:24,1.042,0.011,0,0,0,0,p
2024-03-19 18:30,1.024,0.011,0,0,0,0,p
2024-03-19 18:36,1.007,0.008,0,0,0,0,p
2024-03-19 18:42,0.991,0.009,0,0,0,0,p
2024-03-19 18:48,0.968,0.01,0,0,0,0,p
2024-03-19 18:54,0.95,0.009,1,0,0,0,p
2024-03-19 19:00,,,1,1,1,1,p
2024-03-19 19:06,,,1,1,1,1,p
2024-03-19 19:12,,,1,1,1,1,p
2024-03-19 19:18,,,1,1,1,1,p
2024-03-19 19:24,,,1,1,1,1,p
2024-03-19 19:30,,,1,1,1,1,p
2024-03-19 19:36,,,1,1,1,1,p
2024-03-19 19:42,,,1,1,1,1,p
2024-03-19 19:48,,,1,1,1,1,p
2024-03-19 19:54,,,1,1,1,1,p
2024-03-19 20:00,,,1,1,1,1,p
2024-03-19 20:06,,,1,1,1,1,p
2024-03-19 20:12,,,1,1,1,1,p
2024-03-19 20:18,,,1,1,1,1,p
2024-03-19 20:24,,,1,1,1,1,p
2024-03-19 20:30,,,1,1,1,1,p
2024-03-19 20:36,,,1,1,1,1,p
2024-03-19 20:42,,,1,1,1,1,p
2024-03-19 20:48,,,1,1,1,1,p
2024-03-19 20:54,,,1,1,1,1,p
2024-03-19 21:00,,,1,1,1,1,p
2024-03-19 21:06,,,1,1,1,1,p
2024-03-19 21:12,,,1,1,1,1,p
2024-03-19 21:18,,,1,1,1,1,p
2024-03-19 21:24,,,1,1,1,1,p
2024-03-19 21:30,,,1,1,1,1,p
2024-03-19 21:36,,,1,1,1,1,p
2024-03-19 21:42,,,1,1,1,1,p
2024-03-19 21:48,,,1,1,1,1,p
2024-03-19 21:54,,,1,1,1,1,p
2024-03-19 22:00,,,1,1,1,1,p
2024-03-19 22:06,,,1,1,1,1,p
2024-03-19 22:12,,,1,1,1,1,p
2024-03-19 22:18,,,1,1,1,1,p
2024-03-19 22:24,,,1,1,1,1,p
2024-03-19 22:30,,,1,1,1,1,p
2024-03-19 22:36,,,1,1,1,1,p
2024-03-19 22:42,,,1,1,1,1,p
2024-03-19 22:48,,,1,1,1,1,p
2024-03-19 22:54,,,1,1,1,1,p
2024-03-19 23:00,,,1,1,1,1,p
2024-03-19 23:06,,,1,1,1,1,p
2024-03-19 23:12,,,1,1,1,1,p
2024-03-19 23:18,,,1,1,1,1,p
2024-03-19 23:24,,,1,1,1,1,p
2024-03-19 23:30,,,1,1,1,1,p
2024-03-19 23:36,,,1,1,1,1,p
2024-03-19 23:42,,,1,1,1,1,p
2024-03-19 23:48,,,1,1,1,1,p
2024-03-19 23:54,,,1,1,1,1,p
2024-03-20 00:00,,,1,1,1,1,p
2024-03-20 00:06,,,1,1,1,1,p
2024-03-20 00:12,,,1,1,1,1,p
2024-03-20 00:18,,,1,1,1,1,p
2024-03-20 00:24,,,1,1,1,1,p
2024-03-20 00:30,,,1,1,1,1,p
2024-03-20 00:36,,,1,1,1,1,p
2024-03-20 00:42,,,1,1,1,1,p
2024-03-20 00:48,,,1,1,1,1,p
2024-03-20 00:54,,,1,1,1,1,p
2024-03-20 01:00,,,1,1,1,1,p
2024-03-20 01:06,,,1,1,1,1,p
2024-03-20 01:12,,,1,1,1,1,p
2024-03-20 01:18,,,1,1,1,1,p
2024-03-20 01:24,,,1,1,1,1,p
2024-03-20 01:30,,,1,1,1,1,p
2024-03-20 01:36,0.929,0.022,0,0,0,0,p
2024-03-20 01:42,,,1,1,1,1,p
2024-03-20 01:48,,,1,1,1,1,p
2024-03-20 01:54,0.933,0.013,0,0,0,0,p
2024-03-20 02:00,0.948,0.012,0,0,0,0,p
2024-03-20 02:06,0.983,0.009,0,0,0,0,p
2024-03-20 02:12,1.002,0.012,0,0,0,0,p
2024-03-20 02:18,1.017,0.01,0,0,0,0,p
2024-03-20 02:24,1.037,0.011,0,0,0,0,p
2024-03-20 02:30,1.059,0.015,0,0,0,0,p
2024-03-20 02:36,1.08,0.034,1,0,0,0,p
2024-03-20 02:42,1.087,0.04,0,0,0,0,p
2024-03-20 02:48,1.102,0.048,0,0,0,0,p
2024-03-20 02:54,1.119,0.054,0,0,0,0,p
2024-03-20 03:00,1.124,0.04,0,0,0,0,p
2024-03-20 03:06,1.149,0.051,0,0,0,0,p
2024-03-20 03:12,1.166,0.055,0,0,0,0,p
2024-03-20 03:18,1.19,0.041,1,0,0,0,p
2024-03-20 03:24,1.214,0.061,0,0,0,0,p
2024-03-20 03:30,1.236,0.049,0,0,0,0,p
2024-03-20 03:36,1.242,0.05,0,0,0,0,p
2024-03-20 03:42,1.269,0.048,0,0,0,0,p
2024-03-20 03:48,1.288,0.06,0,0,0,0,p
2024-03-20 03:54,1.299,0.041,0,0,0,0,p
2024-03-20 04:00,1.308,0.041,0,0,0,0,p
2024-03-20 04:06,1.335,0.038,1,0,0,0,p
2024-03-20 04:12,1.352,0.033,1,0,0,0,p
2024-03-20 04:18,1.361,0.036,1,0,0,0,p
2024-03-20 04:24,1.393,0.032,0,0,0,0,p
2024-03-20 04:30,1.4,0.036,0,0,0,0,p
2024-03-20 04:36,1.415,0.04,0,0,0,0,p
2024-03-20 04:42,1.426,0.033,1,0,0,0,p
2024-03-20 04:48,1.441,0.027,1,0,0,0,p
2024-03-20 04:54,1.446,0.037,0,0,0,0,p
2024-03-20 05:00,1.451,0.03,0,0,0,0,p
2024-03-20 05:06,1.467,0.03,0,0,0,0,p
2024-03-20 05:12,1.475,0.025,1,0,0,0,p
2024-03-20 05:18,1.477,0.023,1,0,0,0,p
2024-03-20 05:24,1.479,0.03,0,0,0,0,p
2024-03-20 05:30,1.484,0.029,0,0,0,0,p
2024-03-20 05:36,1.482,0.029,0,0,0,0,p
2024-03-20 05:42,1.483,0.033,1,0,0,0,p
2024-03-20 05:48,1.484,0.025,0,0,0,0,p
2024-03-20 05:54,1.466,0.026,1,0,0,0,p
2024-03-20 06:00,1.467,0.027,1,0,0,0,p
2024-03-20 06:06,1.457,0.027,0,0,0,0,p
2024-03-20 06:12,1.445,0.026,1,0,0,0,p
2024-03-20 06:18,1.436,0.031,0,0,0,0,p
2024-03-20 06:24,1.428,0.032,1,0,0,0,p
2024-03-20 06:30,1.422,0.023,0,0,0,0,p
2024-03-20 06:36,1.406,0.037,0,0,0,0,p
2024-03-20 06:42,1.401,0.042,0,0,0,0,p
2024-03-20 06:48,1.388,0.039,0,0,0,0,p
2024-03-20 06:54,1.37,0.037,0,0,0,0,p
2024-03-20 07:00,1.362,0.034,1,0,0,0,p
2024-03-20 07:06,1.351,0.036,0,0,0,0,p
2024-03-20 07:12,1.327,0.039,0,0,0,0,p
2024-03-20 07:18,1.324,0.036,0,0,0,0,p
2024-03-20 07:24,1.297,0.042,0,0,0,0,p
2024-03-20 07:30,1.273,0.045,0,0,0,0,p
2024-03-20 07:36,1.26,0.051,0,0,0,0,p
2024-03-20 07:42,1.241,0.055,0,0,0,0,p
2024-03-20 07:48,1.229,0.049,0,0,0,0,p
2024-03-20 07:54,1.208,0.05,0,0,0,0,p
2024-03-20 08:00,1.189,0.045,0,0,0,0,p
2024-03-20 08:06,1.173,0.046,0,0,0,0,p
2024-03-20 08:12,1.162,0.041,0,0,0,0,p
2024-03-20 08:18,1.152,0.037,0,0,0,0,p
2024-03-20 08:24,1.141,0.039,0,0,0,0,p
2024-03-20 08:30,1.134,0.037,0,0,0,0,p
2024-03-20 08:36,1.12,0.03,1,0,0,0,p
2024-03-20 08:42,1.111,0.028,0,0,0,0,p
2024-03-20 08:48,1.12,0.034,1,0,0,0,p
2024-03-20 08:54,1.097,0.023,1,0,0,0,p
2024-03-20 09:00,1.089,0.023,1,0,0,0,p
2024-03-20 09:06,1.083,0.019,1,0,0,0,p
2024-03-20 09:12,1.073,0.013,1,0,0,0,p
2024-03-20 09:18,1.067,0.015,1,0,0,0,p
2024-03-20 09:24,1.065,0.01,1,0,0,0,p
2024-03-20 09:30,1.065,0.013,1,0,0,0,p
2024-03-20 09:36,1.059,0.012,1,0,0,0,p
2024-03-20 09:42,1.057,0.013,1,0,0,0,p
2024-03-20 09:48,1.052,0.008,1,0,0,0,p
2024-03-20 09:54,1.053,0.012,1,0,0,0,p
2024-03-20 10:00,1.048,0.009,1,0,0,0,p
2024-03-20 10:06,1.052,0.01,1,0,0,0,p
2024-03-20 10:12,1.053,0.01,1,0,0,0,p
2024-03-20 10:18,1.06,0.022,1,0,0,0,p
2024-03-20 10:24,1.051,0.018,1,0,0,0,p
2024-03-20 10:30,1.057,0.025,1,0,0,0,p
2024-03-20 10:36,1.055,0.017,1,0,0,0,p
2024-03-20 10:42,1.058,0.021,0,0,0,0,p
2024-03-20 10:48,1.065,0.028,1,0,0,0,p
2024-03-20 10:54,1.053,0.018,1,0,0,0,p
2024-03-20 11:00,1.066,0.03,1,0,0,0,p
2024-03-20 11:06,1.081,0.033,1,0,0,0,p
2024-03-20 11:12,1.08,0.026,1,0,0,0,p
2024-03-20 11:18,1.079,0.025,1,0,0,0,p
2024-03-20 11:24,1.079,0.026,1,0,0,0,p
2024-03-20 11:30,1.09,0.032,0,0,0,0,p
2024-03-20 11:36,1.093,0.031,0,0,0,0,p
2024-03-20 11:42,1.094,0.037,1,0,0,0,p
2024-03-20 11:48,1.105,0.038,0,0,0,0,p
2024-03-20 11:54,1.098,0.03,1,0,0,0,p
2024-03-20 12:00,1.101,0.031,1,0,0,0,p
2024-03-20 12:06,1.117,0.042,1,0,0,0,p
2024-03-20 12:12,1.125,0.038,0,0,0,0,p
2024-03-20 12:18,1.136,0.047,0,0,0,0,p
2024-03-20 12:24,1.145,0.039,0,0,0,0,p
2024-03-20 12:30,1.142,0.038,0,0,0,0,p
2024-03-20 12:36,1.157,0.044,0,0,0,0,p
2024-03-20 12:42,1.173,0.051,0,0,0,0,p
2024-03-20 12:48,1.196,0.058,0,0,0,0,p
2024-03-20 12:54,1.205,0.043,0,0,0,0,p
2024-03-20 13:00,1.224,0.062,0,0,0,0,p
2024-03-20 13:06,1.236,0.049,0,0,0,0,p
2024-03-20 13:12,1.252,0.053,0,0,0,0,p
2024-03-20 13:18,1.274,0.056,0,0,0,0,p
2024-03-20 13:24,1.298,0.044,0,0,0,0,p
2024-03-20 13:30,1.321,0.046,0,0,0,0,p
2024-03-20 13:36,1.344,0.041,1,0,0,0,p
2024-03-20 13:42,1.357,0.044,0,0,0,0,p
2024-03-20 13:48,1.376,0.035,1,0,0,0,p
2024-03-20 13:54,1.402,0.03,1,0,0,0,p
2024-03-20 14:00,1.411,0.045,0,0,0,0,p
2024-03-20 14:06,1.425,0.049,0,0,0,0,p
2024-03-20 14:12,1.451,0.032,1,0,0,0,p
2024-03-20 14:18,1.468,0.033,0,0,0,0,p
2024-03-20 14:24,1.48,0.032,1,0,0,0,p
2024-03-20 14:30,1.499,0.034,1,0,0,0,p
2024-03-20 14:36,1.513,0.029,1,0,0,0,p
2024-03-20 14:42,1.526,0.033,0,0,0,0,p
2024-03-20 14:48,1.533,0.03,1,0,0,0,p
2024-03-20 14:54,1.549,0.025,0,0,0,0,p
2024-03-20 15:00,1.56,0.03,0,0,0,0,p
2024-03-20 15:06,1.575,0.023,1,0,0,0,p
2024-03-20 15:12,1.576,0.035,0,0,0,0,p
2024-03-20 15:18,1.587,0.035,0,0,0,0,p
2024-03-20 15:24,1.608,0.026,0,0,0,0,p
2024-03-20 15:30,1.622,0.028,1,0,0,0,p
2024-03-20 15:36,1.63,0.027,1,0,0,0,p
2024-03-20 15:42,1.637,0.024,0,0,0,0,p
2024-03-20 15:48,1.639,0.023,0,0,0,0,p
2024-03-20 15:54,1.647,0.025,0,0,0,0,p
2024-03-20 16:00,1.647,0.026,1,0,0,0,p
2024-03-20 16:06,1.645,0.03,0,0,0,0,p
2024-03-20 16:12,1.642,0.026,0,0,0,0,p
2024-03-20 16:18,1.64,0.029,0,0,0,0,p
2024-03-20 16:24,1.641,0.023,1,0,0,0,p
2024-03-20 16:30,1.646,0.023,0,0,0,0,p
2024-03-20 16:36,1.639,0.028,0,0,0,0,p
2024-03-20 16:42,1.636,0.026,0,0,0,0,p
2024-03-20 16:48,1.627,0.023,0,0,0,0,p
2024-03-20 16:54,1.621,0.03,1,0,0,0,p
2024-03-20 17:00,1.604,0.027,0,0,0,0,p
2024-03-20 17:06,1.587,0.025,0,0,0,0,p
2024-03-20 17:12,1.568,0.035,1,0,0,0,p
2024-03-20 17:18,1.554,0.029,0,0,0,0,p
2024-03-20 17:24,1.53,0.028,0,0,0,0,p
2024-03-20 17:30,1.512,0.028,0,0,0,0,p
2024-03-20 17:36,1.491,0.025,1,0,0,0,p
2024-03-20 17:42,1.463,0.028,1,0,0,0,p
2024-03-20 17:48,1.447,0.025,0,0,0,0,p
2024-03-20 17:54,1.422,0.032,0,0,0,0,p
2024-03-20 18:00,1.394,0.031,1,0,0,0,p
2024-03-20 18:06,1.361,0.046,0,0,0,0,p
2024-03-20 18:12,1.338,0.041,0,0,0,0,p
2024-03-20 18:18,1.313,0.045,1,0,0,0,p
2024-03-20 18:24,1.28,0.056,0,0,0,0,p
2024-03-20 18:30,1.245,0.059,0,0,0,0,p
2024-03-20 18:36,1.212,0.05,0,0,0,0,p
2024-03-20 18:42,1.182,0.052,1,0,0,0,p
2024-03-20 18:48,1.152,0.047,0,0,0,0,p
2024-03-20 18:54,1.122,0.034,0,0,0,0,p
2024-03-20 19:00,1.128,0.014,0,0,0,0,p
2024-03-20 19:06,1.103,0.009,0,0,0,0,p
2024-03-20 19:12,1.083,0.01,0,0,0,0,p
2024-03-20 19:18,1.063,0.01,0,0,0,0,p
2024-03-20 19:24,1.033,0.011,0,0,0,0,p
2024-03-20 19:30,1.0,0.008,1,0,0,0,p
2024-03-20 19:36,0.984,0.008,0,0,0,0,p
2024-03-20 19:42,0.966,0.01,0,0,0,0,p
2024-03-20 19:48,0.951,0.007,0,0,0,0,p
2024-03-20 19:54,0.935,0.008,0,0,0,0,p
2024-03-20 20:00,,,1,1,1,1,p
2024-03-20 20:06,,,1,1,1,1,p
2024-03-20 20:12,,,1,1,1,1,p
2024-03-20 20:18,,,1,1,1,1,p
2024-03-20 20:24,,,1,1,1,1,p
2024-03-20 20:30,,,1,1,1,1,p
2024-03-20 20:36,,,1,1,1,1,p
2024-03-20 20:42,,,1,1,1,1,p
2024-03-20 20:48,,,1,1,1,1,p
2024-03-20 20:54,,,1,1,1,1,p
2024-03-20 21:00,,,1,1,1,1,p
2024-03-20 21:06,,,1,1,1,1,p
2024-03-20 21:12,,,1,1,1,1,p
2024-03-20 21:18,,,1,1,1,1,p
2024-03-20 21:24,,,1,1,1,1,p
2024-03-20 21:30,,,1,1,1,1,p
2024-03-20 21:36,,,1,1,1,1,p
2024-03-20 21:42,,,1,1,1,1,p
2024-03-20 21:48,,,1,1,1,1,p
2024-03-20 21:54,,,1,1,1,1,p
2024-03-20 22:00,,,1,1,1,1,p
2024-03-20 22:06,,,1,1,1,1,p
2024-03-20 22:12,,,1,1,1,1,p
2024-03-20 22:18,,,1,1,1,1,p
2024-03-20 22:24,,,1,1,1,1,p
2024-03-20 22:30,,,1,1,1,1,p
2024-03-20 22:36,,,1,1,1,1,p
2024-03-20 22:42,,,1,1,1,1,p
2024-03-20 22:48,,,1,1,1,1,p
2024-03-20 22:54,,,1,1,1,1,p
2024-03-20 23:00,,,1,1,1,1,p
2024-03-20 23:06,,,1,1,1,1,p
2024-03-20 23:12,,,1,1,1,1,p
2024-03-20 23:18,,,1,1,1,1,p
2024-03-20 23:24,,,1,1,1,1,p
2024-03-20 23:30,,,1,1,1,1,p
2024-03-20 23:36,,,1,1,1,1,p
2024-03-20 23:42,,,1,1,1,1,p
2024-03-20 23:48,,,1,1,1,1,p
2024-03-20 23:54,,,1,1,1,1,p
2024-03-21 00:00,,,1,1,1,1,p
2024-03-21 00:06,,,1,1,1,1,p
2024-03-21 00:12,,,1,1,1,1,p
2024-03-21 00:18,,,1,1,1,1,p
2024-03-21 00:24,,,1,1,1,1,p
2024-03-21 00:30,,,1,1,1,1,p
2024-03-21 00:36,,,1,1,1,1,p
2024-03-21 00:42,,,1,1,1,1,p
2024-03-21 00:48,,,1,1,1,1,p
2024-03-21 00:54,,,1,1,1,1,p
2024-03-21 01:00,,,1,1,1,1,p
2024-03-21 01:06,,,1,1,1,1,p
2024-03-21 01:12,,,1,1,1,1,p
2024-03-21 01:18,,,1,1,1,1,p
2024-03-21 01:24,,,1,1,1,1,p
2024-03-21 01:30,,,1,1,1,1,p
2024-03-21 01:36,,,1,1,1,1,p
2024-03-21 01:42,,,1,1,1,1,p
2024-03-21 01:48,,,1,1,1,1,p
2024-03-21 01:54,,,1,1,1,1,p
2024-03-21 02:00,,,1,1,1,1,p
2024-03-21 02:06,,,1,1,1,1,p
2024-03-21 02:12,,,1,1,1,1,p
2024-03-21 02:18,,,1,1,1,1,p
2024-03-21 02:24,,,1,1,1,1,p
2024-03-21 02:30,0.959,0.012,0,0,0,0,p
2024-03-21 02:36,0.953,0.01,0,0,0,0,p
2024-03-21 02:42,0.981,0.016,0,0,0,0,p
2024-03-21 02:48,1.005,0.009,0,0,0,0,p
2024-03-21 02:54,1.021,0.011,0,0,0,0,p
2024-03-21 03:00,1.039,0.01,0,0,0,0,p
2024-03-21 03:06,1.058,0.015,0,0,0,0,p
2024-03-21 03:12,1.072,0.014,0,0,0,0,p
2024-03-21 03:18,1.094,0.016,0,0,0,0,p
2024-03-21 03:24,1.113,0.015,0,0,0,0,p
2024-03-21 03:30,1.115,0.043,1,0,0,0,p
2024-03-21 03:36,1.14,0.049,0,0,0,0,p
2024-03-21 03:42,1.149,0.054,0,0,0,0,p
2024-03-21 03:48,1.18,0.05,0,0,0,0,p
2024-03-21 03:54,1.199,0.052,0,0,0,0,p
2024-03-21 04:00,1.226,0.049,0,0,0,0,p
2024-03-21 04:06,1.245,0.044,1,0,0,0,p
2024-03-21 04:12,1.252,0.057,0,0,0,0,p
2024-03-21 04:18,1.274,0.059,0,0,0,0,p
2024-03-21 04:24,1.297,0.043,0,0,0,0,p
2024-03-21 04:30,1.319,0.044,0,0,0,0,p
2024-03-21 04:36,1.333,0.043,1,0,0,0,p
2024-03-21 04:42,1.35,0.036,1,0,0,0,p
2024-03-21 04:48,1.373,0.029,0,0,0,0,p
2024-03-21 04:54,1.382,0.046,0,0,0,0,p
2024-03-21 05:00,1.399,0.037,1,0,0,0,p
2024-03-21 05:06,1.408,0.04,1,0,0,0,p
2024-03-21 05:12,1.422,0.037,0,0,0,0,p
2024-03-21 05:18,1.443,0.036,1,0,0,0,p
2024-03-21 05:24,1.451,0.036,1,0,0,0,p
2024-03-21 05:30,1.459,0.038,1,0,0,0,p
2024-03-21 05:36,1.468,0.031,1,0,0,0,p
2024-03-21 05:42,1.487,0.026,1,0,0,0,p
2024-03-21 05:48,1.503,0.026,0,0,0,0,p
2024-03-21 05:54,1.5,0.03,1,0,0,0,p
2024-03-21 06:00,1.505,0.027,1,0,0,0,p
2024-03-21 06:06,1.509,0.04,1,0,0,0,p
2024-03-21 06:12,1.505,0.035,1,0,0,0,p
2024-03-21 06:18,1.514,0.026,0,0,0,0,p
2024-03-21 06:24,1.511,0.041,1,0,0,0,p
2024-03-21 06:30,1.497,0.04,1,0,0,0,p
2024-03-21 06:36,1.483,0.024,0,0,0,0,p
2024-03-21 06:42,1.476,0.029,1,0,0,0,p
2024-03-21 06:48,1.453,0.035,1,0,0,0,p
2024-03-21 06:54,1.435,0.031,1,0,0,0,p
2024-03-21 07:00,1.435,0.033,1,0,0,0,p
2024-03-21 07:06,1.42,0.054,0,0,0,0,p
2024-03-21 07:12,1.415,0.045,0,0,0,0,p
2024-03-21 07:18,1.397,0.051,1,0,0,0,p
2024-03-21 07:24,1.37,0.051,0,0,0,0,p
2024-03-21 07:30,1.341,0.062,0,0,0,0,p
2024-03-21 07:36,1.323,0.068,0,0,0,0,p
2024-03-21 07:42,1.333,0.044,0,0,0,0,p
2024-03-21 07:48,1.311,0.053,0,0,0,0,p
2024-03-21 07:54,1.3,0.047,0,0,0,0,p
2024-03-21 08:00,1.279,0.053,0,0,0,0,p
2024-03-21 08:06,1.261,0.05,0,0,0,0,p
2024-03-21 08:12,1.24,0.057,0,0,0,0,p
2024-03-21 08:18,1.22,0.043,0,0,0,0,p
2024-03-21 08:24,1.212,0.043,0,0,0,0,p
2024-03-21 08:30,1.189,0.045,0,0,0,0,p
2024-03-21 08:36,1.172,0.044,0,0,0,0,p
2024-03-21 08:42,1.154,0.043,0,0,0,0,p
2024-03-21 08:48,1.137,0.038,0,0,0,0,p
2024-03-21 08:54,1.125,0.03,0,0,0,0,p
2024-03-21 09:00,1.121,0.03,1,0,0,0,p
2024-03-21 09:06,1.123,0.027,0,0,0,0,p
2024-03-21 09:12,1.099,0.017,1,0,0,0,p
2024-03-21 09:18,1.087,0.012,0,0,0,0,p
2024-03-21 09:24,1.073,0.011,0,0,0,0,p
2024-03-21 09:30,1.054,0.011,0,0,0,0,p
2024-03-21 09:36,1.054,0.011,0,0,0,0,p
2024-03-21 09:42,1.046,0.009,0,0,0,0,p
2024-03-21 09:48,1.037,0.008,0,0,0,0,p
2024-03-21 09:54,1.035,0.011,0,0,0,0,p
2024-03-21 10:00,1.014,0.011,0,0,0,0,p
2024-03-21 10:06,0.991,0.009,0,0,0,0,p
2024-03-21 10:12,0.985,0.006,0,0,0,0,p
2024-03-21 10:18,0.981,0.009,0,0,0,0,p
2024-03-21 10:24,0.977,0.008,0,0,0,0,p
2024-03-21 10:30,0.974,0.008,0,0,0,0,p
2024-03-21 10:36,0.974,0.008,0,0,0,0,p
2024-03-21 10:42,0.976,0.009,0,0,0,0,p
2024-03-21 10:48,0.968,0.008,0,0,0,0,p
2024-03-21 10:54,0.977,0.008,0,0,0,0,p
2024-03-21 11:00,0.965,0.009,0,0,0,0,p
2024-03-21 11:06,0.984,0.009,0,0,0,0,p
2024-03-21 11:12,0.979,0.015,0,0,0,0,p
2024-03-21 11:18,0.983,0.01,0,0,0,0,p
2024-03-21 11:24,0.999,0.01,0,0,0,0,p
2024-03-21 11:30,0.998,0.01,1,0,0,0,p
2024-03-21 11:36,1.002,0.01,0,0,0,0,p
2024-03-21 11:42,0.999,0.014,0,0,0,0,p
2024-03-21 11:48,1.002,0.008,0,0,0,0,p
2024-03-21 11:54,0.999,0.013,0,0,0,0,p
2024-03-21 12:00,1.009,0.009,0,0,0,0,p
2024-03-21 12:06,0.995,0.009,0,0,0,0,p
2024-03-21 12:12,1.028,0.011,0,0,0,0,p
2024-03-21 12:18,1.016,0.013,0,0,0,0,p
2024-03-21 12:24,1.032,0.011,1,0,0,0,p
2024-03-21 12:30,1.042,0.013,0,0,0,0,p
2024-03-21 12:36,1.04,0.013,0,0,0,0,p
2024-03-21 12:42,1.058,0.014,0,0,0,0,p
2024-03-21 12:48,1.061,0.016,0,0,0,0,p
2024-03-21 12:54,1.076,0.024,1,0,0,0,p
2024-03-21 13:00,1.088,0.035,1,0,0,0,p
2024-03-21 13:06,1.087,0.03,1,0,0,0,p
2024-03-21 13:12,1.101,0.043,0,0,0,0,p
2024-03-21 13:18,1.123,0.046,0,0,0,0,p
2024-03-21 13:24,1.129,0.049,0,0,0,0,p
2024-03-21 13:30,1.136,0.055,0,0,0,0,p
2024-03-21 13:36,1.138,0.042,0,0,0,0,p
2024-03-21 13:42,1.154,0.057,0,0,0,0,p
2024-03-21 13:48,1.169,0.053,0,0,0,0,p
2024-03-21 13:54,1.192,0.061,0,0,0,0,p
2024-03-21 14:00,1.211,0.069,0,0,0,0,p
2024-03-21 14:06,1.225,0.059,0,0,0,0,p
2024-03-21 14:12,1.237,0.059,0,0,0,0,p
2024-03-21 14:18,1.258,0.064,0,0,0,0,p
2024-03-21 14:24,1.277,0.054,0,0,0,0,p
2024-03-21 14:30,1.311,0.042,0,0,0,0,p
2024-03-21 14:36,1.329,0.04,1,0,0,0,p
2024-03-21 14:42,1.352,0.035,1,0,0,0,p
2024-03-21 14:48,1.369,0.047,0,0,0,0,p
2024-03-21 14:54,1.387,0.051,1,0,0,0,p
2024-03-21 15:00,1.404,0.039,0,0,0,0,p
2024-03-21 15:06,1.423,0.036,1,0,0,0,p
2024-03-21 15:12,1.445,0.04,0,0,0,0,p
2024-03-21 15:18,1.469,0.04,1,0,0,0,p
2024-03-21 15:24,1.481,0.028,1,0,0,0,p
2024-03-21 15:30,1.493,0.032,0,0,0,0,p
2024-03-21 15:36,1.505,0.03,1,0,0,0,p
2024-03-21 15:42,1.522,0.031,0,0,0,0,p
2024-03-21 15:48,1.538,0.03,0,0,0,0,p
2024-03-21 15:54,1.557,0.034,0,0,0,0,p
2024-03-21 16:00,1.569,0.037,0,0,0,0,p
2024-03-21 16:06,1.579,0.035,0,0,0,0,p
2024-03-21 16:12,1.594,0.026,1,0,0,0,p
2024-03-21 16:18,1.602,0.028,0,0,0,0,p
2024-03-21 16:24,1.609,0.032,1,0,0,0,p
2024-03-21 16:30,1.603,0.032,1,0,0,0,p
2024-03-21 16:36,1.606,0.031,1,0,0,0,p
2024-03-21 16:42,1.621,0.03,1,0,0,0,p
2024-03-21 16:48,1.625,0.034,1,0,0,0,p
2024-03-21 16:54,1.621,0.039,0,0,0,0,p
2024-03-21 17:00,1.627,0.037,0,0,0,0,p
2024-03-21 17:06,1.621,0.035,0,0,0,0,p
2024-03-21 17:12,1.623,0.033,0,0,0,0,p
2024-03-21 17:18,1.619,0.03,0,0,0,0,p
2024-03-21 17:24,1.615,0.033,1,0,0,0,p
2024-03-21 17:30,1.602,0.032,1,0,0,0,p
2024-03-21 17:36,1.6,0.028,0,0,0,0,p
2024-03-21 17:42,1.591,0.028,0,0,0,0,p
2024-03-21 17:48,1.588,0.026,0,0,0,0,p
2024-03-21 17:54,1.569,0.028,1,0,0,0,p
2024-03-21 18:00,1.551,0.034,0,0,0,0,p
2024-03-21 18:06,1.545,0.028,0,0,0,0,p
2024-03-21 18:12,1.519,0.027,1,0,0,0,p
2024-03-21 18:18,1.49,0.032,1,0,0,0,p
2024-03-21 18:24,1.472,0.029,0,0,0,0,p
2024-03-21 18:30,1.452,0.039,0,0,0,0,p
2024-03-21 18:36,1.426,0.04,1,0,0,0,p
2024-03-21 18:42,1.399,0.043,1,0,0,0,p
2024-03-21 18:48,1.378,0.043,1,0,0,0,p
2024-03-21 18:54,1.356,0.05,1,0,0,0,p
2024-03-21 19:00,1.314,0.061,0,0,0,0,p
2024-03-21 19:06,1.283,0.058,0,0,0,0,p
2024-03-21 19:12,1.25,0.059,0,0,0,0,p
2024-03-21 19:18,1.207,0.048,0,0,0,0,p
2024-03-21 19:24,1.179,0.057,0,0,0,0,p
2024-03-21 19:30,1.144,0.045,0,0,0,0,p
2024-03-21 19:36,1.127,0.049,0,0,0,0,p
2024-03-21 19:42,1.099,0.026,1,0,0,0,p
2024-03-21 19:48,1.082,0.019,1,0,0,0,p
2024-03-21 19:54,1.067,0.012,1,0,0,0,p
2024-03-21 20:00,1.066,0.012,0,0,0,0,p
2024-03-21 20:06,1.04,0.015,0,0,0,0,p
2024-03-21 20:12,1.0,0.009,0,0,0,0,p
2024-03-21 20:18,0.995,0.007,0,0,0,0,p
2024-03-21 20:24,0.966,0.007,0,0,0,0,p
2024-03-21 20:30,0.943,0.006,0,0,0,0,p
2024-03-21 20:36,,,1,1,1,1,p
2024-03-21 20:42,,,1,1,1,1,p
2024-03-21 20:48,,,1,1,1,1,p
2024-03-21 20:54,,,1,1,1,1,p
2024-03-21 21:00,,,1,1,1,1,p
2024-03-21 21:06,,,1,1,1,1,p
2024-03-21 21:12,,,1,1,1,1,p
2024-03-21 21:18,,,1,1,1,1,p
2024-03-21 21:24,,,1,1,1,1,p
2024-03-21 21:30,,,1,1,1,1,p
2024-03-21 21:36,,,1,1,1,1,p
2024-03-21 21:42,,,1,1,1,1,p
2024-03-21 21:48,,,1,1,1,1,p
2024-03-21 21:54,,,1,1,1,1,p
2024-03-21 22:00,,,1,1,1,1,p
2024-03-21 22:06,,,1,1,1,1,p
2024-03-21 22:12,,,1,1,1,1,p
2024-03-21 22:18,,,1,1,1,1,p
2024-03-21 22:24,,,1,1,1,1,p
2024-03-21 22:30,,,1,1,1,1,p
2024-03-21 22:36,,,1,1,1,1,p
2024-03-21 22:42,,,1,1,1,1,p
2024-03-21 22:48,,,1,1,1,1,p
2024-03-21 22:54,,,1,1,1,1,p
2024-03-21 23:00,,,1,1,1,1,p
2024-03-21 23:06,,,1,1,1,1,p
2024-03-21 23:12,,,1,1,1,1,p
2024-03-21 23:18,,,1,1,1,1,p
2024-03-21 23:24,,,1,1,1,1,p
2024-03-21 23:30,,,1,1,1,1,p
2024-03-21 23:36,,,1,1,1,1,p
2024-03-21 23:42,,,1,1,1,1,p
2024-03-21 23:48,,,1,1,1,1,p
2024-03-21 23:54,,,1,1,1,1,p
2024-03-22 00:00,,,1,1,1,1,p
2024-03-22 00:06,,,1,1,1,1,p
2024-03-22 00:12,,,1,1,1,1,p
2024-03-22 00:18,,,1,1,1,1,p
2024-03-22 00:24,,,1,1,1,1,p
2024-03-22 00:30,,,1,1,1,1,p
2024-03-22 00:36,,,1,1,1,1,p
2024-03-22 00:42,,,1,1,1,1,p
2024-03-22 00:48,,,1,1,1,1,p
2024-03-22 00:54,,,1,1,1,1,p
2024-03-22 01:00,,,1,1,1,1,p
2024-03-22 01:06,,,1,1,1,1,p
2024-03-22 01:12,,,1,1,1,1,p
2024-03-22 01:18,,,1,1,1,1,p
2024-03-22 01:24,,,1,1,1,1,p
2024-03-22 01:30,,,1,1,1,1,p
2024-03-22 01:36,,,1,1,1,1,p
2024-03-22 01:42,,,1,1,1,1,p
2024-03-22 01:48,,,1,1,1,1,p
2024-03-22 01:54,,,1,1,1,1,p
2024-03-22 02:00,,,1,1,1,1,p
2024-03-22 02:06,,,1,1,1,1,p
2024-03-22 02:12,,,1,1,1,1,p
2024-03-22 02:18,,,1,1,1,1,p
2024-03-22 02:24,,,1,1,1,1,p
2024-03-22 02:30,,,1,1,1,1,p
2024-03-22 02:36,,,1,1,1,1,p
2024-03-22 02:42,,,1,1,1,1,p
2024-03-22 02:48,,,1,1,1,1,p
2024-03-22 02:54,,,1,1,1,1,p
2024-03-22 03:00,0.951,0.014,0,0,0,0,p
2024-03-22 03:06,0.961,0.011,0,0,0,0,p
2024-03-22 03:12,0.973,0.009,1,0,0,0,p
2024-03-22 03:18,0.995,0.013,0,0,0,0,p
2024-03-22 03:24,1.003,0.014,0,0,0,0,p
2024-03-22 03:30,1.026,0.009,1,0,0,0,p
2024-03-22 03:36,1.043,0.013,0,0,0,0,p
2024-03-22 03:42,1.073,0.034,1,0,0,0,p
2024-03-22 03:48,1.097,0.052,0,0,0,0,p
2024-03-22 03:54,1.113,0.055,0,0,0,0,p
2024-03-22 04:00,1.134,0.06,0,0,0,0,p
2024-03-22 04:06,1.156,0.065,0,0,0,0,p
2024-03-22 04:12,1.166,0.065,0,0,0,0,p
2024-03-22 04:18,1.183,0.053,0,0,0,0,p
2024-03-22 04:24,1.213,0.054,0,0,0,0,p
2024-03-22 04:30,1.228,0.053,0,0,0,0,p
2024-03-22 04:36,1.242,0.069,0,0,0,0,p
2024-03-22 04:42,1.258,0.062,0,0,0,0,p
2024-03-22 04:48,1.285,0.047,0,0,0,0,p
2024-03-22 04:54,1.313,0.047,1,0,0,0,p
2024-03-22 05:00,1.344,0.05,0,0,0,0,p
2024-03-22 05:06,1.362,0.052,1,0,0,0,p
2024-03-22 05:12,1.392,0.034,1,0,0,0,p
2024-03-22 05:18,1.405,0.028,1,0,0,0,p
2024-03-22 05:24,1.419,0.042,1,0,0,0,p
2024-03-22 05:30,1.428,0.042,0,0,0,0,p
2024-03-22 05:36,1.444,0.033,0,0,0,0,p
2024-03-22 05:42,1.453,0.041,0,0,0,0,p
2024-03-22 05:48,1.476,0.039,1,0,0,0,p
2024-03-22 05:54,1.487,0.033,0,0,0,0,p
2024-03-22 06:00,1.492,0.041,1,0,0,0,p
2024-03-22 06:06,1.508,0.026,0,0,0,0,p
2024-03-22 06:12,1.516,0.037,1,0,0,0,p
2024-03-22 06:18,1.53,0.03,0,0,0,0,p
2024-03-22 06:24,1.537,0.028,1,0,0,0,p
2024-03-22 06:30,1.544,0.03,1,0,0,0,p
2024-03-22 06:36,1.53,0.033,1,0,0,0,p
2024-03-22 06:42,1.522,0.03,1,0,0,0,p
2024-03-22 06:48,1.525,0.035,1,0,0,0,p
2024-03-22 06:54,1.536,0.022,1,0,0,0,p
2024-03-22 07:00,1.528,0.032,0,0,0,0,p
2024-03-22 07:06,1.523,0.036,1,0,0,0,p
2024-03-22 07:12,1.498,0.036,0,0,0,0,p
2024-03-22 07:18,1.479,0.033,0,0,0,0,p
2024-03-22 07:24,1.478,0.031,1,0,0,0,p
2024-03-22 07:30,1.471,0.038,0,0,0,0,p
2024-03-22 07:36,1.46,0.028,1,0,0,0,p
2024-03-22 07:42,1.441,0.026,0,0,0,0,p
2024-03-22 07:48,1.433,0.022,0,0,0,0,p
2024-03-22 07:54,1.412,0.025,0,0,0,0,p
2024-03-22 08:00,1.389,0.038,1,0,0,0,p
2024-03-22 08:06,1.373,0.043,1,0,0,0,p
2024-03-22 08:12,1.356,0.046,0,0,0,0,p
2024-03-22 08:18,1.333,0.049,0,0,0,0,p
2024-03-22 08:24,1.313,0.057,0,0,0,0,p
2024-03-22 08:30,1.306,0.05,0,0,0,0,p
2024-03-22 08:36,1.272,0.058,0,0,0,0,p
2024-03-22 08:42,1.264,0.05,0,0,0,0,p
2024-03-22 08:48,1.226,0.049,0,0,0,0,p
2024-03-22 08:54,1.204,0.051,0,0,0,0,p
2024-03-22 09:00,1.17,0.04,0,0,0,0,p
2024-03-22 09:06,1.153,0.039,0,0,0,0,p
2024-03-22 09:12,1.134,0.033,1,0,0,0,p
2024-03-22 09:18,1.127,0.034,0,0,0,0,p
2024-03-22 09:24,1.109,0.023,1,0,0,0,p
2024-03-22 09:30,1.111,0.028,1,0,0,0,p
2024-03-22 09:36,1.078,0.011,0,0,0,0,p
2024-03-22 09:42,1.074,0.012,0,0,0,0,p
2024-03-22 09:48,1.055,0.013,0,0,0,0,p
2024-03-22 09:54,1.048,0.015,0,0,0,0,p
2024-03-22 10:00,1.021,0.009,0,0,0,0,p
2024-03-22 10:06,1.011,0.008,0,0,0,0,p
2024-03-22 10:12,1.0,0.008,0,0,0,0,p
2024-03-22 10:18,0.984,0.009,0,0,0,0,p
2024-03-22 10:24,0.97,0.008,0,0,0,0,p
2024-03-22 10:30,0.983,0.006,0,0,0,0,p
2024-03-22 10:36,0.972,0.009,0,0,0,0,p
2024-03-22 10:42,0.951,0.007,0,0,0,0,p
2024-03-22 10:48,0.947,0.011,1,0,0,0,p
2024-03-22 10:54,0.933,0.009,0,0,0,0,p
2024-03-22 11:00,0.932,0.01,0,0,0,0,p
2024-03-22 11:06,,,1,1,1,1,p
2024-03-22 11:12,,,1,1,1,1,p
2024-03-22 11:18,0.938,0.015,0,0,0,0,p
2024-03-22 11:24,,,1,1,1,1,p
2024-03-22 11:30,,,1,1,1,1,p
2024-03-22 11:36,,,1,1,1,1,p
2024-03-22 11:42,,,1,1,1,1,p
2024-03-22 11:48,,,1,1,1,1,p
2024-03-22 11:54,,,1,1,1,1,p
2024-03-22 12:00,,,1,1,1,1,p
2024-03-22 12:06,,,1,1,1,1,p
2024-03-22 12:12,0.955,0.015,0,0,0,0,p
2024-03-22 12:18,,,1,1,1,1,p
2024-03-22 12:24,0.948,0.01,0,0,0,0,p
2024-03-22 12:30,0.957,0.009,0,0,0,0,p
2024-03-22 12:36,0.947,0.008,0,0,0,0,p
2024-03-22 12:42,0.947,0.009,0,0,0,0,p
2024-03-22 12:48,0.985,0.01,0,0,0,0,p
2024-03-22 12:54,0.976,0.01,0,0,0,0,p
2024-03-22 13:00,0.985,0.01,0,0,0,0,p
2024-03-22 13:06,0.988,0.012,0,0,0,0,p
2024-03-22 13:12,0.976,0.009,0,0,0,0,p
2024-03-22 13:18,1.013,0.014,0,0,0,0,p
2024-03-22 13:24,1.029,0.011,0,0,0,0,p
2024-03-22 13:30,1.033,0.013,0,0,0,0,p
2024-03-22 13:36,1.046,0.013,0,0,0,0,p
2024-03-22 13:42,1.066,0.011,0,0,0,0,p
2024-03-22 13:48,1.073,0.013,0,0,0,0,p
2024-03-22 13:54,1.066,0.013,0,0,0,0,p
2024-03-22 14:00,1.091,0.013,0,0,0,0,p
2024-03-22 14:06,1.093,0.031,1,0,0,0,p
2024-03-22 14:12,1.102,0.032,1,0,0,0,p
2024-03-22 14:18,1.122,0.053,0,0,0,0,p
2024-03-22 14:24,1.126,0.037,0,0,0,0,p
2024-03-22 14:30,1.147,0.041,0,0,0,0,p
2024-03-22 14:36,1.174,0.047,0,0,0,0,p
2024-03-22 14:42,1.208,0.055,0,0,0,0,p
2024-03-22 14:48,1.21,0.043,0,0,0,0,p
2024-03-22 14:54,1.232,0.057,0,0,0,0,p
2024-03-22 15:00,1.254,0.05,0,0,0,0,p
2024-03-22 15:06,1.283,0.048,0,0,0,0,p
2024-03-22 15:12,1.301,0.039,0,0,0,0,p
2024-03-22 15:18,1.329,0.038,0,0,0,0,p
2024-03-22 15:24,1.339,0.05,0,0,0,0,p
2024-03-22 15:30,1.354,0.046,1,0,0,0,p
2024-03-22 15:36,1.392,0.031,1,0,0,0,p
2024-03-22 15:42,1.425,0.043,0,0,0,0,p
2024-03-22 15:48,1.455,0.028,0,0,0,0,p
2024-03-22 15:54,1.464,0.035,0,0,0,0,p
2024-03-22 16:00,1.485,0.03,0,0,0,0,p
2024-03-22 16:06,1.503,0.029,0,0,0,0,p
2024-03-22 16:12,1.518,0.031,0,0,0,0,p
2024-03-22 16:18,1.542,0.029,0,0,0,0,p
2024-03-22 16:24,1.566,0.023,0,0,0,0,p
2024-03-22 16:30,1.583,0.025,0,0,0,0,p
2024-03-22 16:36,1.599,0.022,1,0,0,0,p
2024-03-22 16:42,1.605,0.022,0,0,0,0,p
2024-03-22 16:48,1.615,0.022,0,0,0,0,p
2024-03-22 16:54,1.632,0.027,0,0,0,0,p
2024-03-22 17:00,1.636,0.029,1,0,0,0,p
2024-03-22 17:06,1.646,0.022,0,0,0,0,p
2024-03-22 17:12,1.653,0.024,0,0,0,0,p
2024-03-22 17:18,1.665,0.021,0,0,0,0,p
2024-03-22 17:24,1.686,0.029,1,0,0,0,p
2024-03-22 17:30,1.698,0.022,1,0,0,0,p
2024-03-22 17:36,1.711,0.026,0,0,0,0,p
2024-03-22 17:42,1.695,0.028,1,0,0,0,p
2024-03-22 17:48,1.685,0.024,0,0,0,0,p
2024-03-22 17:54,1.692,0.031,0,0,0,0,p
2024-03-22 18:00,1.698,0.025,0,0,0,0,p
2024-03-22 18:06,1.697,0.021,1,0,0,0,p
2024-03-22 18:12,1.691,0.028,0,0,0,0,p
2024-03-22 18:18,1.685,0.025,0,0,0,0,p
2024-03-22 18:24,1.67,0.024,0,0,0,0,p
2024-03-22 18:30,1.654,0.025,0,0,0,0,p
2024-03-22 18:36,1.63,0.027,1,0,0,0,p
2024-03-22 18:42,1.613,0.019,0,0,0,0,p
2024-03-22 18:48,1.612,0.02,0,0,0,0,p
2024-03-22 18:54,1.599,0.021,0,0,0,0,p
2024-03-22 19:00,1.582,0.021,1,0,0,0,p
2024-03-22 19:06,1.557,0.028,0,0,0,0,p
2024-03-22 19:12,1.535,0.023,0,0,0,0,p
2024-03-22 19:18,1.506,0.022,1,0,0,0,p
2024-03-22 19:24,1.481,0.022,1,0,0,0,p
2024-03-22 19:30,1.453,0.03,1,0,0,0,p
2024-03-22 19:36,1.42,0.028,1,0,0,0,p
2024-03-22 19:42,1.386,0.034,1,0,0,0,p
2024-03-22 19:48,1.351,0.035,0,0,0,0,p
2024-03-22 19:54,1.309,0.044,1,0,0,0,p
2024-03-22 20:00,1.278,0.047,0,0,0,0,p
2024-03-22 20:06,1.239,0.054,0,0,0,0,p
2024-03-22 20:12,1.213,0.06,0,0,0,0,p
2024-03-22 20:18,1.181,0.061,0,0,0,0,p
2024-03-22 20:24,1.147,0.041,0,0,0,0,p
2024-03-22 20:30,1.124,0.044,0,0,0,0,p
2024-03-22 20:36,1.104,0.026,1,0,0,0,p
2024-03-22 20:42,1.083,0.013,1,0,0,0,p
2024-03-22 20:48,1.063,0.013,0,0,0,0,p
2024-03-22 20:54,1.052,0.013,0,0,0,0,p
2024-03-22 21:00,1.013,0.008,0,0,0,0,p
2024-03-22 21:06,1.01,0.01,0,0,0,0,p
2024-03-22 21:12,0.99,0.01,0,0,0,0,p
2024-03-22 21:18,0.957,0.008,0,0,0,0,p
2024-03-22 21:24,0.929,0.01,0,0,0,0,p
2024-03-22 21:30,,,1,1,1,1,p
2024-03-22 21:36,,,1,1,1,1,p
2024-03-22 21:42,,,1,1,1,1,p
2024-03-22 21:48,,,1,1,1,1,p
2024-03-22 21:54,,,1,1,1,1,p
2024-03-22 22:00,,,1,1,1,1,p
2024-03-22 22:06,,,1,1,1,1,p
2024-03-22 22:12,,,1,1,1,1,p
2024-03-22 22:18,,,1,1,1,1,p
2024-03-22 22:24,,,1,1,1,1,p
2024-03-22 22:30,,,1,1,1,1,p
2024-03-22 22:36,,,1,1,1,1,p
2024-03-22 22:42,,,1,1,1,1,p
2024-03-22 22:48,,,1,1,1,1,p
2024-03-22 22:54,,,1,1,1,1,p
2024-03-22 23:00,,,1,1,1,1,p
2024-03-22 23:06,,,1,1,1,1,p
2024-03-22 23:12,,,1,1,1,1,p
2024-03-22 23:18,,,1,1,1,1,p
2024-03-22 23:24,,,1,1,1,1,p
2024-03-22 23:30,,,1,1,1,1,p
2024-03-22 23:36,,,1,1,1,1,p
2024-03-22 23:42,,,1,1,1,1,p
2024-03-22 23:48,,,1,1,1,1,p
2024-03-22 23:54,,,1,1,1,1,p
2024-03-23 00:00,,,1,1,1,1,p
2024-03-23 00:06,,,1,1,1,1,p
2024-03-23 00:12,,,1,1,1,1,p
2024-03-23 00:18,,,1,1,1,1,p
2024-03-23 00:24,,,1,1,1,1,p
2024-03-23 00:30,,,1,1,1,1,p
2024-03-23 00:36,,,1,1,1,1,p
2024-03-23 00:42,,,1,1,1,1,p
2024-03-23 00:48,,,1,1,1,1,p
2024-03-23 00:54,,,1,1,1,1,p
2024-03-23 01:00,,,1,1,1,1,p
2024-03-23 01:06,,,1,1,1,1,p
2024-03-23 01:12,,,1,1,1,1,p
2024-03-23 01:18,,,1,1,1,1,p
2024-03-23 01:24,,,1,1,1,1,p
2024-03-23 01:30,,,1,1,1,1,p
2024-03-23 01:36,,,1,1,1,1,p
2024-03-23 01:42,,,1,1,1,1,p
2024-03-23 01:48,,,1,1,1,1,p
2024-03-23 01:54,,,1,1,1,1,p
2024-03-23 02:00,,,1,1,1,1,p
2024-03-23 02:06,,,1,1,1,1,p
2024-03-23 02:12,,,1,1,1,1,p
2024-03-23 02:18,,,1,1,1,1,p
2024-03-23 02:24,,,1,1,1,1,p
2024-03-23 02:30,,,1,1,1,1,p
2024-03-23 02:36,,,1,1,1,1,p
2024-03-23 02:42,,,1,1,1,1,p
2024-03-23 02:48,,,1,1,1,1,p
2024-03-23 02:54,0.951,0.01,0,0,0,0,p
2024-03-23 03:00,0.962,0.01,0,0,0,0,p
2024-03-23 03:06,0.966,0.012,0,0,0,0,p
2024-03-23 03:12,0.999,0.01,0,0,0,0,p
2024-03-23 03:18,1.032,0.009,0,0,0,0,p
2024-03-23 03:24,1.037,0.011,0,0,0,0,p
2024-03-23 03:30,1.057,0.01,0,0,0,0,p
2024-03-23 03:36,1.088,0.011,0,0,0,0,p
2024-03-23 03:42,1.103,0.012,0,0,0,0,p
2024-03-23 03:48,1.126,0.011,0,0,0,0,p
2024-03-23 03:54,1.159,0.01,0,0,0,0,p
2024-03-23 04:00,1.174,0.012,0,0,0,0,p
2024-03-23 04:06,1.172,0.039,0,0,0,0,p
2024-03-23 04:12,1.2,0.043,0,0,0,0,p
2024-03-23 04:18,1.224,0.04,0,0,0,0,p
2024-03-23 04:24,1.246,0.048,0,0,0,0,p
2024-03-23 04:30,1.277,0.053,0,0,0,0,p
2024-03-23 04:36,1.309,0.048,0,0,0,0,p
2024-03-23 04:42,1.336,0.037,1,0,0,0,p
2024-03-23 04:48,1.352,0.039,1,0,0,0,p
2024-03-23 04:54,1.389,0.028,0,0,0,0,p
2024-03-23 05:00,1.412,0.028,1,0,0,0,p
2024-03-23 05:06,1.427,0.025,0,0,0,0,p
2024-03-23 05:12,1.451,0.024,0,0,0,0,p
2024-03-23 05:18,1.478,0.023,1,0,0,0,p
2024-03-23 05:24,1.498,0.02,1,0,0,0,p
2024-03-23 05:30,1.511,0.027,1,0,0,0,p
2024-03-23 05:36,1.538,0.025,0,0,0,0,p
2024-03-23 05:42,1.561,0.022,1,0,0,0,p
2024-03-23 05:48,1.577,0.03,0,0,0,0,p
2024-03-23 05:54,1.603,0.024,0,0,0,0,p
2024-03-23 06:00,1.629,0.023,1,0,0,0,p
2024-03-23 06:06,1.624,0.022,1,0,0,0,p
2024-03-23 06:12,1.636,0.021,0,0,0,0,p
2024-03-23 06:18,1.659,0.022,0,0,0,0,p
2024-03-23 06:24,1.668,0.021,0,0,0,0,p
2024-03-23 06:30,1.67,0.019,0,0,0,0,p
2024-03-23 06:36,1.685,0.022,0,0,0,0,p
2024-03-23 06:42,1.692,0.017,0,0,0,0,p
2024-03-23 06:48,1.7,0.021,0,0,0,0,p
2024-03-23 06:54,1.704,0.025,0,0,0,0,p
2024-03-23 07:00,1.696,0.024,0,0,0,0,p
2024-03-23 07:06,1.682,0.021,1,0,0,0,p
2024-03-23 07:12,1.665,0.025,0,0,0,0,p
2024-03-23 07:18,1.655,0.021,0,0,0,0,p
2024-03-23 07:24,1.646,0.023,0,0,0,0,p
2024-03-23 07:30,1.651,0.025,0,0,0,0,p
2024-03-23 07:36,1.644,0.018,0,0,0,0,p
2024-03-23 07:42,1.632,0.019,1,0,0,0,p
2024-03-23 07:48,1.628,0.02,0,0,0,0,p
2024-03-23 07:54,1.609,0.023,0,0,0,0,p
2024-03-23 08:00,1.583,0.021,0,0,0,0,p
2024-03-23 08:06,1.559,0.02,0,0,0,0,p
2024-03-23 08:12,1.542,0.021,0,0,0,0,p
2024-03-23 08:18,1.515,0.019,0,0,0,0,p
2024-03-23 08:24,1.49,0.019,1,0,0,0,p
2024-03-23 08:30,1.475,0.023,0,0,0,0,p
2024-03-23 08:36,1.448,0.021,1,0,0,0,p
2024-03-23 08:42,1.433,0.025,0,0,0,0,p
2024-03-23 08:48,1.399,0.03,1,0,0,0,p
2024-03-23 08:54,1.36,0.035,0,0,0,0,p
2024-03-23 09:00,1.32,0.044,0,0,0,0,p
2024-03-23 09:06,1.288,0.046,0,0,0,0,p
2024-03-23 09:12,1.251,0.042,0,0,0,0,p
2024-03-23 09:18,1.229,0.043,0,0,0,0,p
2024-03-23 09:24,1.199,0.043,0,0,0,0,p
2024-03-23 09:30,1.178,0.037,1,0,0,0,p
2024-03-23 09:36,1.171,0.04,0,0,0,0,p
2024-03-23 09:42,1.146,0.032,0,0,0,0,p
2024-03-23 09:48,1.126,0.026,1,0,0,0,p
2024-03-23 09:54,1.11,0.025,1,0,0,0,p
2024-03-23 10:00,1.107,0.024,0,0,0,0,p
2024-03-23 10:06,1.093,0.015,1,0,0,0,p
2024-03-23 10:12,1.083,0.013,1,0,0,0,p
2024-03-23 10:18,1.08,0.011,0,0,0,0,p
2024-03-23 10:24,1.055,0.009,0,0,0,0,p
2024-03-23 10:30,1.046,0.01,0,0,0,0,p
2024-03-23 10:36,1.039,0.007,0,0,0,0,p
2024-03-23 10:42,1.028,0.01,0,0,0,0,p
2024-03-23 10:48,1.01,0.013,1,0,0,0,p
2024-03-23 10:54,0.988,0.011,0,0,0,0,p
2024-03-23 11:00,0.988,0.01,0,0,0,0,p
2024-03-23 11:06,0.985,0.01,0,0,0,0,p
2024-03-23 11:12,0.977,0.011,0,0,0,0,p
2024-03-23 11:18,0.974,0.008,0,0,0,0,p
2024-03-23 11:24,0.979,0.015,0,0,0,0,p
2024-03-23 11:30,0.965,0.017,0,0,0,0,p
2024-03-23 11:36,0.938,0.017,0,0,0,0,p
2024-03-23 11:42,0.948,0.015,0,0,0,0,p
2024-03-23 11:48,0.957,0.011,0,0,0,0,p
2024-03-23 11:54,0.964,0.011,0,0,0,0,p
2024-03-23 12:00,0.936,0.015,0,0,0,0,p
2024-03-23 12:06,0.942,0.014,0,0,0,0,p
2024-03-23 12:12,0.942,0.015,0,0,0,0,p
2024-03-23 12:18,,,1,1,1,1,p
2024-03-23 12:24,0.942,0.01,0,0,0,0,p
2024-03-23 12:30,0.95,0.01,0,0,0,0,p
2024-03-23 12:36,0.938,0.011,0,0,0,0,p
2024-03-23 12:42,0.953,0.008,0,0,0,0,p
2024-03-23 12:48,0.974,0.01,0,0,0,0,p
2024-03-23 12:54,0.959,0.013,0,0,0,0,p
2024-03-23 13:00,0.99,0.014,0,0,0,0,p
2024-03-23 13:06,0.968,0.011,0,0,0,0,p
2024-03-23 13:12,0.98,0.01,1,0,0,0,p
2024-03-23 13:18,0.994,0.017,1,0,0,0,p
2024-03-23 13:24,0.992,0.011,0,0,0,0,p
2024-03-23 13:30,1.017,0.017,0,0,0,0,p
2024-03-23 13:36,1.005,0.01,0,0,0,0,p
2024-03-23 13:42,1.021,0.014,0,0,0,0,p
2024-03-23 13:48,1.028,0.014,0,0,0,0,p
2024-03-23 13:54,1.059,0.014,0,0,0,0,p
2024-03-23 14:00,1.063,0.014,0,0,0,0,p
2024-03-23 14:06,1.068,0.016,0,0,0,0,p
2024-03-23 14:12,1.091,0.015,0,0,0,0,p
2024-03-23 14:18,1.095,0.016,0,0,0,0,p
2024-03-23 14:24,1.102,0.013,1,0,0,0,p
2024-03-23 14:30,1.117,0.022,0,0,0,0,p
2024-03-23 14:36,1.126,0.023,0,0,0,0,p
2024-03-23 14:42,1.147,0.017,0,0,0,0,p
2024-03-23 14:48,1.155,0.021,0,0,0,0,p
2024-03-23 14:54,1.173,0.019,0,0,0,0,p
2024-03-23 15:00,1.184,0.017,0,0,0,0,p
2024-03-23 15:06,1.223,0.016,0,0,0,0,p
2024-03-23 15:12,1.237,0.018,0,0,0,0,p
2024-03-23 15:18,1.264,0.021,0,0,0,0,p
2024-03-23 15:24,1.29,0.021,0,0,0,0,p
2024-03-23 15:30,1.303,0.021,0,0,0,0,p
2024-03-23 15:36,1.322,0.021,0,0,0,0,p
2024-03-23 15:42,1.353,0.02,0,0,0,0,p
2024-03-23 15:48,1.378,0.022,0,0,0,0,p
2024-03-23 15:54,1.397,0.025,0,0,0,0,p
2024-03-23 16:00,1.422,0.023,0,0,0,0,p
2024-03-23 16:06,1.445,0.024,0,0,0,0,p
2024-03-23 16:12,1.464,0.024,0,0,0,0,p
2024-03-23 16:18,1.489,0.024,0,0,0,0,p
2024-03-23 16:24,1.509,0.026,0,0,0,0,p
2024-03-23 16:30,1.535,0.026,0,0,0,0,p
2024-03-23 16:36,1.559,0.023,0,0,0,0,p
2024-03-23 16:42,1.587,0.017,0,0,0,0,p
2024-03-23 16:48,1.605,0.018,0,0,0,0,p
2024-03-23 16:54,1.627,0.024,0,0,0,0,p
2024-03-23 17:00,1.645,0.023,0,0,0,0,p
2024-03-23 17:06,1.668,0.017,1,0,0,0,p
2024-03-23 17:12,1.693,0.031,0,0,0,0,p
2024-03-23 17:18,1.726,0.021,0,0,0,0,p
2024-03-23 17:24,1.726,0.027,0,0,0,0,p
2024-03-23 17:30,1.752,0.018,0,0,0,0,p
2024-03-23 17:36,1.747,0.023,0,0,0,0,p
2024-03-23 17:42,1.753,0.021,0,0,0,0,p
2024-03-23 17:48,1.771,0.026,0,0,0,0,p
2024-03-23 17:54,1.779,0.017,0,0,0,0,p
2024-03-23 18:00,1.772,0.022,0,0,0,0,p
2024-03-23 18:06,1.784,0.022,0,0,0,0,p
2024-03-23 18:12,1.782,0.025,0,0,0,0,p
2024-03-23 18:18,1.802,0.018,0,0,0,0,p
2024-03-23 18:24,1.802,0.023,0,0,0,0,p
2024-03-23 18:30,1.783,0.029,0,0,0,0,p
2024-03-23 18:36,1.787,0.022,0,0,0,0,p
2024-03-23 18:42,1.779,0.021,0,0,0,0,p
2024-03-23 18:48,1.775,0.021,0,0,0,0,p
2024-03-23 18:54,1.768,0.018,0,0,0,0,p
2024-03-23 19:00,1.775,0.022,1,0,0,0,p
2024-03-23 19:06,1.764,0.029,0,0,0,0,p
2024-03-23 19:12,1.745,0.022,0,0,0,0,p
2024-03-23 19:18,1.727,0.03,0,0,0,0,p
2024-03-23 19:24,1.715,0.027,0,0,0,0,p
2024-03-23 19:30,1.69,0.027,0,0,0,0,p
2024-03-23 19:36,1.687,0.026,0,0,0,0,p
2024-03-23 19:42,1.642,0.027,0,0,0,0,p
2024-03-23 19:48,1.623,0.024,0,0,0,0,p
2024-03-23 19:54,1.591,0.021,0,0,0,0,p
2024-03-23 20:00,1.583,0.02,0,0,0,0,p
2024-03-23 20:06,1.559,0.021,0,0,0,0,p
2024-03-23 20:12,1.513,0.017,0,0,0,0,p
2024-03-23 20:18,1.482,0.022,0,0,0,0,p
2024-03-23 20:24,1.44,0.023,0,0,0,0,p
2024-03-23 20:30,1.411,0.021,0,0,0,0,p
2024-03-23 20:36,1.378,0.019,0,0,0,0,p
2024-03-23 20:42,1.342,0.024,0,0,0,0,p
2024-03-23 20:48,1.315,0.016,0,0,0,0,p
2024-03-23 20:54,1.278,0.015,0,0,0,0,p
2024-03-23 21:00,1.256,0.022,0,0,0,0,p
2024-03-23 21:06,1.232,0.017,0,0,0,0,p
2024-03-23 21:12,1.213,0.011,0,0,0,0,p
2024-03-23 21:18,1.184,0.014,0,0,0,0,p
2024-03-23 21:24,1.158,0.016,1,0,0,0,p
2024-03-23 21:30,1.129,0.012,0,0,0,0,p
2024-03-23 21:36,1.102,0.01,0,0,0,0,p
2024-03-23 21:42,1.074,0.005,0,0,0,0,p
2024-03-23 21:48,1.078,0.013,1,0,0,0,p
2024-03-23 21:54,1.061,0.013,0,0,0,0,p
2024-03-23 22:00,1.039,0.009,0,0,0,0,p
2024-03-23 22:06,1.017,0.007,0,0,0,0,p
2024-03-23 22:12,1.003,0.007,0,0,0,0,p
2024-03-23 22:18,1.002,0.009,0,0,0,0,p
2024-03-23 22:24,0.972,0.007,0,0,0,0,p
2024-03-23 22:30,0.98,0.016,0,0,0,0,p
2024-03-23 22:36,0.954,0.019,0,0,0,0,p
2024-03-23 22:42,0.932,0.01,0,0,0,0,p
2024-03-23 22:48,,,1,1,1,1,p
2024-03-23 22:54,,,1,1,1,1,p
2024-03-23 23:00,,,1,1,1,1,p
2024-03-23 23:06,,,1,1,1,1,p
2024-03-23 23:12,,,1,1,1,1,p
2024-03-23 23:18,,,1,1,1,1,p
2024-03-23 23:24,,,1,1,1,1,p
2024-03-23 23:30,,,1,1,1,1,p
2024-03-23 23:36,,,1,1,1,1,p
2024-03-23 23:42,,,1,1,1,1,p
2024-03-23 23:48,,,1,1,1,1,p
2024-03-23 23:54,,,1,1,1,1,p
2024-03-24 00:00,,,1,1,1,1,p
2024-03-24 00:06,,,1,1,1,1,p
2024-03-24 00:12,,,1,1,1,1,p
2024-03-24 00:18,,,1,1,1,1,p
2024-03-24 00:24,,,1,1,1,1,p
2024-03-24 00:30,,,1,1,1,1,p
2024-03-24 00:36,,,1,1,1,1,p
2024-03-24 00:42,,,1,1,1,1,p
2024-03-24 00:48,,,1,1,1,1,p
2024-03-24 00:54,,,1,1,1,1,p
2024-03-24 01:00,,,1,1,1,1,p
2024-03-24 01:06,,,1,1,1,1,p
2024-03-24 01:12,,,1,1,1,1,p
2024-03-24 01:18,,,1,1,1,1,p
2024-03-24 01:24,,,1,1,1,1,p
2024-03-24 01:30,,,1,1,1,1,p
2024-03-24 01:36,,,1,1,1,1,p
2024-03-24 01:42,,,1,1,1,1,p
2024-03-24 01:48,,,1,1,1,1,p
2024-03-24 01:54,,,1,1,1,1,p
2024-03-24 02:00,,,1,1,1,1,p
2024-03-24 02:06,,,1,1,1,1,p
2024-03-24 02:12,,,1,1,1,1,p
2024-03-24 02:18,,,1,1,1,1,p
2024-03-24 02:24,,,1,1,1,1,p
2024-03-24 02:30,,,1,1,1,1,p
2024-03-24 02:36,,,1,1,1,1,p
2024-03-24 02:42,,,1,1,1,1,p
2024-03-24 02:48,,,1,1,1,1,p
2024-03-24 02:54,,,1,1,1,1,p
2024-03-24 03:00,0.962,0.015,0,0,0,0,p
2024-03-24 03:06,0.968,0.014,0,0,0,0,p
2024-03-24 03:12,0.973,0.011,0,0,0,0,p
2024-03-24 03:18,0.984,0.008,0,0,0,0,p
2024-03-24 03:24,1.01,0.009,1,0,0,0,p
2024-03-24 03:30,1.021,0.011,0,0,0,0,p
2024-03-24 03:36,1.062,0.008,0,0,0,0,p
2024-03-24 03:42,1.083,0.012,0,0,0,0,p
2024-03-24 03:48,1.1,0.016,0,0,0,0,p
2024-03-24 03:54,1.111,0.015,0,0,0,0,p
2024-03-24 04:00,1.126,0.018,0,0,0,0,p
2024-03-24 04:06,1.156,0.019,0,0,0,0,p
2024-03-24 04:12,1.17,0.023,0,0,0,0,p
2024-03-24 04:18,1.207,0.018,0,0,0,0,p
2024-03-24 04:24,1.236,0.012,1,0,0,0,p
2024-03-24 04:30,1.258,0.023,0,0,0,0,p
2024-03-24 04:36,1.289,0.015,0,0,0,0,p
2024-03-24 04:42,1.318,0.019,0,0,0,0,p
2024-03-24 04:48,1.332,0.025,0,0,0,0,p
2024-03-24 04:54,1.364,0.016,0,0,0,0,p
2024-03-24 05:00,1.378,0.018,0,0,0,0,p
2024-03-24 05:06,1.408,0.028,0,0,0,0,p
2024-03-24 05:12,1.427,0.023,0,0,0,0,p
2024-03-24 05:18,1.464,0.016,0,0,0,0,p
2024-03-24 05:24,1.493,0.021,0,0,0,0,p
2024-03-24 05:30,1.497,0.027,1,0,0,0,p
2024-03-24 05:36,1.524,0.018,0,0,0,0,p
2024-03-24 05:42,1.542,0.024,0,0,0,0,p
2024-03-24 05:48,1.572,0.019,0,0,0,0,p
2024-03-24 05:54,1.578,0.017,0,0,0,0,p
2024-03-24 06:00,1.609,0.022,0,0,0,0,p
2024-03-24 06:06,1.641,0.019,0,0,0,0,p
2024-03-24 06:12,1.65,0.023,0,0,0,0,p
2024-03-24 06:18,1.663,0.016,0,0,0,0,p
2024-03-24 06:24,1.684,0.018,0,0,0,0,p
2024-03-24 06:30,1.7,0.016,0,0,0,0,p
2024-03-24 06:36,1.708,0.013,0,0,0,0,p
2024-03-24 06:42,1.72,0.016,0,0,0,0,p
2024-03-24 06:48,1.734,0.015,0,0,0,0,p
2024-03-24 06:54,1.727,0.016,0,0,0,0,p
2024-03-24 07:00,1.732,0.014,1,0,0,0,p
2024-03-24 07:06,1.736,0.018,1,0,0,0,p
2024-03-24 07:12,1.76,0.015,0,0,0,0,p
2024-03-24 07:18,1.756,0.021,0,0,0,0,p
2024-03-24 07:24,1.761,0.014,1,0,0,0,p
2024-03-24 07:30,1.741,0.024,0,0,0,0,p
2024-03-24 07:36,1.724,0.025,0,0,0,0,p
2024-03-24 07:42,1.712,0.022,0,0,0,0,p
2024-03-24 07:48,1.689,0.022,0,0,0,0,p
2024-03-24 07:54,1.694,0.02,1,0,0,0,p
2024-03-24 08:00,1.669,0.017,0,0,0,0,p
2024-03-24 08:06,1.669,0.02,0,0,0,0,p
2024-03-24 08:12,1.652,0.012,0,0,0,0,p
2024-03-24 08:18,1.638,0.017,0,0,0,0,p
2024-03-24 08:24,1.613,0.02,0,0,0,0,p
2024-03-24 08:30,1.59,0.021,0,0,0,0,p
2024-03-24 08:36,1.575,0.022,0,0,0,0,p
2024-03-24 08:42,1.542,0.024,0,0,0,0,p
2024-03-24 08:48,1.529,0.011,0,0,0,0,p
2024-03-24 08:54,1.503,0.012,1,0,0,0,p
2024-03-24 09:00,1.479,0.014,0,0,0,0,p
2024-03-24 09:06,1.459,0.016,0,0,0,0,p
2024-03-24 09:12,1.44,0.015,0,0,0,0,p
2024-03-24 09:18,1.411,0.015,0,0,0,0,p
2024-03-24 09:24,1.386,0.016,0,0,0,0,p
2024-03-24 09:30,1.348,0.019,0,0,0,0,p
2024-03-24 09:36,1.31,0.018,0,0,0,0,p
2024-03-24 09:42,1.286,0.012,1,0,0,0,p
2024-03-24 09:48,1.245,0.017,0,0,0,0,p
2024-03-24 09:54,1.221,0.019,0,0,0,0,p
2024-03-24 10:00,1.207,0.016,0,0,0,0,p
2024-03-24 10:06,1.182,0.009,1,0,0,0,p
2024-03-24 10:12,1.162,0.011,0,0,0,0,p
2024-03-24 10:18,1.145,0.009,0,0,0,0,p
2024-03-24 10:24,1.118,0.01,0,0,0,0,p
2024-03-24 10:30,1.099,0.007,0,0,0,0,p
2024-03-24 10:36,1.084,0.007,0,0,0,0,p
2024-03-24 10:42,1.065,0.008,0,0,0,0,p
2024-03-24 10:48,1.04,0.009,0,0,0,0,p
2024-03-24 10:54,1.029,0.011,0,0,0,0,p
2024-03-24 11:00,1.022,0.009,0,0,0,0,p
2024-03-24 11:06,1.009,0.006,0,0,0,0,p
2024-03-24 11:12,0.999,0.006,0,0,0,0,p
2024-03-24 11:18,0.988,0.007,0,0,0,0,p
2024-03-24 11:24,0.985,0.007,0,0,0,0,p
2024-03-24 11:30,0.973,0.011,0,0,0,0,p
2024-03-24 11:36,0.969,0.006,1,0,0,0,p
2024-03-24 11:42,0.948,0.011,0,0,0,0,p
2024-03-24 11:48,0.95,0.008,0,0,0,0,p
2024-03-24 11:54,,,1,1,1,1,p
2024-03-24 12:00,0.943,0.011,0,0,0,0,p
2024-03-24 12:06,0.929,0.006,0,0,0,0,p
2024-03-24 12:12,,,1,1,1,1,p
2024-03-24 12:18,,,1,1,1,1,p
2024-03-24 12:24,,,1,1,1,1,p
2024-03-24 12:30,,,1,1,1,1,p
2024-03-24 12:36,,,1,1,1,1,p
2024-03-24 12:42,,,1,1,1,1,p
2024-03-24 12:48,,,1,1,1,1,p
2024-03-24 12:54,,,1,1,1,1,p
2024-03-24 13:00,,,1,1,1,1,p
2024-03-24 13:06,,,1,1,1,1,p
2024-03-24 13:12,,,1,1,1,1,p
2024-03-24 13:18,,,1,1,1,1,p
2024-03-24 13:24,,,1,1,1,1,p
2024-03-24 13:30,,,1,1,1,1,p
2024-03-24 13:36,,,1,1,1,1,p
2024-03-24 13:42,,,1,1,1,1,p
2024-03-24 13:48,,,1,1,1,1,p
2024-03-24 13:54,,,1,1,1,1,p
2024-03-24 14:00,,,1,1,1,1,p
2024-03-24 14:06,0.943,0.013,0,0,0,0,p
2024-03-24 14:12,0.951,0.009,0,0,0,0,p
2024-03-24 14:18,0.953,0.007,0,0,0,0,p
2024-03-24 14:24,0.966,0.009,0,0,0,0,p
2024-03-24 14:30,0.987,0.012,0,0,0,0,p
2024-03-24 14:36,0.969,0.012,0,0,0,0,p
2024-03-24 14:42,1.013,0.009,0,0,0,0,p
2024-03-24 14:48,1.017,0.01,0,0,0,0,p
2024-03-24 14:54,1.011,0.009,0,0,0,0,p
2024-03-24 15:00,1.028,0.011,0,0,0,0,p
2024-03-24 15:06,1.05,0.009,0,0,0,0,p
2024-03-24 15:12,1.051,0.018,0,0,0,0,p
2024-03-24 15:18,1.065,0.016,0,0,0,0,p
2024-03-24 15:24,1.094,0.009,1,0,0,0,p
2024-03-24 15:30,1.117,0.016,1,0,0,0,p
2024-03-24 15:36,1.122,0.015,0,0,0,0,p
2024-03-24 15:42,1.137,0.017,0,0,0,0,p
2024-03-24 15:48,1.145,0.014,0,0,0,0,p
2024-03-24 15:54,1.166,0.014,0,0,0,0,p
2024-03-24 16:00,1.189,0.021,0,0,0,0,p
2024-03-24 16:06,1.213,0.018,1,0,0,0,p
2024-03-24 16:12,1.241,0.018,0,0,0,0,p
2024-03-24 16:18,1.258,0.018,0,0,0,0,p
2024-03-24 16:24,1.282,0.018,0,0,0,0,p
2024-03-24 16:30,1.31,0.027,0,0,0,0,p
2024-03-24 16:36,1.333,0.017,0,0,0,0,p
2024-03-24 16:42,1.353,0.016,0,0,0,0,p
2024-03-24 16:48,1.384,0.018,0,0,0,0,p
2024-03-24 16:54,1.408,0.023,0,0,0,0,p
2024-03-24 17:00,1.425,0.017,0,0,0,0,p
2024-03-24 17:06,1.437,0.023,0,0,0,0,p
2024-03-24 17:12,1.46,0.017,0,0,0,0,p
2024-03-24 17:18,1.481,0.02,0,0,0,0,p
2024-03-24 17:24,1.501,0.017,0,0,0,0,p
2024-03-24 17:30,1.537,0.025,0,0,0,0,p
2024-03-24 17:36,1.546,0.017,0,0,0,0,p
2024-03-24 17:42,1.567,0.016,0,0,0,0,p
2024-03-24 17:48,1.589,0.02,1,0,0,0,p
2024-03-24 17:54,1.596,0.025,0,0,0,0,p
2024-03-24 18:00,1.611,0.021,0,0,0,0,p
2024-03-24 18:06,1.613,0.015,0,0,0,0,p
2024-03-24 18:12,1.635,0.016,0,0,0,0,p
2024-03-24 18:18,1.652,0.022,0,0,0,0,p
2024-03-24 18:24,1.658,0.018,0,0,0,0,p
2024-03-24 18:30,1.669,0.019,0,0,0,0,p
2024-03-24 18:36,1.668,0.018,1,0,0,0,p
2024-03-24 18:42,1.674,0.018,0,0,0,0,p
2024-03-24 18:48,1.68,0.018,0,0,0,0,p
2024-03-24 18:54,1.695,0.024,0,0,0,0,p
2024-03-24 19:00,1.687,0.017,0,0,0,0,p
2024-03-24 19:06,1.701,0.02,0,0,0,0,p
2024-03-24 19:12,1.7,0.018,1,0,0,0,p
2024-03-24 19:18,1.695,0.014,0,0,0,0,p
2024-03-24 19:24,1.68,0.02,0,0,0,0,p
2024-03-24 19:30,1.682,0.02,0,0,0,0,p
2024-03-24 19:36,1.668,0.023,1,0,0,0,p
2024-03-24 19:42,1.646,0.017,0,0,0,0,p
2024-03-24 19:48,1.648,0.023,0,0,0,0,p
2024-03-24 19:54,1.639,0.021,0,0,0,0,p
2024-03-24 20:00,1.623,0.026,0,0,0,0,p
2024-03-24 20:06,1.604,0.021,0,0,0,0,p
2024-03-24 20:12,1.586,0.018,0,0,0,0,p
2024-03-24 20:18,1.544,0.027,0,0,0,0,p
2024-03-24 20:24,1.531,0.019,0,0,0,0,p
2024-03-24 20:30,1.503,0.016,0,0,0,0,p
2024-03-24 20:36,1.49,0.019,0,0,0,0,p
2024-03-24 20:42,1.468,0.022,0,0,0,0,p
2024-03-24 20:48,1.459,0.018,0,0,0,0,p
2024-03-24 20:54,1.436,0.021,0,0,0,0,p
2024-03-24 21:00,1.411,0.014,0,0,0,0,p
2024-03-24 21:06,1.381,0.012,0,0,0,0,p
2024-03-24 21:12,1.351,0.013,0,0,0,0,p
2024-03-24 21:18,1.33,0.015,0,0,0,0,p
2024-03-24 21:24,1.308,0.013,1,0,0,0,p
2024-03-24 21:30,1.277,0.014,0,0,0,0,p
2024-03-24 21:36,1.251,0.011,1,0,0,0,p
2024-03-24 21:42,1.23,0.011,0,0,0,0,p
2024-03-24 21:48,1.199,0.011,0,0,0,0,p
2024-03-24 21:54,1.182,0.013,1,0,0,0,p
2024-03-24 22:00,1.159,0.012,0,0,0,0,p
2024-03-24 22:06,1.154,0.011,0,0,0,0,p
2024-03-24 22:12,1.122,0.01,0,0,0,0,p
2024-03-24 22:18,1.098,0.013,0,0,0,0,p
2024-03-24 22:24,1.084,0.012,0,0,0,0,p
2024-03-24 22:30,1.055,0.011,0,0,0,0,p
2024-03-24 22:36,1.042,0.012,0,0,0,0,p
2024-03-24 22:42,1.009,0.008,0,0,0,0,p
2024-03-24 22:48,1.003,0.01,0,0,0,0,p
2024-03-24 22:54,0.996,0.01,1,0,0,0,p
2024-03-24 23:00,0.99,0.012,0,0,0,0,p
2024-03-24 23:06,0.977,0.011,1,0,0,0,p
2024-03-24 23:12,0.958,0.008,0,0,0,0,p
2024-03-24 23:18,0.931,0.009,0,0,0,0,p
2024-03-24 23:24,0.938,0.013,0,0,0,0,p
2024-03-24 23:30,,,1,1,1,1,p
2024-03-24 23:36,,,1,1,1,1,p
2024-03-24 23:42,,,1,1,1,1,p
2024-03-24 23:48,,,1,1,1,1,p
2024-03-24 23:54,,,1,1,1,1,p
2024-03-25 00:00,,,1,1,1,1,p
2024-03-25 00:06,,,1,1,1,1,p
2024-03-25 00:12,,,1,1,1,1,p
2024-03-25 00:18,,,1,1,1,1,p
2024-03-25 00:24,,,1,1,1,1,p
2024-03-25 00:30,,,1,1,1,1,p
2024-03-25 00:36,,,1,1,1,1,p
2024-03-25 00:42,,,1,1,1,1,p
2024-03-25 00:48,,,1,1,1,1,p
2024-03-25 00:54,,,1,1,1,1,p
2024-03-25 01:00,,,1,1,1,1,p
2024-03-25 01:06,,,1,1,1,1,p
2024-03-25 01:12,,,1,1,1,1,p
2024-03-25 01:18,,,1,1,1,1,p
2024-03-25 01:24,,,1,1,1,1,p
2024-03-25 01:30,,,1,1,1,1,p
2024-03-25 01:36,,,1,1,1,1,p
2024-03-25 01:42,,,1,1,1,1,p
2024-03-25 01:48,,,1,1,1,1,p
2024-03-25 01:54,,,1,1,1,1,p
2024-03-25 02:00,,,1,1,1,1,p
2024-03-25 02:06,,,1,1,1,1,p
2024-03-25 02:12,,,1,1,1,1,p
2024-03-25 02:18,,,1,1,1,1,p
2024-03-25 02:24,,,1,1,1,1,p
2024-03-25 02:30,,,1,1,1,1,p
2024-03-25 02:36,,,1,1,1,1,p
2024-03-25 02:42,,,1,1,1,1,p
2024-03-25 02:48,,,1,1,1,1,p
2024-03-25 02:54,,,1,1,1,1,p
2024-03-25 03:00,,,1,1,1,1,p
2024-03-25 03:06,,,1,1,1,1,p
2024-03-25 03:12,,,1,1,1,1,p
2024-03-25 03:18,,,1,1,1,1,p
2024-03-25 03:24,0.938,0.012,1,0,0,0,p
2024-03-25 03:30,0.95,0.012,0,0,0,0,p
2024-03-25 03:36,0.964,0.008,0,0,0,0,p
2024-03-25 03:42,0.984,0.01,0,0,0,0,p
2024-03-25 03:48,1.0,0.01,0,0,0,0,p
2024-03-25 03:54,1.013,0.009,0,0,0,0,p
2024-03-25 04:00,1.036,0.013,0,0,0,0,p
2024-03-25 04:06,1.058,0.01,0,0,0,0,p
2024-03-25 04:12,1.083,0.009,1,0,0,0,p
2024-03-25 04:18,1.104,0.013,0,0,0,0,p
2024-03-25 04:24,1.135,0.009,0,0,0,0,p
2024-03-25 04:30,1.154,0.01,0,0,0,0,p
2024-03-25 04:36,1.165,0.011,1,0,0,0,p
2024-03-25 04:42,1.185,0.018,0,0,0,0,p
2024-03-25 04:48,1.217,0.013,0,0,0,0,p
2024-03-25 04:54,1.236,0.024,0,0,0,0,p
2024-03-25 05:00,1.244,0.026,1,0,0,0,p
2024-03-25 05:06,1.267,0.03,0,0,0,0,p
2024-03-25 05:12,1.272,0.034,0,0,0,0,p
2024-03-25 05:18,1.298,0.042,0,0,0,0,p
2024-03-25 05:24,1.31,0.038,0,0,0,0,p
2024-03-25 05:30,1.33,0.046,0,0,0,0,p
2024-03-25 05:36,1.359,0.04,1,0,0,0,p
2024-03-25 05:42,1.372,0.046,0,0,0,0,p
2024-03-25 05:48,1.397,0.047,0,0,0,0,p
2024-03-25 05:54,1.42,0.04,0,0,0,0,p
2024-03-25 06:00,1.435,0.036,0,0,0,0,p
2024-03-25 06:06,1.455,0.035,0,0,0,0,p
2024-03-25 06:12,1.479,0.039,1,0,0,0,p
2024-03-25 06:18,1.497,0.045,0,0,0,0,p
2024-03-25 06:24,1.518,0.036,0,0,0,0,p
2024-03-25 06:30,1.54,0.031,0,0,0,0,p
2024-03-25 06:36,1.551,0.037,1,0,0,0,p
2024-03-25 06:42,1.557,0.036,0,0,0,0,p
2024-03-25 06:48,1.578,0.029,1,0,0,0,p
2024-03-25 06:54,1.588,0.035,0,0,0,0,p
2024-03-25 07:00,1.591,0.027,1,0,0,0,p
2024-03-25 07:06,1.602,0.037,0,0,0,0,p
2024-03-25 07:12,1.621,0.038,1,0,0,0,p
2024-03-25 07:18,1.639,0.038,0,0,0,0,p
2024-03-25 07:24,1.64,0.034,1,0,0,0,p
2024-03-25 07:30,1.652,0.04,0,0,0,0,p
2024-03-25 07:36,1.648,0.031,0,0,0,0,p
2024-03-25 07:42,1.635,0.035,1,0,0,0,p
2024-03-25 07:48,1.624,0.03,0,0,0,0,p
2024-03-25 07:54,1.616,0.033,0,0,0,0,p
2024-03-25 08:00,1.6,0.031,1,0,0,0,p
2024-03-25 08:06,1.595,0.036,1,0,0,0,p
2024-03-25 08:12,1.582,0.031,0,0,0,0,p
2024-03-25 08:18,1.581,0.033,1,0,0,0,p
2024-03-25 08:24,1.574,0.038,0,0,0,0,p
2024-03-25 08:30,1.564,0.034,1,0,0,0,p
2024-03-25 08:36,1.551,0.033,1,0,0,0,p
2024-03-25 08:42,1.529,0.036,0,0,0,0,p
2024-03-25 08:48,1.5,0.04,1,0,0,0,p
2024-03-25 08:54,1.474,0.043,1,0,0,0,p
2024-03-25 09:00,1.45,0.037,0,0,0,0,p
2024-03-25 09:06,1.45,0.041,0,0,0,0,p
2024-03-25 09:12,1.436,0.045,1,0,0,0,p
2024-03-25 09:18,1.41,0.04,0,0,0,0,p
2024-03-25 09:24,1.382,0.039,0,0,0,0,p
2024-03-25 09:30,1.358,0.031,1,0,0,0,p
2024-03-25 09:36,1.334,0.036,0,0,0,0,p
2024-03-25 09:42,1.313,0.03,0,0,0,0,p
2024-03-25 09:48,1.322,0.033,1,0,0,0,p
2024-03-25 09:54,1.285,0.026,1,0,0,0,p
2024-03-25 10:00,1.271,0.028,0,0,0,0,p
2024-03-25 10:06,1.247,0.02,1,0,0,0,p
2024-03-25 10:12,1.197,0.009,1,0,0,0,p
2024-03-25 10:18,1.171,0.009,0,0,0,0,p
2024-03-25 10:24,1.152,0.009,0,0,0,0,p
2024-03-25 10:30,1.129,0.01,1,0,0,0,p
2024-03-25 10:36,1.11,0.012,0,0,0,0,p
2024-03-25 10:42,1.095,0.009,0,0,0,0,p
2024-03-25 10:48,1.069,0.007,0,0,0,0,p
2024-03-25 10:54,1.044,0.007,0,0,0,0,p
2024-03-25 11:00,1.024,0.007,0,0,0,0,p
2024-03-25 11:06,1.016,0.008,0,0,0,0,p
2024-03-25 11:12,0.996,0.007,0,0,0,0,p
2024-03-25 11:18,0.981,0.008,1,0,0,0,p
2024-03-25 11:24,0.969,0.009,0,0,0,0,p
2024-03-25 11:30,0.954,0.006,1,0,0,0,p
2024-03-25 11:36,0.955,0.012,0,0,0,0,p
2024-03-25 11:42,,,1,1,1,1,p
2024-03-25 11:48,,,1,1,1,1,p
2024-03-25 11:54,,,1,1,1,1,p
2024-03-25 12:00,,,1,1,1,1,p
2024-03-25 12:06,,,1,1,1,1,p
2024-03-25 12:12,,,1,1,1,1,p
2024-03-25 12:18,,,1,1,1,1,p
2024-03-25 12:24,,,1,1,1,1,p
2024-03-25 12:30,,,1,1,1,1,p
2024-03-25 12:36,,,1,1,1,1,p
2024-03-25 12:42,,,1,1,1,1,p
2024-03-25 12:48,,,1,1,1,1,p
2024-03-25 12:54,,,1,1,1,1,p
2024-03-25 13:00,,,1,1,1,1,p
2024-03-25 13:06,,,1,1,1,1,p
2024-03-25 13:12,,,1,1,1,1,p
2024-03-25 13:18,,,1,1,1,1,p
2024-03-25 13:24,,,1,1,1,1,p
2024-03-25 13:30,,,1,1,1,1,p
2024-03-25 13:36,,,1,1,1,1,p
2024-03-25 13:42,,,1,1,1,1,p
2024-03-25 13:48,,,1,1,1,1,p
2024-03-25 13:54,,,1,1,1,1,p
2024-03-25 14:00,,,1,1,1,1,p
2024-03-25 14:06,,,1,1,1,1,p
2024-03-25 14:12,,,1,1,1,1,p
2024-03-25 14:18,,,1,1,1,1,p
2024-03-25 14:24,,,1,1,1,1,p
2024-03-25 14:30,,,1,1,1,1,p
2024-03-25 14:36,,,1,1,1,1,p
2024-03-25 14:42,,,1,1,1,1,p
2024-03-25 14:48,,,1,1,1,1,p
2024-03-25 14:54,,,1,1,1,1,p
2024-03-25 15:00,,,1,1,1,1,p
2024-03-25 15:06,,,1,1,1,1,p
2024-03-25 15:12,,,1,1,1,1,p
2024-03-25 15:18,,,1,1,1,1,p
2024-03-25 15:24,,,1,1,1,1,p
2024-03-25 15:30,0.929,0.005,0,0,0,0,p
2024-03-25 15:36,0.942,0.008,0,0,0,0,p
2024-03-25 15:42,0.954,0.006,0,0,0,0,p
2024-03-25 15:48,0.977,0.006,0,0,0,0,p
2024-03-25 15:54,0.988,0.008,0,0,0,0,p
2024-03-25 16:00,0.999,0.004,1,0,0,0,p
2024-03-25 16:06,1.017,0.005,0,0,0,0,p
2024-03-25 16:12,1.018,0.013,0,0,0,0,p
2024-03-25 16:18,1.031,0.006,0,0,0,0,p
2024-03-25 16:24,1.061,0.007,0,0,0,0,p
2024-03-25 16:30,1.076,0.009,0,0,0,0,p
2024-03-25 16:36,1.104,0.009,1,0,0,0,p
2024-03-25 16:42,1.128,0.012,0,0,0,0,p
2024-03-25 16:48,1.129,0.01,0,0,0,0,p
2024-03-25 16:54,1.148,0.008,0,0,0,0,p
2024-03-25 17:00,1.165,0.01,0,0,0,0,p
2024-03-25 17:06,1.191,0.011,0,0,0,0,p
2024-03-25 17:12,1.206,0.013,0,0,0,0,p
2024-03-25 17:18,1.229,0.012,0,0,0,0,p
2024-03-25 17:24,1.244,0.013,0,0,0,0,p
2024-03-25 17:30,1.262,0.011,0,0,0,0,p
2024-03-25 17:36,1.286,0.011,0,0,0,0,p
2024-03-25 17:42,1.306,0.011,0,0,0,0,p
2024-03-25 17:48,1.312,0.01,0,0,0,0,p
2024-03-25 17:54,1.327,0.01,0,0,0,0,p
2024-03-25 18:00,1.353,0.013,0,0,0,0,p
2024-03-25 18:06,1.375,0.01,0,0,0,0,p
2024-03-25 18:12,1.392,0.012,0,0,0,0,p
2024-03-25 18:18,1.396,0.013,0,0,0,0,p
2024-03-25 18:24,1.415,0.014,0,0,0,0,p
2024-03-25 18:30,1.442,0.01,0,0,0,0,p
2024-03-25 18:36,1.462,0.012,0,0,0,0,p
2024-03-25 18:42,1.468,0.013,0,0,0,0,p
2024-03-25 18:48,1.479,0.011,0,0,0,0,p
2024-03-25 18:54,1.483,0.009,1,0,0,0,p
2024-03-25 19:00,1.493,0.013,0,0,0,0,p
2024-03-25 19:06,1.504,0.011,0,0,0,0,p
2024-03-25 19:12,1.533,0.012,0,0,0,0,p
2024-03-25 19:18,1.548,0.01,0,0,0,0,p
2024-03-25 19:24,1.537,0.01,0,0,0,0,p
2024-03-25 19:30,1.546,0.011,0,0,0,0,p
2024-03-25 19:36,1.545,0.011,0,0,0,0,p
2024-03-25 19:42,1.538,0.011,0,0,0,0,p
2024-03-25 19:48,1.545,0.013,0,0,0,0,p
2024-03-25 19:54,1.576,0.012,0,0,0,0,p
2024-03-25 20:00,1.559,0.013,0,0,0,0,p
2024-03-25 20:06,1.548,0.014,0,0,0,0,p
2024-03-25 20:12,1.539,0.012,0,0,0,0,p
2024-03-25 20:18,1.524,0.011,0,0,0,0,p
2024-03-25 20:24,1.504,0.011,0,0,0,0,p
2024-03-25 20:30,1.498,0.012,0,0,0,0,p
2024-03-25 20:36,1.49,0.011,0,0,0,0,p
2024-03-25 20:42,1.471,0.011,0,0,0,0,p
2024-03-25 20:48,1.482,0.01,1,0,0,0,p
2024-03-25 20:54,1.466,0.009,0,0,0,0,p
2024-03-25 21:00,1.444,0.01,0,0,0,0,p
2024-03-25 21:06,1.414,0.01,0,0,0,0,p
2024-03-25 21:12,1.403,0.01,0,0,0,0,p
2024-03-25 21:18,1.384,0.01,0,0,0,0,p
2024-03-25 21:24,1.355,0.013,0,0,0,0,p
2024-03-25 21:30,1.348,0.012,0,0,0,0,p
2024-03-25 21:36,1.329,0.01,0,0,0,0,p
2024-03-25 21:42,1.312,0.012,0,0,0,0,p
2024-03-25 21:48,1.304,0.01,1,0,0,0,p
2024-03-25 21:54,1.274,0.009,0,0,0,0,p
2024-03-25 22:00,1.251,0.007,1,0,0,0,p
2024-03-25 22:06,1.233,0.008,0,0,0,0,p
2024-03-25 22:12,1.228,0.01,0,0,0,0,p
2024-03-25 22:18,1.204,0.011,0,0,0,0,p
2024-03-25 22:24,1.178,0.009,1,0,0,0,p
2024-03-25 22:30,1.156,0.007,0,0,0,0,p
2024-03-25 22:36,1.121,0.008,0,0,0,0,p
2024-03-25 22:42,1.102,0.009,0,0,0,0,p
2024-03-25 22:48,1.074,0.008,0,0,0,0,p
2024-03-25 22:54,1.051,0.01,0,0,0,0,p
2024-03-25 23:00,1.039,0.007,0,0,0,0,p
2024-03-25 23:06,1.021,0.009,0,0,0,0,p
2024-03-25 23:12,1.002,0.008,0,0,0,0,p
2024-03-25 23:18,0.992,0.009,0,0,0,0,p
2024-03-25 23:24,0.979,0.007,0,0,0,0,p
2024-03-25 23:30,0.962,0.007,0,0,0,0,p
2024-03-25 23:36,0.951,0.008,1,0,0,0,p
2024-03-25 23:42,0.938,0.008,0,0,0,0,p
2024-03-25 23:48,,,1,1,1,1,p
2024-03-25 23:54,,,1,1,1,1,p
2024-03-26 00:00,,,1,1,1,1,p
2024-03-26 00:06,,,1,1,1,1,p
2024-03-26 00:12,,,1,1,1,1,p
2024-03-26 00:18,,,1,1,1,1,p
2024-03-26 00:24,,,1,1,1,1,p
2024-03-26 00:30,,,1,1,1,1,p
2024-03-26 00:36,,,1,1,1,1,p
2024-03-26 00:42,,,1,1,1,1,p
2024-03-26 00:48,,,1,1,1,1,p
2024-03-26 00:54,,,1,1,1,1,p
2024-03-26 01:00,,,1,1,1,1,p
2024-03-26 01:06,,,1,1,1,1,p
2024-03-26 01:12,,,1,1,1,1,p
2024-03-26 01:18,,,1,1,1,1,p
2024-03-26 01:24,,,1,1,1,1,p
2024-03-26 01:30,,,1,1,1,1,p
2024-03-26 01:36,,,1,1,1,1,p
2024-03-26 01:42,,,1,1,1,1,p
2024-03-26 01:48,,,1,1,1,1,p
2024-03-26 01:54,,,1,1,1,1,p
2024-03-26 02:00,,,1,1,1,1,p
2024-03-26 02:06,,,1,1,1,1,p
2024-03-26 02:12,,,1,1,1,1,p
2024-03-26 02:18,,,1,1,1,1,p
2024-03-26 02:24,,,1,1,1,1,p
2024-03-26 02:30,,,1,1,1,1,p
2024-03-26 02:36,,,1,1,1,1,p
2024-03-26 02:42,,,1,1,1,1,p
2024-03-26 02:48,,,1,1,1,1,p
2024-03-26 02:54,,,1,1,1,1,p
2024-03-26 03:00,,,1,1,1,1,p
2024-03-26 03:06,,,1,1,1,1,p
2024-03-26 03:12,,,1,1,1,1,p
2024-03-26 03:18,,,1,1,1,1,p
2024-03-26 03:24,,,1,1,1,1,p
2024-03-26 03:30,,,1,1,1,1,p
2024-03-26 03:36,,,1,1,1,1,p
2024-03-26 03:42,,,1,1,1,1,p
2024-03-26 03:48,0.944,0.009,0,0,0,0,p
2024-03-26 03:54,0.97,0.01,0,0,0,0,p
2024-03-26 04:00,0.984,0.008,0,0,0,0,p
2024-03-26 04:06,1.003,0.008,0,0,0,0,p
2024-03-26 04:12,1.022,0.008,0,0,0,0,p
2024-03-26 04:18,1.047,0.007,0,0,0,0,p
2024-03-26 04:24,1.072,0.01,0,0,0,0,p
2024-03-26 04:30,1.095,0.012,0,0,0,0,p
2024-03-26 04:36,1.114,0.008,0,0,0,0,p
2024-03-26 04:42,1.136,0.009,0,0,0,0,p
2024-03-26 04:48,1.156,0.009,0,0,0,0,p
2024-03-26 04:54,1.176,0.007,0,0,0,0,p
2024-03-26 05:00,1.207,0.011,0,0,0,0,p
2024-03-26 05:06,1.223,0.009,0,0,0,0,p
2024-03-26 05:12,1.243,0.011,0,0,0,0,p
2024-03-26 05:18,1.264,0.01,1,0,0,0,p
2024-03-26 05:24,1.288,0.01,0,0,0,0,p
2024-03-26 05:30,1.306,0.011,1,0,0,0,p
2024-03-26 05:36,1.33,0.011,0,0,0,0,p
2024-03-26 05:42,1.353,0.01,0,0,0,0,p
2024-03-26 05:48,1.382,0.01,0,0,0,0,p
2024-03-26 05:54,1.411,0.01,0,0,0,0,p
2024-03-26 06:00,1.436,0.012,0,0,0,0,p
2024-03-26 06:06,1.449,0.011,0,0,0,0,p
2024-03-26 06:12,1.47,0.012,1,0,0,0,p
2024-03-26 06:18,1.496,0.013,0,0,0,0,p
2024-03-26 06:24,1.508,0.011,0,0,0,0,p
2024-03-26 06:30,1.527,0.01,0,0,0,0,p
2024-03-26 06:36,1.533,0.01,0,0,0,0,p
2024-03-26 06:42,1.548,0.012,0,0,0,0,p
2024-03-26 06:48,1.56,0.012,0,0,0,0,p
2024-03-26 06:54,1.587,0.012,0,0,0,0,p
2024-03-26 07:00,1.609,0.014,0,0,0,0,p
2024-03-26 07:06,1.632,0.012,0,0,0,0,p
2024-03-26 07:12,1.638,0.01,0,0,0,0,p
2024-03-26 07:18,1.654,0.011,0,0,0,0,p
2024-03-26 07:24,1.66,0.008,0,0,0,0,p
2024-03-26 07:30,1.669,0.01,1,0,0,0,p
2024-03-26 07:36,1.674,0.01,0,0,0,0,p
2024-03-26 07:42,1.672,0.01,0,0,0,0,p
2024-03-26 07:48,1.672,0.01,0,0,0,0,p
2024-03-26 07:54,1.682,0.009,0,0,0,0,p
2024-03-26 08:00,1.682,0.013,0,0,0,0,p
2024-03-26 08:06,1.689,0.012,0,0,0,0,p
2024-03-26 08:12,1.679,0.009,0,0,0,0,p
2024-03-26 08:18,1.667,0.011,0,0,0,0,p
2024-03-26 08:24,1.649,0.014,1,0,0,0,p
2024-03-26 08:30,1.642,0.011,0,0,0,0,p
2024-03-26 08:36,1.623,0.011,0,0,0,0,p
2024-03-26 08:42,1.601,0.009,0,0,0,0,p
2024-03-26 08:48,1.598,0.009,1,0,0,0,p
2024-03-26 08:54,1.576,0.01,0,0,0,0,p
2024-03-26 09:00,1.552,0.01,0,0,0,0,p
2024-03-26 09:06,1.545,0.01,0,0,0,0,p
2024-03-26 09:12,1.531,0.009,0,0,0,0,p
2024-03-26 09:18,1.503,0.009,0,0,0,0,p
2024-03-26 09:24,1.49,0.011,0,0,0,0,p
2024-03-26 09:30,1.475,0.01,0,0,0,0,p
2024-03-26 09:36,1.441,0.008,0,0,0,0,p
2024-03-26 09:42,1.418,0.012,0,0,0,0,p
2024-03-26 09:48,1.4,0.011,0,0,0,0,p
2024-03-26 09:54,1.373,0.011,0,0,0,0,p
2024-03-26 10:00,1.36,0.011,0,0,0,0,p
2024-03-26 10:06,1.333,0.008,0,0,0,0,p
2024-03-26 10:12,1.299,0.01,0,0,0,0,p
2024-03-26 10:18,1.278,0.008,0,0,0,0,p
2024-03-26 10:24,1.249,0.009,0,0,0,0,p
2024-03-26 10:30,1.211,0.008,0,0,0,0,p
2024-03-26 10:36,1.176,0.009,0,0,0,0,p
2024-03-26 10:42,1.165,0.009,0,0,0,0,p
2024-03-26 10:48,1.144,0.009,0,0,0,0,p
2024-03-26 10:54,1.12,0.009,0,0,0,0,p
2024-03-26 11:00,1.083,0.008,0,0,0,0,p
2024-03-26 11:06,1.059,0.01,0,0,0,0,p
2024-03-26 11:12,1.046,0.01,0,0,0,0,p
2024-03-26 11:18,1.018,0.008,1,0,0,0,p
2024-03-26 11:24,1.016,0.007,0,0,0,0,p
2024-03-26 11:30,0.985,0.007,0,0,0,0,p
2024-03-26 11:36,0.965,0.009,0,0,0,0,p
2024-03-26 11:42,0.95,0.008,0,0,0,0,p
2024-03-26 11:48,0.939,0.007,0,0,0,0,p
2024-03-26 11:54,,,1,1,1,1,p
2024-03-26 12:00,,,1,1,1,1,p
2024-03-26 12:06,,,1,1,1,1,p
2024-03-26 12:12,,,1,1,1,1,p
2024-03-26 12:18,,,1,1,1,1,p
2024-03-26 12:24,,,1,1,1,1,p
2024-03-26 12:30,,,1,1,1,1,p
2024-03-26 12:36,,,1,1,1,1,p
2024-03-26 12:42,,,1,1,1,1,p
2024-03-26 12:48,,,1,1,1,1,p
2024-03-26 12:54,,,1,1,1,1,p
2024-03-26 13:00,,,1,1,1,1,p
2024-03-26 13:06,,,1,1,1,1,p
2024-03-26 13:12,,,1,1,1,1,p
2024-03-26 13:18,,,1,1,1,1,p
2024-03-26 13:24,,,1,1,1,1,p
2024-03-26 13:30,,,1,1,1,1,p
2024-03-26 13:36,,,1,1,1,1,p
2024-03-26 13:42,,,1,1,1,1,p
2024-03-26 13:48,,,1,1,1,1,p
2024-03-26 13:54,,,1,1,1,1,p
2024-03-26 14:00,,,1,1,1,1,p
2024-03-26 14:06,,,1,1,1,1,p
2024-03-26 14:12,,,1,1,1,1,p
2024-03-26 14:18,,,1,1,1,1,p
2024-03-26 14:24,,,1,1,1,1,p
2024-03-26 14:30,,,1,1,1,1,p
2024-03-26 14:36,,,1,1,1,1,p
2024-03-26 14:42,,,1,1,1,1,p
2024-03-26 14:48,,,1,1,1,1,p
2024-03-26 14:54,,,1,1,1,1,p
2024-03-26 15:00,,,1,1,1,1,p
2024-03-26 15:06,,,1,1,1,1,p
2024-03-26 15:12,,,1,1,1,1,p
2024-03-26 15:18,,,1,1,1,1,p
2024-03-26 15:24,,,1,1,1,1,p
2024-03-26 15:30,,,1,1,1,1,p
2024-03-26 15:36,,,1,1,1,1,p
2024-03-26 15:42,,,1,1,1,1,p
2024-03-26 15:48,,,1,1,1,1,p
2024-03-26 15:54,,,1,1,1,1,p
2024-03-26 16:00,,,1,1,1,1,p
2024-03-26 16:06,,,1,1,1,1,p
2024-03-26 16:12,,,1,1,1,1,p
2024-03-26 16:18,,,1,1,1,1,p
2024-03-26 16:24,,,1,1,1,1,p
2024-03-26 16:30,,,1,1,1,1,p
2024-03-26 16:36,,,1,1,1,1,p
2024-03-26 16:42,,,1,1,1,1,p
2024-03-26 16:48,,,1,1,1,1,p
2024-03-26 16:54,0.932,0.009,0,0,0,0,p
2024-03-26 17:00,0.951,0.01,1,0,0,0,p
2024-03-26 17:06,0.992,0.008,0,0,0,0,p
2024-03-26 17:12,1.022,0.006,0,0,0,0,p
2024-03-26 17:18,1.04,0.011,0,0,0,0,p
2024-03-26 17:24,1.061,0.012,0,0,0,0,p
2024-03-26 17:30,1.077,0.009,0,0,0,0,p
2024-03-26 17:36,1.102,0.01,0,0,0,0,p
2024-03-26 17:42,1.115,0.013,0,0,0,0,p
2024-03-26 17:48,1.132,0.008,0,0,0,0,p
2024-03-26 17:54,1.151,0.01,0,0,0,0,p
2024-03-26 18:00,1.166,0.012,0,0,0,0,p
2024-03-26 18:06,1.193,0.012,0,0,0,0,p
2024-03-26 18:12,1.203,0.013,0,0,0,0,p
2024-03-26 18:18,1.211,0.009,0,0,0,0,p
2024-03-26 18:24,1.228,0.009,0,0,0,0,p
2024-03-26 18:30,1.262,0.011,0,0,0,0,p
2024-03-26 18:36,1.275,0.012,0,0,0,0,p
2024-03-26 18:42,1.29,0.015,1,0,0,0,p
2024-03-26 18:48,1.312,0.013,0,0,0,0,p
2024-03-26 18:54,1.321,0.013,0,0,0,0,p
2024-03-26 19:00,1.334,0.012,0,0,0,0,p
2024-03-26 19:06,1.341,0.019,1,0,0,0,p
2024-03-26 19:12,1.36,0.014,1,0,0,0,p
2024-03-26 19:18,1.37,0.012,1,0,0,0,p
2024-03-26 19:24,1.368,0.017,0,0,0,0,p
2024-03-26 19:30,1.375,0.014,0,0,0,0,p
2024-03-26 19:36,1.393,0.011,0,0,0,0,p
2024-03-26 19:42,1.405,0.017,0,0,0,0,p
2024-03-26 19:48,1.418,0.013,0,0,0,0,p
2024-03-26 19:54,1.425,0.022,0,0,0,0,p
2024-03-26 20:00,1.426,0.015,0,0,0,0,p
2024-03-26 20:06,1.44,0.017,0,0,0,0,p
2024-03-26 20:12,1.438,0.015,0,0,0,0,p
2024-03-26 20:18,1.457,0.014,1,0,0,0,p
2024-03-26 20:24,1.455,0.016,0,0,0,0,p
2024-03-26 20:30,1.453,0.013,1,0,0,0,p
2024-03-26 20:36,1.464,0.015,0,0,0,0,p
2024-03-26 20:42,1.466,0.015,0,0,0,0,p
2024-03-26 20:48,1.436,0.017,0,0,0,0,p
2024-03-26 20:54,1.423,0.017,0,0,0,0,p
2024-03-26 21:00,1.429,0.013,0,0,0,0,p
2024-03-26 21:06,1.412,0.013,0,0,0,0,p
2024-03-26 21:12,1.404,0.014,1,0,0,0,p
2024-03-26 21:18,1.377,0.011,0,0,0,0,p
2024-03-26 21:24,1.375,0.012,0,0,0,0,p
2024-03-26 21:30,1.356,0.012,0,0,0,0,p
2024-03-26 21:36,1.344,0.012,0,0,0,0,p
2024-03-26 21:42,1.34,0.01,0,0,0,0,p
2024-03-26 21:48,1.326,0.014,0,0,0,0,p
2024-03-26 21:54,1.312,0.009,0,0,0,0,p
2024-03-26 22:00,1.289,0.013,0,0,0,0,p
2024-03-26 22:06,1.28,0.011,1,0,0,0,p
2024-03-26 22:12,1.259,0.011,0,0,0,0,p
2024-03-26 22:18,1.256,0.011,0,0,0,0,p
2024-03-26 22:24,1.239,0.013,0,0,0,0,p
2024-03-26 22:30,1.217,0.01,0,0,0,0,p
2024-03-26 22:36,1.2,0.008,0,0,0,0,p
2024-03-26 22:42,1.185,0.008,0,0,0,0,p
2024-03-26 22:48,1.17,0.008,0,0,0,0,p
2024-03-26 22:54,1.156,0.012,0,0,0,0,p
2024-03-26 23:00,1.133,0.008,0,0,0,0,p
2024-03-26 23:06,1.107,0.009,0,0,0,0,p
2024-03-26 23:12,1.091,0.01,0,0,0,0,p
2024-03-26 23:18,1.076,0.009,0,0,0,0,p
2024-03-26 23:24,1.052,0.009,0,0,0,0,p
2024-03-26 23:30,1.043,0.011,0,0,0,0,p
2024-03-26 23:36,1.039,0.011,0,0,0,0,p
2024-03-26 23:42,1.006,0.009,0,0,0,0,p
2024-03-26 23:48,0.999,0.009,0,0,0,0,p
2024-03-26 23:54,0.973,0.01,1,0,0,0,p
2024-03-27 00:00,0.964,0.01,1,0,0,0,p
2024-03-27 00:06,0.948,0.01,0,0,0,0,p
2024-03-27 00:12,0.938,0.011,0,0,0,0,p
2024-03-27 00:18,0.936,0.01,0,0,0,0,p
2024-03-27 00:24,,,1,1,1,1,p
2024-03-27 00:30,,,1,1,1,1,p
2024-03-27 00:36,,,1,1,1,1,p
2024-03-27 00:42,,,1,1,1,1,p
2024-03-27 00:48,,,1,1,1,1,p
2024-03-27 00:54,,,1,1,1,1,p
2024-03-27 01:00,,,1,1,1,1,p
2024-03-27 01:06,,,1,1,1,1,p
2024-03-27 01:12,,,1,1,1,1,p
2024-03-27 01:18,,,1,1,1,1,p
2024-03-27 01:24,,,1,1,1,1,p
2024-03-27 01:30,,,1,1,1,1,p
2024-03-27 01:36,,,1,1,1,1,p
2024-03-27 01:42,,,1,1,1,1,p
2024-03-27 01:48,,,1,1,1,1,p
2024-03-27 01:54,,,1,1,1,1,p
2024-03-27 02:00,,,1,1,1,1,p
2024-03-27 02:06,,,1,1,1,1,p
2024-03-27 02:12,,,1,1,1,1,p
2024-03-27 02:18,,,1,1,1,1,p
2024-03-27 02:24,,,1,1,1,1,p
2024-03-27 02:30,,,1,1,1,1,p
2024-03-27 02:36,,,1,1,1,1,p
2024-03-27 02:42,,,1,1,1,1,p
2024-03-27 02:48,,,1,1,1,1,p
2024-03-27 02:54,,,1,1,1,1,p
2024-03-27 03:00,,,1,1,1,1,p
2024-03-27 03:06,,,1,1,1,1,p
2024-03-27 03:12,,,1,1,1,1,p
2024-03-27 03:18,,,1,1,1,1,p
2024-03-27 03:24,,,1,1,1,1,p
2024-03-27 03:30,,,1,1,1,1,p
2024-03-27 03:36,,,1,1,1,1,p
2024-03-27 03:42,,,1,1,1,1,p
2024-03-27 03:48,,,1,1,1,1,p
2024-03-27 03:54,0.932,0.009,0,0,0,0,p
2024-03-27 04:00,0.942,0.009,0,0,0,0,p
2024-03-27 04:06,0.972,0.011,0,0,0,0,p
2024-03-27 04:12,0.988,0.01,0,0,0,0,p
2024-03-27 04:18,1.006,0.014,0,0,0,0,p
2024-03-27 04:24,1.017,0.012,0,0,0,0,p
2024-03-27 04:30,1.033,0.013,0,0,0,0,p
2024-03-27 04:36,1.057,0.013,0,0,0,0,p
2024-03-27 04:42,1.07,0.009,0,0,0,0,p
2024-03-27 04:48,1.091,0.01,0,0,0,0,p
2024-03-27 04:54,1.117,0.013,0,0,0,0,p
2024-03-27 05:00,1.135,0.012,0,0,0,0,p
2024-03-27 05:06,1.156,0.012,0,0,0,0,p
2024-03-27 05:12,1.17,0.013,0,0,0,0,p
2024-03-27 05:18,1.187,0.011,0,0,0,0,p
2024-03-27 05:24,1.191,0.013,0,0,0,0,p
2024-03-27 05:30,1.213,0.011,0,0,0,0,p
2024-03-27 05:36,1.226,0.013,0,0,0,0,p
2024-03-27 05:42,1.245,0.01,0,0,0,0,p
2024-03-27 05:48,1.286,0.014,0,0,0,0,p
2024-03-27 05:54,1.316,0.011,0,0,0,0,p
2024-03-27 06:00,1.337,0.014,0,0,0,0,p
2024-03-27 06:06,1.349,0.017,0,0,0,0,p
2024-03-27 06:12,1.374,0.017,0,0,0,0,p
2024-03-27 06:18,1.4,0.017,0,0,0,0,p
2024-03-27 06:24,1.416,0.017,0,0,0,0,p
2024-03-27 06:30,1.431,0.015,0,0,0,0,p
2024-03-27 06:36,1.448,0.016,0,0,0,0,p
2024-03-27 06:42,1.446,0.017,0,0,0,0,p
2024-03-27 06:48,1.483,0.015,1,0,0,0,p
2024-03-27 06:54,1.512,0.026,0,0,0,0,p
2024-03-27 07:00,1.531,0.018,0,0,0,0,p
2024-03-27 07:06,1.553,0.016,1,0,0,0,p
2024-03-27 07:12,1.572,0.016,1,0,0,0,p
2024-03-27 07:18,1.568,0.014,0,0,0,0,p
2024-03-27 07:24,1.579,0.013,1,0,0,0,p
2024-03-27 07:30,1.594,0.014,0,0,0,0,p
2024-03-27 07:36,1.6,0.012,1,0,0,0,p
2024-03-27 07:42,1.604,0.021,0,0,0,0,p
2024-03-27 07:48,1.623,0.017,0,0,0,0,p
2024-03-27 07:54,1.635,0.015,0,0,0,0,p
2024-03-27 08:00,1.631,0.017,0,0,0,0,p
2024-03-27 08:06,1.645,0.015,0,0,0,0,p
2024-03-27 08:12,1.669,0.013,0,0,0,0,p
2024-03-27 08:18,1.648,0.02,0,0,0,0,p
2024-03-27 08:24,1.661,0.012,0,0,0,0,p
2024-03-27 08:30,1.646,0.02,0,0,0,0,p
2024-03-27 08:36,1.606,0.019,0,0,0,0,p
2024-03-27 08:42,1.616,0.016,0,0,0,0,p
2024-03-27 08:48,1.612,0.016,0,0,0,0,p
2024-03-27 08:54,1.611,0.015,0,0,0,0,p
2024-03-27 09:00,1.602,0.014,0,0,0,0,p
2024-03-27 09:06,1.591,0.015,0,0,0,0,p
2024-03-27 09:12,1.563,0.011,0,0,0,0,p
2024-03-27 09:18,1.549,0.018,1,0,0,0,p
2024-03-27 09:24,1.545,0.015,0,0,0,0,p
2024-03-27 09:30,1.538,0.014,0,0,0,0,p
2024-03-27 09:36,1.485,0.014,0,0,0,0,p
2024-03-27 09:42,1.475,0.016,0,0,0,0,p
2024-03-27 09:48,1.453,0.016,0,0,0,0,p
2024-03-27 09:54,1.426,0.015,0,0,0,0,p
2024-03-27 10:00,1.412,0.011,0,0,0,0,p
2024-03-27 10:06,1.394,0.015,0,0,0,0,p
2024-03-27 10:12,1.36,0.013,0,0,0,0,p
2024-03-27 10:18,1.356,0.012,0,0,0,0,p
2024-03-27 10:24,1.311,0.011,0,0,0,0,p
2024-03-27 10:30,1.306,0.012,0,0,0,0,p
2024-03-27 10:36,1.262,0.011,0,0,0,0,p
2024-03-27 10:42,1.245,0.01,0,0,0,0,p
2024-03-27 10:48,1.207,0.008,0,0,0,0,p
2024-03-27 10:54,1.182,0.009,0,0,0,0,p
2024-03-27 11:00,1.15,0.012,0,0,0,0,p
2024-03-27 11:06,1.136,0.01,0,0,0,0,p
2024-03-27 11:12,1.117,0.012,0,0,0,0,p
2024-03-27 11:18,1.092,0.012,0,0,0,0,p
2024-03-27 11:24,1.072,0.008,0,0,0,0,p
2024-03-27 11:30,1.058,0.01,0,0,0,0,p
2024-03-27 11:36,1.022,0.008,0,0,0,0,p
2024-03-27 11:42,1.006,0.014,0,0,0,0,p
2024-03-27 11:48,0.996,0.011,0,0,0,0,p
2024-03-27 11:54,0.965,0.007,0,0,0,0,p
2024-03-27 12:00,0.942,0.009,0,0,0,0,p
2024-03-27 12:06,,,1,1,1,1,p
2024-03-27 12:12,,,1,1,1,1,p
2024-03-27 12:18,,,1,1,1,1,p
2024-03-27 12:24,,,1,1,1,1,p
2024-03-27 12:30,,,1,1,1,1,p
2024-03-27 12:36,,,1,1,1,1,p
2024-03-27 12:42,,,1,1,1,1,p
2024-03-27 12:48,,,1,1,1,1,p
2024-03-27 12:54,,,1,1,1,1,p
2024-03-27 13:00,,,1,1,1,1,p
2024-03-27 13:06,,,1,1,1,1,p
2024-03-27 13:12,,,1,1,1,1,p
2024-03-27 13:18,,,1,1,1,1,p
2024-03-27 13:24,,,1,1,1,1,p
2024-03-27 13:30,,,1,1,1,1,p
2024-03-27 13:36,,,1,1,1,1,p
2024-03-27 13:42,,,1,1,1,1,p
2024-03-27 13:48,,,1,1,1,1,p
2024-03-27 13:54,,,1,1,1,1,p
2024-03-27 14:00,,,1,1,1,1,p
2024-03-27 14:06,,,1,1,1,1,p
2024-03-27 14:12,,,1,1,1,1,p
2024-03-27 14:18,,,1,1,1,1,p
2024-03-27 14:24,,,1,1,1,1,p
2024-03-27 14:30,,,1,1,1,1,p
2024-03-27 14:36,,,1,1,1,1,p
2024-03-27 14:42,,,1,1,1,1,p
2024-03-27 14:48,,,1,1,1,1,p
2024-03-27 14:54,,,1,1,1,1,p
2024-03-27 15:00,,,1,1,1,1,p
2024-03-27 15:06,,,1,1,1,1,p
2024-03-27 15:12,,,1,1,1,1,p
2024-03-27 15:18,,,1,1,1,1,p
2024-03-27 15:24,,,1,1,1,1,p
2024-03-27 15:30,,,1,1,1,1,p
2024-03-27 15:36,,,1,1,1,1,p
2024-03-27 15:42,,,1,1,1,1,p
2024-03-27 15:48,,,1,1,1,1,p
2024-03-27 15:54,,,1,1,1,1,p
2024-03-27 16:00,,,1,1,1,1,p
2024-03-27 16:06,,,1,1,1,1,p
2024-03-27 16:12,,,1,1,1,1,p
2024-03-27 16:18,,,1,1,1,1,p
2024-03-27 16:24,,,1,1,1,1,p
2024-03-27 16:30,,,1,1,1,1,p
2024-03-27 16:36,,,1,1,1,1,p
2024-03-27 16:42,,,1,1,1,1,p
2024-03-27 16:48,,,1,1,1,1,p
2024-03-27 16:54,,,1,1,1,1,p
2024-03-27 17:00,,,1,1,1,1,p
2024-03-27 17:06,,,1,1,1,1,p
2024-03-27 17:12,,,1,1,1,1,p
2024-03-27 17:18,,,1,1,1,1,p
2024-03-27 17:24,,,1,1,1,1,p
2024-03-27 17:30,,,1,1,1,1,p
2024-03-27 17:36,0.932,0.008,0,0,0,0,p
2024-03-27 17:42,0.968,0.008,0,0,0,0,p
2024-03-27 17:48,0.972,0.005,1,0,0,0,p
2024-03-27 17:54,0.984,0.01,0,0,0,0,p
2024-03-27 18:00,1.011,0.007,0,0,0,0,p
2024-03-27 18:06,1.032,0.012,0,0,0,0,p
2024-03-27 18:12,1.032,0.008,0,0,0,0,p
2024-03-27 18:18,1.062,0.009,0,0,0,0,p
2024-03-27 18:24,1.106,0.011,0,0,0,0,p
2024-03-27 18:30,1.121,0.014,0,0,0,0,p
2024-03-27 18:36,1.141,0.012,0,0,0,0,p
2024-03-27 18:42,1.165,0.016,0,0,0,0,p
2024-03-27 18:48,1.17,0.017,1,0,0,0,p
2024-03-27 18:54,1.178,0.012,0,0,0,0,p
2024-03-27 19:00,1.199,0.009,1,0,0,0,p
2024-03-27 19:06,1.225,0.016,0,0,0,0,p
2024-03-27 19:12,1.232,0.017,0,0,0,0,p
2024-03-27 19:18,1.239,0.016,0,0,0,0,p
2024-03-27 19:24,1.251,0.017,0,0,0,0,p
2024-03-27 19:30,1.259,0.017,0,0,0,0,p
2024-03-27 19:36,1.289,0.02,0,0,0,0,p
2024-03-27 19:42,1.293,0.015,0,0,0,0,p
2024-03-27 19:48,1.307,0.018,0,0,0,0,p
2024-03-27 19:54,1.321,0.019,0,0,0,0,p
2024-03-27 20:00,1.336,0.015,0,0,0,0,p
2024-03-27 20:06,1.353,0.02,0,0,0,0,p
2024-03-27 20:12,1.351,0.022,0,0,0,0,p
2024-03-27 20:18,1.355,0.015,0,0,0,0,p
2024-03-27 20:24,1.378,0.022,0,0,0,0,p
2024-03-27 20:30,1.368,0.018,0,0,0,0,p
2024-03-27 20:36,1.386,0.017,0,0,0,0,p
2024-03-27 20:42,1.414,0.016,0,0,0,0,p
2024-03-27 20:48,1.412,0.019,0,0,0,0,p
2024-03-27 20:54,1.411,0.016,0,0,0,0,p
2024-03-27 21:00,1.42,0.014,0,0,0,0,p
2024-03-27 21:06,1.412,0.012,0,0,0,0,p
2024-03-27 21:12,1.401,0.014,0,0,0,0,p
2024-03-27 21:18,1.399,0.016,0,0,0,0,p
2024-03-27 21:24,1.411,0.015,0,0,0,0,p
2024-03-27 21:30,1.399,0.017,0,0,0,0,p
2024-03-27 21:36,1.394,0.014,0,0,0,0,p
2024-03-27 21:42,1.394,0.013,0,0,0,0,p
2024-03-27 21:48,1.381,0.015,0,0,0,0,p
2024-03-27 21:54,1.378,0.015,0,0,0,0,p
2024-03-27 22:00,1.384,0.011,0,0,0,0,p
2024-03-27 22:06,1.367,0.012,0,0,0,0,p
2024-03-27 22:12,1.36,0.008,0,0,0,0,p
2024-03-27 22:18,1.352,0.011,0,0,0,0,p
2024-03-27 22:24,1.344,0.012,0,0,0,0,p
2024-03-27 22:30,1.312,0.011,1,0,0,0,p
2024-03-27 22:36,1.316,0.008,0,0,0,0,p
2024-03-27 22:42,1.299,0.009,0,0,0,0,p
2024-03-27 22:48,1.289,0.011,0,0,0,0,p
2024-03-27 22:54,1.274,0.012,0,0,0,0,p
2024-03-27 23:00,1.248,0.01,0,0,0,0,p
2024-03-27 23:06,1.234,0.008,0,0,0,0,p
2024-03-27 23:12,1.213,0.008,0,0,0,0,p
2024-03-27 23:18,1.199,0.007,0,0,0,0,p
2024-03-27 23:24,1.187,0.009,0,0,0,0,p
2024-03-27 23:30,1.178,0.009,0,0,0,0,p
2024-03-27 23:36,1.169,0.009,0,0,0,0,p
2024-03-27 23:42,1.15,0.01,0,0,0,0,p
2024-03-27 23:48,1.135,0.01,0,0,0,0,p
2024-03-27 23:54,1.124,0.009,0,0,0,0,p
2024-03-28 00:00,1.091,0.01,0,0,0,0,p
2024-03-28 00:06,1.091,0.006,0,0,0,0,p
2024-03-28 00:12,1.083,0.013,0,0,0,0,p
2024-03-28 00:18,1.058,0.006,0,0,0,0,p
2024-03-28 00:24,1.052,0.008,0,0,0,0,p
2024-03-28 00:30,1.05,0.007,0,0,0,0,p
2024-03-28 00:36,1.02,0.007,0,0,0,0,p
2024-03-28 00:42,1.013,0.004,0,0,0,0,p
2024-03-28 00:48,1.002,0.008,0,0,0,0,p
2024-03-28 00:54,1.016,0.009,1,0,0,0,p
2024-03-28 01:00,0.987,0.003,1,0,0,0,p
2024-03-28 01:06,0.994,0.009,0,0,0,0,p
2024-03-28 01:12,0.966,0.007,0,0,0,0,p
2024-03-28 01:18,0.969,0.005,0,0,0,0,p
2024-03-28 01:24,0.957,0.006,0,0,0,0,p
2024-03-28 01:30,0.957,0.007,0,0,0,0,p
2024-03-28 01:36,0.948,0.006,0,0,0,0,p
2024-03-28 01:42,0.959,0.017,0,0,0,0,p
2024-03-28 01:48,,,1,1,1,1,p
2024-03-28 01:54,0.948,0.006,1,0,0,0,p
2024-03-28 02:00,0.931,0.005,0,0,0,0,p
2024-03-28 02:06,0.938,0.007,0,0,0,0,p
2024-03-28 02:12,0.929,0.008,0,0,0,0,p
2024-03-28 02:18,,,1,1,1,1,p
2024-03-28 02:24,0.943,0.007,0,0,0,0,p
2024-03-28 02:30,0.938,0.006,0,0,0,0,p
2024-03-28 02:36,0.935,0.006,0,0,0,0,p
2024-03-28 02:42,0.932,0.005,0,0,0,0,p
2024-03-28 02:48,0.946,0.007,0,0,0,0,p
2024-03-28 02:54,0.929,0.007,0,0,0,0,p
2024-03-28 03:00,0.946,0.007,0,0,0,0,p
2024-03-28 03:06,0.951,0.005,0,0,0,0,p
2024-03-28 03:12,0.94,0.006,0,0,0,0,p
2024-03-28 03:18,0.959,0.006,0,0,0,0,p
2024-03-28 03:24,0.969,0.006,0,0,0,0,p
2024-03-28 03:30,0.968,0.008,0,0,0,0,p
2024-03-28 03:36,0.995,0.007,0,0,0,0,p
2024-03-28 03:42,0.995,0.004,0,0,0,0,p
2024-03-28 03:48,0.984,0.005,0,0,0,0,p
2024-03-28 03:54,1.002,0.008,0,0,0,0,p
2024-03-28 04:00,1.006,0.006,0,0,0,0,p
2024-03-28 04:06,1.043,0.006,1,0,0,0,p
2024-03-28 04:12,1.037,0.005,1,0,0,0,p
2024-03-28 04:18,1.054,0.013,1,0,0,0,p
2024-03-28 04:24,1.069,0.009,1,0,0,0,p
2024-03-28 04:30,1.085,0.01,0,0,0,0,p
2024-03-28 04:36,1.1,0.011,0,0,0,0,p
2024-03-28 04:42,1.115,0.012,0,0,0,0,p
2024-03-28 04:48,1.145,0.014,0,0,0,0,p
2024-03-28 04:54,1.17,0.015,0,0,0,0,p
2024-03-28 05:00,1.177,0.014,0,0,0,0,p
2024-03-28 05:06,1.208,0.013,0,0,0,0,p
2024-03-28 05:12,1.226,0.017,0,0,0,0,p
2024-03-28 05:18,1.247,0.013,0,0,0,0,p
2024-03-28 05:24,1.267,0.011,0,0,0,0,p
2024-03-28 05:30,1.263,0.011,0,0,0,0,p
2024-03-28 05:36,1.278,0.013,1,0,0,0,p
2024-03-28 05:42,1.306,0.014,0,0,0,0,p
2024-03-28 05:48,1.318,0.01,0,0,0,0,p
2024-03-28 05:54,1.342,0.012,0,0,0,0,p
2024-03-28 06:00,1.37,0.015,0,0,0,0,p
2024-03-28 06:06,1.401,0.016,0,0,0,0,p
2024-03-28 06:12,1.414,0.013,1,0,0,0,p
2024-03-28 06:18,1.452,0.012,0,0,0,0,p
2024-03-28 06:24,1.463,0.013,0,0,0,0,p
2024-03-28 06:30,1.479,0.012,1,0,0,0,p
2024-03-28 06:36,1.501,0.011,0,0,0,0,p
2024-03-28 06:42,1.523,0.015,0,0,0,0,p
2024-03-28 06:48,1.527,0.01,0,0,0,0,p
2024-03-28 06:54,1.559,0.012,0,0,0,0,p
2024-03-28 07:00,1.575,0.012,0,0,0,0,p
2024-03-28 07:06,1.589,0.01,0,0,0,0,p
2024-03-28 07:12,1.623,0.008,0,0,0,0,p
2024-03-28 07:18,1.622,0.009,0,0,0,0,p
2024-03-28 07:24,1.637,0.011,0,0,0,0,p
2024-03-28 07:30,1.654,0.01,0,0,0,0,p
2024-03-28 07:36,1.674,0.009,0,0,0,0,p
2024-03-28 07:42,1.674,0.01,0,0,0,0,p
2024-03-28 07:48,1.691,0.013,1,0,0,0,p
2024-03-28 07:54,1.705,0.011,0,0,0,0,p
2024-03-28 08:00,1.709,0.013,0,0,0,0,p
2024-03-28 08:06,1.715,0.012,0,0,0,0,p
2024-03-28 08:12,1.721,0.012,0,0,0,0,p
2024-03-28 08:18,1.724,0.01,0,0,0,0,p
2024-03-28 08:24,1.732,0.011,0,0,0,0,p
2024-03-28 08:30,1.75,0.012,0,0,0,0,p
2024-03-28 08:36,1.738,0.009,0,0,0,0,p
2024-03-28 08:42,1.746,0.009,0,0,0,0,p
2024-03-28 08:48,1.743,0.014,0,0,0,0,p
2024-03-28 08:54,1.716,0.01,0,0,0,0,p
2024-03-28 09:00,1.701,0.015,0,0,0,0,p
2024-03-28 09:06,1.7,0.013,0,0,0,0,p
2024-03-28 09:12,1.701,0.011,0,0,0,0,p
2024-03-28 09:18,1.687,0.01,0,0,0,0,p
2024-03-28 09:24,1.701,0.009,0,0,0,0,p
2024-03-28 09:30,1.682,0.009,0,0,0,0,p
2024-03-28 09:36,1.656,0.009,0,0,0,0,p
2024-03-28 09:42,1.632,0.01,0,0,0,0,p
2024-03-28 09:48,1.624,0.01,0,0,0,0,p
2024-03-28 09:54,1.59,0.011,0,0,0,0,p
2024-03-28 10:00,1.556,0.013,0,0,0,0,p
2024-03-28 10:06,1.545,0.009,0,0,0,0,p
2024-03-28 10:12,1.526,0.013,0,0,0,0,p
2024-03-28 10:18,1.511,0.008,0,0,0,0,p
2024-03-28 10:24,1.486,0.009,0,0,0,0,p
2024-03-28 10:30,1.457,0.01,0,0,0,0,p
2024-03-28 10:36,1.422,0.011,0,0,0,0,p
2024-03-28 10:42,1.401,0.012,0,0,0,0,p
2024-03-28 10:48,1.366,0.01,0,0,0,0,p
2024-03-28 10:54,1.347,0.012,0,0,0,0,p
2024-03-28 11:00,1.314,0.009,0,0,0,0,p
2024-03-28 11:06,1.28,0.008,0,0,0,0,p
2024-03-28 11:12,1.275,0.01,0,0,0,0,p
2024-03-28 11:18,1.252,0.011,0,0,0,0,p
2024-03-28 11:24,1.208,0.01,0,0,0,0,p
2024-03-28 11:30,1.185,0.006,0,0,0,0,p
2024-03-28 11:36,1.162,0.01,0,0,0,0,p
2024-03-28 11:42,1.139,0.01,0,0,0,0,p
2024-03-28 11:48,1.12,0.006,0,0,0,0,p
2024-03-28 11:54,1.094,0.007,0,0,0,0,p
2024-03-28 12:00,1.085,0.007,0,0,0,0,p
2024-03-28 12:06,1.072,0.006,0,0,0,0,p
2024-03-28 12:12,1.047,0.012,0,0,0,0,p
2024-03-28 12:18,1.007,0.005,0,0,0,0,p
2024-03-28 12:24,1.022,0.007,0,0,0,0,p
2024-03-28 12:30,0.981,0.005,0,0,0,0,p
2024-03-28 12:36,0.966,0.004,0,0,0,0,p
2024-03-28 12:42,0.962,0.007,0,0,0,0,p
2024-03-28 12:48,0.931,0.005,0,0,0,0,p
2024-03-28 12:54,,,1,1,1,1,p
2024-03-28 13:00,,,1,1,1,1,p
2024-03-28 13:06,,,1,1,1,1,p
2024-03-28 13:12,,,1,1,1,1,p
2024-03-28 13:18,,,1,1,1,1,p
2024-03-28 13:24,,,1,1,1,1,p
2024-03-28 13:30,,,1,1,1,1,p
2024-03-28 13:36,,,1,1,1,1,p
2024-03-28 13:42,,,1,1,1,1,p
2024-03-28 13:48,,,1,1,1,1,p
2024-03-28 13:54,,,1,1,1,1,p
2024-03-28 14:00,,,1,1,1,1,p
2024-03-28 14:06,,,1,1,1,1,p
2024-03-28 14:12,,,1,1,1,1,p
2024-03-28 14:18,,,1,1,1,1,p
2024-03-28 14:24,,,1,1,1,1,p
2024-03-28 14:30,,,1,1,1,1,p
2024-03-28 14:36,,,1,1,1,1,p
2024-03-28 14:42,,,1,1,1,1,p
2024-03-28 14:48,,,1,1,1,1,p
2024-03-28 14:54,,,1,1,1,1,p
2024-03-28 15:00,,,1,1,1,1,p
2024-03-28 15:06,,,1,1,1,1,p
2024-03-28 15:12,,,1,1,1,1,p
2024-03-28 15:18,,,1,1,1,1,p
2024-03-28 15:24,,,1,1,1,1,p
2024-03-28 15:30,,,1,1,1,1,p
2024-03-28 15:36,,,1,1,1,1,p
2024-03-28 15:42,,,1,1,1,1,p
2024-03-28 15:48,,,1,1,1,1,p
2024-03-28 15:54,,,1,1,1,1,p
2024-03-28 16:00,,,1,1,1,1,p
2024-03-28 16:06,,,1,1,1,1,p
2024-03-28 16:12,,,1,1,1,1,p
2024-03-28 16:18,,,1,1,1,1,p
2024-03-28 16:24,,,1,1,1,1,p
2024-03-28 16:30,,,1,1,1,1,p
2024-03-28 16:36,,,1,1,1,1,p
2024-03-28 16:42,,,1,1,1,1,p
2024-03-28 16:48,,,1,1,1,1,p
2024-03-28 16:54,,,1,1,1,1,p
2024-03-28 17:00,,,1,1,1,1,p
2024-03-28 17:06,,,1,1,1,1,p
2024-03-28 17:12,,,1,1,1,1,p
2024-03-28 17:18,,,1,1,1,1,p
2024-03-28 17:24,,,1,1,1,1,p
2024-03-28 17:30,,,1,1,1,1,p
2024-03-28 17:36,,,1,1,1,1,p
2024-03-28 17:42,,,1,1,1,1,p
2024-03-28 17:48,,,1,1,1,1,p
2024-03-28 17:54,,,1,1,1,1,p
2024-03-28 18:00,,,1,1,1,1,p
2024-03-28 18:06,,,1,1,1,1,p
2024-03-28 18:12,,,1,1,1,1,p
2024-03-28 18:18,0.943,0.006,0,0,0,0,p
2024-03-28 18:24,0.947,0.01,0,0,0,0,p
2024-03-28 18:30,0.981,0.008,0,0,0,0,p
2024-03-28 18:36,1.018,0.009,0,0,0,0,p
2024-03-28 18:42,1.028,0.009,0,0,0,0,p
2024-03-28 18:48,1.065,0.011,0,0,0,0,p
2024-03-28 18:54,1.068,0.013,0,0,0,0,p
2024-03-28 19:00,1.078,0.009,0,0,0,0,p
2024-03-28 19:06,1.074,0.013,0,0,0,0,p
2024-03-28 19:12,1.088,0.011,1,0,0,0,p
2024-03-28 19:18,1.098,0.018,0,0,0,0,p
2024-03-28 19:24,1.12,0.011,0,0,0,0,p
2024-03-28 19:30,1.133,0.019,0,0,0,0,p
2024-03-28 19:36,1.145,0.013,0,0,0,0,p
2024-03-28 19:42,1.155,0.012,1,0,0,0,p
2024-03-28 19:48,1.167,0.024,0,0,0,0,p
2024-03-28 19:54,1.193,0.022,0,0,0,0,p
2024-03-28 20:00,1.2,0.017,0,0,0,0,p
2024-03-28 20:06,1.218,0.016,0,0,0,0,p
2024-03-28 20:12,1.23,0.018,0,0,0,0,p
2024-03-28 20:18,1.26,0.015,0,0,0,0,p
2024-03-28 20:24,1.262,0.015,1,0,0,0,p
2024-03-28 20:30,1.273,0.014,0,0,0,0,p
2024-03-28 20:36,1.293,0.019,0,0,0,0,p
2024-03-28 20:42,1.304,0.023,0,0,0,0,p
2024-03-28 20:48,1.304,0.025,0,0,0,0,p
2024-03-28 20:54,1.329,0.024,0,0,0,0,p
2024-03-28 21:00,1.332,0.018,0,0,0,0,p
2024-03-28 21:06,1.325,0.021,0,0,0,0,p
2024-03-28 21:12,1.367,0.026,0,0,0,0,p
2024-03-28 21:18,1.351,0.019,0,0,0,0,p
2024-03-28 21:24,1.348,0.02,0,0,0,0,p
2024-03-28 21:30,1.358,0.022,0,0,0,0,p
2024-03-28 21:36,1.366,0.016,0,0,0,0,p
2024-03-28 21:42,1.371,0.016,0,0,0,0,p
2024-03-28 21:48,1.359,0.018,0,0,0,0,p
2024-03-28 21:54,1.362,0.021,0,0,0,0,p
2024-03-28 22:00,1.358,0.029,0,0,0,0,p
2024-03-28 22:06,1.374,0.024,0,0,0,0,p
2024-03-28 22:12,1.352,0.015,0,0,0,0,p
2024-03-28 22:18,1.341,0.017,0,0,0,0,p
2024-03-28 22:24,1.352,0.018,0,0,0,0,p
2024-03-28 22:30,1.358,0.014,0,0,0,0,p
2024-03-28 22:36,1.351,0.024,0,0,0,0,p
2024-03-28 22:42,1.355,0.025,0,0,0,0,p
2024-03-28 22:48,1.341,0.016,1,0,0,0,p
2024-03-28 22:54,1.366,0.018,0,0,0,0,p
2024-03-28 23:00,1.345,0.027,0,0,0,0,p
2024-03-28 23:06,1.315,0.016,1,0,0,0,p
2024-03-28 23:12,1.327,0.015,0,0,0,0,p
2024-03-28 23:18,1.296,0.016,0,0,0,0,p
2024-03-28 23:24,1.303,0.021,0,0,0,0,p
2024-03-28 23:30,1.263,0.009,0,0,0,0,p
2024-03-28 23:36,1.29,0.017,0,0,0,0,p
2024-03-28 23:42,1.282,0.012,0,0,0,0,p
2024-03-28 23:48,1.262,0.01,1,0,0,0,p
2024-03-28 23:54,1.281,0.016,0,0,0,0,p
2024-03-29 00:00,1.249,0.017,0,0,0,0,p
2024-03-29 00:06,1.266,0.014,0,0,0,0,p
2024-03-29 00:12,1.223,0.012,0,0,0,0,p
2024-03-29 00:18,1.234,0.012,0,0,0,0,p
2024-03-29 00:24,1.215,0.017,0,0,0,0,p
2024-03-29 00:30,1.215,0.014,0,0,0,0,p
2024-03-29 00:36,1.181,0.008,0,0,0,0,p
2024-03-29 00:42,1.185,0.008,0,0,0,0,p
2024-03-29 00:48,1.155,0.01,0,0,0,0,p
2024-03-29 00:54,1.159,0.01,1,0,0,0,p
2024-03-29 01:00,1.156,0.012,0,0,0,0,p
2024-03-29 01:06,1.158,0.019,0,0,0,0,p
2024-03-29 01:12,1.135,0.012,1,0,0,0,p
2024-03-29 01:18,1.141,0.008,1,0,0,0,p
2024-03-29 01:24,1.114,0.009,0,0,0,0,p
2024-03-29 01:30,1.113,0.013,0,0,0,0,p
2024-03-29 01:36,1.095,0.01,1,0,0,0,p
2024-03-29 01:42,1.103,0.02,1,0,0,0,p
2024-03-29 01:48,1.078,0.009,1,0,0,0,p
2024-03-29 01:54,1.077,0.015,0,0,0,0,p
2024-03-29 02:00,1.088,0.019,0,0,0,0,p
2024-03-29 02:06,1.08,0.008,0,0,0,0,p
2024-03-29 02:12,1.081,0.008,0,0,0,0,p
2024-03-29 02:18,1.083,0.012,0,0,0,0,p
2024-03-29 02:24,1.069,0.018,0,0,0,0,p
2024-03-29 02:30,1.059,0.011,0,0,0,0,p
2024-03-29 02:36,1.057,0.014,0,0,0,0,p
2024-03-29 02:42,1.055,0.013,0,0,0,0,p
2024-03-29 02:48,1.051,0.019,0,0,0,0,p
2024-03-29 02:54,1.058,0.012,0,0,0,0,p
2024-03-29 03:00,1.072,0.008,0,0,0,0,p
2024-03-29 03:06,1.065,0.007,1,0,0,0,p
2024-03-29 03:12,1.072,0.017,0,0,0,0,p
2024-03-29 03:18,1.078,0.012,0,0,0,0,p
2024-03-29 03:24,1.083,0.007,0,0,0,0,p
2024-03-29 03:30,1.081,0.011,0,0,0,0,p
2024-03-29 03:36,1.087,0.011,0,0,0,0,p
2024-03-29 03:42,1.072,0.009,0,0,0,0,p
2024-03-29 03:48,1.094,0.021,0,0,0,0,p
2024-03-29 03:54,1.099,0.008,0,0,0,0,p
2024-03-29 04:00,1.118,0.021,0,0,0,0,p
2024-03-29 04:06,1.115,0.01,1,0,0,0,p
2024-03-29 04:12,1.114,0.02,0,0,0,0,p
2024-03-29 04:18,1.125,0.014,0,0,0,0,p
2024-03-29 04:24,1.143,0.013,0,0,0,0,p
2024-03-29 04:30,1.177,0.016,0,0,0,0,p
2024-03-29 04:36,1.154,0.012,0,0,0,0,p
2024-03-29 04:42,1.174,0.013,0,0,0,0,p
2024-03-29 04:48,1.187,0.013,0,0,0,0,p
2024-03-29 04:54,1.203,0.023,0,0,0,0,p
2024-03-29 05:00,1.202,0.018,0,0,0,0,p
2024-03-29 05:06,1.215,0.013,0,0,0,0,p
2024-03-29 05:12,1.228,0.026,0,0,0,0,p
2024-03-29 05:18,1.228,0.015,0,0,0,0,p
2024-03-29 05:24,1.243,0.024,0,0,0,0,p
2024-03-29 05:30,1.258,0.016,0,0,0,0,p
2024-03-29 05:36,1.262,0.011,0,0,0,0,p
2024-03-29 05:42,1.289,0.017,0,0,0,0,p
2024-03-29 05:48,1.3,0.015,0,0,0,0,p
2024-03-29 05:54,1.333,0.025,0,0,0,0,p
2024-03-29 06:00,1.349,0.022,0,0,0,0,p
2024-03-29 06:06,1.375,0.018,0,0,0,0,p
2024-03-29 06:12,1.388,0.034,0,0,0,0,p
2024-03-29 06:18,1.405,0.032,0,0,0,0,p
2024-03-29 06:24,1.414,0.022,0,0,0,0,p
2024-03-29 06:30,1.434,0.021,0,0,0,0,p
2024-03-29 06:36,1.462,0.025,0,0,0,0,p
2024-03-29 06:42,1.479,0.025,0,0,0,0,p
2024-03-29 06:48,1.49,0.022,0,0,0,0,p
2024-03-29 06:54,1.522,0.018,0,0,0,0,p
2024-03-29 07:00,1.539,0.036,0,0,0,0,p
2024-03-29 07:06,1.55,0.021,0,0,0,0,p
2024-03-29 07:12,1.567,0.03,0,0,0,0,p
2024-03-29 07:18,1.596,0.021,0,0,0,0,p
2024-03-29 07:24,1.613,0.026,0,0,0,0,p
2024-03-29 07:30,1.657,0.026,0,0,0,0,p
2024-03-29 07:36,1.642,0.026,0,0,0,0,p
2024-03-29 07:42,1.668,0.023,0,0,0,0,p
2024-03-29 07:48,1.664,0.032,0,0,0,0,p
2024-03-29 07:54,1.68,0.016,0,0,0,0,p
2024-03-29 08:00,1.691,0.034,0,0,0,0,p
2024-03-29 08:06,1.726,0.022,0,0,0,0,p
2024-03-29 08:12,1.71,0.029,0,0,0,0,p
2024-03-29 08:18,1.721,0.028,0,0,0,0,p
2024-03-29 08:24,1.742,0.019,0,0,0,0,p
2024-03-29 08:30,1.771,0.021,0,0,0,0,p
2024-03-29 08:36,1.749,0.022,0,0,0,0,p
2024-03-29 08:42,1.752,0.027,0,0,0,0,p
2024-03-29 08:48,1.779,0.026,0,0,0,0,p
2024-03-29 08:54,1.762,0.025,0,0,0,0,p
2024-03-29 09:00,1.775,0.022,0,0,0,0,p
2024-03-29 09:06,1.756,0.027,0,0,0,0,p
2024-03-29 09:12,1.787,0.025,0,0,0,0,p
2024-03-29 09:18,1.772,0.027,0,0,0,0,p
2024-03-29 09:24,1.793,0.016,1,0,0,0,p
2024-03-29 09:30,1.784,0.033,0,0,0,0,p
2024-03-29 09:36,1.767,0.025,0,0,0,0,p
2024-03-29 09:42,1.76,0.018,0,0,0,0,p
2024-03-29 09:48,1.752,0.03,0,0,0,0,p
2024-03-29 09:54,1.728,0.03,0,0,0,0,p
2024-03-29 10:00,1.716,0.022,0,0,0,0,p
2024-03-29 10:06,1.708,0.032,0,0,0,0,p
2024-03-29 10:12,1.694,0.031,0,0,0,0,p
2024-03-29 10:18,1.69,0.019,0,0,0,0,p
2024-03-29 10:24,1.628,0.017,0,0,0,0,p
2024-03-29 10:30,1.645,0.036,0,0,0,0,p
2024-03-29 10:36,1.589,0.026,0,0,0,0,p
2024-03-29 10:42,1.582,0.023,0,0,0,0,p
2024-03-29 10:48,1.56,0.024,0,0,0,0,p
2024-03-29 10:54,1.527,0.027,0,0,0,0,p
2024-03-29 11:00,1.522,0.025,0,0,0,0,p
2024-03-29 11:06,1.498,0.024,0,0,0,0,p
2024-03-29 11:12,1.471,0.026,0,0,0,0,p
2024-03-29 11:18,1.446,0.017,0,0,0,0,p
2024-03-29 11:24,1.445,0.02,0,0,0,0,p
2024-03-29 11:30,1.416,0.02,0,0,0,0,p
2024-03-29 11:36,1.394,0.017,0,0,0,0,p
2024-03-29 11:42,1.367,0.018,0,0,0,0,p
2024-03-29 11:48,1.36,0.015,0,0,0,0,p
2024-03-29 11:54,1.308,0.01,0,0,0,0,p
2024-03-29 12:00,1.278,0.01,0,0,0,0,p
2024-03-29 12:06,1.273,0.016,0,0,0,0,p
2024-03-29 12:12,1.236,0.014,0,0,0,0,p
2024-03-29 12:18,1.223,0.015,0,0,0,0,p
2024-03-29 12:24,1.202,0.01,0,0,0,0,p
2024-03-29 12:30,1.199,0.011,0,0,0,0,p
2024-03-29 12:36,1.197,0.01,0,0,0,0,p
2024-03-29 12:42,1.148,0.008,0,0,0,0,p
2024-03-29 12:48,1.125,0.011,0,0,0,0,p
2024-03-29 12:54,1.126,0.008,0,0,0,0,p
2024-03-29 13:00,1.089,0.005,0,0,0,0,p
2024-03-29 13:06,1.103,0.013,0,0,0,0,p
2024-03-29 13:12,1.072,0.015,0,0,0,0,p
2024-03-29 13:18,1.068,0.013,0,0,0,0,p
2024-03-29 13:24,1.006,0.008,0,0,0,0,p
2024-03-29 13:30,1.036,0.016,0,0,0,0,p
2024-03-29 13:36,0.995,0.007,1,0,0,0,p
2024-03-29 13:42,0.974,0.012,0,0,0,0,p
2024-03-29 13:48,0.957,0.008,0,0,0,0,p
2024-03-29 13:54,0.962,0.006,0,0,0,0,p
2024-03-29 14:00,0.947,0.014,1,0,0,0,p
2024-03-29 14:06,0.946,0.011,0,0,0,0,p
2024-03-29 14:12,,,1,1,1,1,p
2024-03-29 14:18,,,1,1,1,1,p
2024-03-29 14:24,,,1,1,1,1,p
2024-03-29 14:30,,,1,1,1,1,p
2024-03-29 14:36,,,1,1,1,1,p
2024-03-29 14:42,,,1,1,1,1,p
2024-03-29 14:48,,,1,1,1,1,p
2024-03-29 14:54,,,1,1,1,1,p
2024-03-29 15:00,,,1,1,1,1,p
2024-03-29 15:06,,,1,1,1,1,p
2024-03-29 15:12,,,1,1,1,1,p
2024-03-29 15:18,,,1,1,1,1,p
2024-03-29 15:24,,,1,1,1,1,p
2024-03-29 15:30,,,1,1,1,1,p
2024-03-29 15:36,,,1,1,1,1,p
2024-03-29 15:42,,,1,1,1,1,p
2024-03-29 15:48,,,1,1,1,1,p
2024-03-29 15:54,,,1,1,1,1,p
2024-03-29 16:00,,,1,1,1,1,p
2024-03-29 16:06,,,1,1,1,1,p
2024-03-29 16:12,,,1,1,1,1,p
2024-03-29 16:18,,,1,1,1,1,p
2024-03-29 16:24,,,1,1,1,1,p
2024-03-29 16:30,,,1,1,1,1,p
2024-03-29 16:36,,,1,1,1,1,p
2024-03-29 16:42,,,1,1,1,1,p
2024-03-29 16:48,,,1,1,1,1,p
2024-03-29 16:54,,,1,1,1,1,p
2024-03-29 17:00,,,1,1,1,1,p
2024-03-29 17:06,,,1,1,1,1,p
2024-03-29 17:12,,,1,1,1,1,p
2024-03-29 17:18,,,1,1,1,1,p
2024-03-29 17:24,,,1,1,1,1,p
2024-03-29 17:30,,,1,1,1,1,p
2024-03-29 17:36,,,1,1,1,1,p
2024-03-29 17:42,,,1,1,1,1,p
2024-03-29 17:48,,,1,1,1,1,p
2024-03-29 17:54,,,1,1,1,1,p
2024-03-29 18:00,,,1,1,1,1,p
2024-03-29 18:06,,,1,1,1,1,p
2024-03-29 18:12,,,1,1,1,1,p
2024-03-29 18:18,,,1,1,1,1,p
2024-03-29 18:24,,,1,1,1,1,p
2024-03-29 18:30,0.953,0.013,0,0,0,0,p
2024-03-29 18:36,0.955,0.01,0,0,0,0,p
2024-03-29 18:42,0.985,0.006,0,0,0,0,p
2024-03-29 18:48,0.995,0.017,0,0,0,0,p
2024-03-29 18:54,1.003,0.011,0,0,0,0,p
2024-03-29 19:00,1.032,0.011,0,0,0,0,p
2024-03-29 19:06,1.043,0.006,0,0,0,0,p
2024-03-29 19:12,1.046,0.012,0,0,0,0,p
2024-03-29 19:18,1.048,0.012,1,0,0,0,p
2024-03-29 19:24,1.065,0.013,1,0,0,0,p
2024-03-29 19:30,1.083,0.011,1,0,0,0,p
2024-03-29 19:36,1.104,0.016,0,0,0,0,p
2024-03-29 19:42,1.12,0.01,0,0,0,0,p
2024-03-29 19:48,1.133,0.015,0,0,0,0,p
2024-03-29 19:54,1.148,0.011,0,0,0,0,p
2024-03-29 20:00,1.163,0.009,0,0,0,0,p
2024-03-29 20:06,1.192,0.018,0,0,0,0,p
2024-03-29 20:12,1.196,0.013,0,0,0,0,p
2024-03-29 20:18,1.217,0.012,0,0,0,0,p
2024-03-29 20:24,1.24,0.015,0,0,0,0,p
2024-03-29 20:30,1.251,0.015,0,0,0,0,p
2024-03-29 20:36,1.26,0.014,0,0,0,0,p
2024-03-29 20:42,1.271,0.01,0,0,0,0,p
2024-03-29 20:48,1.288,0.01,0,0,0,0,p
2024-03-29 20:54,1.307,0.014,0,0,0,0,p
2024-03-29 21:00,1.334,0.013,0,0,0,0,p
2024-03-29 21:06,1.344,0.013,0,0,0,0,p
2024-03-29 21:12,1.349,0.012,0,0,0,0,p
2024-03-29 21:18,1.362,0.014,0,0,0,0,p
2024-03-29 21:24,1.37,0.011,1,0,0,0,p
2024-03-29 21:30,1.386,0.012,0,0,0,0,p
2024-03-29 21:36,1.4,0.015,0,0,0,0,p
2024-03-29 21:42,1.425,0.015,0,0,0,0,p
2024-03-29 21:48,1.426,0.012,1,0,0,0,p
2024-03-29 21:54,1.416,0.014,0,0,0,0,p
2024-03-29 22:00,1.423,0.018,0,0,0,0,p
2024-03-29 22:06,1.429,0.014,0,0,0,0,p
2024-03-29 22:12,1.441,0.016,0,0,0,0,p
2024-03-29 22:18,1.474,0.015,0,0,0,0,p
2024-03-29 22:24,1.472,0.016,0,0,0,0,p
2024-03-29 22:30,1.457,0.01,0,0,0,0,p
2024-03-29 22:36,1.471,0.013,0,0,0,0,p
2024-03-29 22:42,1.477,0.013,0,0,0,0,p
2024-03-29 22:48,1.5,0.01,0,0,0,0,p
2024-03-29 22:54,1.486,0.012,0,0,0,0,p
2024-03-29 23:00,1.494,0.011,1,0,0,0,p
2024-03-29 23:06,1.47,0.011,0,0,0,0,p
2024-03-29 23:12,1.463,0.009,1,0,0,0,p
2024-03-29 23:18,1.478,0.011,0,0,0,0,p
2024-03-29 23:24,1.478,0.011,0,0,0,0,p
2024-03-29 23:30,1.483,0.01,0,0,0,0,p
2024-03-29 23:36,1.449,0.009,1,0,0,0,p
2024-03-29 23:42,1.459,0.007,0,0,0,0,p
2024-03-29 23:48,1.442,0.01,0,0,0,0,p
2024-03-29 23:54,1.427,0.008,0,0,0,0,p
2024-03-30 00:00,1.425,0.009,1,0,0,0,p
2024-03-30 00:06,1.414,0.008,1,0,0,0,p
2024-03-30 00:12,1.393,0.007,0,0,0,0,p
2024-03-30 00:18,1.399,0.012,0,0,0,0,p
2024-03-30 00:24,1.39,0.008,0,0,0,0,p
2024-03-30 00:30,1.381,0.006,0,0,0,0,p
2024-03-30 00:36,1.371,0.01,0,0,0,0,p
2024-03-30 00:42,1.352,0.009,1,0,0,0,p
2024-03-30 00:48,1.356,0.01,0,0,0,0,p
2024-03-30 00:54,1.353,0.009,0,0,0,0,p
2024-03-30 01:00,1.338,0.007,0,0,0,0,p
2024-03-30 01:06,1.34,0.012,0,0,0,0,p
2024-03-30 01:12,1.336,0.009,1,0,0,0,p
2024-03-30 01:18,1.333,0.008,0,0,0,0,p
2024-03-30 01:24,1.318,0.009,0,0,0,0,p
2024-03-30 01:30,1.315,0.007,0,0,0,0,p
2024-03-30 01:36,1.306,0.008,0,0,0,0,p
2024-03-30 01:42,1.295,0.013,0,0,0,0,p
2024-03-30 01:48,1.285,0.011,0,0,0,0,p
2024-03-30 01:54,1.277,0.012,0,0,0,0,p
2024-03-30 02:00,1.264,0.012,0,0,0,0,p
2024-03-30 02:06,1.249,0.012,0,0,0,0,p
2024-03-30 02:12,1.245,0.011,0,0,0,0,p
2024-03-30 02:18,1.255,0.01,0,0,0,0,p
2024-03-30 02:24,1.252,0.01,1,0,0,0,p
2024-03-30 02:30,1.254,0.009,0,0,0,0,p
2024-03-30 02:36,1.24,0.012,0,0,0,0,p
2024-03-30 02:42,1.239,0.011,0,0,0,0,p
2024-03-30 02:48,1.229,0.011,1,0,0,0,p
2024-03-30 02:54,1.232,0.007,0,0,0,0,p
2024-03-30 03:00,1.251,0.01,0,0,0,0,p
2024-03-30 03:06,1.236,0.009,0,0,0,0,p
2024-03-30 03:12,1.229,0.01,0,0,0,0,p
2024-03-30 03:18,1.241,0.009,0,0,0,0,p
2024-03-30 03:24,1.236,0.011,0,0,0,0,p
2024-03-30 03:30,1.233,0.011,0,0,0,0,p
2024-03-30 03:36,1.254,0.01,0,0,0,0,p
2024-03-30 03:42,1.251,0.01,0,0,0,0,p
2024-03-30 03:48,1.255,0.011,0,0,0,0,p
2024-03-30 03:54,1.248,0.01,0,0,0,0,p
2024-03-30 04:00,1.262,0.011,0,0,0,0,p
2024-03-30 04:06,1.27,0.013,0,0,0,0,p
2024-03-30 04:12,1.273,0.009,0,0,0,0,p
2024-03-30 04:18,1.277,0.013,1,0,0,0,p
2024-03-30 04:24,1.301,0.009,1,0,0,0,p
2024-03-30 04:30,1.297,0.012,0,0,0,0,p
2024-03-30 04:36,1.31,0.013,0,0,0,0,p
2024-03-30 04:42,1.329,0.014,0,0,0,0,p
2024-03-30 04:48,1.336,0.013,1,0,0,0,p
2024-03-30 04:54,1.353,0.012,0,0,0,0,p
2024-03-30 05:00,1.371,0.007,0,0,0,0,p
2024-03-30 05:06,1.368,0.011,0,0,0,0,p
2024-03-30 05:12,1.363,0.017,0,0,0,0,p
2024-03-30 05:18,1.373,0.014,0,0,0,0,p
2024-03-30 05:24,1.401,0.013,0,0,0,0,p
2024-03-30 05:30,1.416,0.016,0,0,0,0,p
2024-03-30 05:36,1.429,0.014,0,0,0,0,p
2024-03-30 05:42,1.455,0.016,0,0,0,0,p
2024-03-30 05:48,1.451,0.017,0,0,0,0,p
2024-03-30 05:54,1.463,0.02,0,0,0,0,p
2024-03-30 06:00,1.487,0.016,0,0,0,0,p
2024-03-30 06:06,1.496,0.016,0,0,0,0,p
2024-03-30 06:12,1.518,0.011,0,0,0,0,p
2024-03-30 06:18,1.544,0.022,0,0,0,0,p
2024-03-30 06:24,1.56,0.014,0,0,0,0,p
2024-03-30 06:30,1.575,0.019,0,0,0,0,p
2024-03-30 06:36,1.601,0.015,0,0,0,0,p
2024-03-30 06:42,1.612,0.013,0,0,0,0,p
2024-03-30 06:48,1.631,0.016,0,0,0,0,p
2024-03-30 06:54,1.656,0.015,0,0,0,0,p
2024-03-30 07:00,1.669,0.016,0,0,0,0,p
2024-03-30 07:06,1.689,0.011,0,0,0,0,p
2024-03-30 07:12,1.701,0.012,0,0,0,0,p
2024-03-30 07:18,1.726,0.019,0,0,0,0,p
2024-03-30 07:24,1.746,0.02,0,0,0,0,p
2024-03-30 07:30,1.749,0.02,0,0,0,0,p
2024-03-30 07:36,1.767,0.013,0,0,0,0,p
2024-03-30 07:42,1.773,0.017,0,0,0,0,p
2024-03-30 07:48,1.784,0.021,0,0,0,0,p
2024-03-30 07:54,1.809,0.019,0,0,0,0,p
2024-03-30 08:00,1.824,0.018,0,0,0,0,p
2024-03-30 08:06,1.834,0.015,0,0,0,0,p
2024-03-30 08:12,1.831,0.021,0,0,0,0,p
2024-03-30 08:18,1.851,0.017,0,0,0,0,p
2024-03-30 08:24,1.857,0.019,0,0,0,0,p
2024-03-30 08:30,1.881,0.021,0,0,0,0,p
2024-03-30 08:36,1.907,0.019,0,0,0,0,p
2024-03-30 08:42,1.933,0.02,0,0,0,0,p
2024-03-30 08:48,1.938,0.019,0,0,0,0,p
2024-03-30 08:54,1.935,0.027,0,0,0,0,p
2024-03-30 09:00,1.957,0.011,1,0,0,0,p
2024-03-30 09:06,1.954,0.019,0,0,0,0,p
2024-03-30 09:12,1.948,0.025,0,0,0,0,p
2024-03-30 09:18,1.964,0.022,0,0,0,0,p
2024-03-30 09:24,1.946,0.023,0,0,0,0,p
2024-03-30 09:30,1.953,0.02,0,0,0,0,p
2024-03-30 09:36,1.939,0.018,0,0,0,0,p
2024-03-30 09:42,1.938,0.024,0,0,0,0,p
2024-03-30 09:48,1.925,0.023,0,0,0,0,p
2024-03-30 09:54,1.929,0.019,1,0,0,0,p
2024-03-30 10:00,1.92,0.018,0,0,0,0,p
2024-03-30 10:06,1.91,0.016,0,0,0,0,p
2024-03-30 10:12,1.89,0.028,0,0,0,0,p
2024-03-30 10:18,1.883,0.014,0,0,0,0,p
2024-03-30 10:24,1.88,0.018,0,0,0,0,p
2024-03-30 10:30,1.869,0.026,0,0,0,0,p
2024-03-30 10:36,1.853,0.021,0,0,0,0,p
2024-03-30 10:42,1.849,0.023,0,0,0,0,p
2024-03-30 10:48,1.825,0.018,0,0,0,0,p
2024-03-30 10:54,1.808,0.023,0,0,0,0,p
2024-03-30 11:00,1.799,0.023,0,0,0,0,p
2024-03-30 11:06,1.76,0.019,0,0,0,0,p
2024-03-30 11:12,1.758,0.022,0,0,0,0,p
2024-03-30 11:18,1.727,0.021,1,0,0,0,p
2024-03-30 11:24,1.708,0.022,0,0,0,0,p
2024-03-30 11:30,1.68,0.019,0,0,0,0,p
2024-03-30 11:36,1.641,0.021,1,0,0,0,p
2024-03-30 11:42,1.609,0.02,0,0,0,0,p
2024-03-30 11:48,1.583,0.015,0,0,0,0,p
2024-03-30 11:54,1.571,0.014,1,0,0,0,p
2024-03-30 12:00,1.527,0.023,0,0,0,0,p
2024-03-30 12:06,1.493,0.018,0,0,0,0,p
2024-03-30 12:12,1.462,0.017,0,0,0,0,p
2024-03-30 12:18,1.42,0.02,0,0,0,0,p
2024-03-30 12:24,1.405,0.02,0,0,0,0,p
2024-03-30 12:30,1.384,0.015,0,0,0,0,p
2024-03-30 12:36,1.345,0.009,0,0,0,0,p
2024-03-30 12:42,1.323,0.007,0,0,0,0,p
2024-03-30 12:48,1.312,0.016,0,0,0,0,p
2024-03-30 12:54,1.267,0.014,0,0,0,0,p
2024-03-30 13:00,1.267,0.007,0,0,0,0,p
2024-03-30 13:06,1.245,0.009,0,0,0,0,p
2024-03-30 13:12,1.232,0.011,0,0,0,0,p
2024-03-30 13:18,1.21,0.01,0,0,0,0,p
2024-03-30 13:24,1.193,0.015,0,0,0,0,p
2024-03-30 13:30,1.154,0.01,0,0,0,0,p
2024-03-30 13:36,1.118,0.008,0,0,0,0,p
2024-03-30 13:42,1.11,0.01,0,0,0,0,p
2024-03-30 13:48,1.115,0.011,0,0,0,0,p
2024-03-30 13:54,1.094,0.007,0,0,0,0,p
2024-03-30 14:00,1.092,0.01,0,0,0,0,p
2024-03-30 14:06,1.058,0.004,1,0,0,0,p
2024-03-30 14:12,1.052,0.006,0,0,0,0,p
2024-03-30 14:18,1.031,0.009,0,0,0,0,p
2024-03-30 14:24,1.017,0.008,0,0,0,0,p
2024-03-30 14:30,0.995,0.007,1,0,0,0,p
2024-03-30 14:36,0.99,0.009,0,0,0,0,p
2024-03-30 14:42,0.969,0.009,0,0,0,0,p
2024-03-30 14:48,0.959,0.008,0,0,0,0,p
2024-03-30 14:54,0.974,0.019,0,0,0,0,p
2024-03-30 15:00,0.97,0.007,0,0,0,0,p
2024-03-30 15:06,0.987,0.011,0,0,0,0,p
2024-03-30 15:12,0.954,0.004,0,0,0,0,p
2024-03-30 15:18,0.94,0.004,1,0,0,0,p
2024-03-30 15:24,,,1,1,1,1,p
2024-03-30 15:30,0.935,0.011,0,0,0,0,p
2024-03-30 15:36,,,1,1,1,1,p
2024-03-30 15:42,,,1,1,1,1,p
2024-03-30 15:48,,,1,1,1,1,p
2024-03-30 15:54,,,1,1,1,1,p
2024-03-30 16:00,,,1,1,1,1,p
2024-03-30 16:06,,,1,1,1,1,p
2024-03-30 16:12,,,1,1,1,1,p
2024-03-30 16:18,,,1,1,1,1,p
2024-03-30 16:24,,,1,1,1,1,p
2024-03-30 16:30,,,1,1,1,1,p
2024-03-30 16:36,,,1,1,1,1,p
2024-03-30 16:42,,,1,1,1,1,p
2024-03-30 16:48,,,1,1,1,1,p
2024-03-30 16:54,,,1,1,1,1,p
2024-03-30 17:00,,,1,1,1,1,p
2024-03-30 17:06,,,1,1,1,1,p
2024-03-30 17:12,,,1,1,1,1,p
2024-03-30 17:18,,,1,1,1,1,p
2024-03-30 17:24,,,1,1,1,1,p
2024-03-30 17:30,,,1,1,1,1,p
2024-03-30 17:36,,,1,1,1,1,p
2024-03-30 17:42,,,1,1,1,1,p
2024-03-30 17:48,,,1,1,1,1,p
2024-03-30 17:54,,,1,1,1,1,p
2024-03-30 18:00,,,1,1,1,1,p
2024-03-30 18:06,,,1,1,1,1,p
2024-03-30 18:12,,,1,1,1,1,p
2024-03-30 18:18,,,1,1,1,1,p
2024-03-30 18:24,,,1,1,1,1,p
2024-03-30 18:30,,,1,1,1,1,p
2024-03-30 18:36,,,1,1,1,1,p
2024-03-30 18:42,,,1,1,1,1,p
2024-03-30 18:48,,,1,1,1,1,p
2024-03-30 18:54,,,1,1,1,1,p
2024-03-30 19:00,,,1,1,1,1,p
2024-03-30 19:06,,,1,1,1,1,p
2024-03-30 19:12,0.933,0.009,1,0,0,0,p
2024-03-30 19:18,0.951,0.008,1,0,0,0,p
2024-03-30 19:24,0.966,0.007,1,0,0,0,p
2024-03-30 19:30,0.961,0.006,1,0,0,0,p
2024-03-30 19:36,1.003,0.008,1,0,0,0,p
2024-03-30 19:42,1.0,0.015,0,0,0,0,p
2024-03-30 19:48,1.014,0.015,1,0,0,0,p
2024-03-30 19:54,1.021,0.007,0,0,0,0,p
2024-03-30 20:00,1.037,0.016,1,0,0,0,p
2024-03-30 20:06,1.029,0.008,0,0,0,0,p
2024-03-30 20:12,1.054,0.011,1,0,0,0,p
2024-03-30 20:18,1.062,0.013,0,0,0,0,p
2024-03-30 20:24,1.081,0.011,1,0,0,0,p
2024-03-30 20:30,1.084,0.009,1,0,0,0,p
2024-03-30 20:36,1.096,0.014,0,0,0,0,p
2024-03-30 20:42,1.109,0.013,0,0,0,0,p
2024-03-30 20:48,1.125,0.01,0,0,0,0,p
2024-03-30 20:54,1.148,0.013,0,0,0,0,p
2024-03-30 21:00,1.148,0.013,0,0,0,0,p
2024-03-30 21:06,1.161,0.013,0,0,0,0,p
2024-03-30 21:12,1.182,0.012,0,0,0,0,p
2024-03-30 21:18,1.195,0.013,0,0,0,0,p
2024-03-30 21:24,1.192,0.011,0,0,0,0,p
2024-03-30 21:30,1.218,0.018,0,0,0,0,p
2024-03-30 21:36,1.232,0.01,0,0,0,0,p
2024-03-30 21:42,1.248,0.009,1,0,0,0,p
2024-03-30 21:48,1.24,0.015,0,0,0,0,p
2024-03-30 21:54,1.267,0.016,0,0,0,0,p
2024-03-30 22:00,1.285,0.017,0,0,0,0,p
2024-03-30 22:06,1.284,0.011,1,0,0,0,p
2024-03-30 22:12,1.307,0.009,0,0,0,0,p
2024-03-30 22:18,1.315,0.019,0,0,0,0,p
2024-03-30 22:24,1.325,0.017,0,0,0,0,p
2024-03-30 22:30,1.326,0.016,0,0,0,0,p
2024-03-30 22:36,1.349,0.015,0,0,0,0,p
2024-03-30 22:42,1.33,0.022,0,0,0,0,p
2024-03-30 22:48,1.348,0.016,0,0,0,0,p
2024-03-30 22:54,1.351,0.02,0,0,0,0,p
2024-03-30 23:00,1.366,0.015,0,0,0,0,p
2024-03-30 23:06,1.371,0.019,0,0,0,0,p
2024-03-30 23:12,1.381,0.017,0,0,0,0,p
2024-03-30 23:18,1.374,0.022,0,0,0,0,p
2024-03-30 23:24,1.379,0.011,1,0,0,0,p
2024-03-30 23:30,1.375,0.019,0,0,0,0,p
2024-03-30 23:36,1.399,0.018,0,0,0,0,p
2024-03-30 23:42,1.399,0.026,0,0,0,0,p
2024-03-30 23:48,1.411,0.019,0,0,0,0,p
2024-03-30 23:54,1.416,0.018,0,0,0,0,p
2024-03-31 00:00,1.411,0.016,0,0,0,0,p
2024-03-31 00:06,1.42,0.01,0,0,0,0,p
2024-03-31 00:12,1.419,0.013,0,0,0,0,p
2024-03-31 00:18,1.414,0.025,0,0,0,0,p
2024-03-31 00:24,1.4,0.017,0,0,0,0,p
2024-03-31 00:30,1.41,0.012,0,0,0,0,p
2024-03-31 00:36,1.393,0.015,0,0,0,0,p
2024-03-31 00:42,1.405,0.019,0,0,0,0,p
2024-03-31 00:48,1.415,0.019,0,0,0,0,p
2024-03-31 00:54,1.397,0.021,0,0,0,0,p
2024-03-31 01:00,1.381,0.019,0,0,0,0,p
2024-03-31 01:06,1.377,0.014,0,0,0,0,p
2024-03-31 01:12,1.382,0.02,0,0,0,0,p
2024-03-31 01:18,1.378,0.02,0,0,0,0,p
2024-03-31 01:24,1.366,0.021,0,0,0,0,p
2024-03-31 01:30,1.34,0.015,0,0,0,0,p
2024-03-31 01:36,1.337,0.02,0,0,0,0,p
2024-03-31 01:42,1.337,0.017,0,0,0,0,p
2024-03-31 01:48,1.337,0.015,0,0,0,0,p
2024-03-31 01:54,1.33,0.018,0,0,0,0,p
2024-03-31 02:00,1.322,0.013,0,0,0,0,p
2024-03-31 02:06,1.316,0.014,0,0,0,0,p
2024-03-31 02:12,1.299,0.014,0,0,0,0,p
2024-03-31 02:18,1.296,0.019,0,0,0,0,p
2024-03-31 02:24,1.289,0.017,0,0,0,0,p
2024-03-31 02:30,1.274,0.015,0,0,0,0,p
2024-03-31 02:36,1.278,0.017,0,0,0,0,p
2024-03-31 02:42,1.278,0.015,0,0,0,0,p
2024-03-31 02:48,1.285,0.018,0,0,0,0,p
2024-03-31 02:54,1.284,0.014,0,0,0,0,p
2024-03-31 03:00,1.289,0.014,1,0,0,0,p
2024-03-31 03:06,1.275,0.015,0,0,0,0,p
2024-03-31 03:12,1.271,0.014,0,0,0,0,p
2024-03-31 03:18,1.264,0.012,0,0,0,0,p
2024-03-31 03:24,1.266,0.014,0,0,0,0,p
2024-03-31 03:30,1.263,0.017,0,0,0,0,p
2024-03-31 03:36,1.259,0.018,0,0,0,0,p
2024-03-31 03:42,1.259,0.018,0,0,0,0,p
2024-03-31 03:48,1.252,0.017,0,0,0,0,p
2024-03-31 03:54,1.255,0.017,0,0,0,0,p
2024-03-31 04:00,1.248,0.017,0,0,0,0,p
2024-03-31 04:06,1.255,0.015,0,0,0,0,p
2024-03-31 04:12,1.259,0.016,0,0,0,0,p
2024-03-31 04:18,1.264,0.012,0,0,0,0,p
2024-03-31 04:24,1.267,0.015,0,0,0,0,p
2024-03-31 04:30,1.267,0.014,0,0,0,0,p
2024-03-31 04:36,1.292,0.018,0,0,0,0,p
2024-03-31 04:42,1.285,0.018,0,0,0,0,p
2024-03-31 04:48,1.277,0.018,0,0,0,0,p
2024-03-31 04:54,1.3,0.021,0,0,0,0,p
2024-03-31 05:00,1.293,0.02,0,0,0,0,p
2024-03-31 05:06,1.303,0.021,0,0,0,0,p
2024-03-31 05:12,1.315,0.019,0,0,0,0,p
2024-03-31 05:18,1.311,0.021,0,0,0,0,p
2024-03-31 05:24,1.326,0.014,0,0,0,0,p
2024-03-31 05:30,1.347,0.017,0,0,0,0,p
2024-03-31 05:36,1.353,0.021,0,0,0,0,p
2024-03-31 05:42,1.364,0.026,0,0,0,0,p
2024-03-31 05:48,1.362,0.023,0,0,0,0,p
2024-03-31 05:54,1.368,0.025,0,0,0,0,p
2024-03-31 06:00,1.397,0.022,0,0,0,0,p
2024-03-31 06:06,1.404,0.015,0,0,0,0,p
2024-03-31 06:12,1.412,0.015,0,0,0,0,p
2024-03-31 06:18,1.411,0.032,0,0,0,0,p
2024-03-31 06:24,1.426,0.023,0,0,0,0,p
2024-03-31 06:30,1.437,0.019,0,0,0,0,p
2024-03-31 06:36,1.445,0.015,0,0,0,0,p
2024-03-31 06:42,1.466,0.018,0,0,0,0,p
2024-03-31 06:48,1.481,0.024,0,0,0,0,p
2024-03-31 06:54,1.486,0.018,0,0,0,0,p
2024-03-31 07:00,1.501,0.022,0,0,0,0,p
2024-03-31 07:06,1.515,0.019,0,0,0,0,p
2024-03-31 07:12,1.535,0.014,0,0,0,0,p
2024-03-31 07:18,1.552,0.017,0,0,0,0,p
2024-03-31 07:24,1.568,0.023,0,0,0,0,p
2024-03-31 07:30,1.587,0.022,1,0,0,0,p
2024-03-31 07:36,1.608,0.026,0,0,0,0,p
2024-03-31 07:42,1.598,0.023,0,0,0,0,p
2024-03-31 07:48,1.622,0.022,0,0,0,0,p
2024-03-31 07:54,1.649,0.02,0,0,0,0,p
2024-03-31 08:00,1.661,0.02,0,0,0,0,p
2024-03-31 08:06,1.676,0.016,0,0,0,0,p
2024-03-31 08:12,1.687,0.023,0,0,0,0,p
2024-03-31 08:18,1.686,0.016,0,0,0,0,p
2024-03-31 08:24,1.724,0.022,0,0,0,0,p
2024-03-31 08:30,1.742,0.022,0,0,0,0,p
2024-03-31 08:36,1.762,0.02,0,0,0,0,p
2024-03-31 08:42,1.762,0.017,0,0,0,0,p
2024-03-31 08:48,1.758,0.017,0,0,0,0,p
2024-03-31 08:54,1.764,0.02,0,0,0,0,p
2024-03-31 09:00,1.765,0.019,0,0,0,0,p
2024-03-31 09:06,1.784,0.014,0,0,0,0,p
2024-03-31 09:12,1.795,0.015,0,0,0,0,p
2024-03-31 09:18,1.809,0.015,1,0,0,0,p
2024-03-31 09:24,1.809,0.014,1,0,0,0,p
2024-03-31 09:30,1.814,0.016,0,0,0,0,p
2024-03-31 09:36,1.828,0.014,0,0,0,0,p
2024-03-31 09:42,1.834,0.021,0,0,0,0,p
2024-03-31 09:48,1.832,0.015,0,0,0,0,p
2024-03-31 09:54,1.85,0.015,0,0,0,0,p
2024-03-31 10:00,1.835,0.018,0,0,0,0,p
2024-03-31 10:06,1.84,0.024,0,0,0,0,p
2024-03-31 10:12,1.857,0.022,0,0,0,0,p
2024-03-31 10:18,1.86,0.018,0,0,0,0,p
2024-03-31 10:24,1.85,0.014,0,0,0,0,p
2024-03-31 10:30,1.862,0.021,0,0,0,0,p
2024-03-31 10:36,1.853,0.021,0,0,0,0,p
2024-03-31 10:42,1.842,0.03,0,0,0,0,p
2024-03-31 10:48,1.838,0.017,0,0,0,0,p
2024-03-31 10:54,1.834,0.015,0,0,0,0,p
2024-03-31 11:00,1.795,0.013,0,0,0,0,p
2024-03-31 11:06,1.795,0.015,0,0,0,0,p
2024-03-31 11:12,1.782,0.014,0,0,0,0,p
2024-03-31 11:18,1.76,0.016,0,0,0,0,p
2024-03-31 11:24,1.753,0.012,1,0,0,0,p
2024-03-31 11:30,1.757,0.013,0,0,0,0,p
2024-03-31 11:36,1.72,0.016,0,0,0,0,p
2024-03-31 11:42,1.715,0.019,0,0,0,0,p
2024-03-31 11:48,1.698,0.012,1,0,0,0,p
2024-03-31 11:54,1.667,0.013,0,0,0,0,p
2024-03-31 12:00,1.643,0.014,0,0,0,0,p
2024-03-31 12:06,1.612,0.011,0,0,0,0,p
2024-03-31 12:12,1.6,0.013,0,0,0,0,p
2024-03-31 12:18,1.572,0.02,0,0,0,0,p
2024-03-31 12:24,1.545,0.013,0,0,0,0,p
2024-03-31 12:30,1.523,0.014,0,0,0,0,p
2024-03-31 12:36,1.504,0.012,0,0,0,0,p
2024-03-31 12:42,1.47,0.011,0,0,0,0,p
2024-03-31 12:48,1.451,0.013,1,0,0,0,p
2024-03-31 12:54,1.414,0.008,0,0,0,0,p
2024-03-31 13:00,1.39,0.012,0,0,0,0,p
2024-03-31 13:06,1.358,0.008,0,0,0,0,p
2024-03-31 13:12,1.341,0.008,1,0,0,0,p
2024-03-31 13:18,1.316,0.009,0,0,0,0,p
2024-03-31 13:24,1.3,0.007,0,0,0,0,p
2024-03-31 13:30,1.277,0.013,0,0,0,0,p
2024-03-31 13:36,1.255,0.007,0,0,0,0,p
2024-03-31 13:42,1.233,0.012,0,0,0,0,p
2024-03-31 13:48,1.211,0.009,0,0,0,0,p
2024-03-31 13:54,1.192,0.007,0,0,0,0,p
2024-03-31 14:00,1.174,0.012,1,0,0,0,p
2024-03-31 14:06,1.171,0.017,0,0,0,0,p
2024-03-31 14:12,1.147,0.01,1,0,0,0,p
2024-03-31 14:18,1.132,0.009,1,0,0,0,p
2024-03-31 14:24,1.111,0.012,0,0,0,0,p
2024-03-31 14:30,1.084,0.007,0,0,0,0,p
2024-03-31 14:36,1.072,0.005,0,0,0,0,p
2024-03-31 14:42,1.052,0.004,1,0,0,0,p
2024-03-31 14:48,1.04,0.007,0,0,0,0,p
2024-03-31 14:54,1.026,0.007,0,0,0,0,p
2024-03-31 15:00,1.017,0.006,0,0,0,0,p
2024-03-31 15:06,0.995,0.005,1,0,0,0,p
2024-03-31 15:12,0.995,0.006,0,0,0,0,p
2024-03-31 15:18,0.976,0.006,0,0,0,0,p
2024-03-31 15:24,0.97,0.006,0,0,0,0,p
2024-03-31 15:30,0.969,0.005,0,0,0,0,p
2024-03-31 15:36,0.957,0.009,0,0,0,0,p
2024-03-31 15:42,0.943,0.004,0,0,0,0,p
2024-03-31 15:48,0.936,0.002,1,0,0,0,p
2024-03-31 15:54,,,1,1,1,1,p
2024-03-31 16:00,,,1,1,1,1,p
2024-03-31 16:06,,,1,1,1,1,p
2024-03-31 16:12,,,1,1,1,1,p
2024-03-31 16:18,,,1,1,1,1,p
2024-03-31 16:24,,,1,1,1,1,p
2024-03-31 16:30,,,1,1,1,1,p
2024-03-31 16:36,,,1,1,1,1,p
2024-03-31 16:42,,,1,1,1,1,p
2024-03-31 16:48,,,1,1,1,1,p
2024-03-31 16:54,,,1,1,1,1,p
2024-03-31 17:00,,,1,1,1,1,p
2024-03-31 17:06,,,1,1,1,1,p
2024-03-31 17:12,,,1,1,1,1,p
2024-03-31 17:18,,,1,1,1,1,p
2024-03-31 17:24,,,1,1,1,1,p
2024-03-31 17:30,,,1,1,1,1,p
2024-03-31 17:36,,,1,1,1,1,p
2024-03-31 17:42,,,1,1,1,1,p
2024-03-31 17:48,,,1,1,1,1,p
2024-03-31 17:54,,,1,1,1,1,p
2024-03-31 18:00,,,1,1,1,1,p
2024-03-31 18:06,,,1,1,1,1,p
2024-03-31 18:12,,,1,1,1,1,p
2024-03-31 18:18,,,1,1,1,1,p
2024-03-31 18:24,,,1,1,1,1,p
2024-03-31 18:30,,,1,1,1,1,p
2024-03-31 18:36,,,1,1,1,1,p
2024-03-31 18:42,,,1,1,1,1,p
2024-03-31 18:48,,,1,1,1,1,p
2024-03-31 18:54,,,1,1,1,1,p
2024-03-31 19:00,,,1,1,1,1,p
2024-03-31 19:06,,,1,1,1,1,p
2024-03-31 19:12,,,1,1,1,1,p
2024-03-31 19:18,,,1,1,1,1,p
2024-03-31 19:24,,,1,1,1,1,p
2024-03-31 19:30,,,1,1,1,1,p
2024-03-31 19:36,,,1,1,1,1,p
2024-03-31 19:42,,,1,1,1,1,p
2024-03-31 19:48,,,1,1,1,1,p
2024-03-31 19:54,,,1,1,1,1,p
2024-03-31 20:00,,,1,1,1,1,p
2024-03-31 20:06,,,1,1,1,1,p
2024-03-31 20:12,,,1,1,1,1,p
2024-03-31 20:18,,,1,1,1,1,p
2024-03-31 20:24,,,1,1,1,1,p
2024-03-31 20:30,,,1,1,1,1,p
2024-03-31 20:36,,,1,1,1,1,p
2024-03-31 20:42,,,1,1,1,1,p
2024-03-31 20:48,0.955,0.015,0,0,0,0,p
2024-03-31 20:54,0.966,0.013,0,0,0,0,p
2024-03-31 21:00,0.979,0.008,1,0,0,0,p
2024-03-31 21:06,1.006,0.018,0,0,0,0,p
2024-03-31 21:12,1.011,0.014,1,0,0,0,p
2024-03-31 21:18,1.026,0.008,0,0,0,0,p
2024-03-31 21:24,1.033,0.011,0,0,0,0,p
2024-03-31 21:30,1.044,0.013,0,0,0,0,p
2024-03-31 21:36,1.04,0.01,1,0,0,0,p
2024-03-31 21:42,1.059,0.009,0,0,0,0,p
2024-03-31 21:48,1.073,0.013,0,0,0,0,p
2024-03-31 21:54,1.089,0.01,0,0,0,0,p
2024-03-31 22:00,1.1,0.01,1,0,0,0,p
2024-03-31 22:06,1.117,0.012,1,0,0,0,p
2024-03-31 22:12,1.122,0.016,0,0,0,0,p
2024-03-31 22:18,1.143,0.015,0,0,0,0,p
2024-03-31 22:24,1.135,0.013,0,0,0,0,p
2024-03-31 22:30,1.144,0.012,0,0,0,0,p
2024-03-31 22:36,1.148,0.01,1,0,0,0,p
2024-03-31 22:42,1.165,0.01,0,0,0,0,p
2024-03-31 22:48,1.181,0.014,0,0,0,0,p
2024-03-31 22:54,1.195,0.018,0,0,0,0,p
2024-03-31 23:00,1.202,0.012,0,0,0,0,p
2024-03-31 23:06,1.214,0.015,0,0,0,0,p
2024-03-31 23:12,1.225,0.015,0,0,0,0,p
2024-03-31 23:18,1.232,0.013,0,0,0,0,p
2024-03-31 23:24,1.244,0.016,0,0,0,0,p
2024-03-31 23:30,1.241,0.014,0,0,0,0,p
2024-03-31 23:36,1.244,0.013,0,0,0,0,p
2024-03-31 23:42,1.256,0.015,0,0,0,0,p
2024-03-31 23:48,1.269,0.017,0,0,0,0,p
2024-03-31 23:54,1.27,0.013,0,0,0,0,p
